1833454105,Governor of Perm Krai,Monkbot,true,1,enwiki,2024-10-27 05:09:18
357995502,Benutzer:Alter Fritz/Sichtertabelle,FNBot,true,19,dewiki,2024-10-27 05:09:51
1833454319,Chevron plot,Citation bot,true,32,enwiki,2024-10-27 05:10:19
357995515,Wikipedia Diskussion:Hauptseite/Schon gewusst,SpBot,true,-6240,dewiki,2024-10-27 05:10:15
1833454414,Wikipedia:Reliable sources/Perennial sources,Graywalls,false,-38,enwiki,2024-10-27 05:10:06
1833454504,Thomas Sbokos,Monkbot,true,1,enwiki,2024-10-27 05:11:04
1833454106,User:Uneverstop learning/vector-2022.css,Uneverstop learning,false,77,enwiki,2024-10-27 05:09:20
1833454214,Bohurupi,BhikhariInformer,false,-495,enwiki,2024-10-27 05:09:49
357995516,Wikipedia Diskussion:Hauptseite/Schon gewusst/Diskussionsarchiv/2024/September,SpBot,true,6240,dewiki,2024-10-27 05:10:12
1833454416,Makrisia,Monkbot,true,1,enwiki,2024-10-27 05:10:42
1833454505,Do Patti,Ustadeditor2011,false,60,enwiki,2024-10-27 05:11:04
1833454108,Jacques de Falaise,Mrfoogles,false,4,enwiki,2024-10-27 05:09:16
357995500,Benutzer:Aerdnas/Sichtertabelle,FNBot,true,0,dewiki,2024-10-27 05:09:45
1833454218,User:Visviva/Legal system,Visviva,false,609,enwiki,2024-10-27 05:09:51
357995509,Wikipedia:Sperrprüfung/Archiv/2024/Oktober,SpBot,true,17271,dewiki,2024-10-27 05:10:01
357995512,Benutzer:Wartungsstube/Deutsche Demokratische Republik,TaxonBota,true,66,dewiki,2024-10-27 05:10:08
1833454400,Landesfunkhaus Niedersachsen,Monkbot,true,1,enwiki,2024-10-27 05:10:39
1833454107,Talk:Nita Ambani,182.69.176.240,false,187,enwiki,2024-10-27 05:09:18
1833454202,The Jeweler's Shop,Monkbot,true,1,enwiki,2024-10-27 05:09:45
1833454512,2024 South Dakota State Jackrabbits football team,AlejandroCordero17,false,-2,enwiki,2024-10-27 05:11:03
1833454110,Guru Mann,Naanioffl,false,289,enwiki,2024-10-27 05:09:21
1833454203,United States v. Sanchez-Gomez,Lethargilistic,false,51,enwiki,2024-10-27 05:09:45
357995503,Diskussion:Frankokantabrische Höhlenkunst/Archiv,SpBot,true,921,dewiki,2024-10-27 05:09:53
357995513,Benutzer:Kienny/Sichtertabelle,FNBot,true,1,dewiki,2024-10-27 05:10:13
1833454401,2024–25 Malaysia A1 Semi-Pro League,FM Malaysia,false,4,enwiki,2024-10-27 05:10:32
1833454518,Natalie Long,Smasongarrison,false,6,enwiki,2024-10-27 05:11:08
1833454111,"Žiče, Domžale",Monkbot,true,1,enwiki,2024-10-27 05:09:21
1833454205,Template:North Auckland Line,Useddenim,false,272,enwiki,2024-10-27 05:09:45
1833454300,Albanians in Bosnia and Herzegovina,2A02:AA12:E200:8A80:3517:B65A:811F:551B,false,949,enwiki,2024-10-27 05:10:12
357995517,Benutzer:Serienfan2010/Sichtertabelle,FNBot,true,0,dewiki,2024-10-27 05:10:26
1833454405,Wikipedia:Good articles/GAN Backlog Drives/October 2024,Ganesha811,false,140,enwiki,2024-10-27 05:10:32
1833454519,Die with a Smile,Ss112,false,0,enwiki,2024-10-27 05:11:06
1833454602,Shushicë (river),Monkbot,true,2,enwiki,2024-10-27 05:11:27
1833454112,Talk:Meredith G. F. Worthen,Demt1298,false,23,enwiki,2024-10-27 05:09:22
1833454208,Antalya Airport,46.196.74.208,false,-25,enwiki,2024-10-27 05:09:39
357995504,Benutzer:Hoo man/Sichtertabelle,FNBot,true,0,dewiki,2024-10-27 05:09:53
1833454301,Manuela Pizzo,Citation bot,true,19,enwiki,2024-10-27 05:10:12
1833454407,Do Patti,Ustadeditor2011,false,8,enwiki,2024-10-27 05:10:40
1833454604,Nadera Shalhoub-Kevorkian,Arminden,false,0,enwiki,2024-10-27 05:11:27
1833454114,User talk:Bérangère444,KiranBOT,true,1516,enwiki,2024-10-27 05:09:23
1833454209,Nigerian Americans,76.26.224.10,false,-966,enwiki,2024-10-27 05:09:42
357995505,Diskussion:Frankokantabrische Höhlenkunst,SpBot,true,-866,dewiki,2024-10-27 05:09:53
357995507,Chill Out,Smalltown Boy,false,0,dewiki,2024-10-27 05:09:59
357995510,Wikipedia:Relevanzcheck,SpBot,true,-5199,dewiki,2024-10-27 05:10:08
1833454305,United Shipbuilding Corporation,Monkbot,true,2,enwiki,2024-10-27 05:10:13
357995518,Wikipedia:Fragen zur Wikipedia/Archiv/2024/Woche 42,SpBot,true,2044,dewiki,2024-10-27 05:10:26
1833454408,Nigerian Americans,76.26.224.10,false,-18,enwiki,2024-10-27 05:10:39
1833454502,Space Research Centre of Polish Academy of Sciences,Monkbot,true,1,enwiki,2024-10-27 05:11:00
1833454609,Tuloso-Midway Independent School District,72.183.117.96,false,0,enwiki,2024-10-27 05:11:29
1833454101,John Gorton,Richie1509,false,36,enwiki,2024-10-27 05:09:12
1833454210,Hans Robert Jauss,Monkbot,true,1,enwiki,2024-10-27 05:09:48
357995511,Wikipedia:Relevanzcheck/Archiv/2024/Oktober,SpBot,true,5309,dewiki,2024-10-27 05:10:06
1833454309,Hugh Freeze,2600:1005:B18D:8C91:6C57:3F4F:953D:FE5D,false,0,enwiki,2024-10-27 05:10:11
1833454409,Thameslink,FlyingScotsman72,false,2,enwiki,2024-10-27 05:10:39
1833454610,Wikipedia:Administrator intervention against vandalism,Daniel Case,false,-1,enwiki,2024-10-27 05:11:29
1833454104,Mananchaya Sawangkaew,Sashona,false,48,enwiki,2024-10-27 05:09:17
1833454211,Wikipedia:WikiProject Housing and Tenant Rights/to do list,Catboy69,false,50,enwiki,2024-10-27 05:09:49
357995508,Wikipedia:Sperrprüfung,SpBot,true,-17216,dewiki,2024-10-27 05:10:02
1833454313,Aris Maliagros,Monkbot,true,1,enwiki,2024-10-27 05:10:16
1833454410,Stephan Dorfmeister,WQUlrich,false,0,enwiki,2024-10-27 05:10:43
1833454617,Piranesi (disambiguation),Danbloch,false,-61,enwiki,2024-10-27 05:11:31
1833454907,Maxine Hong Kingston,Lnpham9,false,-1,enwiki,2024-10-27 05:12:19
1833455002,Tantamani,97.116.160.235,false,14,enwiki,2024-10-27 05:12:39
1833455113,Guru Mann,Naanioffl,false,267,enwiki,2024-10-27 05:13:07
1833454913,Talk:May the Devil Take You,36.37.194.20,false,155,enwiki,2024-10-27 05:12:22
1833455003,Mitchell Kronenberg,76.88.55.135,false,-26,enwiki,2024-10-27 05:12:41
1833455101,Harrison Albright,Keizers,false,414,enwiki,2024-10-27 05:13:04
1833455010,The Deep South (Futurama),Doniago,false,-2,enwiki,2024-10-27 05:12:42
1833455100,Matinee (1993 film),FloorMadeOuttaFloor,false,11,enwiki,2024-10-27 05:13:03
1833454704,2024–25 Cruz Azul season,Lf20,false,-28,enwiki,2024-10-27 05:11:44
1833454915,T20 Spring Challenge,Spinin,false,1,enwiki,2024-10-27 05:12:21
1833455011,2024 World Series,Spanneraol,false,167,enwiki,2024-10-27 05:12:40
1833455103,Cape Coast Castle,64.98.219.93,false,119,enwiki,2024-10-27 05:13:02
1833454705,File:Four Seasons Makati in 2022.jpg,IronGargoyle,false,-42,enwiki,2024-10-27 05:11:48
1833454916,Olby,Monkbot,true,1,enwiki,2024-10-27 05:12:21
1833455017,"Polaroid (Jonas Blue, Liam Payne and Lennon Stella song)",Raritydash,false,-35,enwiki,2024-10-27 05:12:43
1833455104,User talk:Jattlife121,Ratnahastin,false,935,enwiki,2024-10-27 05:13:06
1833455107,Benedict Gross,Jxp0080,false,27,enwiki,2024-10-27 05:13:06
1833454706,Stavros Stamatis,Monkbot,true,1,enwiki,2024-10-27 05:11:48
1833454900,Stratoni,Monkbot,true,1,enwiki,2024-10-27 05:12:18
1833454917,Capsule (geometry),Pbsouthwood,false,-88,enwiki,2024-10-27 05:12:23
1833455108,Istanbul Airport,46.196.74.208,false,-29,enwiki,2024-10-27 05:12:57
1833454709,"Kilgore, Texas",2600:100C:B24E:9062:51E8:D35A:FBD7:B98F,false,-23,enwiki,2024-10-27 05:11:45
1833454800,Apt. (song),Ss112,false,102,enwiki,2024-10-27 05:12:02
1833455109,Le Riols,Monkbot,true,1,enwiki,2024-10-27 05:13:04
1833454710,Lorrie Moore,Themoosek,false,56,enwiki,2024-10-27 05:11:48
1833454817,Maurzyce Bridge,Monkbot,true,1,enwiki,2024-10-27 05:12:05
1833454904,Titus O'Neil,183.97.82.118,false,-210,enwiki,2024-10-27 05:12:14
1833455111,Carramar railway station,GMB205,false,35,enwiki,2024-10-27 05:13:06
1833454712,Melina Merkouri Indoor Hall,TiMike,false,46,enwiki,2024-10-27 05:11:49
1833454819,Shanghai Metro rolling stock,Lekvwa,false,9,enwiki,2024-10-27 05:11:52
1833454906,Piggy (2022 film),Phantom Oficiall,false,23,enwiki,2024-10-27 05:12:19
1833455001,User talk:Brendanmckay4,Liz,false,911,enwiki,2024-10-27 05:12:41
1833455115,Shane Crotty,76.88.55.135,false,4,enwiki,2024-10-27 05:13:06
1833455210,Remote Control (1930 film),Stonehedge315,false,-37,enwiki,2024-10-27 05:13:35
1833455405,Spring Awakening,Monkbot,true,1,enwiki,2024-10-27 05:14:20
1833455512,"User:Johnny.shanahan/Joseph Gordon, II",Johnny.shanahan,false,-58,enwiki,2024-10-27 05:14:41
1833455603,"Liverpool railway station, Sydney",GMB205,false,18,enwiki,2024-10-27 05:15:00
1833455212,Alessandro Sette,76.88.55.135,false,4,enwiki,2024-10-27 05:13:33
1833455406,Talk:Primary election,McYeee,false,430,enwiki,2024-10-27 05:14:18
1833455514,The Island of Dreams,Monkbot,true,1,enwiki,2024-10-27 05:14:40
1833455604,Three Arrows,Monkbot,true,1,enwiki,2024-10-27 05:15:01
1833455615,Mu (negative),74.98.241.87,false,4,enwiki,2024-10-27 05:15:06
1833455213,Strymonas,Monkbot,true,1,enwiki,2024-10-27 05:13:35
1833455414,2024–25 Women's Big Bash League season,Spinin,false,41,enwiki,2024-10-27 05:14:16
1833455517,"Henri, Duke of Joyeuse",DavidBrooks-AWB,false,255,enwiki,2024-10-27 05:14:40
1833455605,King Liar,AADITH KRISHNA,false,0,enwiki,2024-10-27 05:15:01
1833455619,Bliss Montage,Phibeatrice,false,-203,enwiki,2024-10-27 05:15:08
1833455201,Princess Caroline of Nassau-Usingen,Monkbot,true,2,enwiki,2024-10-27 05:13:32
1833455214,Honorée Fanonne Jeffers,Themoosek,false,56,enwiki,2024-10-27 05:13:36
1833455304,Venyov,Monkbot,true,1,enwiki,2024-10-27 05:14:00
1833455415,HMS Revenge (06),Laterthanyouthink,false,2,enwiki,2024-10-27 05:14:19
1833455203,Talk:Illegal immigration to the United States/Archive index,Legobot,true,185,enwiki,2024-10-27 05:13:33
1833455215,Talk:Existence,74.98.241.87,false,1636,enwiki,2024-10-27 05:13:32
1833455308,CBS,Grayfell,false,-1235,enwiki,2024-10-27 05:13:56
1833455518,Alamo Drafthouse Cinema,SME.TX.BX,false,14,enwiki,2024-10-27 05:14:37
1833455607,37th SS Volunteer Cavalry Division Lützow,Monkbot,true,1,enwiki,2024-10-27 05:15:04
1833455205,Steve Kilbey,60.241.162.231,false,-3,enwiki,2024-10-27 05:13:31
1833455217,Guggenheim Baseball Management,2601:196:180:DC0:98B7:EF28:1168:F5DB,false,4,enwiki,2024-10-27 05:13:35
1833455310,Dancing in the Flames,Ss112,false,1,enwiki,2024-10-27 05:14:02
1833455608,Sporting News Manager of the Year Award,Wcdowchb,false,322,enwiki,2024-10-27 05:15:04
1833455204,William McMahon,Richie1509,false,52,enwiki,2024-10-27 05:13:30
1833455319,User:Panamitsu/script/macrons.js,Panamitsu,false,23,enwiki,2024-10-27 05:14:05
1833455503,Nissan Pathfinder,211.27.250.34,false,-1145,enwiki,2024-10-27 05:14:36
1833455609,Talk:Blade,BD2412,false,337,enwiki,2024-10-27 05:15:05
1833455207,Spiro Ksera,62.74.24.174,false,-26,enwiki,2024-10-27 05:13:34
1833455401,2024 Serbian local elections,CJCurrie,false,2311,enwiki,2024-10-27 05:14:14
1833455504,La Jolla Institute for Immunology,76.88.55.135,false,29,enwiki,2024-10-27 05:14:39
1833455610,Talk:Abdul Latif (royalty),JarrahTree,false,24,enwiki,2024-10-27 05:15:06
1833455208,Michael Dukakis,Segagustin,false,559,enwiki,2024-10-27 05:13:31
1833455403,Pál Simon,Pinkpollyanna,false,-31,enwiki,2024-10-27 05:14:18
1833455505,Russian Travel Guide,RafaelPPascual,false,206,enwiki,2024-10-27 05:14:39
1833455600,June Jackson,Gertrude206,false,260,enwiki,2024-10-27 05:15:00
1833455611,Sandy MacIver,Crowsus,false,265,enwiki,2024-10-27 05:15:05
1833455209,List of Croat Albanians,2A02:AA12:E200:8A80:3517:B65A:811F:551B,false,292,enwiki,2024-10-27 05:13:35
1833455404,Castéron,Monkbot,true,1,enwiki,2024-10-27 05:14:16
1833455511,Dancing in the Flames,Ss112,false,0,enwiki,2024-10-27 05:14:39
1833455601,Mike Kaiser,Nford24,false,475,enwiki,2024-10-27 05:15:00
1833455612,Sleepless (2017 film),70.54.109.21,false,61,enwiki,2024-10-27 05:15:07
1833455709,User talk:Zeugma fr,KiranBOT,true,1827,enwiki,2024-10-27 05:15:22
1833455814,Sharpness (cutting),BD2412,false,65,enwiki,2024-10-27 05:15:46
1833455901,Raguva,Monkbot,true,1,enwiki,2024-10-27 05:16:11
357995603,Benutzer:Stepro/Sichtertabelle,FNBot,true,0,dewiki,2024-10-27 05:16:18
1833455711,2024 Major League Baseball postseason,BaseballFanatic1,false,2,enwiki,2024-10-27 05:15:17
1833455815,Category:Angolan academics,Smasongarrison,false,-195,enwiki,2024-10-27 05:15:45
1833455900,User:LightBlueTTT/sandbox,LightBlueTTT,false,152,enwiki,2024-10-27 05:16:13
1833455714,HMS Benbow (1913),Laterthanyouthink,false,2,enwiki,2024-10-27 05:15:23
1833455816,Lincoln Steen,209.225.132.210,false,15,enwiki,2024-10-27 05:15:45
1833455905,Ann Lowe,CitizenKang414,false,-15,enwiki,2024-10-27 05:16:12
1833456003,Yoshinobu Yamamoto,74.105.31.141,false,33,enwiki,2024-10-27 05:16:37
1833455717,Bruno Viana,70.125.139.219,false,88,enwiki,2024-10-27 05:15:24
1833455817,Kamýk (Litoměřice District),Monkbot,true,1,enwiki,2024-10-27 05:15:44
1833455906,Adelaide Strikers (WBBL),Spinin,false,0,enwiki,2024-10-27 05:16:10
357995606,Benutzer:TheTokl/Sichtertabelle,FNBot,true,0,dewiki,2024-10-27 05:16:24
1833456005,Oleg Zagorodnii,Regioncalifornia,false,24,enwiki,2024-10-27 05:16:39
1833455800,Sulęcin County,Monkbot,true,1,enwiki,2024-10-27 05:15:41
1833455907,Kuala Lumpur Rovers F.C.,FM Malaysia,false,179,enwiki,2024-10-27 05:16:14
1833456006,Bendy and the Ink Machine,Synorem,false,3468,enwiki,2024-10-27 05:16:36
1833455700,Mark Stoops,EdmondCA2,false,0,enwiki,2024-10-27 05:15:20
1833455801,Template:Element-symbol-to-oxidation-state-data/doc,Mikeblas,false,2,enwiki,2024-10-27 05:15:42
1833455910,Casula railway station,GMB205,false,3,enwiki,2024-10-27 05:16:14
357995608,Benutzer:Amga/Sichtertabelle,FNBot,true,0,dewiki,2024-10-27 05:16:34
1833456014,"Serrières, Ardèche",Monkbot,true,1,enwiki,2024-10-27 05:16:39
1833455702,Kim Yung-rok,Seefooddiet,false,4,enwiki,2024-10-27 05:15:20
1833455808,User:MacronMonitor/LinkAlerts,MacronMonitor,false,365,enwiki,2024-10-27 05:15:43
357995602,Wikipedia:WikiProjekt Frauen/Frauen in Rot/Fehlende Artikel nach Nationalität/Bolivianerinnen,TaxonBot,true,60,dewiki,2024-10-27 05:16:08
357995604,Benutzer:Cavaliere grande/Sichtertabelle,FNBot,true,19,dewiki,2024-10-27 05:16:21
1833456017,Joan Silber,Themoosek,false,56,enwiki,2024-10-27 05:16:43
1833455703,Fleetwood Mac,Hhs101406,false,27,enwiki,2024-10-27 05:15:18
1833455913,Julie Morel,Lepricavark,false,12,enwiki,2024-10-27 05:16:16
1833456018,Missionary (Snoop Dogg album),2600:8805:A06:6500:8411:FEBF:9335:A8,false,10,enwiki,2024-10-27 05:16:43
1833455704,2024 Los Angeles Dodgers season,Spanneraol,false,781,enwiki,2024-10-27 05:15:13
1833455812,Wikipedia talk:Notability (academics)/Archive index,Legobot,true,0,enwiki,2024-10-27 05:15:45
1833455914,"Châteaudouble, Drôme",Monkbot,true,1,enwiki,2024-10-27 05:16:14
1833456019,2024 World Series,Allen2,false,61,enwiki,2024-10-27 05:16:41
1833455707,Quezon Institute,Johnpaulo5860,false,-268,enwiki,2024-10-27 05:15:22
1833455813,Capsule (geometry),Pbsouthwood,false,-226,enwiki,2024-10-27 05:15:45
1833455919,Erjona Ala,2A02:AA12:E200:8A80:3517:B65A:811F:551B,false,-4,enwiki,2024-10-27 05:16:17
1833456101,Diksiai,Monkbot,true,2,enwiki,2024-10-27 05:17:01
1833456217,Knull (character),OilSlick96,false,-84,enwiki,2024-10-27 05:17:27
1833456404,Yum sen lon,Zeoinvasion,false,2,enwiki,2024-10-27 05:18:06
1833456419,Marvel Epic Collection,Peterspeterson,false,432,enwiki,2024-10-27 05:17:59
1833456517,Talk:Call of Duty 4: Modern Warfare,NegativeMP1,false,1,enwiki,2024-10-27 05:18:35
1833456104,List of Kansas City Royals Opening Day starting pitchers,Ralphierce,false,1,enwiki,2024-10-27 05:17:01
1833456218,Mananchaya Sawangkaew,Sashona,false,145,enwiki,2024-10-27 05:17:29
1833456405,Delhivery,Azuredivay,false,433,enwiki,2024-10-27 05:18:06
1833456105,Brady Cook,BullDawg2021,false,0,enwiki,2024-10-27 05:17:01
1833456219,Great Eastern Crisis,Benlittlewiki,false,30,enwiki,2024-10-27 05:17:28
1833456408,Nastasen,97.116.160.235,false,26,enwiki,2024-10-27 05:18:09
1833456107,Category:Argentine academics,Smasongarrison,false,-100,enwiki,2024-10-27 05:17:03
357995617,"Benutzer:Fiver, der Hellseher/Sichtertabelle",FNBot,true,0,dewiki,2024-10-27 05:17:22
357995619,Benutzer:Uwe1959/Sichtertabelle,FNBot,true,0,dewiki,2024-10-27 05:17:27
1833456411,List of disasters in Canada by death toll,Bron6669,false,-88,enwiki,2024-10-27 05:18:09
1833456519,Supplication,Chronikhiles,false,656,enwiki,2024-10-27 05:18:40
1833456109,Kuala Lumpur Rovers F.C.,FM Malaysia,false,4,enwiki,2024-10-27 05:17:03
1833456208,Charles Surh,76.88.55.135,false,4,enwiki,2024-10-27 05:17:28
1833456412,List of Atlanta Braves Opening Day starting pitchers,Ralphierce,false,1,enwiki,2024-10-27 05:18:09
357995613,Benutzer:Reinhard Fraunholz/Sichtertabelle,FNBot,true,0,dewiki,2024-10-27 05:17:04
1833456210,Miloš Dimitrijević,Lfzdy,false,-235,enwiki,2024-10-27 05:17:28
1833456304,Internet Archive,Legofan3484,false,-2,enwiki,2024-10-27 05:17:42
1833456415,Wikipedia talk:Manual of Style/Accessibility/Archive index,Legobot,true,22,enwiki,2024-10-27 05:18:10
1833456114,Tamannaah Bhatia,Anoopspeaks,false,-481,enwiki,2024-10-27 05:17:00
1833456212,User:Krisgabwoosh/Germán Busch 2,Krisgabwoosh,false,-11,enwiki,2024-10-27 05:17:26
1833456306,Sean East II,Koolcatz34,false,59,enwiki,2024-10-27 05:17:51
1833456413,Pontarion,Monkbot,true,1,enwiki,2024-10-27 05:18:09
1833456500,Suburban Rail Loop East,WikiWanderer261,false,0,enwiki,2024-10-27 05:18:35
357995615,Wikipedia:WikiProjekt Fußball/Kader-Navigationsleisten,TaxonBota,true,-166,dewiki,2024-10-27 05:17:03
1833456214,Kremlin Senate,Monkbot,true,1,enwiki,2024-10-27 05:17:29
1833456307,User talk:Politicalgirl1,SilverLocust,false,1285,enwiki,2024-10-27 05:17:52
1833456416,List of 2025 albums,Mburrell,false,7,enwiki,2024-10-27 05:18:12
1833456501,Nastasen,97.116.160.235,false,29,enwiki,2024-10-27 05:18:36
357995611,Benutzer:Wilske/Sichtertabelle,FNBot,true,0,dewiki,2024-10-27 05:17:02
1833456115,Argysh,Monkbot,true,2,enwiki,2024-10-27 05:17:04
1833456215,2024 World Series,Spanneraol,false,-21,enwiki,2024-10-27 05:17:27
1833456309,Leppington railway station,GMB205,false,0,enwiki,2024-10-27 05:17:51
1833456417,We Live in Time,Evope,false,0,enwiki,2024-10-27 05:18:12
1833456504,Driel,Monkbot,true,2,enwiki,2024-10-27 05:18:36
357995612,Harzer Tourismusverband,Diopuld,false,14,dewiki,2024-10-27 05:17:02
1833456118,User:Panamitsu/script/macrons.js,Panamitsu,false,28,enwiki,2024-10-27 05:17:06
1833456216,Arend Oetker,Rosiestep,false,67,enwiki,2024-10-27 05:17:30
1833456310,Draft:List of VTV dramas broadcast in 2025,2402:800:63E4:775B:F175:94C5:6A4F:75D8,false,11,enwiki,2024-10-27 05:17:51
1833456403,Kirichenkov,Monkbot,true,1,enwiki,2024-10-27 05:18:06
1833456418,List of tallest buildings in Metro Manila,IronGargoyle,false,31,enwiki,2024-10-27 05:18:07
1833456510,Template talk:Tmbox,14.162.151.81,false,-1,enwiki,2024-10-27 05:18:38
1833456813,2024 Israeli invasion of Lebanon,Evaporation123,false,65,enwiki,2024-10-27 05:19:43
1833456902,User:LightBlueTTT/sandbox,LightBlueTTT,false,34,enwiki,2024-10-27 05:20:13
1833456713,Power Computing Corporation,K6ka,false,-28,enwiki,2024-10-27 05:19:25
1833456800,Miloš Ninković,Lfzdy,false,176,enwiki,2024-10-27 05:19:48
1833456903,Template:Years in Eritrea,Rickyurs,false,27,enwiki,2024-10-27 05:20:13
1833456606,List of Škoda Auto engines,Mr.choppers,false,28,enwiki,2024-10-27 05:18:58
1833456715,List of Philadelphia Phillies Opening Day starting pitchers,Ralphierce,false,18,enwiki,2024-10-27 05:19:22
1833456802,Edmund Boyd Osler (Ontario politician),70.52.159.92,false,-90,enwiki,2024-10-27 05:19:51
1833456904,Fortnight (song),Freewoman04,false,-121,enwiki,2024-10-27 05:20:08
1833456607,"Value, Price and Profit",Monkbot,true,1,enwiki,2024-10-27 05:18:57
1833456716,Imperial Russian Army,Romanov loyalist,false,424,enwiki,2024-10-27 05:19:21
1833456804,"Broward County, Florida",2001:4958:2437:7501:3153:E3CA:3C1E:C502,false,-135,enwiki,2024-10-27 05:19:41
1833456908,Nonexistence,Remsense,false,-22,enwiki,2024-10-27 05:20:14
1833456609,"Fairfield railway station, Sydney",GMB205,false,0,enwiki,2024-10-27 05:18:57
1833456718,"Volkovo, Dmitriyevsky Selsoviet, Ufimsky District, Republic of Bashkortostan",Monkbot,true,1,enwiki,2024-10-27 05:19:27
1833456807,Mad Clip,Monkbot,true,1,enwiki,2024-10-27 05:19:52
1833456911,Mananchaya Sawangkaew,Sashona,false,92,enwiki,2024-10-27 05:20:13
1833456611,Palmach,Zero0000,false,-38,enwiki,2024-10-27 05:18:57
1833456806,User:Visviva/Legal system,Visviva,false,140,enwiki,2024-10-27 05:19:53
1833456912,Henri Meslot,Pinkpollyanna,false,-23,enwiki,2024-10-27 05:20:13
1833456612,ČRo Radio Wave,Aadirulez8,false,0,enwiki,2024-10-27 05:18:58
1833456701,Category:Australian scholars,Smasongarrison,false,11,enwiki,2024-10-27 05:19:22
1833456808,User:MacronMonitor/Alerts,MacronMonitor,false,264,enwiki,2024-10-27 05:19:52
1833456914,2024–25 La Liga,JoseAwfulman,false,0,enwiki,2024-10-27 05:20:11
1833456617,User talk:Iaroszler1,Iaroszler1,false,132,enwiki,2024-10-27 05:19:00
1833456704,Bliss Montage,Phibeatrice,false,39,enwiki,2024-10-27 05:19:22
1833456809,Brisbane Heat (WBBL),Spinin,false,-53,enwiki,2024-10-27 05:19:50
1833456915,State Highway 45 (New Zealand),Panamitsu,false,1,enwiki,2024-10-27 05:20:14
1833456618,ČRo Plus,Aadirulez8,false,0,enwiki,2024-10-27 05:19:00
1833456708,1920 Missouri Attorney General election,Indylover2010,false,51,enwiki,2024-10-27 05:19:22
1833456810,1920 Missouri Attorney General election,Indylover2010,false,45,enwiki,2024-10-27 05:19:51
1833456901,Kristina Pimenova,Monkbot,true,1,enwiki,2024-10-27 05:20:11
1833456918,Disappearance of Brandon Lawson,Smokerton,false,4,enwiki,2024-10-27 05:20:15
1833456619,Talk:Tayven Jackson,160.2.37.141,false,355,enwiki,2024-10-27 05:19:01
1833456714,Le Grand-Madieu,Monkbot,true,1,enwiki,2024-10-27 05:19:23
1833456812,User:Panamitsu/script/macrons.js,Panamitsu,false,112,enwiki,2024-10-27 05:19:54
1833457012,Steve Kilbey,60.241.162.231,false,168,enwiki,2024-10-27 05:20:38
1833457114,Chief Commission for the Prosecution of Crimes against the Polish Nation,Monkbot,true,1,enwiki,2024-10-27 05:21:06
1833457201,Sandy MacIver,Crowsus,false,-153,enwiki,2024-10-27 05:21:29
1833457313,User talk:KylieTastic,Alpha3031,false,574,enwiki,2024-10-27 05:21:59
1833457019,Guru Mann,Naanioffl,false,156,enwiki,2024-10-27 05:20:42
1833457203,Hugh Bunel,Srnec,false,-148,enwiki,2024-10-27 05:21:30
1833457302,List of Scandinavian Albanians,Synorem,false,-211,enwiki,2024-10-27 05:21:53
1833457314,Nizhnyaya Kamyshevka,Monkbot,true,1,enwiki,2024-10-27 05:21:58
1833457100,King Liar,AADITH KRISHNA,false,55,enwiki,2024-10-27 05:21:02
1833457206,I Walk Alone,20thCenturyAmMusic,false,587,enwiki,2024-10-27 05:21:30
1833457304,Livestock,KoA,false,-28,enwiki,2024-10-27 05:21:51
1833457102,User:OsaRosa/LGBTQ Communication Studies,OsaRosa,false,-283,enwiki,2024-10-27 05:20:59
1833457207,Fyang Smith,36.69.22.237,false,84,enwiki,2024-10-27 05:21:29
1833457307,Wikipedia talk:Good topics/Blackout (Britney Spears album),Aza24,false,197,enwiki,2024-10-27 05:21:56
1833457106,Islamic views on prisoners of war,Avigreen18,false,19,enwiki,2024-10-27 05:21:02
1833457210,Cola,152.58.189.178,false,34,enwiki,2024-10-27 05:21:31
1833457306,User:Krisgabwoosh/Germán Busch 2,Krisgabwoosh,false,-233,enwiki,2024-10-27 05:21:54
1833457000,Que Haidar,2001:D08:1B93:803A:F625:50C5:1EC3:290,false,21,enwiki,2024-10-27 05:20:37
1833457107,"Vasilyevka, Lgovsky District, Kursk Oblast",Monkbot,true,2,enwiki,2024-10-27 05:21:03
1833457211,Khalk ovozi,Revirvlkodlaku,false,7,enwiki,2024-10-27 05:21:32
1833457308,Mother!,Ganesha811,false,41,enwiki,2024-10-27 05:21:53
1833457001,Merrylands railway station,GMB205,false,0,enwiki,2024-10-27 05:20:36
1833457108,Hardee's,Red dwarf,false,-6,enwiki,2024-10-27 05:21:02
1833457212,Watkins Glen International,Stl66dmk,false,-300,enwiki,2024-10-27 05:21:25
1833457309,Lesparrou,Monkbot,true,1,enwiki,2024-10-27 05:21:54
1833457003,Cape Town,Buaidh,false,7,enwiki,2024-10-27 05:20:26
1833457109,Kathryn Greenslade,Zyxw,false,688,enwiki,2024-10-27 05:21:03
1833457310,User:ThothOfTheSouth/sandbox,ThothOfTheSouth,false,562,enwiki,2024-10-27 05:21:57
1833457008,Talk:Gimme More,Aza24,false,149,enwiki,2024-10-27 05:20:38
1833457110,The Jade,Laterthanyouthink,false,11,enwiki,2024-10-27 05:21:06
1833457311,"Burbank, California",Curbyourspider,false,1,enwiki,2024-10-27 05:21:52
1833457010,Stanichnoye,Monkbot,true,1,enwiki,2024-10-27 05:20:39
1833457111,Talk:Shroud of Turin/Archive index,Legobot,true,0,enwiki,2024-10-27 05:21:05
1833457204,Wikipedia talk:WikiProject Olympics/Archive index,Legobot,true,11,enwiki,2024-10-27 05:21:26
1833457312,2024–25 Malaysia A1 Semi-Pro League,FM Malaysia,false,-48,enwiki,2024-10-27 05:21:51
1833457315,Nick at Nite,38.209.17.18,false,-9,enwiki,2024-10-27 05:22:00
1833457400,"Préchac, Gers",Monkbot,true,1,enwiki,2024-10-27 05:22:21
1833457417,Wikipedia:Administrator intervention against vandalism/TB2,Daniel Case,false,-441,enwiki,2024-10-27 05:22:28
1833457510,Nikolay Bogolyubov,Thrynova,false,259,enwiki,2024-10-27 05:22:52
1833457604,"Resurrection (Rubens, Antwerp)",Johnbod,false,43,enwiki,2024-10-27 05:23:23
1833457402,Jenny Ruiz-Williams,Citation bot,true,22,enwiki,2024-10-27 05:22:22
1833457419,Wikipedia:Requested moves/Current discussions (alt),RMCD bot,true,573,enwiki,2024-10-27 05:22:22
1833457511,User:Phibeatrice,Phibeatrice,false,5,enwiki,2024-10-27 05:22:54
1833457605,Daltonganj railway station,Revirvlkodlaku,false,61,enwiki,2024-10-27 05:23:22
1833457710,Category talk:Ancient Mesopotamian women,Surayeproject3,false,-157,enwiki,2024-10-27 05:23:44
1833457318,Wikipedia:Articles for deletion/Jade Sotomayor,JuxtaposedJacob,false,241,enwiki,2024-10-27 05:22:02
1833457403,2024 Spokane Velocity FC season,Logan Z Man 2022!,false,0,enwiki,2024-10-27 05:22:20
1833457512,User talk:Kustwhybro,ClueBot NG,false,1381,enwiki,2024-10-27 05:22:54
1833457606,Staronadezhdino,Monkbot,true,1,enwiki,2024-10-27 05:23:22
1833457715,It's OK I'm OK,Ss112,false,0,enwiki,2024-10-27 05:23:44
1833457404,Brisbane Heat (WBBL),Spinin,false,3121,enwiki,2024-10-27 05:22:19
1833457513,Talk:Tag (game),Synorem,false,575,enwiki,2024-10-27 05:22:54
1833457717,"Pokrovka, Blagoveshchensky District, Republic of Bashkortostan",Monkbot,true,1,enwiki,2024-10-27 05:23:44
1833457406,Wikipedia:Requested moves/Current discussions,RMCD bot,true,572,enwiki,2024-10-27 05:22:19
1833457503,Template:Connected contributor/sandbox,Paine Ellsworth,false,1364,enwiki,2024-10-27 05:22:52
1833457518,Raphinha,ClueBot NG,false,-89,enwiki,2024-10-27 05:22:52
1833457617,User talk:Apokryltaros,Gasmasque,false,143,enwiki,2024-10-27 05:23:23
1833457718,The Unforgettable Fire,HGP7,false,-8,enwiki,2024-10-27 05:23:41
1833457408,Andre de Krayewski,Monkbot,true,1,enwiki,2024-10-27 05:22:25
1833457505,Wikipedia talk:Manual of Style/Lead section/Archive index,Legobot,true,130,enwiki,2024-10-27 05:22:51
1833457618,Thug Life (2024 film),Naveen Thavaneshwar,false,31,enwiki,2024-10-27 05:23:23
1833457700,Quaker Steak & Lube,108.16.121.225,false,3,enwiki,2024-10-27 05:23:42
1833457409,Wikipedia:Dashboard/Requested moves,RMCD bot,true,109,enwiki,2024-10-27 05:22:25
1833457506,Causses-et-Veyran,Monkbot,true,1,enwiki,2024-10-27 05:22:50
1833457519,Advocacy,MrOllie,false,-128,enwiki,2024-10-27 05:22:53
1833457701,User talk:Jjarchivist,KiranBOT,true,1549,enwiki,2024-10-27 05:23:42
1833457411,Wikipedia:Articles for creation/Redirects,76.174.0.57,false,318,enwiki,2024-10-27 05:22:19
1833457507,Talk:Oracle of Nusku,Surayeproject3,false,39,enwiki,2024-10-27 05:22:53
1833457702,IslamPidia,Rayhanpopi,false,34,enwiki,2024-10-27 05:23:41
1833457413,Mukund Varadarajan,Dilhindustanihai,false,-6,enwiki,2024-10-27 05:22:25
1833457508,Draft:We friends tho,Clioos,false,85,enwiki,2024-10-27 05:22:53
1833457601,Quaker Steak & Lube,108.16.121.225,false,-3,enwiki,2024-10-27 05:23:21
1833457703,Survivor Series (1994),GaryColemanFan,false,-25,enwiki,2024-10-27 05:23:41
1833457414,Wikipedia:Requested moves/Current discussions (table),RMCD bot,true,214,enwiki,2024-10-27 05:22:26
1833457509,Shaka Ponk,Revirvlkodlaku,false,1,enwiki,2024-10-27 05:22:53
1833457602,Wicked Part Two,HM2021,false,38,enwiki,2024-10-27 05:23:20
1833457705,Nahal,Zero0000,false,-3,enwiki,2024-10-27 05:23:42
1833457810,User:Phibeatrice,Phibeatrice,false,10,enwiki,2024-10-27 05:24:12
1833457906,"Revel, Haute-Garonne",Monkbot,true,1,enwiki,2024-10-27 05:24:35
1833458003,2024–25 Malaysia A1 Semi-Pro League,FM Malaysia,false,0,enwiki,2024-10-27 05:24:50
1833458016,Talk:Shenzhou 18,Timothytyy,false,126,enwiki,2024-10-27 05:25:03
357995700,Volksverpetzer,Habbe H,false,0,dewiki,2024-10-27 05:25:23
1833457812,List of tallest buildings in Metro Manila,IronGargoyle,false,49,enwiki,2024-10-27 05:24:06
1833457909,Patrick Knight (Irish civil engineer),Rosiestep,false,56,enwiki,2024-10-27 05:24:39
1833458004,Lonely Road (song),Ss112,false,0,enwiki,2024-10-27 05:24:59
1833458106,The Dark House (2009 Polish film),Monkbot,true,1,enwiki,2024-10-27 05:25:23
357995701,Benutzer:Tsungam/Sichtertabelle,FNBot,true,0,dewiki,2024-10-27 05:25:30
1833457814,Jennifer Salling,Citation bot,true,24,enwiki,2024-10-27 05:24:11
1833458006,Omex,Monkbot,true,1,enwiki,2024-10-27 05:24:58
1833458107,Parawen language,Biritai,false,739,enwiki,2024-10-27 05:25:24
1833457813,Qin Wuyang,Shibai Chuutatsu,false,4,enwiki,2024-10-27 05:24:12
1833457917,Podymalovo,Monkbot,true,1,enwiki,2024-10-27 05:24:39
1833458007,"Fresno, Texas",Patapsco913,false,4,enwiki,2024-10-27 05:24:59
1833458110,Template:COVID-19 data/data,TolBot,false,1,enwiki,2024-10-27 05:25:25
1833457918,I Am Not Okay,Ss112,false,0,enwiki,2024-10-27 05:24:40
1833458009,Aotearoa New Zealand's histories,Nurg,false,-26,enwiki,2024-10-27 05:24:59
1833458111,2025 New Zealand local referenda on Māori wards and constituencies,TheLoyalOrder,false,39,enwiki,2024-10-27 05:25:25
1833457817,Wikipedia:Articles for creation/Redirects,76.174.0.57,false,306,enwiki,2024-10-27 05:24:06
1833457919,Richard Holmes (biographer),Themoosek,false,56,enwiki,2024-10-27 05:24:40
1833458008,List of highest-grossing Indian films,Anoopspeaks,false,-1,enwiki,2024-10-27 05:24:52
1833458117,Freytes,98.109.225.6,false,1,enwiki,2024-10-27 05:25:27
1833457800,Brisbane Heat (WBBL),Spinin,false,-437,enwiki,2024-10-27 05:24:05
1833457901,Sean East II,Koolcatz34,false,-6,enwiki,2024-10-27 05:24:36
1833458010,"Hey You, Pikachu!",AnomieBOT,true,36,enwiki,2024-10-27 05:24:58
1833457801,List of online database creator apps,MrOllie,false,-69,enwiki,2024-10-27 05:24:09
1833457819,Berne Trial,Monkbot,true,2,enwiki,2024-10-27 05:24:13
1833457902,List of Bakuage Sentai Boonboomger characters,35.134.24.120,false,74,enwiki,2024-10-27 05:24:35
1833458011,Daniel Santiago,Citation bot,true,21,enwiki,2024-10-27 05:24:59
1833457803,Talk:Mary Sue,Sangdeboeuf,false,50,enwiki,2024-10-27 05:24:08
1833457904,Cole Hauser,2601:602:8C01:E700:B983:99E4:F423:292E,false,1,enwiki,2024-10-27 05:24:36
1833458013,User talk:Goodtiming8871,KiranBOT,true,1500,enwiki,2024-10-27 05:24:54
1833457808,The War of the Worlds: Next Century,Monkbot,true,1,enwiki,2024-10-27 05:24:10
1833457903,Talk:List of ancient Near Eastern scribes,Surayeproject3,false,37,enwiki,2024-10-27 05:24:38
1833458000,Spain women's national under-20 football team,Crowsus,false,1,enwiki,2024-10-27 05:24:54
1833458014,"Julia, Princess of Battenberg",Monkbot,true,2,enwiki,2024-10-27 05:25:01
1833458210,List of Škoda Auto engines,Mr.choppers,false,231,enwiki,2024-10-27 05:25:50
1833458302,2024 Hong Kong Tennis Open – Singles,Amphacham,false,2,enwiki,2024-10-27 05:26:15
357995707,Benutzer:Hi-Lo/Berlin,TaxonBota,true,-302,dewiki,2024-10-27 05:26:23
357995711,Wikipedia:WikiProjekt Bundesverdienstkreuz/Neue,TaxonBota,true,-78,dewiki,2024-10-27 05:26:42
357995714,Benutzer:Berlinschneid/Sichtertabelle,FNBot,true,0,dewiki,2024-10-27 05:27:01
1833458507,En un burro tres baturros,Lord Cornwallis,false,19,enwiki,2024-10-27 05:27:03
357995719,Fußball-Weltmeisterschaft 1982/Qualifikation,Benedikt2008,false,-1001,dewiki,2024-10-27 05:27:12
1833458213,Zillennials,Pbritti,false,20,enwiki,2024-10-27 05:25:49
357995705,Benutzer:Martinus KE/Sichtertabelle,FNBot,true,19,dewiki,2024-10-27 05:26:13
1833458305,Martin Bryant,2403:4800:3840:1801:85F5:1533:1057:39EF,false,6,enwiki,2024-10-27 05:26:16
1833458411,Josefov (Hodonín District),Monkbot,true,1,enwiki,2024-10-27 05:26:41
1833458512,Giorgos,Monkbot,true,1,enwiki,2024-10-27 05:27:04
357995702,Audi A5,147.161.155.80,false,16,dewiki,2024-10-27 05:25:40
1833458214,Semen Paliy,Monkbot,true,2,enwiki,2024-10-27 05:25:50
1833458319,Legends of the Hidden Temple,2605:4A80:A301:B6D0:D39:7900:E6B8:AC4C,false,-20,enwiki,2024-10-27 05:26:17
1833458412,Yanelis Santos,Citation bot,true,-2,enwiki,2024-10-27 05:26:42
1833458513,Hobart Hurricanes (WBBL),Spinin,false,271,enwiki,2024-10-27 05:27:01
1833458216,Open-Silicon,Doprendek,false,12,enwiki,2024-10-27 05:25:51
1833458418,Legends of the Hidden Temple,2605:4A80:A301:B6D0:D39:7900:E6B8:AC4C,false,-14,enwiki,2024-10-27 05:26:44
1833458514,Guru Mann,Naanioffl,false,5,enwiki,2024-10-27 05:27:04
357995710,Benutzer:FordPrefect42/Sichtertabelle,FNBot,true,0,dewiki,2024-10-27 05:26:35
1833458419,Kwak Sang-eon,Seefooddiet,false,52,enwiki,2024-10-27 05:26:44
1833458515,Stellar evolution,119.2.125.164,false,18,enwiki,2024-10-27 05:27:03
357995718,Benutzer:Roland Kutzki/Sichtertabelle,FNBot,true,0,dewiki,2024-10-27 05:27:12
357995713,Benutzer:Marcus Cyron/Sichtertabelle,FNBot,true,0,dewiki,2024-10-27 05:26:58
357995715,Harzer Tourismusverband,Diopuld,false,168,dewiki,2024-10-27 05:27:02
1833458200,"Centenary of Albany, Western Australia",Mitch Ames,false,4,enwiki,2024-10-27 05:25:46
1833458401,User:WQUlrich/sandbox,WQUlrich,false,-16,enwiki,2024-10-27 05:26:41
1833458203,Airbus A220,Ich-Du-De,false,9,enwiki,2024-10-27 05:25:41
357995704,Benutzer:Dirk Lenke/Sichtertabelle,FNBot,true,0,dewiki,2024-10-27 05:26:10
357995706,Benutzer:Wonderland2001/Sichtertabelle,FNBot,true,0,dewiki,2024-10-27 05:26:23
357995709,Benutzerin:Leserättin/Sichtertabelle,FNBot,true,0,dewiki,2024-10-27 05:26:33
1833458403,"Burbank, California",Curbyourspider,false,818,enwiki,2024-10-27 05:26:35
357995717,Benutzerin:Amrei-Marie/Sichtertabelle,FNBot,true,0,dewiki,2024-10-27 05:27:09
1833458207,Bernardo Canal,WQUlrich,false,73,enwiki,2024-10-27 05:25:48
357995708,Wikipedia Diskussion:Hauptseite,Gonepteryx,false,801,dewiki,2024-10-27 05:26:27
1833458404,Husie,50.47.86.171,false,-15,enwiki,2024-10-27 05:26:40
357995716,Benutzer:Samiclaus/Sichtertabelle,FNBot,true,19,dewiki,2024-10-27 05:27:03
1833458208,Economy and Society,Monkbot,true,3,enwiki,2024-10-27 05:25:47
357995703,Wikipedia:Löschkandidaten/26. Oktober 2024,Kriddl,false,257,dewiki,2024-10-27 05:25:56
1833458300,Template:Viva Blue,Fz20181223,false,49,enwiki,2024-10-27 05:26:16
1833458405,User:TNTBot/abusefilter-conditions,TNTBot,true,0,enwiki,2024-10-27 05:26:42
1833458600,Hypercube graph,99.55.246.31,false,0,enwiki,2024-10-27 05:27:25
1833458709,Cosmonautics Day,Monkbot,true,1,enwiki,2024-10-27 05:27:53
1833458801,Rhyno,Dbzfan224,false,36,enwiki,2024-10-27 05:28:05
1833458910,2024 European floods,79.56.21.247,false,929,enwiki,2024-10-27 05:28:45
1833458603,Frank Kitts Park,Wainuiomartian,false,6,enwiki,2024-10-27 05:27:25
1833458711,User talk:Asp2alirezasusanichezeh,Synorem,false,1071,enwiki,2024-10-27 05:27:55
1833458803,Liberal Democrat Conference,Zhu Haifeng,false,31,enwiki,2024-10-27 05:28:12
1833458911,1924 Missouri Attorney General election,Indylover2010,false,45,enwiki,2024-10-27 05:28:46
1833458606,Catacombs of Paris,72.14.126.22,false,303,enwiki,2024-10-27 05:27:24
1833458713,Museum of Science and Industry (Chicago),Citation bot,true,-4,enwiki,2024-10-27 05:27:52
1833458804,2015 WRC3 Championship,Unnamelessness,false,-17,enwiki,2024-10-27 05:28:12
1833458607,Gradey Dick,TurtleStar00,false,316,enwiki,2024-10-27 05:27:26
1833458714,Iranian toman,8ya,false,1,enwiki,2024-10-27 05:27:54
1833458806,"Shinan, Qingdao",2600:1700:6020:11D0:E45F:384E:56D8:CC36,false,-13,enwiki,2024-10-27 05:28:15
1833458609,Chester See,KennyOfHrub,false,11,enwiki,2024-10-27 05:27:28
1833458719,Spain women's national under-20 football team,Crowsus,false,-1,enwiki,2024-10-27 05:27:53
1833458807,Pszczyna County,Monkbot,true,1,enwiki,2024-10-27 05:28:15
1833458915,Massachusetts State Highway System,Mbrs128,false,34,enwiki,2024-10-27 05:28:49
1833458612,Siege of Moscow (1382),Synorem,false,-6,enwiki,2024-10-27 05:27:31
1833458809,TGIF (TV programming block),Merrick172,false,-4,enwiki,2024-10-27 05:28:16
1833458900,Aryamani,97.116.160.235,false,1,enwiki,2024-10-27 05:28:44
1833458916,Grayson Murphy (basketball),Koolcatz34,false,302,enwiki,2024-10-27 05:28:49
1833458614,Moscow Kazansky railway station,Monkbot,true,2,enwiki,2024-10-27 05:27:28
1833458814,Iron Man's armor,2600:1702:5609:5C00:D1E8:C999:F8A2:5BE4,false,81,enwiki,2024-10-27 05:28:18
1833458902,The Doon School Quintet,Ustadeditor2011,false,38,enwiki,2024-10-27 05:28:43
1833458917,Kweon Seong-dong,Seefooddiet,false,-12,enwiki,2024-10-27 05:28:49
1833458616,List of Albanians in Germany,2A02:AA12:E200:8A80:3517:B65A:811F:551B,false,231,enwiki,2024-10-27 05:27:31
1833458705,Tag management system,Synorem,false,-10,enwiki,2024-10-27 05:27:52
1833458816,1924 Missouri Attorney General election,Indylover2010,false,34,enwiki,2024-10-27 05:28:18
1833458903,Windows Me,174.251.164.141,false,150,enwiki,2024-10-27 05:28:43
1833458918,Olliergues,Monkbot,true,1,enwiki,2024-10-27 05:28:48
1833458706,Hypercube graph,99.55.246.31,false,1,enwiki,2024-10-27 05:27:52
1833458817,Abbott and Costello Meet Frankenstein,67.40.202.59,false,-4,enwiki,2024-10-27 05:28:15
1833458905,Smorodinovka,Monkbot,true,1,enwiki,2024-10-27 05:28:45
1833458708,Dazed in Doon,Ustadeditor2011,false,38,enwiki,2024-10-27 05:27:53
1833458800,Spodnje Blato,Monkbot,true,2,enwiki,2024-10-27 05:28:12
1833458819,Jake Wood,2600:8801:EA00:6A00:D80E:1E48:3068:ACF4,false,-1,enwiki,2024-10-27 05:28:18
1833458907,Treaty on the Final Settlement with Respect to Germany,Bib of Bob,false,110,enwiki,2024-10-27 05:28:43
1833459014,Jenny (1969 film),2600:8802:5700:510:D9D9:1D76:4005:BABC,false,36,enwiki,2024-10-27 05:29:14
1833459107,"Charles V, Holy Roman Emperor",2605:8D80:5401:349F:E041:153D:5FD6:12DC,false,1,enwiki,2024-10-27 05:29:27
1833459210,Serge Chermayeff,Monkbot,true,1,enwiki,2024-10-27 05:30:01
1833459310,Siti Hasmah Mohamad Ali,58.182.209.190,false,-30,enwiki,2024-10-27 05:30:16
1833459410,Chloé Tutton,Zyxw,false,141,enwiki,2024-10-27 05:30:42
1833459012,Primus (band),Mondebleu,false,4,enwiki,2024-10-27 05:29:12
1833459110,Wikipedia talk:WikiProject Judaism/Archive index,Legobot,true,107,enwiki,2024-10-27 05:29:35
1833459212,"Newtown railway station, Sydney",GMB205,false,16,enwiki,2024-10-27 05:30:01
1833459411,Like a Dragon: Yakuza,Flightjacket,false,87,enwiki,2024-10-27 05:30:43
1833459017,1924 Missouri Attorney General election,Indylover2010,false,50,enwiki,2024-10-27 05:29:12
1833459116,User:Krisgabwoosh/Germán Busch 2,Krisgabwoosh,false,153,enwiki,2024-10-27 05:29:38
1833459214,User:AmandaNP/UAA/Time,DeltaQuadBot,true,0,enwiki,2024-10-27 05:30:04
1833459312,Osebo The Zaraman,StAnselm,false,22,enwiki,2024-10-27 05:30:21
1833459118,1924 Missouri Attorney General election,Indylover2010,false,38,enwiki,2024-10-27 05:29:41
1833459216,Wikipedia talk:WikiProject Television/Archive index,Legobot,true,119,enwiki,2024-10-27 05:29:53
1833459314,"Liszkowo, Koszalin County",Monkbot,true,1,enwiki,2024-10-27 05:30:20
1833459416,Talk:Asian News International/Archive 1,ClueBot III,true,21815,enwiki,2024-10-27 05:30:44
1833459215,2024 European floods,79.56.21.247,false,14,enwiki,2024-10-27 05:30:01
1833459313,Pneumococcal vaccine,Whywhenwhohow,false,731,enwiki,2024-10-27 05:30:20
1833459401,Razdan (surname),173.76.103.207,false,-2,enwiki,2024-10-27 05:30:42
1833459415,Richmond International Airport,2600:8805:3E17:D200:7C11:B8DF:85FE:70CA,false,-314,enwiki,2024-10-27 05:30:41
1833459100,Template:South Bay Lakers current roster,Intruder007,false,-7,enwiki,2024-10-27 05:29:37
1833459301,"Kilgore, Texas",2600:100C:B24E:9062:51E8:D35A:FBD7:B98F,false,31,enwiki,2024-10-27 05:30:12
1833459402,Eddie Izzard,Tamzin,false,248,enwiki,2024-10-27 05:30:37
1833459417,Škoda 125,Mr.choppers,false,5,enwiki,2024-10-27 05:30:46
1833459503,Talk:Am (cuneiform),Surayeproject3,false,82,enwiki,2024-10-27 05:31:03
1833459001,Figaleia,Monkbot,true,1,enwiki,2024-10-27 05:29:11
1833459102,Pont-Saint-Esprit,Monkbot,true,1,enwiki,2024-10-27 05:29:35
1833459303,Nature reserves in Poland,Monkbot,true,1,enwiki,2024-10-27 05:30:16
1833459403,2020 WRC3 Championship,Unnamelessness,false,-17,enwiki,2024-10-27 05:30:43
1833459419,Kyselka,Monkbot,true,1,enwiki,2024-10-27 05:30:44
1833459515,Poussan,Monkbot,true,1,enwiki,2024-10-27 05:31:01
1833459005,Love Day - Pyaar Ka Din,Ustadeditor2011,false,38,enwiki,2024-10-27 05:29:12
1833459103,Chinese Labour Corps,Srnec,false,-153,enwiki,2024-10-27 05:29:37
1833459305,Škoda 105,Mr.choppers,false,5,enwiki,2024-10-27 05:30:19
1833459405,Kormista,Monkbot,true,1,enwiki,2024-10-27 05:30:41
1833459517,Hum Dil De Chuke Sanam,Mohammad Tausif,false,-1,enwiki,2024-10-27 05:31:02
1833459011,Phi value analysis,Citation bot,true,61,enwiki,2024-10-27 05:29:12
1833459105,The Young Magician (film),Monkbot,true,2,enwiki,2024-10-27 05:29:39
1833459200,1924 Missouri Attorney General election,Indylover2010,false,31,enwiki,2024-10-27 05:29:59
1833459306,Three Peasants on a Donkey,Lord Cornwallis,false,27,enwiki,2024-10-27 05:30:19
1833459406,Category:Azerbaijani academics,Smasongarrison,false,-95,enwiki,2024-10-27 05:30:42
1833459013,Desiree Scott,Citation bot,true,-18,enwiki,2024-10-27 05:29:12
1833459106,Portal:Current events/2024 October 27,PizzaKing13,false,-37,enwiki,2024-10-27 05:29:41
1833459204,Wireless Hill Park,Bahnfrend,false,1179,enwiki,2024-10-27 05:30:00
1833459308,Talk:A (cuneiform),Surayeproject3,false,80,enwiki,2024-10-27 05:30:20
1833459408,Guggenheim Partners,2601:196:180:DC0:98B7:EF28:1168:F5DB,false,-2,enwiki,2024-10-27 05:30:41
1833459613,Draft:Executive DBA Council,Boltor,false,844,enwiki,2024-10-27 05:31:32
1833459805,The Soft Skin,Pablov95,false,-416,enwiki,2024-10-27 05:32:19
1833459914,Candresse,Monkbot,true,1,enwiki,2024-10-27 05:32:40
1833460012,Wikipedia:NEEDCITE,Jlwoodwa,false,-30,enwiki,2024-10-27 05:33:12
1833459616,Justine Pasek,ThaesOfereode,false,19,enwiki,2024-10-27 05:31:33
1833459807,Category:Algerian academics,Smasongarrison,false,-294,enwiki,2024-10-27 05:32:20
1833459916,Flag of Alaska,2001:2D8:6A48:D551:54FD:4BA4:3EB:8E66,false,-74,enwiki,2024-10-27 05:32:41
1833460014,Johari Abdul,Normal rookie,false,4,enwiki,2024-10-27 05:33:10
1833459809,Draft:Wicked (film series),HM2021,false,24,enwiki,2024-10-27 05:32:19
1833459917,2024–25 Cruz Azul season,Lf20,false,150,enwiki,2024-10-27 05:32:39
1833460016,The Traitors,Rilakkuma Fanatic,false,-385,enwiki,2024-10-27 05:33:05
1833459600,Coyame,64.114 etc,false,-109,enwiki,2024-10-27 05:31:29
1833459810,Théminettes,Monkbot,true,1,enwiki,2024-10-27 05:32:19
1833459900,Talk:Music of the Spheres World Tour,4TheWynne,false,-29,enwiki,2024-10-27 05:32:36
1833460015,Dow Constantine,174.215.114.79,false,0,enwiki,2024-10-27 05:33:11
1833459602,Mike Jeffries (businessman),GreenC,false,62,enwiki,2024-10-27 05:31:29
1833459811,Lily Sullivan,2804:18:1895:A24:1802:234A:AE0D:5F54,false,11,enwiki,2024-10-27 05:32:21
1833459902,User:Solo4701/sandbox,Solo4701,false,33,enwiki,2024-10-27 05:32:39
1833460001,Théodore Ralli,Monkbot,true,1,enwiki,2024-10-27 05:33:04
1833459603,2024 Texas A&M Aggies football team,TheGoodGeneral 1,false,8,enwiki,2024-10-27 05:31:28
1833459813,Wikipedia talk:Reliable sources/Perennial sources,Headbomb,false,319,enwiki,2024-10-27 05:32:16
1833459903,John Arcilla,StAnselm,false,24,enwiki,2024-10-27 05:32:34
1833460002,Talk:Carlos Pace,Nikkimaria,false,225,enwiki,2024-10-27 05:33:07
1833459605,User talk:Airplaneman/Archive Index,Legobot,true,88,enwiki,2024-10-27 05:31:27
1833459701,Daejeon,Daldidandal,false,-24,enwiki,2024-10-27 05:31:46
1833459817,Mike Jeffries (businessman),GreenC,false,9,enwiki,2024-10-27 05:32:21
1833459904,Head/tail breaks,AndyXue957,false,8,enwiki,2024-10-27 05:32:36
1833460005,American Revolution,Ltwin,false,-27,enwiki,2024-10-27 05:32:55
1833459607,User talk:Asilvering,McYeee,false,80,enwiki,2024-10-27 05:31:29
1833459713,Template:User KBS2,YeBoy371,false,-8,enwiki,2024-10-27 05:31:56
1833459818,Heinrich Bollandt,WQUlrich,false,-9,enwiki,2024-10-27 05:32:22
1833459905,Roberto Abugattás,Exswimmer495,false,7,enwiki,2024-10-27 05:32:38
1833460004,Min-max theorem,BishopBrigadier,false,0,enwiki,2024-10-27 05:33:05
1833459610,Template:User Arirang TV,YeBoy371,false,-40,enwiki,2024-10-27 05:31:33
1833459714,St Peters railway station,GMB205,false,6,enwiki,2024-10-27 05:31:54
1833459803,Assasination of Luis Carlos Galán,JeanMercier90,false,2715,enwiki,2024-10-27 05:32:17
1833459908,List of shopping streets and districts by city,172.117.249.92,false,101,enwiki,2024-10-27 05:32:38
1833460010,List of ships of the Egyptian Navy,Wiki Editing Co,false,-14,enwiki,2024-10-27 05:33:10
1833459611,2024 Liga 1 (Peru),CodeMars04,false,-129,enwiki,2024-10-27 05:31:29
1833459717,Sztynort,Monkbot,true,1,enwiki,2024-10-27 05:31:55
1833459804,Β-Endorphin,Ellenacr,false,889,enwiki,2024-10-27 05:32:18
1833459912,User:Starlex7777/sandbox,Starlex7777,false,-1,enwiki,2024-10-27 05:32:35
1833460011,Bob Ryder,Dbzfan224,false,62,enwiki,2024-10-27 05:33:11
1833460109,User:YeBoy371/Userboxes gallery,YeBoy371,false,-9,enwiki,2024-10-27 05:33:28
1833460207,User:Peterspeterson/sandbox,Peterspeterson,false,-3,enwiki,2024-10-27 05:33:55
1833460316,Bunyawi Thamchaiwat,Sashona,false,-5,enwiki,2024-10-27 05:34:23
357995815,Benutzer:Chewbacca2205/Sichtertabelle,FNBot,true,0,dewiki,2024-10-27 05:34:54
1833460600,2024 Southeastern Conference football season,TheGoodGeneral 1,false,36,enwiki,2024-10-27 05:35:35
1833460615,User talk:Open Free Eye,KiranBOT,true,1655,enwiki,2024-10-27 05:35:50
1833460714,Guggenheim Partners,2601:196:180:DC0:98B7:EF28:1168:F5DB,false,10,enwiki,2024-10-27 05:36:15
1833460110,Baysarovo,Monkbot,true,2,enwiki,2024-10-27 05:33:30
1833460209,Talk:War of the Sixth Coalition,Donner60,false,1702,enwiki,2024-10-27 05:33:50
357995808,DC Extended Universe,Bosta,false,-27,dewiki,2024-10-27 05:34:17
1833460319,Scooby-Doo! and WWE: Curse of the Speed Demon,76.88.55.135,false,-4,enwiki,2024-10-27 05:34:22
1833460408,Three Peasants on a Donkey,Lord Cornwallis,false,46,enwiki,2024-10-27 05:34:48
357995819,Euroméditerranée,TravelerFromEuropeanUnion,false,84,dewiki,2024-10-27 05:35:00
1833460505,Draft:IO Gunshot,Qwerfjkl (bot),true,26,enwiki,2024-10-27 05:35:18
1833460616,Nongoba Bullom Chiefdom,134.192.250.12,false,60,enwiki,2024-10-27 05:35:50
1833460715,Albanians in Slovenia,2A02:AA12:E200:8A80:3517:B65A:811F:551B,false,0,enwiki,2024-10-27 05:36:18
1833460210,Daniel Kawczynski,Monkbot,true,1,enwiki,2024-10-27 05:33:52
1833460300,User:Morekar/sandbox,Morekar,false,125,enwiki,2024-10-27 05:34:19
357995812,Benutzer:Zorbedit/Sichtertabelle,FNBot,true,0,dewiki,2024-10-27 05:34:31
1833460409,Sampsoniyevskoye Municipal Okrug,Monkbot,true,1,enwiki,2024-10-27 05:34:47
1833460504,Β-Endorphin,Ellenacr,false,4,enwiki,2024-10-27 05:35:16
1833460601,Angelic 2 the Core,Misterpither,false,4,enwiki,2024-10-27 05:35:44
1833460717,Jim Wheeler (rugby union),Jevansen,false,46,enwiki,2024-10-27 05:36:18
1833460111,Liberal Democrat Conference,Zhu Haifeng,false,29,enwiki,2024-10-27 05:33:29
1833460211,Victor Osimhen,Koussina,false,4,enwiki,2024-10-27 05:33:51
1833460302,"Burbank, California",Curbyourspider,false,-54,enwiki,2024-10-27 05:34:13
357995814,Wikipedia:WikiProjekt Textilverarbeitung und Kleidung/Neue Artikel,TaxonBota,true,-44,dewiki,2024-10-27 05:34:50
1833460507,Jim Wheeler (rugby union),Jevansen,false,2,enwiki,2024-10-27 05:35:18
1833460603,Draft:House of Roche,Ofthesun inthefire,false,4872,enwiki,2024-10-27 05:35:42
1833460718,User:Uhai/Pages without short descriptions by view count,UhaiBot,false,-293,enwiki,2024-10-27 05:36:17
1833460112,Talk:Ba (cuneiform),Surayeproject3,false,82,enwiki,2024-10-27 05:33:32
1833460212,Jatz,2406:3400:21D:8560:9057:66FA:486:658C,false,-17,enwiki,2024-10-27 05:33:54
357995804,Benutzer:Jamiri/Sichtertabelle,FNBot,true,0,dewiki,2024-10-27 05:34:05
1833460309,Three Peasants on a Donkey,Lord Cornwallis,false,29,enwiki,2024-10-27 05:34:21
1833460410,Mary Sue,Sangdeboeuf,false,13,enwiki,2024-10-27 05:34:47
1833460510,See.SZA.Run,PSA,false,879,enwiki,2024-10-27 05:35:18
1833460604,Bergün/Bravuogn,Monkbot,true,2,enwiki,2024-10-27 05:35:44
1833460113,Varvara,Monkbot,true,1,enwiki,2024-10-27 05:33:33
1833460213,List of ships of the Egyptian Navy,Wiki Editing Co,false,-8,enwiki,2024-10-27 05:33:54
357995807,Benutzer:Fritzober/Sichtertabelle,FNBot,true,0,dewiki,2024-10-27 05:34:15
1833460310,The Count of Luxemburg (1957 film),Monkbot,true,1,enwiki,2024-10-27 05:34:20
1833460412,Jim Wheeler (rugby union),Jevansen,false,38,enwiki,2024-10-27 05:34:49
1833460511,"Zelena, Nadvirna Raion, Ivano-Frankivsk Oblast",Monkbot,true,3,enwiki,2024-10-27 05:35:18
1833460605,Perth Scorchers (WBBL),Spinin,false,12,enwiki,2024-10-27 05:35:43
1833460700,Heaven's Gate (religious group),PARAKANYAA,false,9,enwiki,2024-10-27 05:36:12
1833460100,"Aktau, Republic of Bashkortostan",Monkbot,true,2,enwiki,2024-10-27 05:33:27
357995802,Benutzer:Hadi/Sichtertabelle,FNBot,true,0,dewiki,2024-10-27 05:33:57
1833460311,Gastón Silva,Citation bot,true,-12,enwiki,2024-10-27 05:34:20
1833460413,Rafael Silva (judoka),Citation bot,true,21,enwiki,2024-10-27 05:34:47
357995816,Benutzer:Verifizierer/Sichtertabelle,FNBot,true,0,dewiki,2024-10-27 05:34:56
1833460515,Heaven's Gate (religious group),PARAKANYAA,false,3061,enwiki,2024-10-27 05:35:15
1833460606,Anna Gunn,76.88.55.135,false,-4,enwiki,2024-10-27 05:35:44
1833460708,List of news television channels,Dzulfi Ramadhan,false,135,enwiki,2024-10-27 05:36:07
1833460101,MIT Museum,Citation bot,true,-68,enwiki,2024-10-27 05:33:27
1833460200,User:Mox Eden/AELECT voter guide,Mox Eden,false,1,enwiki,2024-10-27 05:33:54
1833460215,Dwarf-tossing,73.71.116.34,false,-2150,enwiki,2024-10-27 05:33:56
357995805,FunkForum,Rolf acker,false,63,dewiki,2024-10-27 05:34:12
1833460312,Chemical cartridge,Randomstaplers,false,-43,enwiki,2024-10-27 05:34:20
1833460417,Sōta Yamamoto,Manakam,false,4,enwiki,2024-10-27 05:34:48
1833460518,John O'Brien (bishop),Suite1408,false,24,enwiki,2024-10-27 05:35:21
1833460609,Liz Truss,Wabbuh,false,22,enwiki,2024-10-27 05:35:38
1833460710,Wikipedia talk:WikiProject LGBTQ+ studies/Archive index,Legobot,true,401,enwiki,2024-10-27 05:36:08
1833460102,List of post–2016 election Donald Trump rallies,2607:FEA8:22DE:1F20:910E:3BAE:8811:D5FC,false,19,enwiki,2024-10-27 05:33:22
357995800,Benutzer:Hattori 15/Artikelentwurf,Hattori 15,false,0,dewiki,2024-10-27 05:33:41
357995801,Benutzer:Regiomontanus/Sichtertabelle,FNBot,true,0,dewiki,2024-10-27 05:33:47
1833460201,Cole Escola,BrightVamp,false,4,enwiki,2024-10-27 05:33:54
1833460217,"Vauban, Freiburg",Monkbot,true,1,enwiki,2024-10-27 05:33:56
357995803,Benutzer:Wienerschmäh/Sichtertabelle,FNBot,true,0,dewiki,2024-10-27 05:34:02
357995810,Portal:Frauen/Neue Artikel (Portal)/Allgemein,TaxonBota,true,-250,dewiki,2024-10-27 05:34:22
357995813,Benutzerin:Wildcat3108/Sichtertabelle,FNBot,true,19,dewiki,2024-10-27 05:34:36
1833460418,Robby Barnett,CrackerJack7891,false,26,enwiki,2024-10-27 05:34:52
1833460519,Nysa of Cappadocia,Monkbot,true,1,enwiki,2024-10-27 05:35:21
1833460611,Miracles of Jesus,2600:1700:30D0:C170:E566:7B5:425:345,false,56,enwiki,2024-10-27 05:35:46
1833460711,List of German far-right publishers (post-1945),Monkbot,true,1,enwiki,2024-10-27 05:36:16
1833460103,User talk:Ogmany,KiranBOT,true,1748,enwiki,2024-10-27 05:33:26
1833460202,Samantha Power,Themoosek,false,56,enwiki,2024-10-27 05:33:51
1833460219,Talk:1948 Arab–Israeli War,Nableezy,false,486,enwiki,2024-10-27 05:33:54
1833460314,User:ThothOfTheSouth/sandbox,ThothOfTheSouth,false,63,enwiki,2024-10-27 05:34:23
1833460419,Ananyevskaya,Monkbot,true,1,enwiki,2024-10-27 05:34:51
1833460501,Han Kang,108.52.189.101,false,-6,enwiki,2024-10-27 05:35:15
1833460613,"Doukas, Elis",Monkbot,true,1,enwiki,2024-10-27 05:35:48
1833460712,Sports in Florida,2600:1006:B022:1C56:0:A:6F87:4601,false,2,enwiki,2024-10-27 05:36:12
1833460805,Draft:Rejuvenation Olympics,Maximiliano Romero Cavero-Blumenfeld,false,215,enwiki,2024-10-27 05:36:38
1833460903,Spaced repetition,Butterflyeffect01,false,679,enwiki,2024-10-27 05:36:51
1833461004,"Mani, Evros",Monkbot,true,1,enwiki,2024-10-27 05:37:18
1833461100,Rutherford B. Hayes,MaBogash,false,-1,enwiki,2024-10-27 05:37:36
1833461117,Sharpness (cutting),BD2412,false,414,enwiki,2024-10-27 05:37:49
1833461202,Draft:DMZ Colony,Phibeatrice,false,380,enwiki,2024-10-27 05:38:15
1833460806,Talk:Claire Redfield,Boneless Pizza!,false,56,enwiki,2024-10-27 05:36:37
1833460908,Jim Wheeler (rugby union),Jevansen,false,67,enwiki,2024-10-27 05:36:55
1833461102,Talk:Israel/Archive index,Legobot,true,24,enwiki,2024-10-27 05:37:38
1833461118,Wikipedia:Featured article candidates/Claire Redfield/archive1,Boneless Pizza!,false,250,enwiki,2024-10-27 05:37:49
1833461203,Wikipedia:Administrator elections/October 2024/Header,Win8x,false,1,enwiki,2024-10-27 05:38:16
1833460807,Nicholson Baker,Themoosek,false,56,enwiki,2024-10-27 05:36:38
1833460907,Lost in Your Eyes,Nicksaliar,false,358,enwiki,2024-10-27 05:36:53
1833461006,User talk:KylieTastic,WikiStarBlue,false,517,enwiki,2024-10-27 05:37:20
1833461104,LePage v. Center for Reproductive Medicine,Irruptive Creditor,false,7,enwiki,2024-10-27 05:37:42
1833461119,"Elisabeth of Brandenburg, Duchess of Brzeg-Legnica and Cieszyn",Monkbot,true,1,enwiki,2024-10-27 05:37:49
1833460815,Sand equivalent test,ThaesOfereode,false,41,enwiki,2024-10-27 05:36:39
1833460909,National Museum of Mathematics,Citation bot,true,-2,enwiki,2024-10-27 05:36:53
1833461008,Assasination of Luis Carlos Galán,JeanMercier90,false,90,enwiki,2024-10-27 05:37:20
1833461105,Raging Neisse,Monkbot,true,2,enwiki,2024-10-27 05:37:43
1833460818,Lee Hyun-jae,Seefooddiet,false,-60,enwiki,2024-10-27 05:36:39
1833460911,Nicolas Economou,Monkbot,true,1,enwiki,2024-10-27 05:36:55
1833461010,Bayki-Yunusovo,Monkbot,true,2,enwiki,2024-10-27 05:37:21
1833461106,Talk:McDonald's,Graywalls,false,597,enwiki,2024-10-27 05:37:40
1833461207,Mouzalon,Monkbot,true,1,enwiki,2024-10-27 05:38:17
1833460910,2024–25 ISU Short Track World Tour,Sharontse121,false,559,enwiki,2024-10-27 05:36:54
1833461013,2024–25 ISU Short Track World Tour,Sharontse121,false,1,enwiki,2024-10-27 05:37:22
1833461107,List of current NCAA Division I FCS football coaches,Cbowers77,false,3,enwiki,2024-10-27 05:37:41
1833461208,Xiaomi SU7,毕明明,false,64,enwiki,2024-10-27 05:38:14
1833460912,Guru Mann,Naanioffl,false,-4,enwiki,2024-10-27 05:36:56
1833461015,Sydney Sixers (WBBL),Spinin,false,2730,enwiki,2024-10-27 05:37:19
1833461109,Albanians in Slovenia,2A02:AA12:E200:8A80:3517:B65A:811F:551B,false,435,enwiki,2024-10-27 05:37:46
1833461211,Talk:Diš,Surayeproject3,false,82,enwiki,2024-10-27 05:38:18
1833460919,User talk:GrabUp,Ornithoptera,false,178,enwiki,2024-10-27 05:36:56
1833461016,List of tallest buildings in Metro Manila,IronGargoyle,false,36325,enwiki,2024-10-27 05:37:16
1833461110,Marrakesh,74.65.248.189,false,0,enwiki,2024-10-27 05:37:39
1833461019,List of current NCAA Division I FCS football coaches,Cbowers77,false,12,enwiki,2024-10-27 05:37:20
1833461112,Sydney Sixers (WBBL),Spinin,false,329,enwiki,2024-10-27 05:37:43
1833461200,County of Blankenburg,Monkbot,true,3,enwiki,2024-10-27 05:38:14
1833461212,Melbourne Stars (WBBL),Spinin,false,0,enwiki,2024-10-27 05:38:16
1833461114,"Lefkonas, Florina",Monkbot,true,1,enwiki,2024-10-27 05:37:46
1833461201,Talk:United States/Archive index,Legobot,true,240,enwiki,2024-10-27 05:38:09
1833461304,Operation Hyacinth,Monkbot,true,1,enwiki,2024-10-27 05:38:46
1833461606,User:Nshasan/template,Nshasan,false,780,enwiki,2024-10-27 05:40:14
1833461615,Governor of Vologda Oblast,Monkbot,true,1,enwiki,2024-10-27 05:40:17
1833461303,Anglicisation of names,2601:147:4680:53C0:ECB0:E3B9:C3B9:958C,false,-3,enwiki,2024-10-27 05:38:46
1833461401,Whiplash (Marvel Comics),2600:1702:5609:5C00:D1E8:C999:F8A2:5BE4,false,-13,enwiki,2024-10-27 05:39:14
1833461509,2024–25 Tampa Bay Lightning season,Magnus221,false,0,enwiki,2024-10-27 05:39:41
1833461607,Josh Anderson (American football),SS2027,false,204,enwiki,2024-10-27 05:40:15
357995903,Portal:Informatik/Neue Artikel,TaxonBota,true,-42,dewiki,2024-10-27 05:40:18
1833461305,Talk:Du (cuneiform),Surayeproject3,false,82,enwiki,2024-10-27 05:38:47
1833461405,2024 Fresno State Bulldogs football team,Bbrian13,false,307,enwiki,2024-10-27 05:39:15
1833461511,Brian Woods (darts player),Sillyseasonsillyseason,false,4,enwiki,2024-10-27 05:39:46
1833461608,Great Cobar mine,TrimmerinWiki,false,886,enwiki,2024-10-27 05:40:09
1833461618,Wikipedia:Articles for deletion/Log/2024 October 27,Northamerica1000,false,70,enwiki,2024-10-27 05:40:17
1833461306,User talk:Traumnovelle,Traumnovelle,false,220,enwiki,2024-10-27 05:38:47
1833461406,Donald Sloan (basketball),Citation bot,true,10,enwiki,2024-10-27 05:39:14
1833461512,McDonald's,Graywalls,false,-23,enwiki,2024-10-27 05:39:35
357995901,Benutzer:Rii Subaru/Dapi (Yunlin),Rii Subaru,false,257,dewiki,2024-10-27 05:40:16
1833461619,United Nations General Assembly Resolution 2758 (XXVI),Kenlove11328,false,1,enwiki,2024-10-27 05:40:15
1833461319,Cempaka diamond mine,Oloddin,false,-30,enwiki,2024-10-27 05:38:49
1833461410,Gniezno Cathedral,Monkbot,true,1,enwiki,2024-10-27 05:39:18
1833461514,Kuştul Monastery,Monkbot,true,2,enwiki,2024-10-27 05:39:46
1833461609,Labastide-Paumès,Monkbot,true,1,enwiki,2024-10-27 05:40:13
1833461412,User:Butterflyeffect01/Spaced repetition/Bibliography,Butterflyeffect01,false,783,enwiki,2024-10-27 05:39:20
1833461515,File:Alfred Baldwin.jpg,ネイ,false,13,enwiki,2024-10-27 05:39:47
1833461610,Xi Jinping,Chuckles987,false,5,enwiki,2024-10-27 05:39:59
1833461413,Xiaomi SU7,毕明明,false,7,enwiki,2024-10-27 05:39:17
1833461516,Talk:Auckland Domain,E James Bowman,false,2029,enwiki,2024-10-27 05:39:45
1833461611,Willie Revillame,PJ Santos,false,15,enwiki,2024-10-27 05:40:15
1833461414,Soltera (Shakira song),Andotero7,false,26,enwiki,2024-10-27 05:39:20
1833461601,2024 Israeli military operation in the West Bank,Evaporation123,false,79,enwiki,2024-10-27 05:40:09
357995902,Längseinteilung (Holzbau),Rolf acker,false,21,dewiki,2024-10-27 05:40:18
1833461416,Wikipedia:Articles for deletion/Kumaar,Northamerica1000,false,699,enwiki,2024-10-27 05:39:21
1833461602,1928 Missouri Attorney General election,Indylover2010,false,49,enwiki,2024-10-27 05:40:11
1833461613,Melbourne Stars (WBBL),Spinin,false,2943,enwiki,2024-10-27 05:40:12
1833461417,Taregh-class speedboat,36.227.170.31,false,8,enwiki,2024-10-27 05:39:21
1833461501,Patriotic Union,Monkbot,true,9,enwiki,2024-10-27 05:39:43
357995900,Harzer Tourismusverband,Diopuld,false,17,dewiki,2024-10-27 05:40:13
1833461612,Wikipedia:Articles for deletion/Unnaiye Kadhalipen,Northamerica1000,false,711,enwiki,2024-10-27 05:40:17
1833461701,Ezo squirrel,I dream of horses,false,-203,enwiki,2024-10-27 05:40:42
1833461803,1928 Missouri Attorney General election,Indylover2010,false,45,enwiki,2024-10-27 05:41:06
1833461816,Draft:DMZ Colony,Phibeatrice,false,207,enwiki,2024-10-27 05:41:11
1833461908,List of tallest buildings in Metro Manila,IronGargoyle,false,69,enwiki,2024-10-27 05:41:33
357995904,Benutzer:Leiflive/Sichtertabelle,FNBot,true,0,dewiki,2024-10-27 05:40:32
1833461702,Wikipedia:Articles for creation/recent,I dream of horses,false,1,enwiki,2024-10-27 05:40:42
357995906,Liste von Persönlichkeiten der Stadt Paris,Gerald Fix,false,46,dewiki,2024-10-27 05:40:40
1833461804,Talk:Auckland Domain,Traumnovelle,false,233,enwiki,2024-10-27 05:41:07
1833461910,List of news television channels,Dzulfi Ramadhan,false,13,enwiki,2024-10-27 05:41:32
1833461705,2024 MLS Cup playoffs,AMBlanco25,false,6,enwiki,2024-10-27 05:40:41
357995907,Portal:Digitale Welt/Neue Artikel,TaxonBota,true,-104,dewiki,2024-10-27 05:40:48
1833461805,List of countries and territories bordering the Atlantic Ocean,86.168.129.1,false,181,enwiki,2024-10-27 05:41:07
1833461819,Sharpness (cutting),BD2412,false,0,enwiki,2024-10-27 05:41:12
1833461912,1928 Missouri Attorney General election,Indylover2010,false,29,enwiki,2024-10-27 05:41:38
1833461712,Talk:Ezo squirrel,I dream of horses,false,161,enwiki,2024-10-27 05:40:42
1833461806,Spytek I of Jarosław,Monkbot,true,1,enwiki,2024-10-27 05:41:09
357995909,Benutzer:Logograph/Sichtertabelle,FNBot,true,1,dewiki,2024-10-27 05:41:29
1833461913,Chinese economic reform,SCreditC,false,639,enwiki,2024-10-27 05:41:33
1833461713,User:Stitchbird2/sandbox,Stitchbird2,false,-58,enwiki,2024-10-27 05:40:43
1833461808,User:Techiya1925,Techiya1925,false,-29,enwiki,2024-10-27 05:41:10
1833461914,Warsaw Chamber Opera,Monkbot,true,1,enwiki,2024-10-27 05:41:40
1833461714,Yolngu,180.233.125.177,false,-1,enwiki,2024-10-27 05:40:39
1833461810,"Richland County, Montana",66.171.18.111,false,64,enwiki,2024-10-27 05:41:08
357995908,Benutzer:Bachbecq/Sichtertabelle,FNBot,true,19,dewiki,2024-10-27 05:41:19
1833461915,Ecstatic Peace Library,AwerDiWeGo,false,-100,enwiki,2024-10-27 05:41:40
357995912,Benutzer:Pimpinellus/Sichtertabelle,FNBot,true,0,dewiki,2024-10-27 05:41:58
357995905,Portal:Software/Neue Artikel,TaxonBota,true,-48,dewiki,2024-10-27 05:40:35
1833461716,User talk:Asilvering,Asilvering,false,438,enwiki,2024-10-27 05:40:41
1833461809,Irene Oguiza,Crowsus,false,300,enwiki,2024-10-27 05:41:09
357995910,Benutzer:Sex,Sex,false,2,dewiki,2024-10-27 05:41:36
1833461919,Wikipedia:In the news/Candidates,Sportsnut24,false,167,enwiki,2024-10-27 05:41:35
1833461717,Anglicisation of names,2601:147:4680:53C0:ECB0:E3B9:C3B9:958C,false,25,enwiki,2024-10-27 05:40:44
1833461813,Škoda Type 742,Mr.choppers,false,-255,enwiki,2024-10-27 05:41:10
1833461800,Arabia (daughter of Justin II),Monkbot,true,1,enwiki,2024-10-27 05:41:06
1833461812,Crisis intervention,Aadirulez8,false,-1,enwiki,2024-10-27 05:41:10
1833461901,User:Politicalgirl1/Cooper v. Aaron,SilverLocust,false,-15,enwiki,2024-10-27 05:41:37
1833461700,A Clockwork Orange (film),172.110.93.54,false,-8,enwiki,2024-10-27 05:40:35
1833461802,Mark Hylton (darts player),Sillyseasonsillyseason,false,-3,enwiki,2024-10-27 05:41:07
1833461814,Hana Yoshida,Manakam,false,39,enwiki,2024-10-27 05:41:09
1833461904,"People's Guard for Freedom, Equality, and Independence",Monkbot,true,2,enwiki,2024-10-27 05:41:37
1833462005,Garter snake,2601:586:4E00:237:E5C4:3EC9:18EC:EB5E,false,15,enwiki,2024-10-27 05:42:03
1833462114,Veronica Stele,Citation bot,true,0,enwiki,2024-10-27 05:42:31
1833462318,Talk:Tsutomu Kamishiro,Link20XX,false,15,enwiki,2024-10-27 05:43:34
1833462007,Bunny Campione,Smasongarrison,false,8,enwiki,2024-10-27 05:42:05
1833462115,Tianhenan station,GMB205,false,38,enwiki,2024-10-27 05:42:33
1833462302,"Kamayevo, Starokuruchevsky Selsoviet, Bakalinsky District, Republic of Bashkortostan",Monkbot,true,3,enwiki,2024-10-27 05:43:26
1833462010,User talk:2600:1700:4174:C750:ED30:391B:DFCB:7147,FifthFive,false,724,enwiki,2024-10-27 05:42:07
1833462105,What/If,2803:C600:109:9507:BD2F:C6BC:B9FC:5E62,false,-4,enwiki,2024-10-27 05:42:28
1833462118,Six Days in Fallujah,2601:243:C903:6310:8D58:8F4F:ACF2:377F,false,1,enwiki,2024-10-27 05:42:32
1833462200,The Cat in the Hat Knows a Lot About That!,Hhs101406,false,-58,enwiki,2024-10-27 05:42:50
1833462304,Lee Jeong-mi,Seefooddiet,false,5,enwiki,2024-10-27 05:43:25
357995913,Antonia (Gattin des Marcus Antonius),MarcoMA8,false,-8,dewiki,2024-10-27 05:42:08
357995916,Benutzer:Wartungsstube/Portugal,TaxonBota,true,78,dewiki,2024-10-27 05:42:15
1833462104,Talk:Asclepias asperula,BD2412,false,771,enwiki,2024-10-27 05:42:29
1833462119,Martha Karagianni,Monkbot,true,1,enwiki,2024-10-27 05:42:34
1833462208,File:Fifth Third Park.png,Paleorthodox,false,-12,enwiki,2024-10-27 05:42:53
1833462305,Liberal Democrat Conference,Zhu Haifeng,false,48,enwiki,2024-10-27 05:43:26
1833462011,Jack Montoucet,Tsarivan613,false,50,enwiki,2024-10-27 05:42:07
1833462106,User talk:Lunch,BD2412,false,772,enwiki,2024-10-27 05:42:29
1833462210,User:SuperWIKI/sandbox4,SuperWIKI,false,7,enwiki,2024-10-27 05:42:53
1833462306,Hulu,36.69.22.237,false,433,enwiki,2024-10-27 05:43:18
1833462015,Lamazière-Haute,Monkbot,true,1,enwiki,2024-10-27 05:42:07
357995915,Benutzer:Curtis Newton/Sichtertabelle,FNBot,true,1,dewiki,2024-10-27 05:42:18
1833462107,Lana Del Rey discography,Benshera13,false,-32,enwiki,2024-10-27 05:42:25
1833462211,Big Empty,SP64M,false,1512,enwiki,2024-10-27 05:42:53
1833462307,Kim Ye-lim,Manakam,false,25,enwiki,2024-10-27 05:43:26
1833462001,Alex Michaelides,Monkbot,true,1,enwiki,2024-10-27 05:42:04
1833462017,Xi Jinping,Chuckles987,false,0,enwiki,2024-10-27 05:41:47
1833462109,Category:Armenian genocide and the Holocaust,XTheBedrockX,false,40,enwiki,2024-10-27 05:42:31
357995919,Benutzer:Fridolin freudenfett/Sichtertabelle,FNBot,true,0,dewiki,2024-10-27 05:42:49
1833462212,Agrasen,Hargoa,false,2696,enwiki,2024-10-27 05:42:52
1833462312,Neerja – Ek Nayi Pehchaan,Adharmasingh,false,51,enwiki,2024-10-27 05:43:30
1833462002,Irene Oguiza,Crowsus,false,-43,enwiki,2024-10-27 05:42:04
357995914,1872,Gerald Fix,false,72,dewiki,2024-10-27 05:42:10
1833462110,Paul James Rooney,80.62.116.104,false,-439,enwiki,2024-10-27 05:42:31
357995918,Liste der Kulturdenkmale in Schwarza (Thüringer Wald),84.145.229.119,false,-1,dewiki,2024-10-27 05:42:41
1833462213,Warsaw dialect,Monkbot,true,2,enwiki,2024-10-27 05:42:53
1833462313,The Nanny,2601:240:4D81:CDE0:919C:6097:4F86:F8A4,false,14,enwiki,2024-10-27 05:43:29
1833462003,Waymouth Street,Laterthanyouthink,false,452,enwiki,2024-10-27 05:42:03
1833462018,Wikipedia:General sanctions/Armenia and Azerbaijan,Daniel Case,false,194,enwiki,2024-10-27 05:42:10
1833462111,Lost in the Crowd,Revirvlkodlaku,false,53,enwiki,2024-10-27 05:42:31
1833462214,User talk:Alalch E.,Hameltion,false,650,enwiki,2024-10-27 05:42:53
1833462314,Saint-Véran,Monkbot,true,1,enwiki,2024-10-27 05:43:29
1833462004,List of INSEAD alumni,125.235.239.142,false,472,enwiki,2024-10-27 05:42:01
1833462019,User:WQUlrich/sandbox,WQUlrich,false,398,enwiki,2024-10-27 05:42:11
1833462113,Vailhauquès,Monkbot,true,1,enwiki,2024-10-27 05:42:30
1833462219,Antonis Rigopoulos,Monkbot,true,1,enwiki,2024-10-27 05:42:56
1833462315,Rustam Khabilov,Cassiopeia,false,32,enwiki,2024-10-27 05:43:30
1833462405,Talk:Yeat,Larry Hockett,false,-5,enwiki,2024-10-27 05:44:04
1833462511,Reece Gaines,Baseballfan1948,false,-6,enwiki,2024-10-27 05:44:32
1833462603,Tina Turner discography,BrothaTimothy,false,20,enwiki,2024-10-27 05:44:56
1833462718,User:Joseph Ca98,Joseph Ca98,false,19,enwiki,2024-10-27 05:45:26
1833462407,List of 2024 box office number-one films in India,Retired77777777777777,false,-32,enwiki,2024-10-27 05:44:04
1833462513,DZRP-FM,149.30.138.184,false,24,enwiki,2024-10-27 05:44:31
1833462604,Namuwiki,Daldidandal,false,39,enwiki,2024-10-27 05:44:59
1833462719,Evgeny Morozov,Monkbot,true,2,enwiki,2024-10-27 05:45:23
1833462409,Patriotic Party,Monkbot,true,2,enwiki,2024-10-27 05:44:05
1833462500,Krapopolis,174.215.219.200,false,16,enwiki,2024-10-27 05:44:22
1833462519,Dave Markey,96.245.125.122,false,1,enwiki,2024-10-27 05:44:32
1833462605,Talk:GAL (cuneiform),Surayeproject3,false,80,enwiki,2024-10-27 05:45:01
1833462410,Kim Ye-lim,Manakam,false,1,enwiki,2024-10-27 05:44:04
1833462502,A Little Piece of Heaven (film),Aspects,false,-23,enwiki,2024-10-27 05:44:28
1833462608,User talk:Eliasrurikid,Liz,false,2448,enwiki,2024-10-27 05:45:02
1833462400,Sergey Zhukov (musician),87.249.54.148,false,66,enwiki,2024-10-27 05:44:02
1833462411,List of Never Mind the Buzzcocks episodes,2601:642:C302:610:4446:5347:9913:FB20,false,-7,enwiki,2024-10-27 05:44:01
1833462503,Patrick Seitz,Homechallenge55,false,20,enwiki,2024-10-27 05:44:26
1833462607,Annexation,7thcavalier,false,232,enwiki,2024-10-27 05:45:00
1833462401,Sydney Thunder (WBBL),Spinin,false,280,enwiki,2024-10-27 05:44:00
1833462412,Waiwhakaiho,Gadfium,false,298,enwiki,2024-10-27 05:44:06
1833462504,List of twin towns and sister cities in Australia,Citation bot,true,38,enwiki,2024-10-27 05:44:23
1833462610,User:AmandaNP/UTRS Appeals,DeltaQuadBot,true,142,enwiki,2024-10-27 05:45:02
1833462402,Irina Tchachina,Monkbot,true,1,enwiki,2024-10-27 05:44:02
1833462415,2005 Polish Figure Skating Championships,Monkbot,true,1,enwiki,2024-10-27 05:44:08
1833462508,We Happy Few,Synorem,false,93,enwiki,2024-10-27 05:44:29
1833462609,Symon Budny,Monkbot,true,3,enwiki,2024-10-27 05:45:01
1833462701,Julien Bègue,Lepricavark,false,12,enwiki,2024-10-27 05:45:22
1833462403,User:Johnstoncl,Johnstoncl,false,129,enwiki,2024-10-27 05:44:05
1833462416,Voltage sensitive phosphatase,Citation bot,true,0,enwiki,2024-10-27 05:44:08
1833462507,"Komsomolsky, Karaidelsky District, Republic of Bashkortostan",Monkbot,true,1,enwiki,2024-10-27 05:44:29
1833462618,"Southgate, New Zealand",Gadfium,false,326,enwiki,2024-10-27 05:45:02
1833462708,Developmental disability,Fiawsiel73,false,-7,enwiki,2024-10-27 05:45:18
1833462404,Vietnam national football team,Tống Thành Hưng,false,-8,enwiki,2024-10-27 05:43:48
1833462417,Hirohito,Remsense,false,-1,enwiki,2024-10-27 05:44:01
1833462509,Macchina di Santa Rosa,JacktheBrown,false,-33,enwiki,2024-10-27 05:44:31
1833462711,Wikipedia:Community portal/Open tasks,SuggestBot,false,-47,enwiki,2024-10-27 05:45:23
1833462406,List of Paramount Chiefs of Sierra Leone,134.192.250.12,false,5,enwiki,2024-10-27 05:44:05
1833462419,Draft:2024 SuperUtes Series,I dream of horses,false,68,enwiki,2024-10-27 05:44:09
1833462510,List of countries and territories bordering the Atlantic Ocean,86.168.129.1,false,179,enwiki,2024-10-27 05:44:30
1833462601,Koščake,Monkbot,true,1,enwiki,2024-10-27 05:44:58
1833462712,User:Krisgabwoosh/Germán Busch 2,Krisgabwoosh,false,239,enwiki,2024-10-27 05:45:18
1833462807,Julien Cordonnier,Lepricavark,false,12,enwiki,2024-10-27 05:45:50
1833462910,Template:2024 Atlantic Coast Conference football standings,Themusicman41,false,0,enwiki,2024-10-27 05:46:16
1833462808,User:A.mertsis/Actor–observer asymmetry/Bibliography,A.mertsis,false,247,enwiki,2024-10-27 05:45:51
1833462911,Paul Baran,C-178,false,29,enwiki,2024-10-27 05:46:14
1833462811,Ventral posteromedial nucleus,Alan U. Kennington,false,2,enwiki,2024-10-27 05:45:50
1833462912,Doksy,Monkbot,true,1,enwiki,2024-10-27 05:46:14
1833462813,Albanians in the United Kingdom,2A02:AA12:E200:8A80:3517:B65A:811F:551B,false,223,enwiki,2024-10-27 05:45:50
1833462914,Ekaterina Kurakova,Manakam,false,0,enwiki,2024-10-27 05:46:16
1833462815,The Flying Torpedo,Sc2353,false,42,enwiki,2024-10-27 05:45:51
1833462816,Category:English classical scholars,Smasongarrison,false,2,enwiki,2024-10-27 05:45:52
1833462900,Ruperče,Monkbot,true,1,enwiki,2024-10-27 05:46:11
1833462916,User talk:424.817.61.91,SHB2000,false,168,enwiki,2024-10-27 05:46:19
1833462817,Matthew Yang King,Homechallenge55,false,18,enwiki,2024-10-27 05:45:51
1833462901,User talk:246.258.15.61,SHB2000,false,168,enwiki,2024-10-27 05:46:12
1833462917,Julien Delonglée,Lepricavark,false,12,enwiki,2024-10-27 05:46:18
1833462805,Antonio Busca (lieutenant),GoodDay,false,4,enwiki,2024-10-27 05:45:50
1833462818,(Miss)understood,SBelle90047,false,120,enwiki,2024-10-27 05:45:50
1833462907,List of tallest buildings in Metro Manila,IronGargoyle,false,47,enwiki,2024-10-27 05:46:09
1833462919,The Desert Song (Max Liebman Presents),Figaro,false,56,enwiki,2024-10-27 05:46:19
1833462804,Ekaterina Kurakova,Manakam,false,24,enwiki,2024-10-27 05:45:48
1833462908,2024 MLS Next Pro season,GrouchoPython,false,0,enwiki,2024-10-27 05:46:12
1833462806,"Dmitriyevka, Mrakovsky Selsoviet, Gafuriysky District, Republic of Bashkortostan",Monkbot,true,1,enwiki,2024-10-27 05:45:49
1833462909,User talk:Jeevagan Mahendhiran,I dream of horses,false,1771,enwiki,2024-10-27 05:46:16
1833463009,User:A.mertsis/Actor–observer asymmetry/Bibliography,A.mertsis,false,2,enwiki,2024-10-27 05:46:50
1833463010,List of highest-grossing media franchises,190.99.184.124,false,-5,enwiki,2024-10-27 05:46:40
1833463014,Rudolf Kochendörffer,Monkbot,true,2,enwiki,2024-10-27 05:46:50
1833463015,Guillermo Torres (wrestler),Citation bot,true,17,enwiki,2024-10-27 05:46:50
1833463000,John Straffen,Kieronoldham,false,1063,enwiki,2024-10-27 05:46:45
1833463016,Matthew Yang King,Homechallenge55,false,249,enwiki,2024-10-27 05:46:51
1833463001,List of Marathi films of 2024,2409:4081:182:9777:0:0:1188:D0AD,false,-1,enwiki,2024-10-27 05:46:40
1833463018,Jim Donovan (sportscaster),Spencer,false,16,enwiki,2024-10-27 05:46:54
1833463002,User:ClueBot III/Detailed Indices/User talk:Rsjaffe/Archives/2024/August,ClueBot III,true,612,enwiki,2024-10-27 05:46:48
1833463004,Protests against the Iraq War,Lugevas,false,1089,enwiki,2024-10-27 05:46:43
1833463019,Macchina di Santa Rosa,JacktheBrown,false,4,enwiki,2024-10-27 05:46:54
1833463003,"Barsukovo, Sharansky District, Republic of Bashkortostan",Monkbot,true,2,enwiki,2024-10-27 05:46:47
1833463106,User:Another Believer/Projects,Another Believer,false,33,enwiki,2024-10-27 05:47:23
1833463202,Talk:Hypocalymma serrulatum,Gderrin,false,1,enwiki,2024-10-27 05:47:54
1833463313,Lizmark Jr.,Tbhotch,false,6,enwiki,2024-10-27 05:48:19
1833463112,Wi Seo-yeong,Manakam,false,25,enwiki,2024-10-27 05:47:25
1833463204,Wi Seo-yeong,Manakam,false,1,enwiki,2024-10-27 05:47:52
1833463412,"Pershino, Kirzhachsky District, Vladimir Oblast",Monkbot,true,1,enwiki,2024-10-27 05:48:53
1833463114,Casimir II of Zator,Monkbot,true,1,enwiki,2024-10-27 05:47:26
1833463206,Jing Tsu,Kimikel,false,71,enwiki,2024-10-27 05:47:54
1833463314,Template:World Rally Championship results,Unnamelessness,false,-6,enwiki,2024-10-27 05:48:21
1833463414,Hamilton County School District,Issac I Navarro,false,4,enwiki,2024-10-27 05:48:54
1833463115,Twilight Zone (pinball),Issac I Navarro,false,-3,enwiki,2024-10-27 05:47:27
1833463207,Marseille,TravelerFromEuropeanUnion,false,17,enwiki,2024-10-27 05:47:48
1833463302,Dhananjaya Y. Chandrachud,2409:40E4:10BF:7F6D:D5B0:4987:B72:B886,false,87,enwiki,2024-10-27 05:48:04
1833463315,October 2024 Israeli strikes on Iran,WeatherWriter,false,454,enwiki,2024-10-27 05:48:18
1833463116,Coyle Girelli,Aadirulez8,false,2,enwiki,2024-10-27 05:47:25
1833463210,José Pineda (footballer),Tbhotch,false,6,enwiki,2024-10-27 05:47:54
1833463305,Dimitrios Patapis,Monkbot,true,1,enwiki,2024-10-27 05:48:14
1833463316,Conchita Gentil Arcos,Lord Cornwallis,false,2,enwiki,2024-10-27 05:48:21
1833463401,User:Dev Darshan T. K./World Chess Championship 2080,Dev Darshan T. K.,false,0,enwiki,2024-10-27 05:48:52
1833463118,List of governors of Madhya Pradesh,Dr.AyushBhardwaj,false,457,enwiki,2024-10-27 05:47:27
1833463209,USL Championship,Mozart12345678910,false,0,enwiki,2024-10-27 05:47:48
1833463306,Biraj Bhatta,2400:1A00:B040:4A1D:991:2EF3:3C83:191F,false,10,enwiki,2024-10-27 05:48:14
1833463319,Słupca County,Monkbot,true,1,enwiki,2024-10-27 05:48:21
1833463400,Jay Hernandez,2806:2F0:41A4:D995:54F6:95D5:BC72:AE8,false,112,enwiki,2024-10-27 05:48:49
1833463119,Lt Gen Joy Chatterjee,I dream of horses,false,23,enwiki,2024-10-27 05:47:28
1833463211,2024–25 United States network television schedule,Hoopstercat,false,0,enwiki,2024-10-27 05:47:50
1833463307,John H. H. McNamee,Hirolovesswords,false,238,enwiki,2024-10-27 05:48:16
1833463402,Black Athena,Neo the Enlightened One,false,133,enwiki,2024-10-27 05:48:50
1833463212,Seelze,Monkbot,true,2,enwiki,2024-10-27 05:47:53
1833463309,Kansas State Wildcats football,72.205.251.78,false,0,enwiki,2024-10-27 05:48:13
1833463404,2024 South Dakota State Jackrabbits football team,2600:1014:B102:150A:CC9D:D6CC:2948:76BB,false,6,enwiki,2024-10-27 05:48:48
1833463103,List of highest-grossing Indian films in overseas markets,Retired77777777777777,false,-29,enwiki,2024-10-27 05:47:13
1833463311,User:DrThneed/Kathryn Rountree,DrThneed,false,604,enwiki,2024-10-27 05:48:18
1833463406,Quaker State 400 (Atlanta),SafariScribe,false,94,enwiki,2024-10-27 05:48:53
1833463104,Nagurskoye (air base),Monkbot,true,1,enwiki,2024-10-27 05:47:23
1833463201,Víctor Junco,Lord Cornwallis,false,44,enwiki,2024-10-27 05:47:53
1833463312,Brignac-la-Plaine,Monkbot,true,1,enwiki,2024-10-27 05:48:17
1833463405,Anti-muscarinics,LR.127,false,7,enwiki,2024-10-27 05:48:53
1833463506,User:Josh Stronghold,Josh Stronghold,false,533,enwiki,2024-10-27 05:49:24
1833463601,Wikipedia:Edit filter/False positives/Reports,MajavahBot,true,210,enwiki,2024-10-27 05:49:53
1833463618,Velus Jones Jr.,Jrooster49,false,-130,enwiki,2024-10-27 05:49:58
357996019,Wikipedia:Löschkandidaten/20. Oktober 2024,Pitille02,false,-3,dewiki,2024-10-27 05:50:16
1833463507,Theagenes of Rhegium,Monkbot,true,1,enwiki,2024-10-27 05:49:23
1833463604,User talk:Indus TV,Liz,false,1847,enwiki,2024-10-27 05:49:55
1833463619,Carlos Orellana,Lord Cornwallis,false,1,enwiki,2024-10-27 05:49:59
357996010,Wikipedia:Fragen zur Wikipedia,Mö1997,false,-17,dewiki,2024-10-27 05:50:02
1833463810,Julien Fabri,Lepricavark,false,12,enwiki,2024-10-27 05:50:46
1833463508,Kimati Dinizulu,Issac I Navarro,false,2,enwiki,2024-10-27 05:49:24
1833463606,Chris Benoit,SandRand97,false,72,enwiki,2024-10-27 05:49:49
357996008,Benutzer:Matthias M./Sichtertabelle,FNBot,true,1,dewiki,2024-10-27 05:50:00
1833463509,Sean Bean,BrandtM113,false,-8,enwiki,2024-10-27 05:49:20
357996003,Kategorie:Bürgermeister (Olbendorf),GT1976,false,3,dewiki,2024-10-27 05:49:45
1833463607,Hong Gildong jeon,Daldidandal,false,174,enwiki,2024-10-27 05:49:53
1833463800,2024–25 Liga MX season,GoPurpleNGold24,false,10,enwiki,2024-10-27 05:50:41
1833463500,Mieming Range,Monkbot,true,1,enwiki,2024-10-27 05:49:20
1833463511,Mananchaya Sawangkaew,Sashona,false,13,enwiki,2024-10-27 05:49:24
1833463608,User:Samdlb123/Murder of pregnant women/Bibliography,Samdlb123,false,12,enwiki,2024-10-27 05:49:55
1833463801,Reece Gaines,Baseballfan1948,false,23,enwiki,2024-10-27 05:50:44
1833463501,2024 World Series,2603:7000:9901:3300:4C08:2FCB:664E:2DFE,false,86,enwiki,2024-10-27 05:49:18
1833463512,Economy of Colombia,2804:3E04:1402:5300:C829:B4E1:92F5:C62D,false,0,enwiki,2024-10-27 05:49:18
357996000,Benutzer:UlrichAAB/Bot,TaxonBota,true,-235,dewiki,2024-10-27 05:49:41
1833463610,Mary Kenny,Suite1408,false,-5,enwiki,2024-10-27 05:49:56
357996009,Portal:Geschichte des 20. Jahrhunderts/Neue Artikel,TaxonBota,true,-19,dewiki,2024-10-27 05:50:02
1833463714,"Mouret, Aveyron",Monkbot,true,1,enwiki,2024-10-27 05:50:17
1833463803,B. Ajaneesh Loknath,Retired77777777777777,false,9,enwiki,2024-10-27 05:50:44
1833463502,1993 Nigerian Airways hijack,Nikkimaria,false,-652,enwiki,2024-10-27 05:49:21
1833463514,"Kilgore, Texas",2600:100C:B24E:9062:51E8:D35A:FBD7:B98F,false,88,enwiki,2024-10-27 05:49:22
1833463611,Aste-Béon,Monkbot,true,1,enwiki,2024-10-27 05:49:54
1833463715,Cynthia Valdez,Citation bot,true,-12,enwiki,2024-10-27 05:50:18
1833463802,Khari Blasingame,Jrooster49,false,-47,enwiki,2024-10-27 05:50:44
1833463515,Bátovce,Monkbot,true,2,enwiki,2024-10-27 05:49:26
1833463600,Přerov nad Labem,Monkbot,true,1,enwiki,2024-10-27 05:49:51
1833463614,User:JamesR/AdminStats,AdminStatsBot 2,true,0,enwiki,2024-10-27 05:49:38
357996016,Diskussion:Oktoberfestattentat/Archiv,EinBeitrag,false,-10868,dewiki,2024-10-27 05:50:09
1833463716,Lee Jung-hyun (politician),Seefooddiet,false,-19,enwiki,2024-10-27 05:50:18
1833463804,1932 Missouri Attorney General election,Indylover2010,false,30,enwiki,2024-10-27 05:50:44
1833463503,FanDuel Sports Network Detroit,Troutfarm27,false,31,enwiki,2024-10-27 05:49:20
1833463516,Rudolf Kochendörffer,Scope creep,false,0,enwiki,2024-10-27 05:49:29
357996006,Jeunesse antisémitique,Gerald Fix,false,-58,dewiki,2024-10-27 05:49:53
1833463616,"Embassy of North Korea, Moscow",Monkbot,true,2,enwiki,2024-10-27 05:49:58
1833463717,Draft:MaNaDr,Surrealityy,false,144,enwiki,2024-10-27 05:50:20
1833463807,Stephen G. Miller,Monkbot,true,2,enwiki,2024-10-27 05:50:46
1833463505,Blood Feud (The Simpsons),Pallettown,false,57,enwiki,2024-10-27 05:49:22
1833463517,Draft:Blue Sky Animation,2001:14BB:112:BBDD:518E:2DC4:953F:8F3F,false,23,enwiki,2024-10-27 05:49:28
357996007,Diskussion:Gabbie Carter,Ysabella,false,298,dewiki,2024-10-27 05:49:54
1833463617,Agrasen,Hargoa,false,-60,enwiki,2024-10-27 05:49:59
1833463719,Naval Artillery War Badge,Monkbot,true,1,enwiki,2024-10-27 05:50:21
1833463906,User:Josh Stronghold,Josh Stronghold,false,1,enwiki,2024-10-27 05:51:15
1833463919,"Hamburg, New York",Thought 1915,false,21,enwiki,2024-10-27 05:51:15
1833464003,Guilty (Ayumi Hamasaki album),SBelle90047,false,3,enwiki,2024-10-27 05:51:43
1833464107,Wikipedia:Wiki Ed/University of New Orleans/Information Literacy and Scholarly Discourse (Fall 2024 B SESSION),Kai Hori,false,33,enwiki,2024-10-27 05:52:13
1833463908,The Eras Tour,Subb72,false,234,enwiki,2024-10-27 05:51:02
1833464006,KLEW-TV,Chrisipedi,false,-19,enwiki,2024-10-27 05:51:45
1833464115,Wikipedia:Featured article candidates/2003–04 Gillingham F.C. season/archive1,Nikkimaria,false,222,enwiki,2024-10-27 05:52:14
1833464204,Wikipedia:Requested moves/Current discussions (alt),RMCD bot,true,-585,enwiki,2024-10-27 05:52:32
1833464007,Mouleydier,Monkbot,true,1,enwiki,2024-10-27 05:51:44
1833464116,Talk:Firth of Forth,Bronsonboy,false,4,enwiki,2024-10-27 05:52:15
1833464205,Peramaikos F.C.,Monkbot,true,1,enwiki,2024-10-27 05:52:38
1833463911,Wrathchild,2A0A:EF40:B32:A001:3912:3F0:6B3F:8330,false,20,enwiki,2024-10-27 05:51:15
1833464008,1984 anti-Sikh riots,Capitals00,false,1380,enwiki,2024-10-27 05:51:44
1833464206,Macchina di Santa Rosa,JacktheBrown,false,5,enwiki,2024-10-27 05:52:38
1833463900,Floribama Shore,71.176.230.199,false,36,enwiki,2024-10-27 05:51:06
1833463912,Neo Sidirochori,Monkbot,true,1,enwiki,2024-10-27 05:51:15
1833464009,North Korea women's national football team,125.181.190.223,false,0,enwiki,2024-10-27 05:51:36
1833464208,Five Nights at Freddy's 2,Synorem,false,-50,enwiki,2024-10-27 05:52:39
1833463902,Stan (singer),Monkbot,true,1,enwiki,2024-10-27 05:51:12
1833463913,1932 Missouri Attorney General election,Indylover2010,false,28,enwiki,2024-10-27 05:51:15
1833464011,Carlos and Elisabeth,Monkbot,true,1,enwiki,2024-10-27 05:51:48
1833464103,User:Dev Darshan T. K./World Chess Championship 2080,Dev Darshan T. K.,false,-2,enwiki,2024-10-27 05:52:12
1833464209,User talk:2600:1700:4174:C750:ED30:391B:DFCB:7147,Synorem,false,556,enwiki,2024-10-27 05:52:40
1833463903,"Shamrock Park, New Zealand",Gadfium,false,714,enwiki,2024-10-27 05:51:12
1833463914,Centre de services scolaire Marguerite-Bourgeoys,174.91.18.198,false,-1,enwiki,2024-10-27 05:51:17
1833464013,List of Magic Kingdom attractions,2601:58A:8D81:5610:1733:37A4:F247:4104,false,61,enwiki,2024-10-27 05:51:49
1833464102,Jase Robertson,Toughpigs,false,-64,enwiki,2024-10-27 05:52:12
1833464210,Pakistan Tehreek-e-Insaf,Titan2456,false,42,enwiki,2024-10-27 05:52:28
1833463915,Separate Vocations,Pallettown,false,57,enwiki,2024-10-27 05:51:16
1833464000,Jane Wickline,2600:1015:A032:1ED5:E536:92D2:6274:8307,false,61,enwiki,2024-10-27 05:51:44
1833464015,Green-legged Partridge,Monkbot,true,1,enwiki,2024-10-27 05:51:51
1833464105,Julien Hornuss,Lepricavark,false,12,enwiki,2024-10-27 05:52:12
1833463905,Sing (My Chemical Romance song),Mojo72400,false,1,enwiki,2024-10-27 05:51:13
1833463916,Æthelstan,2A00:23C8:7B9F:4601:DCEF:B76:5F1:DF6B,false,376,enwiki,2024-10-27 05:51:09
1833464001,1932 Missouri Attorney General election,Indylover2010,false,55,enwiki,2024-10-27 05:51:43
1833464017,2024 Ole Miss Rebels football team,Lsw2472,false,10,enwiki,2024-10-27 05:51:47
1833464108,Expressway S7 (Poland),Monkbot,true,1,enwiki,2024-10-27 05:52:11
1833464215,Interstate 90 in Illinois,Imzadi1979,false,52,enwiki,2024-10-27 05:52:39
1833464312,Pio Del Gaudio,AnomieBOT,true,18,enwiki,2024-10-27 05:53:06
1833464402,Tomato sauce,ClueBot NG,false,-70,enwiki,2024-10-27 05:53:27
1833464415,IslamPidia,Rifat2005,false,-16,enwiki,2024-10-27 05:53:34
1833464510,Wikipedia:Database reports/Top new article reviewers,Community Tech bot,true,896,enwiki,2024-10-27 05:53:53
1833464217,List of Magic Kingdom attractions,2601:58A:8D81:5610:1733:37A4:F247:4104,false,0,enwiki,2024-10-27 05:52:41
1833464311,User:Cbl62/2007-09,Cbl62,false,15,enwiki,2024-10-27 05:53:01
1833464403,2024 Southeastern Conference football season,TheGoodGeneral 1,false,152,enwiki,2024-10-27 05:53:22
1833464416,User talk:Horse Eye's Back,Lklundin,false,515,enwiki,2024-10-27 05:53:35
1833464511,Talk:Bara Bandai,39.62.150.126,false,424,enwiki,2024-10-27 05:54:00
1833464216,Julien Lamy,Lepricavark,false,12,enwiki,2024-10-27 05:52:41
1833464302,2024–25 Nepal Premier League,2400:1A00:BD11:6EB5:CB50:F752:3F86:992C,false,78,enwiki,2024-10-27 05:53:03
1833464316,Template:Buffalo Bills roster navbox,Jrooster49,false,5,enwiki,2024-10-27 05:53:08
1833464404,Draft:DMZ Colony,Phibeatrice,false,32,enwiki,2024-10-27 05:53:29
1833464418,Radar,Navadda,false,74,enwiki,2024-10-27 05:53:32
1833464513,Astero (1959 film),Monkbot,true,1,enwiki,2024-10-27 05:54:00
1833464218,Aleksandr Pletnev,Monkbot,true,1,enwiki,2024-10-27 05:52:41
1833464303,Economy of Colombia,2804:3E04:1402:5300:C829:B4E1:92F5:C62D,false,1,enwiki,2024-10-27 05:52:57
1833464315,Pneumococcal vaccine,Whywhenwhohow,false,-114,enwiki,2024-10-27 05:53:07
1833464405,Rudakiai,Monkbot,true,2,enwiki,2024-10-27 05:53:30
1833464419,Giannis Kalatzis,Monkbot,true,1,enwiki,2024-10-27 05:53:36
1833464519,Wikipedia:Unusual articles/Science,ImmortalRationalist,false,14,enwiki,2024-10-27 05:54:00
1833464605,Velonades,Monkbot,true,1,enwiki,2024-10-27 05:54:23
1833464219,Xi Jinping,Remsense,false,-13,enwiki,2024-10-27 05:52:17
1833464304,1932 Missouri Attorney General election,Indylover2010,false,31,enwiki,2024-10-27 05:53:04
1833464317,Yosvany Veitía,Citation bot,true,-141,enwiki,2024-10-27 05:53:07
1833464406,Category:1930s anime,2600:6C51:4B00:D1B:850D:1D60:6D7E:6497,false,71,enwiki,2024-10-27 05:53:32
1833464500,Chris Benoit,SandRand97,false,9,enwiki,2024-10-27 05:53:51
1833464607,"Kilgore, Texas",2600:100C:B24E:9062:51E8:D35A:FBD7:B98F,false,4,enwiki,2024-10-27 05:54:19
1833464305,User talk:7thcavalier,M.Bitton,false,2240,enwiki,2024-10-27 05:53:06
1833464319,Messenian Oinousses,Monkbot,true,1,enwiki,2024-10-27 05:53:08
1833464409,Aotearoa New Zealand's histories,Nurg,false,-339,enwiki,2024-10-27 05:53:30
1833464501,Mananchaya Sawangkaew,Sashona,false,21,enwiki,2024-10-27 05:53:54
1833464609,Typasius,Manannan67,false,175,enwiki,2024-10-27 05:54:25
1833464306,Zeppelin Rammer,Monkbot,true,1,enwiki,2024-10-27 05:53:05
1833464410,Queanbeyan District Cricket Club,Sammyrice,false,27,enwiki,2024-10-27 05:53:32
1833464610,List of battery electric vehicles,36.235.239.12,false,28,enwiki,2024-10-27 05:54:18
1833464307,María José Vargas,Citation bot,true,-117,enwiki,2024-10-27 05:53:04
1833464412,All the Lovers,Binksternet,false,-60,enwiki,2024-10-27 05:53:28
1833464503,Christopher Michael King,Asilvering,false,-23,enwiki,2024-10-27 05:53:56
1833464617,Foshan Shadi Airport,AnomieBOT,false,145,enwiki,2024-10-27 05:54:23
1833464308,Floribama Shore,ClueBot NG,false,-15,enwiki,2024-10-27 05:53:01
1833464413,Demon (volcano),Monkbot,true,3,enwiki,2024-10-27 05:53:33
1833464504,Frisian literature,Monkbot,true,1,enwiki,2024-10-27 05:53:57
1833464309,Just Tryin' ta Live,2600:1005:B0C4:8F53:0:21:6C86:9C01,false,13,enwiki,2024-10-27 05:53:05
1833464414,Eli Marie Raasok,Chartah,false,0,enwiki,2024-10-27 05:53:34
1833464506,Countdown (Polystyle Publications),Aadirulez8,false,-5,enwiki,2024-10-27 05:53:59
