1833484407,Talk:Adeliza de Borgomanero,188.26.223.85,false,241,enwiki,2024-10-27 07:34:53
1833484511,Luca Fanfoni,A. B.,false,212,enwiki,2024-10-27 07:35:26
1833484612,User:Indylover2010,Indylover2010,false,0,enwiki,2024-10-27 07:35:59
357997707,Portal:Vorarlberg/Neue Artikel,TaxonBota,true,27,dewiki,2024-10-27 07:36:16
1833484700,Category:Actors from Philadelphia,Ernsanchez00,false,-72,enwiki,2024-10-27 07:36:40
1833484711,Law and Justice,Monkbot,true,1,enwiki,2024-10-27 07:36:38
357997718,ACADEMY Bühnenkunstschule,Murkus69,false,343,dewiki,2024-10-27 07:36:50
1833484915,User talk:Clioos,GrabUp,false,2944,enwiki,2024-10-27 07:37:48
1833485019,List of deprecated terms for diseases,Citation bot,true,4,enwiki,2024-10-27 07:38:29
1833485116,Niki Tuuli,コロボ,false,2,enwiki,2024-10-27 07:39:07
1833484408,Luciane Buchanan,2601:447:CD7F:FFFF:4E8:9906:E2BC:93BF,false,2,enwiki,2024-10-27 07:34:53
1833484513,Slobidka-Mushkativs'ka,Monkbot,true,2,enwiki,2024-10-27 07:35:25
1833484614,"Sissy Bar (Portland, Oregon)",Another Believer,false,8,enwiki,2024-10-27 07:36:05
1833484702,Draft:Rihivi,GrabUp,false,88,enwiki,2024-10-27 07:36:42
1833484712,Edward Baker Lincoln,Jhartman087,false,-7,enwiki,2024-10-27 07:36:46
1833484803,Republic of Central Lithuania,Monkbot,true,5,enwiki,2024-10-27 07:37:09
1833484409,Sikh Empire,Brusquedandelion,false,75,enwiki,2024-10-27 07:34:47
1833484512,Dennis railway station,PEPSI697,false,47,enwiki,2024-10-27 07:35:24
357997701,Portal:Entwicklungszusammenarbeit/Neue Artikel,TaxonBota,true,-125,dewiki,2024-10-27 07:35:50
1833484600,Bisantrene,Headbomb,false,-2,enwiki,2024-10-27 07:36:01
1833484615,Sacred bull,Quezerque,false,237,enwiki,2024-10-27 07:36:06
1833484703,Jaber Al-Mubarak Al-Hamad Al-Sabah,Asrefaei,false,0,enwiki,2024-10-27 07:36:43
1833484713,Draft:Alan G. Tolman,Tutaap,false,107,enwiki,2024-10-27 07:36:46
1833484802,Federal Council (Switzerland),Mr. Anarchyle,false,-21,enwiki,2024-10-27 07:37:08
1833484410,2 Chronicles 9,Monkbot,true,8,enwiki,2024-10-27 07:34:53
1833484514,Thái Nguyên uprising,123.22.29.2,false,-24,enwiki,2024-10-27 07:35:26
357997704,"Hyde Park (Town, New York)",2003:D4:6F0E:164D:7361:ACD7:2961:378E,false,-1,dewiki,2024-10-27 07:35:58
1833484603,Death of Brian Sicknick,Sumanuil,false,-4,enwiki,2024-10-27 07:35:59
1833484616,Chicago Strangler,Swinub,false,3358,enwiki,2024-10-27 07:36:07
357997710,Hermann von Münster (Glasmaler),Hutch,false,1,dewiki,2024-10-27 07:36:24
357997714,Hartmut,Matzematik,false,-793,dewiki,2024-10-27 07:36:44
1833484716,Palomar Mountain,76.88.55.135,false,-4,enwiki,2024-10-27 07:36:44
1833484805,Wikipedia:Requested moves/Current discussions (table),RMCD bot,true,0,enwiki,2024-10-27 07:37:10
1833485001,Moraitis School,Monkbot,true,1,enwiki,2024-10-27 07:38:21
1833485105,Shahid Syed Nazrul Islam Muktamanch,Nahian,false,43,enwiki,2024-10-27 07:39:03
1833484516,Kupreliškis,Monkbot,true,1,enwiki,2024-10-27 07:35:28
1833484602,"Category:Actors from Harrisburg, Pennsylvania",Ernsanchez00,false,-71,enwiki,2024-10-27 07:36:03
1833484617,"Galma, Darbhanga",AstuteFlicker,false,16,enwiki,2024-10-27 07:36:07
357997712,Frotscher,Georg Hügler,false,20,dewiki,2024-10-27 07:36:31
1833484704,User talk:MangoMusician777,GrabUp,false,2914,enwiki,2024-10-27 07:36:43
1833484715,InterContinental Dubai Festival City,Elite words2,false,104,enwiki,2024-10-27 07:36:47
1833484804,Sherin Shringar,Geniac,false,-42,enwiki,2024-10-27 07:37:11
1833485011,Verkhnecherekulevo,Monkbot,true,2,enwiki,2024-10-27 07:38:24
1833485104,Battle of the Yarmuk,175.107.254.54,false,-1,enwiki,2024-10-27 07:38:56
1833484411,Talk:Tropical Storm Trami (2024),MYSKaoi,false,215,enwiki,2024-10-27 07:34:54
1833484517,Wales women's national football team,Colin2027,false,242,enwiki,2024-10-27 07:35:27
1833484607,"Zalesie, Pisz County",Monkbot,true,1,enwiki,2024-10-27 07:36:03
1833484618,Péreille,Monkbot,true,1,enwiki,2024-10-27 07:36:06
1833484705,User:GrabUp/AfC log,GrabUp,false,110,enwiki,2024-10-27 07:36:43
1833484718,Wikipedia:Articles for deletion/List of programmes broadcast by Urdu 1,Mushy Yank,false,333,enwiki,2024-10-27 07:36:48
1833484813,Madurai Airport,37.36.164.28,false,-188,enwiki,2024-10-27 07:37:12
1833485012,Wikipedia:Articles for deletion/Weber-Maxwell electrodynamics,Jähmefyysikko,false,438,enwiki,2024-10-27 07:38:26
1833485107,Wikipedia:Articles for deletion/Weber-Maxwell electrodynamics,Jähmefyysikko,false,0,enwiki,2024-10-27 07:39:04
1833485203,Molles,Monkbot,true,1,enwiki,2024-10-27 07:39:35
1833484414,1947 SEC men's basketball tournament,Ha2772a,false,192,enwiki,2024-10-27 07:34:55
1833484501,User:Znuddel,Znuddel,false,0,enwiki,2024-10-27 07:35:22
1833484518,Thakur (title),Ratnahastin,false,-498,enwiki,2024-10-27 07:35:29
1833484608,Christian Dibble,Jhomz947979,false,14,enwiki,2024-10-27 07:36:04
357997715,Benutzer:Wartungsstube/Nachrichtendienst,TaxonBota,true,59,dewiki,2024-10-27 07:36:42
1833485014,2024–25 Liga MX season,GoPurpleNGold24,false,0,enwiki,2024-10-27 07:38:24
1833485108,Harry Reid International Airport,JoshuaEW,false,-27,enwiki,2024-10-27 07:38:58
1833485205,May 22,197.29.146.181,false,0,enwiki,2024-10-27 07:39:33
1833484417,"Potocki Palace, Warsaw",Monkbot,true,1,enwiki,2024-10-27 07:34:56
357997700,Wikipedia:Redaktion Medizin/Überarbeitungen/Onkologie,TaxonBota,true,53,dewiki,2024-10-27 07:35:41
357997702,Portal:Ereignisse/Neue Artikel Politische Veranstaltungen,TaxonBota,true,-1,dewiki,2024-10-27 07:35:54
1833484609,Thakur (title),Ratnahastin,false,-25,enwiki,2024-10-27 07:36:04
357997716,Tennis,Partynia,false,-2,dewiki,2024-10-27 07:36:43
1833484816,"Category:Actors from Reading, Pennsylvania",Ernsanchez00,false,-68,enwiki,2024-10-27 07:37:15
1833484904,Draft:Kanel Joseph,GrabUp,false,-57,enwiki,2024-10-27 07:37:46
1833485015,1945 SEC men's basketball tournament,Ha2772a,false,155,enwiki,2024-10-27 07:38:25
1833485109,Lagrâce-Dieu,Monkbot,true,1,enwiki,2024-10-27 07:39:02
1833484507,Yuri Petunin,Monkbot,true,1,enwiki,2024-10-27 07:35:22
357997703,Benutzer:Ernsts/Philasterida,Ernsts,false,336,dewiki,2024-10-27 07:35:55
1833484610,3DO,Steve PlanetEarth,false,14,enwiki,2024-10-27 07:36:02
357997713,Wikipedia:WikiProjekt Frauen/Frauen in Rot/Fehlende Artikel nach Nationalität/Haitianerinnen,TaxonBot,true,250,dewiki,2024-10-27 07:36:29
1833484709,Le Divan du Monde,Archaeodontosaurus,false,29,enwiki,2024-10-27 07:36:45
1833484818,Shahid Syed Nazrul Islam Muktamanch,Nahian,false,37,enwiki,2024-10-27 07:37:16
1833484913,User:GrabUp/AfC log,GrabUp,false,96,enwiki,2024-10-27 07:37:47
1833485017,2024–25 Maltese National Amateur League,MPN 1994,false,220,enwiki,2024-10-27 07:38:28
1833485113,Bogusław Fryderyk Radziwiłł,Monkbot,true,2,enwiki,2024-10-27 07:39:06
1833484406,User talk:XavierItzm,DracaenaGuianensis,false,344,enwiki,2024-10-27 07:34:54
1833484508,Group voting ticket,Loytra,false,6,enwiki,2024-10-27 07:35:22
357997705,Portal:Alpenrheintal/neue Artikel,TaxonBota,true,-48,dewiki,2024-10-27 07:36:06
1833484710,"Opole County, Opole Voivodeship",Monkbot,true,1,enwiki,2024-10-27 07:36:44
1833484801,Dulles International Airport,Jz0610,false,56,enwiki,2024-10-27 07:37:06
1833484819,Draft:Miss Global 2020,Mayanicaragua,false,5,enwiki,2024-10-27 07:37:16
1833484914,Talk:Tropical Storm Trami (2024),MYSKaoi,false,1,enwiki,2024-10-27 07:37:48
1833485018,2001 Conservative Party leadership election,Tuhin,false,31,enwiki,2024-10-27 07:38:27
1833485115,Arkansas Highway 190,2600:1700:9E15:20:45F0:20B:338E:8186,false,-638,enwiki,2024-10-27 07:39:06
1833485208,Novoyapparovo,Monkbot,true,2,enwiki,2024-10-27 07:39:39
1833485414,Ministry of Youth Affairs,SafariScribe,false,-591,enwiki,2024-10-27 07:40:44
1833485511,User:SafariScribe/AfC log,SafariScribe,false,111,enwiki,2024-10-27 07:40:47
1833485603,Colonel Kwiatkowski,Monkbot,true,1,enwiki,2024-10-27 07:41:43
1833485209,Nukuhiva,42.117.36.200,false,35,enwiki,2024-10-27 07:39:40
1833485306,Nikos,Monkbot,true,1,enwiki,2024-10-27 07:40:15
1833485416,Wikipedia:Articles for creation/recent,SafariScribe,false,-22,enwiki,2024-10-27 07:40:45
1833485513,Zheng Qinwen,125.131.122.146,false,0,enwiki,2024-10-27 07:41:12
1833485607,Nippon Ishin no Kai,GlowstoneUnknown,false,23,enwiki,2024-10-27 07:41:41
1833485216,Gavrilov-Yamsky District,Monkbot,true,1,enwiki,2024-10-27 07:39:42
1833485310,User:CarmenEsparzaAmoux,CarmenEsparzaAmoux,false,391,enwiki,2024-10-27 07:40:16
1833485502,Miralay Sadık Bey,Benlittlewiki,false,3,enwiki,2024-10-27 07:41:10
1833485515,Wikipedia:Categories for discussion/Speedy,AusLondonder,false,174,enwiki,2024-10-27 07:41:14
1833485605,Battle of Vrdi,Peacemaker67,false,-413,enwiki,2024-10-27 07:41:45
1833485311,Talyndzhaspirifer,SafariScribe,false,-106,enwiki,2024-10-27 07:40:16
1833485400,List of drag queens,Tiggerty321,false,51,enwiki,2024-10-27 07:40:33
1833485503,Pressure vessel,Pbsouthwood,false,592,enwiki,2024-10-27 07:41:06
1833485516,"Grazac, Tarn",Monkbot,true,1,enwiki,2024-10-27 07:41:14
1833485606,Papua New Guinea,BugBaron,false,24,enwiki,2024-10-27 07:41:35
1833485217,Patasola,Hyperbolick,false,-4,enwiki,2024-10-27 07:39:44
1833485314,Talk:Talyndzhaspirifer,SafariScribe,false,132,enwiki,2024-10-27 07:40:16
1833485404,Newton Ferrers House,KJP1,false,-238,enwiki,2024-10-27 07:40:41
1833485505,Vénéjan,Monkbot,true,1,enwiki,2024-10-27 07:41:10
1833485519,Loftus Road,203.164.206.141,false,-1,enwiki,2024-10-27 07:41:16
1833485612,Vladimir Lamsdorf,Monkbot,true,2,enwiki,2024-10-27 07:41:46
1833485219,Lacapelle-Escroux,Monkbot,true,1,enwiki,2024-10-27 07:39:45
1833485313,Wikipedia:Articles for creation/recent,SafariScribe,false,-8,enwiki,2024-10-27 07:40:16
1833485405,1979 U.S. embassy burning in Islamabad,XTheBedrockX,false,280,enwiki,2024-10-27 07:40:43
1833485506,Newton Ferrers House,KJP1,false,-23,enwiki,2024-10-27 07:41:12
1833485613,Telstra,MountVic127,false,32,enwiki,2024-10-27 07:41:40
1833485406,Beal conjecture,Headbomb,false,319,enwiki,2024-10-27 07:40:42
1833485409,Idrac-Respaillès,Monkbot,true,1,enwiki,2024-10-27 07:40:41
1833485507,Category:Cambé,AusLondonder,false,356,enwiki,2024-10-27 07:41:13
1833485616,See (TV series),2601:447:CD7F:FFFF:4E8:9906:E2BC:93BF,false,-7,enwiki,2024-10-27 07:41:44
1833485408,Talk:IPhone X,HTGS,false,0,enwiki,2024-10-27 07:40:43
1833485618,Faussergues,Monkbot,true,1,enwiki,2024-10-27 07:41:49
1833485412,List of Kolkata Metro stations,ArkodipH,false,2,enwiki,2024-10-27 07:40:40
1833485512,Stairway to the Sky Tour,188.74.98.180,false,5,enwiki,2024-10-27 07:41:14
1833485601,Ministry of Youth Affairs,SafariScribe,false,-16,enwiki,2024-10-27 07:41:43
1833485619,Category:Actors from Dallas,Ernsanchez00,false,-66,enwiki,2024-10-27 07:41:52
1833485712,Wikipedia:WNTRMT,2409:4089:3E91:4DAA:9F7D:1FD6:FDB8:9D69,false,184,enwiki,2024-10-27 07:42:22
1833485713,Karysh-Yelga,Monkbot,true,2,enwiki,2024-10-27 07:42:21
1833485715,Talk:Maya stelae,ClueBot III,true,-3755,enwiki,2024-10-27 07:42:21
1833485714,Draft:God of War (fanfic),2804:214:8884:47D1:1802:10D3:4CCB:DC7,false,251,enwiki,2024-10-27 07:42:22
1833485717,User:Cyberbot I/Requests for unblock report,Cyberbot I,true,-48,enwiki,2024-10-27 07:42:23
1833485719,Willem-Alexander of the Netherlands,Citation bot,true,40,enwiki,2024-10-27 07:42:17
1833485813,Rio de Janeiro/Galeão International Airport,Jz0610,false,-25,enwiki,2024-10-27 07:42:52
1833485919,Cagliari light rail,Jan Hejkrlík,false,167,enwiki,2024-10-27 07:43:21
1833486011,Interstate 94 in Illinois,207.172.34.206,false,5,enwiki,2024-10-27 07:43:43
1833486104,October 26,Armenian avgeek27,false,244,enwiki,2024-10-27 07:44:05
357997803,Benutzer:Ernsts/Philasterida,Ernsts,false,-26,dewiki,2024-10-27 07:44:24
1833486209,Impala Saracens,105.163.0.217,false,12,enwiki,2024-10-27 07:44:42
357997813,Portal:Hessen/Neue Artikel Nordhessen,TaxonBota,true,-219,dewiki,2024-10-27 07:45:05
1833486317,Nirmal Singh Maharaj,2409:40F2:F:288E:8000:0:0:0,false,9,enwiki,2024-10-27 07:45:07
1833485815,Dimension: Dilemma,120.29.110.151,false,79,enwiki,2024-10-27 07:42:51
1833486014,Competition between Airbus and Boeing,Ivebeenhacked,false,-25,enwiki,2024-10-27 07:43:39
1833486105,Coufouleux,Monkbot,true,1,enwiki,2024-10-27 07:44:08
1833486210,1972 Missouri Attorney General election,Indylover2010,false,38,enwiki,2024-10-27 07:44:42
1833486302,Niklaus Wirth,Rfc1394,false,63,enwiki,2024-10-27 07:45:03
1833486013,Joma,AdrianCioran,false,-102,enwiki,2024-10-27 07:43:42
1833486106,Wikipedia:Redirects for discussion/Log/2024 October 10,Pppery,false,271,enwiki,2024-10-27 07:44:08
1833486211,3DO,Steve PlanetEarth,false,0,enwiki,2024-10-27 07:44:42
357997806,Portal:Region Stuttgart/Neues,TaxonBota,true,1,dewiki,2024-10-27 07:44:50
1833486304,User:DatBot/pendingbacklog,DatBot,true,0,enwiki,2024-10-27 07:45:06
1833485805,Category:Heads of universities in Jordan,Asrefaei,false,63,enwiki,2024-10-27 07:42:54
1833485900,User talk:Paine Ellsworth/Workpage,Paine Ellsworth,false,155,enwiki,2024-10-27 07:43:07
1833486015,1953 World Series,2601:410:8081:1FB0:4DC0:A76A:70C6:CDA0,false,107,enwiki,2024-10-27 07:43:44
1833486108,Carlile House,Grutness,false,52,enwiki,2024-10-27 07:44:10
1833486214,User:SafariScribe/AfC log,SafariScribe,false,99,enwiki,2024-10-27 07:44:20
1833486303,Wikipedia:Categories for discussion/Speedy,AusLondonder,false,194,enwiki,2024-10-27 07:45:03
1833485806,Miralay Sadık Bey,Benlittlewiki,false,171,enwiki,2024-10-27 07:42:54
1833485901,Talk:Guru Gembul,JarrahTree,false,77,enwiki,2024-10-27 07:43:18
1833486016,Valentina Nappi,Squeakachu,false,65,enwiki,2024-10-27 07:43:45
1833486109,"Matt Martin (ice hockey, born 1989)",Sbaio,false,-115,enwiki,2024-10-27 07:44:12
357997804,Benutzer:Herzemann/Hilfe,TaxonBota,true,-89,dewiki,2024-10-27 07:44:27
1833486201,Tito Satya,Krishnadahal12,false,-48,enwiki,2024-10-27 07:44:39
1833486217,Ashangba Nongjabi,Uthambal,false,-3,enwiki,2024-10-27 07:44:46
357997810,Territory (Fernsehserie),Atirador,false,-1,dewiki,2024-10-27 07:45:02
1833486305,Joy Ridderhof,Tomattomato,false,57,enwiki,2024-10-27 07:45:05
1833485807,Interstate 94 in Illinois,207.172.34.206,false,4,enwiki,2024-10-27 07:42:51
1833485902,Category:Hortolândia,AusLondonder,false,367,enwiki,2024-10-27 07:43:19
1833486017,Al-Shabaab (militant group),Smeagol 17,false,3,enwiki,2024-10-27 07:43:31
357997800,Laura,Van.ike,false,73,dewiki,2024-10-27 07:43:58
1833486112,Sibady,Monkbot,true,2,enwiki,2024-10-27 07:44:12
1833486202,Busan Asian Film School,Citation bot,true,-10,enwiki,2024-10-27 07:44:39
1833486218,User talk:T-rex,58.145.187.205,false,155,enwiki,2024-10-27 07:44:39
357997811,Neonatologe,Glewe,false,49,dewiki,2024-10-27 07:45:02
1833486307,"Bordes, Hautes-Pyrénées",Monkbot,true,1,enwiki,2024-10-27 07:45:02
1833485810,"Fourth Church of Christ, Scientist (San Francisco)",71.238.120.135,false,-53,enwiki,2024-10-27 07:42:54
1833485906,Interstate 530,2600:1700:9E15:20:45F0:20B:338E:8186,false,70,enwiki,2024-10-27 07:43:18
1833486018,User:M Waleed/sandbox,M Waleed,false,860,enwiki,2024-10-27 07:42:58
1833486113,Rhetoric,Edenaviv5,false,566,enwiki,2024-10-27 07:44:05
357997805,Benutzer:Aka/Fehlerlisten/ein Leerzeichen um Schrägstrich/Ausschlussliste,Hutch,false,21,dewiki,2024-10-27 07:44:33
1833486204,Tampa International Airport,Jz0610,false,-324,enwiki,2024-10-27 07:44:38
1833486219,Lavilledieu,Monkbot,true,1,enwiki,2024-10-27 07:44:43
1833486308,Zheng Qinwen career statistics,Unnamelessness,false,14,enwiki,2024-10-27 07:45:03
1833485809,Yokota High School,WhisperToMe,false,-13,enwiki,2024-10-27 07:42:53
1833486002,Oruawharo Homestead,Grutness,false,52,enwiki,2024-10-27 07:43:42
1833486019,Villa Fritz Heroldt,Monkbot,true,3,enwiki,2024-10-27 07:43:46
1833486115,Luca Fanfoni,A. B.,false,574,enwiki,2024-10-27 07:44:13
1833486205,Hardnesses of the elements (data page),Element 1 H,false,-5,enwiki,2024-10-27 07:44:40
1833486309,Global Ikhwan child abuse scandal,Night Lantern,false,242,enwiki,2024-10-27 07:45:04
1833485811,Solaris (synchrotron),Monkbot,true,1,enwiki,2024-10-27 07:42:53
1833485907,"Saint-Gaudens, Haute-Garonne",Monkbot,true,1,enwiki,2024-10-27 07:43:17
1833486005,Nirmal Singh Maharaj,2409:40F2:F:288E:8000:0:0:0,false,130,enwiki,2024-10-27 07:43:43
357997801,Wikipedia:WikiProjekt Bronzezeit/Neue Artikel,TaxonBota,true,-36,dewiki,2024-10-27 07:44:06
1833486100,Hamilton Camp,120.159.86.251,false,9,enwiki,2024-10-27 07:44:07
1833486206,Seillans,Monkbot,true,1,enwiki,2024-10-27 07:44:39
1833486314,Zlatan Ibrahimović,Jonathaniguess,false,0,enwiki,2024-10-27 07:44:47
1833485812,User:Ltwin/Sandbox 29,Ltwin,false,-1210,enwiki,2024-10-27 07:42:54
1833485917,Wikipedia:Categories for discussion/Speedy,AusLondonder,false,191,enwiki,2024-10-27 07:43:19
1833486006,"Adam Wenceslaus, Duke of Cieszyn",Monkbot,true,3,enwiki,2024-10-27 07:43:43
1833486101,Yeo Siew Hua,Adsfghj,false,-17,enwiki,2024-10-27 07:44:08
1833486207,"White Hart Hotel, New Plymouth",Grutness,false,52,enwiki,2024-10-27 07:44:42
357997807,Sudan-Büffel,Haplochromis,false,-39,dewiki,2024-10-27 07:44:54
1833486315,Category:Mosque bombings in Bangladesh,XTheBedrockX,false,-25,enwiki,2024-10-27 07:45:07
357997815,Benutzer:Wartungsstube/Stuttgart,TaxonBota,true,-76,dewiki,2024-10-27 07:45:13
1833486410,User:SafariScribe/AfC log,SafariScribe,false,112,enwiki,2024-10-27 07:45:07
357997816,Wikipedia:Löschkandidaten/26. Oktober 2024,Brodkey65,false,93,dewiki,2024-10-27 07:45:20
357997818,Wikipedia:Redaktion Medizin/Überarbeitungen/Endokrinologie,TaxonBota,true,-49,dewiki,2024-10-27 07:45:27
1833486413,Bučovice,Monkbot,true,1,enwiki,2024-10-27 07:45:33
1833486607,Katherine Mansfield House and Garden,Grutness,false,52,enwiki,2024-10-27 07:46:24
357997819,Ärztliche Weiterbildung Naturheilverfahren,Glewe,false,-68,dewiki,2024-10-27 07:45:28
1833486414,Remdesivir,Whywhenwhohow,false,-305,enwiki,2024-10-27 07:45:31
1833486500,Kotlevo,Monkbot,true,2,enwiki,2024-10-27 07:45:58
1833486608,Tvrdošín,Monkbot,true,3,enwiki,2024-10-27 07:46:24
1833486415,Felipe Ángeles,2600:8800:2418:6100:5D25:55A6:17FA:49CF,false,0,enwiki,2024-10-27 07:45:34
1833486507,Payphone,MountVic127,false,31,enwiki,2024-10-27 07:45:59
1833486610,Ashangba Nongjabi,Uthambal,false,46,enwiki,2024-10-27 07:46:27
1833486417,1972 Missouri Attorney General election,Indylover2010,false,51,enwiki,2024-10-27 07:45:34
1833486508,"Category:Actors from Fairfax, Virginia",Ernsanchez00,false,-68,enwiki,2024-10-27 07:46:02
1833486612,Lovely (Billie Eilish and Khalid song),97.126.112.89,false,3,enwiki,2024-10-27 07:46:22
357997817,Portal:Aserbaidschan/Neue Artikel,TaxonBota,true,-126,dewiki,2024-10-27 07:45:23
1833486418,U.S. Route 63 in Arkansas,2600:1700:9E15:20:45F0:20B:338E:8186,false,46,enwiki,2024-10-27 07:45:34
1833486510,User talk:211.33.207.32,Sellena8053,false,176,enwiki,2024-10-27 07:46:02
1833486613,"Category:Actors from Richmond, Virginia",Ernsanchez00,false,-69,enwiki,2024-10-27 07:46:28
357997814,Vorlage:Revert-Statistik,Revert-Statistik,true,0,dewiki,2024-10-27 07:45:13
1833486403,Cross Creek (film),2601:447:CD7F:FFFF:4E8:9906:E2BC:93BF,false,-2,enwiki,2024-10-27 07:45:30
1833486511,'Nosey Bob' Howard,PastelLilac,false,38,enwiki,2024-10-27 07:46:00
1833486614,2024 Queensland state election,174.165.12.126,false,-16,enwiki,2024-10-27 07:46:25
1833486406,Zisis Chatzistravos,Monkbot,true,1,enwiki,2024-10-27 07:45:30
1833486514,Żagań County,Monkbot,true,1,enwiki,2024-10-27 07:46:01
1833486615,Category:Itatiba,AusLondonder,false,367,enwiki,2024-10-27 07:46:28
1833486516,SHAPE High School,WhisperToMe,false,69,enwiki,2024-10-27 07:46:04
1833486408,Zinkia Entertainment,Geraldo Perez,false,0,enwiki,2024-10-27 07:45:32
1833486701,User:ClueBot III/Detailed Indices/User talk:Blethering Scot/2024/1,ClueBot III,true,198,enwiki,2024-10-27 07:46:58
1833486812,1972 Missouri Attorney General election,Indylover2010,false,36,enwiki,2024-10-27 07:47:32
1833486919,Les Misérables (musical),Ssilvers,false,8,enwiki,2024-10-27 07:48:08
1833486702,A.O. Nea Ionia F.C.,2A02:2149:8AA2:3800:58E0:5F38:B173:4893,false,-4,enwiki,2024-10-27 07:46:57
1833486813,Arkansas Highway 190,PakEditor,false,812,enwiki,2024-10-27 07:47:31
1833486903,Mitchell–Lama Housing Program,Int21h,false,721,enwiki,2024-10-27 07:48:04
1833486704,Grigoris Athanasiou,Monkbot,true,1,enwiki,2024-10-27 07:46:59
1833486800,User:SuperWIKI/sandbox4,SuperWIKI,false,1232,enwiki,2024-10-27 07:47:26
1833486817,Picnic at Hanging Rock (film),Geraldo Perez,false,-187,enwiki,2024-10-27 07:47:32
1833486905,Yinz,Gilliam,false,-12,enwiki,2024-10-27 07:48:04
1833486705,User:AmandaNP/unblock table,DeltaQuadBot,true,-4,enwiki,2024-10-27 07:47:01
1833486802,Bielle,Monkbot,true,1,enwiki,2024-10-27 07:47:26
1833486907,User:Indylover2010,Indylover2010,false,73,enwiki,2024-10-27 07:47:58
1833487004,Bled Castle,Monkbot,true,2,enwiki,2024-10-27 07:48:29
1833486803,Buldhana Assembly constituency,2409:4081:1C90:7D88:B08C:64B8:3C2:A6EB,false,1143,enwiki,2024-10-27 07:47:26
1833486908,1990 Polish presidential election,Monkbot,true,1,enwiki,2024-10-27 07:48:04
1833487009,Draft:House of Roche,Citation bot,true,561,enwiki,2024-10-27 07:48:28
1833486716,2025 New Zealand local elections,Schwede66,false,51,enwiki,2024-10-27 07:46:59
1833486805,Zheng Qinwen career statistics,PindoramaBoyy,false,-6,enwiki,2024-10-27 07:47:29
1833486912,User:Nrco0e,Nrco0e,false,-121,enwiki,2024-10-27 07:48:09
1833487008,Correlation coefficient,Ramos1990,false,22,enwiki,2024-10-27 07:48:31
1833486806,FC Nikopol,AdrianCioran,false,-907,enwiki,2024-10-27 07:47:30
1833486913,Payphone,MountVic127,false,32,enwiki,2024-10-27 07:48:08
1833487011,Henry XI of Legnica,Monkbot,true,1,enwiki,2024-10-27 07:48:32
1833486809,Talk:Maman Abdurrahman (politician),JarrahTree,false,67,enwiki,2024-10-27 07:47:32
1833486914,Mood 4 Eva,Swinub,false,1,enwiki,2024-10-27 07:48:10
1833487014,Archibald Jamieson,Kaliforniyka,false,1599,enwiki,2024-10-27 07:48:34
1833486810,History of Saxony,Monkbot,true,2,enwiki,2024-10-27 07:47:30
1833486916,Wacky Races (1968 TV series),98.168.245.52,false,32,enwiki,2024-10-27 07:48:09
1833487015,Zhang Shuai,Fyunck(click),false,-6,enwiki,2024-10-27 07:48:32
1833486811,Category:Adamantina,AusLondonder,false,367,enwiki,2024-10-27 07:47:32
1833486917,Aressy,Monkbot,true,1,enwiki,2024-10-27 07:48:08
1833487104,Wikipedia:Categories for discussion/Speedy,AusLondonder,false,195,enwiki,2024-10-27 07:49:00
1833487119,Joyless Street,Monkbot,true,1,enwiki,2024-10-27 07:49:08
1833487202,"Timeline of Kilgore, Texas",No No No No Name fu,false,42,enwiki,2024-10-27 07:49:31
1833487404,Drahanovice,Monkbot,true,1,enwiki,2024-10-27 07:50:18
1833487105,Template:South Bay Lakers current roster,Intruder007,false,-3,enwiki,2024-10-27 07:49:02
1833487203,Internet Archive,Michael.Paoli,false,1,enwiki,2024-10-27 07:49:27
1833487405,2024 Japan Series,Torsodog,false,-12,enwiki,2024-10-27 07:50:18
1833487106,Ming conquest of Ming Xia,AukusRuckus,false,36,enwiki,2024-10-27 07:49:01
1833487204,"Camon, Ariège",Monkbot,true,1,enwiki,2024-10-27 07:49:29
1833487315,2024 National League play-off final,ChampsRT,false,9,enwiki,2024-10-27 07:49:54
1833487407,Dual number,82.84.237.120,false,6,enwiki,2024-10-27 07:50:17
1833487109,Evdokimos Tsolakidis,Monkbot,true,1,enwiki,2024-10-27 07:49:02
1833487207,2023 Canada–India diplomatic row,ClueBot NG,false,31,enwiki,2024-10-27 07:49:34
1833487314,The Gumm Sisters,Mushy Yank,false,1100,enwiki,2024-10-27 07:49:54
1833487113,Pauline Newman,Wikipedialuva,false,1048,enwiki,2024-10-27 07:49:03
1833487212,2024 Japan Series,Torsodog,false,1146,enwiki,2024-10-27 07:49:31
1833487317,Revaa,DareshMohan,false,-8,enwiki,2024-10-27 07:49:55
1833487114,Number 1 Angel,Binksternet,false,-17,enwiki,2024-10-27 07:49:03
1833487214,User talk:Sexy Bhagwan,ClueBot NG,false,1475,enwiki,2024-10-27 07:49:34
1833487115,Miss Grand India,103.68.21.127,false,505,enwiki,2024-10-27 07:49:01
1833487213,1988 Tennant Creek earthquakes,Dawnseeker2000,false,15,enwiki,2024-10-27 07:49:33
1833487100,Office,Douglasboavista,false,-52,enwiki,2024-10-27 07:48:58
1833487116,John Chryselios,Monkbot,true,1,enwiki,2024-10-27 07:49:05
1833487215,"St. Mary of Czestochowa Parish (Middletown, Connecticut)",Monkbot,true,1,enwiki,2024-10-27 07:49:33
1833487401,Jinjira massacre,XTheBedrockX,false,308,enwiki,2024-10-27 07:50:19
1833487101,Dolnje Retje,Monkbot,true,1,enwiki,2024-10-27 07:48:59
1833487200,Wikipedia:No personal attacks,Remsense,false,13,enwiki,2024-10-27 07:49:29
1833487216,User:M Waleed/sandbox,M Waleed,false,388,enwiki,2024-10-27 07:48:46
1833487400,Economy of Romania,Romania.maps.tt,false,-6,enwiki,2024-10-27 07:50:13
1833487103,Zheng Qinwen,PindoramaBoyy,false,0,enwiki,2024-10-27 07:48:57
1833487118,User:AusLondonder/XfD log,AusLondonder,false,161,enwiki,2024-10-27 07:49:03
1833487201,Spencer Tunick,Laterthanyouthink,false,-373,enwiki,2024-10-27 07:49:30
1833487217,COVID-19 pandemic in the San Francisco Bay Area,Mxn,false,874,enwiki,2024-10-27 07:48:44
1833487403,Wikipedia:Articles for deletion/Log/2024 October 20,Northamerica1000,false,9,enwiki,2024-10-27 07:50:07
357997911,High and Mighty Color,Hutch,false,0,dewiki,2024-10-27 07:50:46
1833487617,Gas cylinder,Pbsouthwood,false,430,enwiki,2024-10-27 07:51:08
1833487706,Archibald Jamieson,Kaliforniyka,false,-7,enwiki,2024-10-27 07:51:34
1833487803,User:Kalathei95/sandbox/List of F1 Drivers/F1 driver record template,Kalathei95,false,95,enwiki,2024-10-27 07:51:52
1833487505,Converge (band),Binksternet,false,-156,enwiki,2024-10-27 07:50:49
1833487705,Talk:Yassierli,JarrahTree,false,100,enwiki,2024-10-27 07:51:34
1833487807,St. Louis Blues,Sbaio,false,33,enwiki,2024-10-27 07:51:50
1833487506,DIC Movie Toons,MimirIsSmart,false,427,enwiki,2024-10-27 07:50:50
1833487712,Strawberry Shortcake: Berry in the Big City,Mushy Yank,false,-92,enwiki,2024-10-27 07:51:31
1833487808,Arthur Collins (singer),Solo4701,false,-44,enwiki,2024-10-27 07:51:51
357997910,Wikipedia:Redaktion Film und Fernsehen/Glashütte/Tatort: Schweigen,Bergfalke2,false,81,dewiki,2024-10-27 07:50:46
1833487509,Quadball Canada,Natg 19,false,-1,enwiki,2024-10-27 07:50:50
1833487600,Plec pe Marte,Swinub,false,2,enwiki,2024-10-27 07:51:07
1833487710,Draft:Deepavali Bonus,Gowthamaprabu,false,2345,enwiki,2024-10-27 07:51:35
1833487813,V. Muniyappa,Mo Sambou,false,-492,enwiki,2024-10-27 07:51:51
1833487510,Wikipedia:Categories for discussion/Speedy,AusLondonder,false,191,enwiki,2024-10-27 07:50:50
1833487602,File:LA Adamson.JPG,Jlwoodwa,false,8,enwiki,2024-10-27 07:51:09
1833487711,Community radio,Sdkb,false,1,enwiki,2024-10-27 07:51:32
1833487814,2024–25 Wellington Phoenix FC season,Ausfootballfan,false,1,enwiki,2024-10-27 07:51:51
1833487511,Pernštejn family,Monkbot,true,1,enwiki,2024-10-27 07:50:51
1833487603,Infidelity,Sdkb,false,1,enwiki,2024-10-27 07:51:06
1833487713,Allendale (house),Grutness,false,-8,enwiki,2024-10-27 07:51:36
1833487815,Novak,Monkbot,true,3,enwiki,2024-10-27 07:51:52
1833487512,Wikipedia:Articles for deletion/Log/2024 October 27,Northamerica1000,false,60,enwiki,2024-10-27 07:50:50
1833487605,Jinjira massacre,XTheBedrockX,false,57,enwiki,2024-10-27 07:51:10
1833487818,Pannika Wanich,Crcolas,false,4,enwiki,2024-10-27 07:51:54
1833487502,Allendale (house),Grutness,false,-1,enwiki,2024-10-27 07:50:49
1833487514,Blue Bloods season 2,Jrtafoya87,false,0,enwiki,2024-10-27 07:50:51
1833487606,Wales women's national football team,Colin2027,false,3,enwiki,2024-10-27 07:51:07
1833487800,"Leninsky, Davlekanovsky District, Republic of Bashkortostan",Monkbot,true,1,enwiki,2024-10-27 07:51:49
1833487503,Wikipedia:Articles for deletion/Mehazkim,Northamerica1000,false,701,enwiki,2024-10-27 07:50:50
1833487517,2024 AFL Women's season,4TheWynne,false,8,enwiki,2024-10-27 07:50:48
357997915,Gekreuzigter Christus (Velázquez),Warburg1866,false,-67,dewiki,2024-10-27 07:50:59
1833487607,"Category:Actors from Spokane, Washington",Ernsanchez00,false,-68,enwiki,2024-10-27 07:51:11
1833487703,3DO,Steve PlanetEarth,false,0,enwiki,2024-10-27 07:51:31
1833487802,"Timeline of Kilgore, Texas",No No No No Name fu,false,38,enwiki,2024-10-27 07:51:51
1833487504,User:Krisgabwoosh/Germán Busch 2,Krisgabwoosh,false,-5,enwiki,2024-10-27 07:50:48
1833487608,Řeka,Monkbot,true,1,enwiki,2024-10-27 07:51:09
1833487704,German Wine Route,Monkbot,true,1,enwiki,2024-10-27 07:51:32
1833487804,User talk:WWGB,WWGB,false,604,enwiki,2024-10-27 07:51:51
1833487819,Template:Infobox college soccer team,Crazypaco,false,12,enwiki,2024-10-27 07:51:54
1833487900,Villeneuve-de-Rivière,Monkbot,true,1,enwiki,2024-10-27 07:52:16
1833488006,Women's basketball,Dale Arnett,false,51,enwiki,2024-10-27 07:52:41
1833488114,Spokoyevka,Monkbot,true,1,enwiki,2024-10-27 07:52:57
1833487902,Draft:Yasmin mahmoud 516,SafariScribe,false,72,enwiki,2024-10-27 07:52:20
1833488100,Ongole Lok Sabha constituency,Liz,false,-4,enwiki,2024-10-27 07:52:54
1833488113,V. Muniyappa,Mo Sambou,false,-2393,enwiki,2024-10-27 07:52:58
1833487906,Wikipedia:Requested moves/Current discussions (table),RMCD bot,true,0,enwiki,2024-10-27 07:52:19
1833488008,Draft:Michael Hammond-Wilson,SafariScribe,false,104,enwiki,2024-10-27 07:52:43
1833488101,2019 Indian general election in Andhra Pradesh,Liz,false,-4,enwiki,2024-10-27 07:52:54
1833488115,2004 Andhra Pradesh Legislative Assembly election,Liz,false,-4,enwiki,2024-10-27 07:52:55
1833487904,User talk:197.46.46.205,SafariScribe,false,1267,enwiki,2024-10-27 07:52:21
1833488009,Mövenpick Khulna,BoyTheKingCanDance,false,-1,enwiki,2024-10-27 07:52:44
1833488103,Ongole Assembly constituency,Liz,false,-4,enwiki,2024-10-27 07:52:54
1833488117,Davido,100.1.78.44,false,0,enwiki,2024-10-27 07:52:57
1833487908,Gribkovo,Monkbot,true,1,enwiki,2024-10-27 07:52:20
1833488010,Fahad Yusuf Al-Sabah,Asrefaei,false,47,enwiki,2024-10-27 07:52:44
1833488104,Darsi Assembly constituency,Liz,false,-4,enwiki,2024-10-27 07:52:54
1833488118,Old Castle (Stuttgart),Monkbot,true,3,enwiki,2024-10-27 07:53:00
1833488011,Somkit Lertpaithoon,Crcolas,false,-30,enwiki,2024-10-27 07:52:43
1833488105,Tyra Banks,Tinton5,false,-31,enwiki,2024-10-27 07:52:55
1833488012,List of Miss Grand International titleholders,Ddjingjing,false,732,enwiki,2024-10-27 07:52:41
1833488109,User:AusLondonder/XfD log,AusLondonder,false,148,enwiki,2024-10-27 07:52:55
1833488016,Talk:MX Player,202.78.236.193,false,-4,enwiki,2024-10-27 07:52:43
1833488110,List of Chelsea F.C. players (1–24 appearances),Chelsdog,false,2,enwiki,2024-10-27 07:52:48
1833488017,Janet Lees Price,91.181.17.152,false,1,enwiki,2024-10-27 07:52:45
1833487901,1934 SEC men's basketball tournament,Ha2772a,false,11,enwiki,2024-10-27 07:52:17
1833488005,"Črni Vrh, Idrija",Monkbot,true,8,enwiki,2024-10-27 07:52:41
1833488112,Jarrod Wallace,111.220.31.191,false,-5,enwiki,2024-10-27 07:52:57
1833488317,1989,Dawnseeker2000,false,-363,enwiki,2024-10-27 07:53:53
1833488500,Limonene,Doc James,false,-11,enwiki,2024-10-27 07:54:39
1833488517,User:SafariScribe/AfC log,SafariScribe,false,119,enwiki,2024-10-27 07:54:18
1833488318,Cermei,Monkbot,true,2,enwiki,2024-10-27 07:53:55
1833488406,South Korea at the CONCACAF Gold Cup,125.181.190.223,false,-13,enwiki,2024-10-27 07:54:20
1833488503,Niall Garve O'Donnell,SkywalkerEccleston,false,869,enwiki,2024-10-27 07:54:39
1833488516,User:Therealtwo/sandbox,Therealtwo,false,-4,enwiki,2024-10-27 07:54:48
357998005,Benutzer:Altsprachenfreund/Stolpersteine,TaxonBota,true,-125,dewiki,2024-10-27 07:55:07
1833488407,2017 Western New Mexico Mustangs football team,Mes tex,false,195,enwiki,2024-10-27 07:54:21
1833488504,2024–25 St. Louis Blues season,HalfOfAnOrange,false,260,enwiki,2024-10-27 07:54:41
1833488519,Buldhana Assembly constituency,2409:4081:1C90:7D88:B08C:64B8:3C2:A6EB,false,24,enwiki,2024-10-27 07:54:46
1833488300,Vienna Declaration and Programme of Action,Sdkb,false,-5,enwiki,2024-10-27 07:53:48
1833488409,Module:Israeli-Palestinian conflict detailed map,President Loki,false,-2,enwiki,2024-10-27 07:54:22
1833488505,Kaskinen,2001:999:60C:98A:376F:61A0:A80B:561D,false,46,enwiki,2024-10-27 07:54:39
357998003,De Fetzer,Thomas Meffert,false,0,dewiki,2024-10-27 07:54:55
1833488301,Abdul Shakoor,Vif12vf,false,-79,enwiki,2024-10-27 07:53:49
1833488417,"Turgon, Charente",Monkbot,true,1,enwiki,2024-10-27 07:54:20
1833488507,Dobrich,Sdkb,false,4,enwiki,2024-10-27 07:54:42
1833488302,Seefeld Saddle,Monkbot,true,1,enwiki,2024-10-27 07:53:49
1833488418,Wikipedia:Articles for deletion/Tatsuki Noda,Liz,false,743,enwiki,2024-10-27 07:54:23
1833488509,Sacred bull,Quezerque,false,-2,enwiki,2024-10-27 07:54:45
1833488306,San Diego Crossing,76.88.55.135,false,-1,enwiki,2024-10-27 07:53:53
1833488419,Zhang Shuai,Fyunck(click),false,-45,enwiki,2024-10-27 07:54:21
357998000,Portal:Katar/Neue Artikel,TaxonBota,true,48,dewiki,2024-10-27 07:54:47
357998004,Jagsthausen (Begriffsklärung),Yoursmile,false,15,dewiki,2024-10-27 07:55:05
1833488307,Smrečnik,Monkbot,true,1,enwiki,2024-10-27 07:53:52
1833488511,"Brignac, Hérault",Monkbot,true,1,enwiki,2024-10-27 07:54:44
1833488501,Peyrole,Monkbot,true,1,enwiki,2024-10-27 07:54:40
1833488513,Gerash,JulBanou,false,164,enwiki,2024-10-27 07:54:44
1833488316,Interstate 94 in Illinois,207.172.34.206,false,16,enwiki,2024-10-27 07:53:53
1833488404,Payphone,MountVic127,false,7,enwiki,2024-10-27 07:54:18
1833488502,Eurovision Song Contest 1995,Bray0829,false,188,enwiki,2024-10-27 07:54:37
1833488515,Allophylus,Declangi,false,-57,enwiki,2024-10-27 07:54:47
1833488601,Archibald Jamieson,Kaliforniyka,false,3,enwiki,2024-10-27 07:55:13
357998012,ATP Challenger Curitiba,Catgamer,false,150,dewiki,2024-10-27 07:55:30
357998015,Moormann und Selb,Stegosaurus Rex,false,-1,dewiki,2024-10-27 07:55:36
1833488812,Suthon Sukphisit,Crcolas,false,-6,enwiki,2024-10-27 07:56:24
1833488900,2024 Toray Pan Pacific Open – Singles,Miijumaaru,false,14,enwiki,2024-10-27 07:56:48
1833489009,Great Synagogue (Katowice),Monkbot,true,4,enwiki,2024-10-27 07:57:27
357998006,Portal:Katar/Arbeitsliste,TaxonBota,true,48,dewiki,2024-10-27 07:55:11
1833488603,Namdhari,Sdkb,false,1,enwiki,2024-10-27 07:55:10
1833488715,2024 Rugby League Pacific Championships,Sevisc202,false,5,enwiki,2024-10-27 07:55:49
1833488813,Philadelphia Flyers,Sbaio,false,33,enwiki,2024-10-27 07:56:19
1833489011,Allambie Heights,110.175.26.94,false,66,enwiki,2024-10-27 07:57:29
1833488604,Głubczyce County,Monkbot,true,2,enwiki,2024-10-27 07:55:12
357998010,Reformation und Gegenreformation in der Schweiz,Tri-l,false,-2,dewiki,2024-10-27 07:55:22
357998013,Hippolyte Bernheim,Hutch,false,-3,dewiki,2024-10-27 07:55:31
1833488717,Law & Order: Organized Crime,TheMainLogan,false,-68,enwiki,2024-10-27 07:55:48
1833488800,"Bhavan's Vidya Mandir, Girinagar",Arnav2005kochi,false,280,enwiki,2024-10-27 07:56:21
1833488814,Future Boy Conan,Smeagol 17,false,23,enwiki,2024-10-27 07:56:23
1833488902,User talk:অনুরাগ,Northamerica1000,false,1071,enwiki,2024-10-27 07:56:52
1833489012,User talk:Sdkb,Sdkb,false,308,enwiki,2024-10-27 07:57:27
1833488607,Ranokhetro,Swinub,false,2,enwiki,2024-10-27 07:55:14
357998018,Hawk Tuah,Seemannssonntag,false,-6,dewiki,2024-10-27 07:55:43
1833488719,Limna,Monkbot,true,2,enwiki,2024-10-27 07:55:51
1833488801,Heinrich von Brühl,Monkbot,true,1,enwiki,2024-10-27 07:56:20
1833488817,User talk:WWGB,WWGB,false,-2907,enwiki,2024-10-27 07:56:27
1833488903,Category:Wikipedia categories named after populated places in Croatia,AusLondonder,false,-44,enwiki,2024-10-27 07:56:53
1833489013,Burmese salads,Hintha,false,1160,enwiki,2024-10-27 07:57:28
1833488612,Dubai,Alexandriuz,false,2,enwiki,2024-10-27 07:55:03
1833488802,Category:Wikipedia categories named after populated places in Colombia,AusLondonder,false,-45,enwiki,2024-10-27 07:56:23
1833488818,"Sebastián González (footballer, born 2003)",89.237.148.254,false,374,enwiki,2024-10-27 07:56:25
1833488904,"Clarkston, Utah",PWHIT66,false,72,enwiki,2024-10-27 07:56:52
1833489001,Hodgetwins,2601:84:8600:4B60:C851:96F5:314D:E6B7,false,0,enwiki,2024-10-27 07:57:23
1833489015,Interstate 94 in Illinois,207.172.34.206,false,16,enwiki,2024-10-27 07:57:29
357998007,Rüdiger Henning,Onkelkoeln,false,-3,dewiki,2024-10-27 07:55:12
1833488615,Bernac-Dessus,Monkbot,true,1,enwiki,2024-10-27 07:55:15
1833488808,Melissa Barrera,Crash Underride,false,0,enwiki,2024-10-27 07:56:22
1833488819,House of Romanov,Alexandriuz,false,-26,enwiki,2024-10-27 07:56:23
1833488908,User:SuperSkaterDude45/sandbox2,SuperSkaterDude45,false,-34,enwiki,2024-10-27 07:56:55
1833489002,Miss Grand India,103.68.21.127,false,-6,enwiki,2024-10-27 07:57:22
1833488616,"File:Bo Morton, 1934.jpg",Jlwoodwa,false,8,enwiki,2024-10-27 07:55:18
1833488707,"Saint-Brès, Gers",Monkbot,true,1,enwiki,2024-10-27 07:55:44
1833488809,High and Dry / Planet Telex,Swinub,false,2,enwiki,2024-10-27 07:56:24
1833488909,Aaahh!!! Real Monsters,MimirIsSmart,false,54,enwiki,2024-10-27 07:56:52
1833489003,Saint-Georges-d'Orques,Monkbot,true,1,enwiki,2024-10-27 07:57:23
1833489017,Friedrich Wilhelm Rembert von Berg,Monkbot,true,2,enwiki,2024-10-27 07:57:30
1833488617,List of Chelsea F.C. players (25–99 appearances),Chelsdog,false,1,enwiki,2024-10-27 07:55:11
357998014,Liste der Kulturdenkmale in Großnaundorf,Heiner Martin,false,43,dewiki,2024-10-27 07:55:32
1833488710,V. Muniyappa,PakEditor,false,320,enwiki,2024-10-27 07:55:48
1833488910,Wikipedia:Articles for deletion/Log/2024 October 20,Liz,false,9,enwiki,2024-10-27 07:56:43
1833489006,Anthony Martial,Stuart1234,false,-232,enwiki,2024-10-27 07:57:24
1833489018,Vagri,2605:8D80:560:7D30:E994:3A64:FED9:4CBE,false,-260,enwiki,2024-10-27 07:57:33
1833488618,Veliki Rakitovec,Monkbot,true,1,enwiki,2024-10-27 07:55:19
357998011,Caroline Peters,2003:E1:3F13:AB6:A1FA:4B5F:94F5:4A75,false,0,dewiki,2024-10-27 07:55:27
1833488712,Louis Tikas,Monkbot,true,2,enwiki,2024-10-27 07:55:48
1833488911,Pyllini,Monkbot,true,1,enwiki,2024-10-27 07:56:54
1833489007,Draft:Fran Littlewood,Starklinson,false,68,enwiki,2024-10-27 07:57:26
357998008,Goodwood Circuit,Harald Gallinnis,false,-69,dewiki,2024-10-27 07:55:21
1833488711,The Simpsons,Jediknight15,false,-52,enwiki,2024-10-27 07:55:31
1833488810,Melina Aslanidou,Monkbot,true,1,enwiki,2024-10-27 07:56:24
1833488913,Gas cylinder,Pbsouthwood,false,20,enwiki,2024-10-27 07:56:51
1833489008,Wikipedia:Articles for deletion/Log/2024 October 27,Liz,false,81,enwiki,2024-10-27 07:57:25
1833489115,2024–25 Anaheim Ducks season,HalfOfAnOrange,false,2,enwiki,2024-10-27 07:58:05
1833489203,The Angry Beavers,MimirIsSmart,false,46,enwiki,2024-10-27 07:58:32
1833489300,Simon Ngapandouetnbu,Synorem,false,9,enwiki,2024-10-27 07:59:01
1833489318,Laski Wałeckie,Monkbot,true,1,enwiki,2024-10-27 07:59:08
1833489409,List of architecture schools in India,Wiki6995,false,-2,enwiki,2024-10-27 07:59:33
1833489202,Wikipedia:Administrator intervention against vandalism,FifthFive,false,256,enwiki,2024-10-27 07:58:34
1833489301,Payrin-Augmontel,Monkbot,true,1,enwiki,2024-10-27 07:59:01
1833489319,User talk:Timefurtherout,67.169.123.64,false,271,enwiki,2024-10-27 07:59:11
1833489117,Dimitrios Kamberos,Monkbot,true,1,enwiki,2024-10-27 07:58:08
1833489204,Snežana Paunović,CJCurrie,false,1011,enwiki,2024-10-27 07:58:35
1833489302,Live After Death,HariManuel97,false,333,enwiki,2024-10-27 07:59:01
1833489303,User talk:Jhomz947979,Synorem,false,1134,enwiki,2024-10-27 07:59:03
1833489413,2024–25 Auckland FC season,Harry Ralph,false,108,enwiki,2024-10-27 07:59:32
1833489101,Cranbrook/Canadian Rockies International Airport,JoshuaEW,false,-26,enwiki,2024-10-27 07:58:03
1833489206,Simon Ngapandouetnbu,Jhomz947979,false,-9,enwiki,2024-10-27 07:58:35
1833489304,"Arla, Greece",Monkbot,true,1,enwiki,2024-10-27 07:59:05
1833489415,New Zealand electorates,Schwede66,false,200,enwiki,2024-10-27 07:59:36
1833489105,Fairfield Public School,203.220.199.137,false,0,enwiki,2024-10-27 07:58:04
1833489215,Phospho-N-acetylmuramoyl-pentapeptide-transferase,Natg 19,false,22,enwiki,2024-10-27 07:58:36
1833489416,Dopamine transporter,Boghog,false,291,enwiki,2024-10-27 07:59:34
1833489107,Category:People from Carnforth,Ernsanchez00,false,3,enwiki,2024-10-27 07:58:06
1833489310,1976 Missouri Attorney General election,Indylover2010,false,50,enwiki,2024-10-27 07:59:06
1833489418,Stavros Labrakis,Monkbot,true,1,enwiki,2024-10-27 07:59:38
1833489112,Nowe,Monkbot,true,1,enwiki,2024-10-27 07:58:05
1833489309,Brad S. Karp,J450NH3,false,1,enwiki,2024-10-27 07:59:07
1833489400,Cazaux-Villecomtal,Monkbot,true,1,enwiki,2024-10-27 07:59:31
1833489419,Template:Ireland national rugby union team captains,Jevansen,false,0,enwiki,2024-10-27 07:59:40
1833489113,Kutché,Swinub,false,6,enwiki,2024-10-27 07:58:07
1833489312,Russian literature,14.199.45.105,false,0,enwiki,2024-10-27 07:58:58
1833489401,1976 Missouri Attorney General election,Indylover2010,false,38,enwiki,2024-10-27 07:59:33
1833489114,Chauhan dynasty,Gotitbro,false,-23,enwiki,2024-10-27 07:58:07
1833489200,Monty Python,Red dwarf,false,7,enwiki,2024-10-27 07:58:27
1833489317,1989,Dawnseeker2000,false,-26,enwiki,2024-10-27 07:59:06
1833489408,Novyye Usy,Monkbot,true,2,enwiki,2024-10-27 07:59:35
1833489506,Mao Zedong,Chuckles987,false,-44,enwiki,2024-10-27 07:59:49
1833489603,Roquevidal,Monkbot,true,1,enwiki,2024-10-27 08:00:31
357998104,Liste der Kulturgüter in Stettlen,Uschoen,false,91,dewiki,2024-10-27 08:00:45
357998106,Marc,Van.ike,false,72,dewiki,2024-10-27 08:00:50
357998109,Portal:Regensburg/Neue Artikel,TaxonBota,true,-34,dewiki,2024-10-27 08:01:04
1833489807,19th Rome Film Festival,Rickyurs,false,22,enwiki,2024-10-27 08:01:17
1833489507,Io capitano,Οἶδα,false,-3,enwiki,2024-10-27 08:00:03
1833489612,2024–25 New York Rangers season,HalfOfAnOrange,false,-19,enwiki,2024-10-27 08:00:32
1833489808,List of equipment of the Islamic Republic of Iran Air Defense Force,Nafis Fuad Ayon,false,17104,enwiki,2024-10-27 08:01:15
1833489508,File:Eiga Doraemon Nobita no Shin Kyōryū poster.jpg,2409:4042:270D:692C:A39C:D740:F90C:D5,false,1,enwiki,2024-10-27 08:00:05
1833489613,Draft:Fav!,5.165.251.200,false,113,enwiki,2024-10-27 08:00:32
357998105,Liste der Bodendenkmale in Neu Wulmstorf,ClausNe,false,2851,dewiki,2024-10-27 08:00:44
1833489809,Axel Anthon Björnbo,Idoghor Melody,false,3,enwiki,2024-10-27 08:01:18
1833489511,Bušince,Monkbot,true,2,enwiki,2024-10-27 08:00:05
357998100,Portal:Trinidad & Tobago/Neue Artikel,TaxonBota,true,-33,dewiki,2024-10-27 08:00:36
357998102,Portal:Slowenien/Neue Artikel,TaxonBota,true,37,dewiki,2024-10-27 08:00:44
1833489811,File:Secretplace.JPG,Mattbr,false,177,enwiki,2024-10-27 08:01:19
1833489719,Common Security and Defence Policy,TravelerFromEuropeanUnion,false,0,enwiki,2024-10-27 08:00:46
357998110,Friedrich von Zezschwitz,Freygangfreunde,false,104,dewiki,2024-10-27 08:01:14
1833489813,Peanuts filmography,67.40.202.59,false,-32,enwiki,2024-10-27 08:01:15
1833489514,Cohen and Tate,73.198.228.28,false,24,enwiki,2024-10-27 08:00:08
1833489814,Wikipedia:Dashboard/Requests for comment,Legobot,true,96,enwiki,2024-10-27 08:01:19
1833489501,User:AmandaNP/UAA/Time,DeltaQuadBot,true,0,enwiki,2024-10-27 08:00:03
1833489516,Oysters (short story),Monkbot,true,1,enwiki,2024-10-27 08:00:08
357998101,Benutzer:Fornax/Baustelle1,Fornax,false,19,dewiki,2024-10-27 08:00:38
357998103,Wikipedia:Café,Sicherlich,false,212,dewiki,2024-10-27 08:00:34
1833489500,Wikipedia:Sandbox,Cyberbot I,true,202,enwiki,2024-10-27 08:00:02
1833489517,Brooke Burke,Tinton5,false,-1,enwiki,2024-10-27 08:00:08
1833489600,Scottish Australians,AnomieBOT,true,18,enwiki,2024-10-27 08:00:29
1833489800,Wikipedia:Requests for comment/History and geography,Legobot,true,409,enwiki,2024-10-27 08:01:15
1833489504,Horizon Zero Dawn,DonnieNova,false,0,enwiki,2024-10-27 07:59:58
1833489519,2024–25 Minnesota Timberwolves season,爨龘龘,false,74,enwiki,2024-10-27 08:00:07
1833489601,Pehowa Assembly constituency,Batthini Vinay Kumar Goud,false,296,enwiki,2024-10-27 08:00:31
357998108,Benutzer:Wartungsstube/Schwerin,TaxonBota,true,4,dewiki,2024-10-27 08:00:49
1833489803,Wikipedia:Requests for comment/Religion and philosophy,Legobot,true,409,enwiki,2024-10-27 08:01:17
1833489505,Svetega Petra Hrib,Monkbot,true,1,enwiki,2024-10-27 08:00:02
1833489602,Draft talk:Fav!,5.165.251.200,false,47,enwiki,2024-10-27 08:00:33
1833489804,Ivashevo,Monkbot,true,1,enwiki,2024-10-27 08:01:16
1833489914,User:Johin17,Johin17,false,333,enwiki,2024-10-27 08:01:45
1833490008,User:KiranBOT/MOSTREFS/log,KiranBOT,true,0,enwiki,2024-10-27 08:02:13
1833490104,"Zhukovo, Belgorod Oblast",Monkbot,true,1,enwiki,2024-10-27 08:02:36
1833490206,Mankatha,Thalapathy2400,false,296,enwiki,2024-10-27 08:02:57
357998111,City of Playford International 2024/Herren,Catgamer,false,-2,dewiki,2024-10-27 08:01:25
1833489916,Pinyug,Monkbot,true,1,enwiki,2024-10-27 08:01:44
1833490009,User talk:2600:1700:9E15:20:45F0:20B:338E:8186,PakEditor,false,535,enwiki,2024-10-27 08:02:13
1833490103,Draft:Miss Global 2020,Mayanicaragua,false,121,enwiki,2024-10-27 08:02:37
1833490207,Sokołów County,Monkbot,true,1,enwiki,2024-10-27 08:03:02
1833489917,Talk:Thirudi,Bot1058,true,-132,enwiki,2024-10-27 08:01:46
1833490010,Pandrignes,Monkbot,true,1,enwiki,2024-10-27 08:02:11
1833490106,List of Wales women's international footballers,Colin2027,false,6,enwiki,2024-10-27 08:02:37
1833490212,Aderemi Adegbite,Sumanuil,false,-196,enwiki,2024-10-27 08:03:03
357998114,Stan Persky,Onkelkoeln,false,-255,dewiki,2024-10-27 08:01:40
1833490011,"Bhavan's Vidya Mandir, Girinagar",Synorem,false,-8,enwiki,2024-10-27 08:02:14
1833490214,Futurama,Jediknight15,false,185,enwiki,2024-10-27 08:02:57
1833489902,Club DeLisa,Citation bot,true,-58,enwiki,2024-10-27 08:01:42
1833490012,Talk:Methamphetamine,Whywhenwhohow,false,205,enwiki,2024-10-27 08:02:13
1833490108,Category:Modern Orthodox synagogues in the United States,Rangasyd,false,17,enwiki,2024-10-27 08:02:39
1833490216,Christopher Michael King,Melcous,false,2,enwiki,2024-10-27 08:03:05
1833489903,User talk:Bushido77,HistoryTheorist,false,442,enwiki,2024-10-27 08:01:41
357998118,Wikipedia:WikiProjekt Frauen/Frauen in Rot/Fehlende Artikel nach Nationalität/Irakerinnen,TaxonBot,true,-56,dewiki,2024-10-27 08:01:42
1833490013,"Category:People from Fence, Lancashire",Ernsanchez00,false,59,enwiki,2024-10-27 08:02:15
1833490109,2025 NFL draft,Jusgtr,false,96,enwiki,2024-10-27 08:02:38
1833490219,Mastigas,Monkbot,true,1,enwiki,2024-10-27 08:03:05
1833489904,List of equipment of the Islamic Republic of Iran Air Defense Force,Nafis Fuad Ayon,false,-580,enwiki,2024-10-27 08:01:41
1833490001,Wikipedia:Categories for discussion/Log/2024 October 27,Crowsus,false,277,enwiki,2024-10-27 08:02:10
1833490015,Talk:Fabian Vogel,GrabUp,false,34,enwiki,2024-10-27 08:02:15
1833490113,User:ClueBot III/Indices/User talk:Bamyers99,ClueBot III,true,41,enwiki,2024-10-27 08:02:40
1833489905,"Category:People from Brierfield, Lancashire",Ernsanchez00,false,14,enwiki,2024-10-27 08:01:43
1833490003,Mewasi,Ratnahastin,false,77,enwiki,2024-10-27 08:02:10
1833490017,... and the Beat Goes On!,95.102.154.28,false,-7,enwiki,2024-10-27 08:02:16
1833490115,Talk:Auckland Domain,HTGS,false,424,enwiki,2024-10-27 08:02:38
1833490202,Nick Cannon,Tinton5,false,0,enwiki,2024-10-27 08:02:59
357998113,Benutzer:Wartungsstube/Heilbronn,TaxonBota,true,-29,dewiki,2024-10-27 08:01:30
1833489906,Libočany,Monkbot,true,1,enwiki,2024-10-27 08:01:40
357998119,Portal:Georgien/Neue Artikel,TaxonBota,true,-36,dewiki,2024-10-27 08:01:51
1833490004,Wikipedia:Redirects for discussion/Log/2024 October 26,Ca,false,209,enwiki,2024-10-27 08:02:06
1833490018,User talk:152.58.216.121,Synorem,false,496,enwiki,2024-10-27 08:02:17
1833490101,Suguna PIP School,Ajay Platinum,false,-1,enwiki,2024-10-27 08:02:36
1833490118,"Limni, Euboea",Monkbot,true,1,enwiki,2024-10-27 08:02:39
1833490203,Kentucky State Marching Band Championships,Mosse32,false,261,enwiki,2024-10-27 08:03:01
1833489912,John Hutchinson (association footballer),123.231.91.202,false,0,enwiki,2024-10-27 08:01:43
1833490006,HMS Audacious,Idoghor Melody,false,2,enwiki,2024-10-27 08:02:11
1833490019,Dareecha,Mushy Yank,false,-29,enwiki,2024-10-27 08:02:15
1833490102,Laure (Nepalese rapper),Sumanmali11,false,-5,enwiki,2024-10-27 08:02:36
1833490204,Wikipedia:WikiProject Deletion sorting/Bangladesh,AnomieBOT,true,-49,enwiki,2024-10-27 08:03:01
1833490407,Kutno County,Monkbot,true,1,enwiki,2024-10-27 08:03:52
1833490301,Wikipedia:Dashboard/Relisted AfD debates,Legobot,true,182,enwiki,2024-10-27 08:03:29
1833490410,Wikipedia:WikiProject Deletion sorting/Brazil/archive,AnomieBOT,true,183,enwiki,2024-10-27 08:03:52
1833490303,Lugaid Loígde,ClueBot NG,false,-5128,enwiki,2024-10-27 08:03:29
1833490412,Cesare Maria De Vecchi,Citation bot,true,2,enwiki,2024-10-27 08:03:54
1833490513,User talk:Sculture65,Sculture65,false,-9595,enwiki,2024-10-27 08:04:22
1833490304,User:Cyberbot I/AfD report,Cyberbot I,true,-88,enwiki,2024-10-27 08:03:30
1833490415,2024 National Premier Leagues,Sevisc202,false,18,enwiki,2024-10-27 08:03:55
1833490514,Choi Gwi-hwa,Idoghor Melody,false,2,enwiki,2024-10-27 08:04:22
1833490307,Extreme Dinosaurs,LTPHarry,false,-35,enwiki,2024-10-27 08:03:27
1833490414,Nickelback discography,DonkeyDood15 ukog-monkey,false,0,enwiki,2024-10-27 08:03:54
1833490518,Orlen,Monkbot,true,1,enwiki,2024-10-27 08:04:22
1833490311,California Golden Seals,Sbaio,false,33,enwiki,2024-10-27 08:03:29
1833490416,Bethmale,Monkbot,true,1,enwiki,2024-10-27 08:03:55
1833490519,Gabriel Milito,The Special Man,false,0,enwiki,2024-10-27 08:04:20
1833490318,Drulovka,Monkbot,true,3,enwiki,2024-10-27 08:03:30
1833490401,Dimension: Dilemma,120.29.110.151,false,-1,enwiki,2024-10-27 08:03:49
1833490417,List of Hey Arnold! characters,MimirIsSmart,false,-58,enwiki,2024-10-27 08:03:56
1833490500,Bayki,Monkbot,true,2,enwiki,2024-10-27 08:04:19
1833490319,1945 SEC men's basketball tournament,BoyTheKingCanDance,false,33,enwiki,2024-10-27 08:03:30
1833490404,Gerash,JulBanou,false,38,enwiki,2024-10-27 08:03:50
1833490418,Tri Kappa,Rublamb,false,-14015,enwiki,2024-10-27 08:03:57
1833490405,"Category:People from Preston, Lancashire",Ernsanchez00,false,61,enwiki,2024-10-27 08:03:52
1833490506,Pittsburgh Pirates (NHL),Sbaio,false,33,enwiki,2024-10-27 08:04:20
1833490406,Māori wards and constituencies,2405:DA40:4374:6600:B925:9175:DD6D:E47C,false,-16,enwiki,2024-10-27 08:03:49
1833490510,Romantic comedy,AnomieBOT,true,36,enwiki,2024-10-27 08:04:20
1833490603,Nishapur County,2A01:5EC0:D803:9775:1:0:6597:A746,false,-4,enwiki,2024-10-27 08:04:42
1833490711,2024 Texas A&M Aggies football team,AndreDaGamer,false,3,enwiki,2024-10-27 08:05:11
1833490819,Zach Awe,Fats40boy11,false,0,enwiki,2024-10-27 08:05:43
1833490604,Buldhana Assembly constituency,2409:4081:1C90:7D88:B08C:64B8:3C2:A6EB,false,889,enwiki,2024-10-27 08:04:44
1833490712,1976 Missouri Attorney General election,Indylover2010,false,4,enwiki,2024-10-27 08:05:12
1833490607,"John Tollemache, 5th Baron Tollemache",Kaliforniyka,false,33,enwiki,2024-10-27 08:04:46
1833490700,Hearing aid,Whywhenwhohow,false,-10,enwiki,2024-10-27 08:05:06
1833490715,Levín,Monkbot,true,1,enwiki,2024-10-27 08:05:11
1833490900,User:Imcdc/sandbox,Imcdc,false,-31,enwiki,2024-10-27 08:06:02
1833490609,Johan Throne Holst,Idoghor Melody,false,16,enwiki,2024-10-27 08:04:47
1833490701,Anonymous pilgrim of Piacenza,Idoghor Melody,false,9,enwiki,2024-10-27 08:05:09
1833490719,Typhoon Unit (Ukraine),Idoghor Melody,false,-12,enwiki,2024-10-27 08:05:14
1833490901,Category:People from Clitheroe,Ernsanchez00,false,3,enwiki,2024-10-27 08:06:02
1833490613,Hugh MacEdegany,BoyTheKingCanDance,false,-2,enwiki,2024-10-27 08:04:49
1833490704,1944 SEC men's basketball tournament,BoyTheKingCanDance,false,-41,enwiki,2024-10-27 08:05:11
1833490800,Talk:SPSS,120.29.88.199,false,152,enwiki,2024-10-27 08:05:39
1833490902,I Don't Wanna Wait (David Guetta and OneRepublic song),2001:4C4C:21E4:1C00:A5DE:C4B3:E6E:93BD,false,0,enwiki,2024-10-27 08:06:00
1833490612,2026 FIFA World Cup qualification – AFC third round,Exexpert,false,5,enwiki,2024-10-27 08:04:44
1833490703,Talk:Izz ad-Din al-Qassam Brigades,Paine Ellsworth,false,39,enwiki,2024-10-27 08:05:11
1833490813,"Loupiac, Gironde",Monkbot,true,1,enwiki,2024-10-27 08:05:40
1833490903,User talk:Lonniemitchell22,Commander Keane,false,2148,enwiki,2024-10-27 08:05:57
1833490614,Yiannis Melanitis,Monkbot,true,1,enwiki,2024-10-27 08:04:47
1833490814,Gas cylinder,Pbsouthwood,false,23,enwiki,2024-10-27 08:05:40
1833490908,Dolenje Kališče,Monkbot,true,1,enwiki,2024-10-27 08:06:01
1833490616,IslamQA.info,Sumanuil,false,-4,enwiki,2024-10-27 08:04:50
1833490705,Wikipedia:WikiProject Deletion sorting/Computing,AnomieBOT,true,-130,enwiki,2024-10-27 08:05:11
1833490816,"Haast, New Zealand",Marshelec,false,58,enwiki,2024-10-27 08:05:41
1833490601,Perennial,49.182.149.171,false,12,enwiki,2024-10-27 08:04:41
1833490618,Invincible Fight Girl,DiscordApple,false,198,enwiki,2024-10-27 08:04:48
1833490710,Talk:Clapham Park (ward),GrabUp,false,19,enwiki,2024-10-27 08:05:12
1833490817,Willi Orbán,RuthStevens,false,52,enwiki,2024-10-27 08:05:38
1833490602,Bučioniai,Monkbot,true,2,enwiki,2024-10-27 08:04:44
1833490619,Winnipeg Jets (1972–1996),Sbaio,false,33,enwiki,2024-10-27 08:04:50
1833490909,Rashid Lucman,Toniker0501,false,-30,enwiki,2024-10-27 08:06:02
1833491012,Envoy Air,RickyCourtney,false,-36,enwiki,2024-10-27 08:06:26
1833490912,Pan Pacific Open,Miijumaaru,false,158,enwiki,2024-10-27 08:06:00
1833491013,Christopher Michael King,Melcous,false,0,enwiki,2024-10-27 08:06:27
1833491105,List of Korean War weapons,187.244.115.146,false,-194,enwiki,2024-10-27 08:06:54
1833490911,"Dwarkadhish Temple, Mathura",Kridha,false,4,enwiki,2024-10-27 08:06:02
1833491018,Alexandros Soutsos,Monkbot,true,1,enwiki,2024-10-27 08:06:29
1833491107,Aspères,Monkbot,true,1,enwiki,2024-10-27 08:06:55
1833490914,Draft:Mehdi Moghimnejad,Saremi ali,false,60,enwiki,2024-10-27 08:06:00
1833491109,Wikipedia:WikiProject Deletion sorting/Estonia,AnomieBOT,true,-49,enwiki,2024-10-27 08:06:58
1833490916,Manulife,Idoghor Melody,false,6,enwiki,2024-10-27 08:06:02
1833491108,ILane,Idoghor Melody,false,-6,enwiki,2024-10-27 08:06:58
1833490919,Liever Turks dan Paaps,Monkbot,true,1,enwiki,2024-10-27 08:06:04
1833491110,Peanuts filmography,67.40.202.59,false,-2,enwiki,2024-10-27 08:06:55
1833491006,Lagraulet-Saint-Nicolas,Monkbot,true,1,enwiki,2024-10-27 08:06:22
1833491111,"Category:People from Whalley, Lancashire",Ernsanchez00,false,3,enwiki,2024-10-27 08:06:59
1833491009,Draft:Miss International 2025,46.143.107.229,false,3,enwiki,2024-10-27 08:06:27
1833491112,Dukla Pass,Monkbot,true,4,enwiki,2024-10-27 08:06:59
1833491010,Kilgore News Herald,No No No No Name fu,false,60,enwiki,2024-10-27 08:06:27
1833491116,Talk:Foster Graham Moffatt,GrabUp,false,-1,enwiki,2024-10-27 08:07:00
1833491011,Kyzylga,Monkbot,true,2,enwiki,2024-10-27 08:06:26
1833491117,User talk:Puyapr,FireflyBot,true,779,enwiki,2024-10-27 08:07:00
1833491202,User talk:Rylesbourne,FireflyBot,true,784,enwiki,2024-10-27 08:07:20
1833491217,Colorado Rockies (NHL),Sbaio,false,34,enwiki,2024-10-27 08:07:28
357998210,Vorlage:Navigationsleiste Ortsteile von Vetschau/Spreewald,Gliwi,false,1,dewiki,2024-10-27 08:07:44
1833491300,Saint-Quentin-de-Baron,Monkbot,true,1,enwiki,2024-10-27 08:07:52
357998213,Liste von Söhnen und Töchtern der Stadt Magdeburg,Van.ike,false,150,dewiki,2024-10-27 08:08:01
1833491400,List of American films of 2024,Draco9904,false,78,enwiki,2024-10-27 08:08:10
1833491413,Koziakas,Monkbot,true,1,enwiki,2024-10-27 08:08:24
1833491204,Hartford Whalers,Sbaio,false,33,enwiki,2024-10-27 08:07:23
1833491219,Sutrapur massacre,XTheBedrockX,false,10,enwiki,2024-10-27 08:07:29
1833491302,Kilgore News Herald,No No No No Name fu,false,23,enwiki,2024-10-27 08:07:55
1833491401,Talk:Bahrain Football Association,Codename AD,false,-375,enwiki,2024-10-27 08:08:22
1833491414,Interstate 94 in Illinois,207.172.34.206,false,4,enwiki,2024-10-27 08:08:23
357998219,Benutzer:Wartungsstube/Erzgebirgskreis,TaxonBota,true,-96,dewiki,2024-10-27 08:08:29
1833491205,Kansas City Scouts,Sbaio,false,33,enwiki,2024-10-27 08:07:25
357998212,Jagdstörung,Scholless,false,6,dewiki,2024-10-27 08:07:51
1833491305,Wikipedia:WikiProject Deletion sorting/Football/archive 3,AnomieBOT,true,505,enwiki,2024-10-27 08:07:55
1833491402,Senecio angulatus,203.220.199.137,false,-26,enwiki,2024-10-27 08:08:21
1833491416,Les Misérables (musical),AnomieBOT,true,18,enwiki,2024-10-27 08:08:20
1833491206,User talk:49.182.149.171,Jasper Deng,false,714,enwiki,2024-10-27 08:07:27
1833491304,Antonis Ranos,Monkbot,true,1,enwiki,2024-10-27 08:07:56
357998215,Rinky Hijikata,Catgamer,false,230,dewiki,2024-10-27 08:08:12
1833491403,Horní Loděnice,Monkbot,true,1,enwiki,2024-10-27 08:08:20
1833491415,"Mount Olivet Cemetery (Frederick, Maryland)",Engineerchange,false,-266,enwiki,2024-10-27 08:08:25
1833491208,Wikipedia:WikiProject Deletion sorting/Florida,AnomieBOT,true,-52,enwiki,2024-10-27 08:07:25
357998204,Portal:China/Neue Artikel,TaxonBota,true,-23,dewiki,2024-10-27 08:07:37
1833491307,Talk:Bobbie Phillips,Juan0907,false,390,enwiki,2024-10-27 08:07:55
357998216,Wikipedia:Löschkandidaten/26. Oktober 2024,Hajo-Muc,false,345,dewiki,2024-10-27 08:08:12
357998218,Portal:Simbabwe/Neue Artikel,TaxonBota,true,44,dewiki,2024-10-27 08:08:18
1833491404,Abraham Accords,Zacwill,false,103,enwiki,2024-10-27 08:08:19
1833491418,User talk:Coincollector4500,Liz,false,709,enwiki,2024-10-27 08:08:26
1833491209,Spencer Tunick,Laterthanyouthink,false,-479,enwiki,2024-10-27 08:07:25
357998205,Benutzer:Wartungsstube/Regionalverband Saarbrücken,TaxonBota,true,-88,dewiki,2024-10-27 08:07:32
1833491311,Richard Chamberlain,SdkbBot,true,-8,enwiki,2024-10-27 08:07:55
1833491406,Noakhailla,ইজিয়ান,false,328,enwiki,2024-10-27 08:08:20
1833491211,"Frederick I, Duke of Austria (Babenberg)",Monkbot,true,2,enwiki,2024-10-27 08:07:26
357998208,Alzenau,Georg Hügler,false,4,dewiki,2024-10-27 08:07:41
357998211,Liste der Städte in Brandenburg,Gliwi,false,1,dewiki,2024-10-27 08:07:46
1833491317,User:Gekyume!17/be bold,Gekyume!17,false,38,enwiki,2024-10-27 08:08:01
357998217,Portal:Nigeria/Neue Artikel,TaxonBota,true,-45,dewiki,2024-10-27 08:08:14
1833491405,Mike Chitwood,NicoTheGreat5,false,-1,enwiki,2024-10-27 08:08:23
357998202,Portal:Ereignisse/Neue Artikel Musikalische Veranstaltungen,TaxonBota,true,105,dewiki,2024-10-27 08:07:20
1833491214,Garth Brooks,DonkeyDood15 ukog-monkey,false,534,enwiki,2024-10-27 08:07:23
357998209,Liste der Wappen im Landkreis Oberspreewald-Lausitz,Gliwi,false,1,dewiki,2024-10-27 08:07:42
1833491319,User talk:RobertFL1991,FireflyBot,true,836,enwiki,2024-10-27 08:08:00
1833491409,Miss Divine Beauty,103.68.21.127,false,33,enwiki,2024-10-27 08:08:23
1833491200,User talk:Igobymanynames1,Sumanuil,false,1127,enwiki,2024-10-27 08:07:24
357998203,Diskussion:Waldemar von Preußen (1889–1945),91.67.133.179,false,168,dewiki,2024-10-27 08:07:30
357998206,Vetschau/Spreewald,Gliwi,false,2,dewiki,2024-10-27 08:07:38
1833491410,2024–25 Columbus Blue Jackets season,HalfOfAnOrange,false,260,enwiki,2024-10-27 08:08:22
357998201,Portal:Sachsen-Anhalt/Neue Artikel,TaxonBota,true,-79,dewiki,2024-10-27 08:07:14
1833491201,Carl von Rokitansky,Monkbot,true,3,enwiki,2024-10-27 08:07:22
1833491216,Live in Chicago '24,Idoghor Melody,false,-12,enwiki,2024-10-27 08:07:29
357998207,Geschacht (Heraldik),Gliwi,false,1,dewiki,2024-10-27 08:07:40
1833491412,Wikipedia:WikiProject Deletion sorting/Haryana,AnomieBOT,true,-60,enwiki,2024-10-27 08:08:25
1833491512,Wikipedia:WikiProject Deletion sorting/India,AnomieBOT,true,-244,enwiki,2024-10-27 08:08:49
1833491715,New Synagogue (Breslau),Monkbot,true,4,enwiki,2024-10-27 08:09:39
1833491513,Peanuts filmography,67.40.202.59,false,-2,enwiki,2024-10-27 08:08:49
1833491600,Zhylyntsi,Monkbot,true,2,enwiki,2024-10-27 08:09:15
1833491716,User:MacronMonitor/LinkAlerts,MacronMonitor,false,366,enwiki,2024-10-27 08:09:40
1833491501,1980 Missouri Attorney General election,Indylover2010,false,30,enwiki,2024-10-27 08:08:47
1833491515,Hoity Toity,Monkbot,true,1,enwiki,2024-10-27 08:08:52
1833491606,Los Juglares del Dexas,Pitille02,false,436,enwiki,2024-10-27 08:09:17
1833491502,Gaby Hoffmann,38.49.72.163,false,-14,enwiki,2024-10-27 08:08:44
1833491518,Spain women's national football team,GiofanniRahman,false,-8,enwiki,2024-10-27 08:08:41
1833491611,1980 Missouri Attorney General election,Indylover2010,false,34,enwiki,2024-10-27 08:09:17
1833491503,Ali al-Rikabi,2601:645:8A01:CC50:D574:3C53:153C:ABA7,false,-178,enwiki,2024-10-27 08:08:48
1833491610,2018 Wisconsin elections,Asdasdasdff,false,10,enwiki,2024-10-27 08:09:16
1833491700,Lamprini Tsàkalou,Monkbot,true,1,enwiki,2024-10-27 08:09:36
1833491504,Mark Robinson (American politician),AmeriMike,false,111,enwiki,2024-10-27 08:08:42
1833491613,Tabernacle (LDS Church),PWHIT66,false,295,enwiki,2024-10-27 08:09:19
1833491507,In a Year of 13 Moons,Monkbot,true,1,enwiki,2024-10-27 08:08:49
1833491619,Vivek Joshi,134.7.244.167,false,565,enwiki,2024-10-27 08:09:18
1833491707,2024–25 A-League Men,Harry Ralph,false,48,enwiki,2024-10-27 08:09:34
1833491509,Talambralu (film),DareshMohan,false,-279,enwiki,2024-10-27 08:08:52
1833491511,User:Novem Linguae/Scripts/GANReviewTool/GANReviewLog,Sammi Brie,false,204,enwiki,2024-10-27 08:08:44
1833491710,Wikipedia:WikiProject Deletion sorting/Internet/archive 2,AnomieBOT,true,310,enwiki,2024-10-27 08:09:39
1833491712,Autism rights movement,219.76.43.21,false,-8,enwiki,2024-10-27 08:09:34
1833491717,Gas cylinder,Pbsouthwood,false,12,enwiki,2024-10-27 08:09:38
1833491817,Mott MacDonald,Graywalls,false,-1276,enwiki,2024-10-27 08:10:08
1833492009,Euphrosyne of Opole,Monkbot,true,1,enwiki,2024-10-27 08:10:55
1833491718,S. S. Rajamouli,Kondapalli Avinash,false,-1,enwiki,2024-10-27 08:09:34
1833491801,Talk:Association of Malayalam Movie Artists,SineBot,true,282,enwiki,2024-10-27 08:10:05
1833491819,1989 Malawi earthquake,Dawnseeker2000,false,-35,enwiki,2024-10-27 08:10:10
1833491912,Saad Al-Salim Al-Sabah,Asrefaei,false,-5,enwiki,2024-10-27 08:10:33
1833492012,Fumi no Nemaro,Idoghor Melody,false,-7,enwiki,2024-10-27 08:10:54
1833491719,Template:Archive top red/styles.css,Tamzin,false,48,enwiki,2024-10-27 08:09:43
1833491800,"Rurka, Goleniów County",Monkbot,true,1,enwiki,2024-10-27 08:10:04
1833491915,Chemical cartridge,Randomstaplers,false,12,enwiki,2024-10-27 08:10:33
1833492015,Amarkalam,Thalapathy2400,false,3,enwiki,2024-10-27 08:10:57
1833491803,2011–12 Primera División de Futsal,Idoghor Melody,false,1,enwiki,2024-10-27 08:10:03
1833491903,Will of God,2603:9001:8C00:5B39:8CEC:5555:7787:36C4,false,-15,enwiki,2024-10-27 08:10:32
1833491916,"Chernovka, Republic of Bashkortostan",Monkbot,true,1,enwiki,2024-10-27 08:10:34
1833492016,Nathaniel Fick,BaraccoliObama,false,4,enwiki,2024-10-27 08:10:57
1833491804,List of Governor General's Medals in Architecture,BoyTheKingCanDance,false,37,enwiki,2024-10-27 08:10:06
1833491904,The Merry Wives of Vienna,Monkbot,true,1,enwiki,2024-10-27 08:10:31
1833492017,World Series of Fighting 10: Branch vs. Taylor,Idoghor Melody,false,5,enwiki,2024-10-27 08:10:58
1833491807,Ryan Silverfield,Erik255,false,0,enwiki,2024-10-27 08:10:07
1833491902,Wikipedia:Teahouse,Wolverine X-eye,false,577,enwiki,2024-10-27 08:10:29
1833491917,User:Novem Linguae/Scripts/GANReviewTool/GANReviewLog,Sammi Brie,false,206,enwiki,2024-10-27 08:10:27
1833492018,Polish studies,Monkbot,true,1,enwiki,2024-10-27 08:10:58
1833491810,Noakhailla,Sumanuil,false,-15,enwiki,2024-10-27 08:10:06
1833491907,Hump Ridge Track,PEPSI697,false,-10,enwiki,2024-10-27 08:10:32
1833491919,Category:People from Haslingden,Ernsanchez00,false,3,enwiki,2024-10-27 08:10:36
1833492019,Selangor F.C.,SdkbBot,true,108,enwiki,2024-10-27 08:10:51
1833492102,Wikipedia:WikiProject Deletion sorting/Lists/archive 3,AnomieBOT,true,190,enwiki,2024-10-27 08:11:20
1833491813,Hump Ridge Track,43.249.196.232,false,10,enwiki,2024-10-27 08:10:07
1833491910,Template:Westland District,Marshelec,false,63,enwiki,2024-10-27 08:10:34
1833492000,Saint-Andéol-de-Berg,Monkbot,true,1,enwiki,2024-10-27 08:10:51
1833491814,RCA Dome,Idoghor Melody,false,5,enwiki,2024-10-27 08:10:06
1833492004,Phillipa Morgan,Zyxw,false,48,enwiki,2024-10-27 08:10:54
1833491815,Castelmoron-sur-Lot,Monkbot,true,1,enwiki,2024-10-27 08:10:07
1833492007,User:Gekyume!17/be bold,Gekyume!17,false,15,enwiki,2024-10-27 08:10:55
1833492105,Tunick,Laterthanyouthink,false,-92,enwiki,2024-10-27 08:11:23
1833492418,Pinarus River,Monkbot,true,1,enwiki,2024-10-27 08:12:44
1833492108,"Poor Clares' Church, Bydgoszcz",Monkbot,true,3,enwiki,2024-10-27 08:11:21
1833492210,Restless Hearts,Monkbot,true,2,enwiki,2024-10-27 08:11:48
1833492401,Wikipedia:WikiProject Deletion sorting/Music,AnomieBOT,true,-118,enwiki,2024-10-27 08:12:36
1833492110,National Premier Leagues Northern NSW,Sevisc202,false,-3,enwiki,2024-10-27 08:11:22
1833492212,Wikipedia:WikiProject Deletion sorting/Mathematics,AnomieBOT,true,-75,enwiki,2024-10-27 08:11:49
1833492403,Draft:Chernobyl Reactors 5 and 6,Bollardant,false,854,enwiki,2024-10-27 08:12:38
1833492111,Leader of the Opposition in Lok Sabha,Zendrago X,false,90,enwiki,2024-10-27 08:11:20
1833492201,Wikipedia:WikiProject Deletion sorting/Literature/archive 2,AnomieBOT,true,166,enwiki,2024-10-27 08:11:40
1833492211,User talk:JayKiskel,Mattbr,false,1652,enwiki,2024-10-27 08:11:50
1833492300,Template:2024 Pac-12 Conference football standings,Themusicman41,false,0,enwiki,2024-10-27 08:12:12
1833492408,2024 San Diego State Aztecs football team,Themusicman41,false,8,enwiki,2024-10-27 08:12:39
1833492113,New Zealand electorates,Schwede66,false,465,enwiki,2024-10-27 08:11:21
1833492204,456th Bombardment Group,Monkbot,true,1,enwiki,2024-10-27 08:11:44
1833492213,File:Secundrabagh with Breach.jpg,Mattbr,false,8,enwiki,2024-10-27 08:11:49
1833492301,Heinrich Göbel,Idoghor Melody,false,27,enwiki,2024-10-27 08:12:10
1833492411,Věrovany,Monkbot,true,1,enwiki,2024-10-27 08:12:40
1833492114,2024 Mérida Open – Doubles,Idoghor Melody,false,2,enwiki,2024-10-27 08:11:22
1833492214,"Emirates Palace Mandarin Oriental, Abu Dhabi",Elite words2,false,97,enwiki,2024-10-27 08:11:49
1833492303,2017 Western New Mexico Mustangs football team,Mes tex,false,782,enwiki,2024-10-27 08:12:10
1833492412,Los Angeles International Airport,JoshuaEW,false,-351,enwiki,2024-10-27 08:12:36
1833492116,Talk:Cha Eun-woo,201.157.46.3,false,164,enwiki,2024-10-27 08:11:23
1833492205,List of most popular given names,Bookworm857158367,false,-848,enwiki,2024-10-27 08:11:41
1833492215,User:Gag0409/sandbox/5,Gag0409,false,12,enwiki,2024-10-27 08:11:35
1833492304,Mikhail Lavrentyev,Monkbot,true,1,enwiki,2024-10-27 08:12:10
1833492414,KBEA-FM,Moline1,false,0,enwiki,2024-10-27 08:12:42
1833492117,Australasian Conference on Information Systems,138.130.217.158,false,3,enwiki,2024-10-27 08:11:26
1833492206,2024 Washington State Cougars football team,Themusicman41,false,0,enwiki,2024-10-27 08:11:45
1833492216,Arthur Eddington,SdkbBot,true,-1,enwiki,2024-10-27 08:11:46
1833492315,The Gateway of Europe,Monkbot,true,1,enwiki,2024-10-27 08:12:13
1833492400,Spyros Fourlanos,Monkbot,true,1,enwiki,2024-10-27 08:12:37
1833492416,Oak Mountain High School,Idoghor Melody,false,3,enwiki,2024-10-27 08:12:42
1833492118,List of Tri Kappa chapters,Rublamb,false,-55,enwiki,2024-10-27 08:11:24
1833492207,Maniawan,Idoghor Melody,false,6,enwiki,2024-10-27 08:11:46
1833492415,Nice Côte d'Azur Airport,SdkbBot,true,-4,enwiki,2024-10-27 08:12:39
1833492119,Dumraon,27.116.41.36,false,570,enwiki,2024-10-27 08:11:25
1833492208,List of Mexican composers of classical music,Morphogenetic Hamon,false,22,enwiki,2024-10-27 08:11:48
1833492319,John Grisham,Nickscoby,false,3081,enwiki,2024-10-27 08:12:10
1833492417,User:Oleeveeya,Oleeveeya,false,15,enwiki,2024-10-27 08:12:44
1833492508,Mark Winer,Idoghor Melody,false,1,enwiki,2024-10-27 08:13:05
1833492519,"List of people from Hermosillo, Sonora",BoyTheKingCanDance,false,-84,enwiki,2024-10-27 08:13:11
1833492511,User talk:Sammy k5757,Liz,false,2117,enwiki,2024-10-27 08:13:07
1833492512,2017 Western New Mexico Mustangs football team,Mes tex,false,790,enwiki,2024-10-27 08:13:07
1833492513,Template:Country data Hamas,Paine Ellsworth,false,100,enwiki,2024-10-27 08:13:09
1833492500,Yun Sondo,EmausBot,true,-1,enwiki,2024-10-27 08:13:04
1833492514,Polish government-in-exile,Monkbot,true,2,enwiki,2024-10-27 08:13:05
1833492515,User:Indylover2010,Indylover2010,false,73,enwiki,2024-10-27 08:13:01
1833492502,Northern Economic Region,Monkbot,true,1,enwiki,2024-10-27 08:13:02
1833492516,Democratic Alliance of Hungarians in Romania,SdkbBot,true,6,enwiki,2024-10-27 08:13:05
1833492503,List of dance companies,Premeditated Chaos,false,-227,enwiki,2024-10-27 08:13:01
1833492517,Wikipedia:WikiProject Australian Women in Religion,ListeriaBot,true,610,enwiki,2024-10-27 08:13:04
1833492518,"Komsomolsky, Davlekanovsky District, Republic of Bashkortostan",Monkbot,true,1,enwiki,2024-10-27 08:13:09
1833492616,"Category:People from Leyland, Lancashire",Ernsanchez00,false,3,enwiki,2024-10-27 08:13:35
1833492704,Ryan Edmondson,Matt jobe watson,false,0,enwiki,2024-10-27 08:13:59
1833492808,Category:Orthodox synagogues in Australia,Rangasyd,false,54,enwiki,2024-10-27 08:14:34
1833492909,Harry Steele (soccer),Matt jobe watson,false,0,enwiki,2024-10-27 08:15:05
357998300,Wiederaufarbeitungsanlage Wackersdorf,Cewbot,true,0,dewiki,2024-10-27 08:13:23
1833492615,Manohar International Airport,SdkbBot,true,-1,enwiki,2024-10-27 08:13:31
357998315,Anja Baumheier,2A02:3100:154C:B900:1D43:DCF0:2666:D7C5,false,16,dewiki,2024-10-27 08:13:54
1833492705,FC Edineț,AdrianCioran,false,-2,enwiki,2024-10-27 08:14:01
1833492809,User:AusLondonder/XfD log,AusLondonder,false,161,enwiki,2024-10-27 08:14:30
1833492911,Gumieńce,Monkbot,true,1,enwiki,2024-10-27 08:15:04
357998301,Londoner Vertrag (1915),5glogger,false,3,dewiki,2024-10-27 08:13:27
357998309,Bernstein (Band),Bernhard Diener,false,-1,dewiki,2024-10-27 08:13:42
357998313,ATP Challenger Tour 2024,Catgamer,false,55,dewiki,2024-10-27 08:13:44
1833492707,Category:People from Penwortham,Ernsanchez00,false,65,enwiki,2024-10-27 08:14:01
1833492813,2017 Western New Mexico Mustangs football team,Mes tex,false,804,enwiki,2024-10-27 08:14:34
1833492600,Wikipedia:WikiProject Deletion sorting/New Zealand/archive,AnomieBOT,true,159,enwiki,2024-10-27 08:13:26
357998311,Spanische Frauen-Handballnationalmannschaft,Nikolai Maria Jakobi,false,-2,dewiki,2024-10-27 08:13:46
1833492708,Sohni Mahiwal,اگر میں نے کبھی کوئی کتاب لکھی۔,false,6,enwiki,2024-10-27 08:14:00
1833492814,Orlando International Airport,JoshuaEW,false,-287,enwiki,2024-10-27 08:14:31
1833492914,User talk:Amoniche Tz,Liz,false,909,enwiki,2024-10-27 08:15:07
1833492606,Line 11 (Guangzhou Metro),GMB205,false,80,enwiki,2024-10-27 08:13:29
357998314,Benutzer:Hi-Lo/Psychiatrie,TaxonBota,true,-53,dewiki,2024-10-27 08:13:51
357998316,Fußball-Bundesliga/Rekorde,LegoFCB,false,278,dewiki,2024-10-27 08:13:34
1833492709,Hamry (Klatovy District),Monkbot,true,1,enwiki,2024-10-27 08:13:59
1833492902,Mission Unstoppable,EmausBot,true,-3,enwiki,2024-10-27 08:15:04
1833492916,Gerolimenas,Monkbot,true,1,enwiki,2024-10-27 08:15:07
1833492608,User talk:Sammy k5757,Liz,false,909,enwiki,2024-10-27 08:13:33
357998310,Profumo-Affäre,Sprachpfleger,false,-1,dewiki,2024-10-27 08:13:43
1833492710,List of most popular given names,Bookworm857158367,false,6,enwiki,2024-10-27 08:13:57
1833492816,Yevgeniya Startseva,Monkbot,true,1,enwiki,2024-10-27 08:14:34
1833492903,Rääkkylä,2001:999:60C:98A:376F:61A0:A80B:561D,false,1106,enwiki,2024-10-27 08:14:59
1833492917,Care Bears: Adventures in Care-a-lot,AnomieBOT,true,18,enwiki,2024-10-27 08:15:07
1833492609,Mont Ventoux,Monkbot,true,1,enwiki,2024-10-27 08:13:30
357998302,Zezschwitz,Freygangfreunde,false,249,dewiki,2024-10-27 08:13:38
1833492714,The Henry Ford's Innovation Nation,EmausBot,true,-3,enwiki,2024-10-27 08:14:04
357998318,Dąbrowa Górnicza,Van.ike,false,70,dewiki,2024-10-27 08:14:12
1833492819,Category:Chiefs of the General Staff (Armenia),Asrefaei,false,-5,enwiki,2024-10-27 08:14:36
1833492904,Wikipedia:WikiProject Fraternities and Sororities/Watchlist,Rublamb,false,33,enwiki,2024-10-27 08:15:00
1833492919,1999 OFC Club Championship group stage,FastCube,false,-24,enwiki,2024-10-27 08:15:08
1833492610,The CBS Dream Team...It's Epic!,EmausBot,true,-3,enwiki,2024-10-27 08:13:34
357998312,Władysław Suszyński,Scholless,false,-1,dewiki,2024-10-27 08:13:50
1833492715,List of districts of the House of Representatives of Japan,SdkbBot,true,-2,enwiki,2024-10-27 08:13:58
1833492800,Al Ain FC,89.237.148.254,false,102,enwiki,2024-10-27 08:14:27
1833492905,2024 North Carolina lieutenant gubernatorial election,AmeriMike,false,61,enwiki,2024-10-27 08:14:59
1833492612,Lu Diping,Kevin9217,false,52,enwiki,2024-10-27 08:13:33
1833492701,Plato's number,104.51.146.7,false,20,enwiki,2024-10-27 08:13:59
1833492801,Lucky Dog (TV series),EmausBot,true,-3,enwiki,2024-10-27 08:14:34
1833492907,Mewasi,Ratnahastin,false,26,enwiki,2024-10-27 08:15:04
1833492613,Auckland Domain,HTGS,false,-267,enwiki,2024-10-27 08:13:30
357998303,Benutzer:AleXXw/St. Pölten,TaxonBota,true,32,dewiki,2024-10-27 08:13:39
1833492702,Allu Arjun filmography,L5boat,false,-2,enwiki,2024-10-27 08:13:58
1833492802,Wikipedia:WikiProject Deletion sorting/Politicians,AnomieBOT,true,-221,enwiki,2024-10-27 08:14:30
1833492908,Category:Orthodox synagogues in Canada,Rangasyd,false,57,enwiki,2024-10-27 08:15:06
1833493007,Chawarin Perdpiriyawong,115.127.151.121,false,0,enwiki,2024-10-27 08:15:30
1833493117,Talk:West Purbeck (ward),GrabUp,false,-1,enwiki,2024-10-27 08:16:05
1833493208,Eastern Communications,Crisantom,false,32,enwiki,2024-10-27 08:16:27
1833493302,Wikipedia:WikiProject Deletion sorting/Software/archive 2,AnomieBOT,true,157,enwiki,2024-10-27 08:16:47
1833493315,Opole Voivodeship,Monkbot,true,1,enwiki,2024-10-27 08:16:54
1833493009,Cracker Barrel Old Country Store 500,EmausBot,true,-10,enwiki,2024-10-27 08:15:34
1833493018,Kelowna Wings,Idoghor Melody,false,7,enwiki,2024-10-27 08:15:34
1833493209,User:Zachary CMB/sandbox,Zachary CMB,false,35,enwiki,2024-10-27 08:16:26
1833493304,Template talk:Defence Children Services,WhisperToMe,false,323,enwiki,2024-10-27 08:16:53
1833493316,List of schools in Ilagan,203.177.103.82,false,0,enwiki,2024-10-27 08:16:58
1833493008,Francisco Barreto's expedition to Monomotapa,Idoghor Melody,false,33,enwiki,2024-10-27 08:15:32
1833493101,Wikipedia:WikiProject Deletion sorting/Sexuality and gender,AnomieBOT,true,-49,enwiki,2024-10-27 08:15:57
1833493210,IPadOS 18,TechnoKittyCat,false,13,enwiki,2024-10-27 08:16:27
1833493305,Hunan University,HarukaAmaranth,false,-15,enwiki,2024-10-27 08:16:52
1833493010,Air India Flight 403,Ivebeenhacked,false,689,enwiki,2024-10-27 08:15:31
1833493103,Ponane Oi Agapes,Monkbot,true,1,enwiki,2024-10-27 08:15:58
1833493212,Bring Me the Horizon discography,DonkeyDood15 ukog-monkey,false,31,enwiki,2024-10-27 08:16:25
1833493307,Kritika Kamra,2402:8100:261D:584:778:5634:1232:5476,false,-7,enwiki,2024-10-27 08:16:51
1833493319,"Instead, Suffolk",Idoghor Melody,false,33,enwiki,2024-10-27 08:16:58
1833493011,Talk:Apesanahkwat,Northamerica1000,false,-3,enwiki,2024-10-27 08:15:33
1833493201,7 Aum Arivu,120.58.69.196,false,-2,enwiki,2024-10-27 08:16:22
1833493213,Brian Kaltak,Matt jobe watson,false,0,enwiki,2024-10-27 08:16:27
1833493308,Ankylosaurus,Wolverine X-eye,false,-132,enwiki,2024-10-27 08:16:49
1833493318,Fall of Zinjibar and Jaar,Hsnkn,false,281,enwiki,2024-10-27 08:16:58
1833493012,News media endorsements in the 2024 United States presidential election,Lima Bean Farmer,false,482,enwiki,2024-10-27 08:15:26
1833493104,O-type main-sequence star,SdkbBot,true,-100,enwiki,2024-10-27 08:15:59
1833493202,Kunratice (Liberec District),Monkbot,true,1,enwiki,2024-10-27 08:16:23
1833493216,Gaja-et-Villedieu,Monkbot,true,1,enwiki,2024-10-27 08:16:27
1833493013,"Pujols, Gironde",Monkbot,true,1,enwiki,2024-10-27 08:15:31
1833493107,Hektor Giotopoulos Moore,Rainbowed-Sunned-Spirit,false,353,enwiki,2024-10-27 08:15:59
1833493203,Empathogen,76.174.0.57,false,11,enwiki,2024-10-27 08:16:25
1833493217,Barkworthia,Tom Radulovich,false,437,enwiki,2024-10-27 08:16:30
1833493310,The Lighthouse (2019 film),184.155.35.242,false,7,enwiki,2024-10-27 08:16:50
1833493109,Motorcraft 500,EmausBot,true,-10,enwiki,2024-10-27 08:16:04
1833493204,Template:Defence Children Services,WhisperToMe,false,22,enwiki,2024-10-27 08:16:27
1833493218,Ben Johnson (songwriter),Idoghor Melody,false,-266,enwiki,2024-10-27 08:16:29
1833493311,Category:Orthodox synagogues in South Africa,Rangasyd,false,40,enwiki,2024-10-27 08:16:57
1833493002,2024–25 San Jose Sharks season,HalfOfAnOrange,false,47,enwiki,2024-10-27 08:15:28
1833493014,Sean East II,Intruder007,false,-1672,enwiki,2024-10-27 08:15:33
1833493110,Pujo,Monkbot,true,1,enwiki,2024-10-27 08:16:01
1833493205,Biff Poggi,Erik255,false,0,enwiki,2024-10-27 08:16:25
1833493300,Primestar 500 (Atlanta),EmausBot,true,-10,enwiki,2024-10-27 08:16:54
1833493313,List of British Muslims,SeanaTimothy,false,460,enwiki,2024-10-27 08:16:50
1833493006,Template:Archive top/doc,Tamzin,false,186,enwiki,2024-10-27 08:15:32
1833493015,Bring Me the Horizon discography,DonkeyDood15 ukog-monkey,false,0,enwiki,2024-10-27 08:15:30
1833493112,Tripuri cuisine,Idoghor Melody,false,37,enwiki,2024-10-27 08:16:03
1833493207,Wikipedia:WikiProject Deletion sorting/Slovakia/archive,AnomieBOT,true,135,enwiki,2024-10-27 08:16:27
1833493219,User talk:Espenthordsen,Liz,false,1205,enwiki,2024-10-27 08:16:30
1833493301,Leila Grey,SdkbBot,true,-7,enwiki,2024-10-27 08:16:52
1833493314,NCAA Season 100 basketball tournaments,Markthewords85,false,57,enwiki,2024-10-27 08:16:56
1833493511,International French School of Turin,Idoghor Melody,false,-4,enwiki,2024-10-27 08:17:56
1833493611,Talk:Rodwell and Wyke (ward),GrabUp,false,-1,enwiki,2024-10-27 08:18:25
1833493400,Atlanta 400,EmausBot,true,-10,enwiki,2024-10-27 08:17:24
1833493501,"Talk:Roddam, Sri Sathya Sai district",EmausBot,true,-25,enwiki,2024-10-27 08:17:54
1833493512,Category:Scottish engravers,2600:4041:57B1:3E00:993E:65E2:8638:1E89,false,10,enwiki,2024-10-27 08:17:57
1833493401,International Wildlife Museum,Idoghor Melody,false,-4,enwiki,2024-10-27 08:17:24
1833493502,Dévillac,Monkbot,true,1,enwiki,2024-10-27 08:17:51
1833493515,Ahmad Mansour Al-Ahmad Al-Sabah,Asrefaei,false,17,enwiki,2024-10-27 08:17:57
1833493612,List of heavy metal festivals,RazorJackal,false,-97,enwiki,2024-10-27 08:18:24
1833493402,Walerian Protasewicz,Monkbot,true,3,enwiki,2024-10-27 08:17:22
1833493500,Bravo Two Zero,Cjcochrun,false,113,enwiki,2024-10-27 08:17:50
1833493516,List of Breton flags,SdkbBot,true,-9845,enwiki,2024-10-27 08:17:54
1833493616,Pěnčín (Liberec District),Monkbot,true,1,enwiki,2024-10-27 08:18:24
1833493410,Alexander Faulkner Shand,175.38.37.197,false,21,enwiki,2024-10-27 08:17:25
1833493519,United States Marine Corps Designated Marksman Rifle,DexGreg01,false,-23,enwiki,2024-10-27 08:17:57
1833493601,Mantra (Jennie song),91.80.31.98,false,0,enwiki,2024-10-27 08:18:18
1833493618,The Hunger Games (film),2603:8001:4500:17B3:7200:FE4F:274B:EAE7,false,0,enwiki,2024-10-27 08:18:17
1833493411,Talk:Stalbridge and Marnhull (ward),GrabUp,false,-1,enwiki,2024-10-27 08:17:26
1833493504,Talk:Brahmi script,पाटलिपुत्र,false,109,enwiki,2024-10-27 08:17:53
1833493619,Supranet,Kamalhassan6605,false,335,enwiki,2024-10-27 08:18:26
1833493412,Derek Cooper,Dawnseeker2000,false,5,enwiki,2024-10-27 08:17:26
1833493505,User:BharatBaral,BharatBaral,false,1929,enwiki,2024-10-27 08:17:55
1833493603,Baxter Black,Idoghor Melody,false,-4,enwiki,2024-10-27 08:18:22
1833493413,Greg Fillmore,Mungo Kitsch,false,1226,enwiki,2024-10-27 08:17:25
1833493507,Tabernacle (LDS Church),PWHIT66,false,-15,enwiki,2024-10-27 08:17:55
1833493604,Palau,Freedoxm,false,19,enwiki,2024-10-27 08:18:14
1833493417,Leader of the Opposition in Lok Sabha,Zendrago X,false,32,enwiki,2024-10-27 08:17:23
1833493508,Bury F.C.,Haldraper,false,-120,enwiki,2024-10-27 08:17:49
1833493608,Jukka Raitala,태현 정,false,621,enwiki,2024-10-27 08:18:22
1833493509,Aristaenetus,Monkbot,true,1,enwiki,2024-10-27 08:17:55
1833493610,Bring Me the Horizon discography,DonkeyDood15 ukog-monkey,false,-52,enwiki,2024-10-27 08:18:20
1833493709,Jukka Raitala,태현 정,false,0,enwiki,2024-10-27 08:18:57
1833493800,Kurkliai,Monkbot,true,1,enwiki,2024-10-27 08:19:23
1833493908,Wikipedia:WikiProject Deletion sorting/Women,AnomieBOT,true,-215,enwiki,2024-10-27 08:19:50
1833494000,Mark Cross (musician),Natg 19,false,13,enwiki,2024-10-27 08:20:19
1833493711,Sinarades,Monkbot,true,1,enwiki,2024-10-27 08:18:57
1833493801,User talk:Gekyume!17/talk page tutorial,Gekyume!17,false,154,enwiki,2024-10-27 08:19:25
357998410,Eduardo Fajardo,GünniX,false,-51,dewiki,2024-10-27 08:19:32
1833493911,2001 OFC Club Championship final,FastCube,false,-106,enwiki,2024-10-27 08:19:55
1833494002,Satay,SimLibrarian,false,3,enwiki,2024-10-27 08:20:10
357998400,Täufer-Johannis-Kirche (Sonthofen),Bruno413,false,51,dewiki,2024-10-27 08:18:53
1833493712,2024–25 Carolina Hurricanes season,HalfOfAnOrange,false,262,enwiki,2024-10-27 08:18:57
357998404,Unterreichenbach (Birstein),Scholless,false,100,dewiki,2024-10-27 08:19:15
1833493804,Talk:Littlemoor and Preston (ward),GrabUp,false,-1,enwiki,2024-10-27 08:19:25
1833493912,Vorarlberg Football Association,Monkbot,true,1,enwiki,2024-10-27 08:19:56
1833494003,Kosmos 50,Monkbot,true,1,enwiki,2024-10-27 08:20:19
1833493714,Declaration of Helsinki,SdkbBot,true,-198,enwiki,2024-10-27 08:18:56
1833493807,Lupita Nyong'o,Krimuk2.0,false,98,enwiki,2024-10-27 08:19:14
357998413,Swiss Indoors Basel 2024,Catgamer,false,4,dewiki,2024-10-27 08:19:36
357998418,Portal:Jagd/Neue Artikel,TaxonBota,true,65,dewiki,2024-10-27 08:19:54
1833493913,Regal Studio Presents,112.209.7.214,false,3,enwiki,2024-10-27 08:19:56
1833494004,Mukund Varadarajan,Jeraxmoira,false,-354,enwiki,2024-10-27 08:20:20
1833493717,Sam Pittman,Erik255,false,0,enwiki,2024-10-27 08:18:57
357998402,Ulrike Krumbiegel,Heitersberg,false,21,dewiki,2024-10-27 08:19:03
1833493814,"Duliby, Ternopil Oblast",Monkbot,true,2,enwiki,2024-10-27 08:19:26
1833493915,Sun Yuanliang,Kevin9217,false,59,enwiki,2024-10-27 08:19:57
1833493701,User talk:Xaosflux,TNM202,false,198,enwiki,2024-10-27 08:18:45
1833493716,Ernest Auldjo Jamieson,Kaliforniyka,false,-6,enwiki,2024-10-27 08:18:59
357998408,Diskussion:Abdullah Öcalan,Nuuk,false,192,dewiki,2024-10-27 08:19:29
357998416,Wikipedia:Dark Mode/Probleme,Lómelinde,false,398,dewiki,2024-10-27 08:19:48
1833493919,UAAP Season 87,Salmonpepperrice,false,31,enwiki,2024-10-27 08:19:56
1833494007,Death-grip syndrome,2601:188:CD80:7100:2C58:F8AB:4B21:ADE1,false,-767,enwiki,2024-10-27 08:20:20
1833493702,Great polemonium,McYeee,false,-4007,enwiki,2024-10-27 08:18:57
357998405,Portal:Römisches Reich/Neue Artikel,TaxonBota,true,78,dewiki,2024-10-27 08:19:18
1833493817,Wikipedia:WikiProject Deletion sorting/Washington,AnomieBOT,true,-56,enwiki,2024-10-27 08:19:29
1833494008,Women's Image Network Awards,SdkbBot,true,-9,enwiki,2024-10-27 08:20:16
1833493704,Hellbound (TV series),Windborne Rider,false,201,enwiki,2024-10-27 08:18:52
1833493819,Madhubani,AstuteFlicker,false,0,enwiki,2024-10-27 08:19:30
1833494013,Nusantara Capital City Authority,Baqotun0023,false,-4,enwiki,2024-10-27 08:20:22
1833493706,Madhubani district,AstuteFlicker,false,47,enwiki,2024-10-27 08:18:55
357998407,Swiss Indoors Basel 2024,Catgamer,false,231,dewiki,2024-10-27 08:19:21
357998412,Portal:Niedersachsen/Neue Artikel,TaxonBota,true,-29,dewiki,2024-10-27 08:19:36
357998414,Małgorzata Mikołajczak (Schauspielerin),Heitersberg,false,49,dewiki,2024-10-27 08:19:41
357998415,Portal:Uganda/Neue Artikel,TaxonBota,true,34,dewiki,2024-10-27 08:19:47
357998417,Portal:Badminton/Neue Artikel,TaxonBota,true,64,dewiki,2024-10-27 08:19:52
1833493707,Wikipedia:WikiProject Deletion sorting/United Kingdom,AnomieBOT,true,-93,enwiki,2024-10-27 08:18:49
357998401,Benutzer:Wartungsstube/Kreis Warendorf,TaxonBota,true,-32,dewiki,2024-10-27 08:18:57
1833493906,Template:Archive top green/styles.css,Tamzin,false,54,enwiki,2024-10-27 08:19:56
