1833712402,Serfdom in Poland,Robek,false,135,enwiki,2024-10-27 22:13:49
1833712500,Nilufar Zokirova,SmartyPants22,false,77,enwiki,2024-10-27 22:14:08
1833712619,Diana Edwards-Jones,EnthusiastWorld37,false,14,enwiki,2024-10-27 22:14:19
1833712700,Jeff Satur,Bloomingbyungchan,false,-130,enwiki,2024-10-27 22:14:27
358029504,Wikipedia Diskussion:Hauptseite/Schon gewusst,Alraunenstern,false,93,dewiki,2024-10-27 22:14:27
358029508,Stolpersteine in Bayern,GeorgDerReisende,false,108,dewiki,2024-10-27 22:14:38
358029511,Kaviar Gauche,Zollernalb,false,11,dewiki,2024-10-27 22:14:43
1833713018,Belfort Gap,Monkbot,true,5,enwiki,2024-10-27 22:14:57
1833713119,User:Rocketwidget/sandbox,Rocketwidget,false,0,enwiki,2024-10-27 22:15:08
1833713412,Category talk:Political scandals in Norway,Tom.Reding,false,22,enwiki,2024-10-27 22:15:51
1833713501,Kandy Muse,Trinitythetranswomen,false,-469,enwiki,2024-10-27 22:15:58
1833712406,Jeff Ulbrich,AbelAndCain,false,0,enwiki,2024-10-27 22:13:48
1833712503,Category:Ku Klux Klan in Oklahoma,Dimadick,false,55,enwiki,2024-10-27 22:14:09
1833712701,Talk:Talmara,Nythar,false,-70,enwiki,2024-10-27 22:14:27
1833712810,Stephanie Dorgan,WereSpielChequers,false,30,enwiki,2024-10-27 22:14:42
1833713100,User:MeSawk/sandbox,MeSawk,false,-14,enwiki,2024-10-27 22:15:08
1833713201,Talk:Bunuk,Nythar,false,-70,enwiki,2024-10-27 22:15:21
1833713300,Mulay (title),Neils51,false,-5,enwiki,2024-10-27 22:15:34
1833713415,Lady of Elche,Monkbot,true,1,enwiki,2024-10-27 22:15:49
1833713507,Talk:Mashkan-shapir,Surayeproject3,false,75,enwiki,2024-10-27 22:16:02
1833712408,Promptuarium Iconum Insigniorum,BorgQueen,false,-13,enwiki,2024-10-27 22:13:49
1833712506,Juan Martín Díez,Monkbot,true,1,enwiki,2024-10-27 22:14:07
1833712702,Wikipedia:Requested articles/Business and economics,2804:14C:5BB1:9473:E6EC:452A:B17:AB1E,false,0,enwiki,2024-10-27 22:14:22
358029505,Schichtwiderstand,Fabian RRRR,false,27,dewiki,2024-10-27 22:14:34
1833712813,Wikipedia:Meetup/NYC/Wikidata Day 2024,BlaueBlüte,false,-544,enwiki,2024-10-27 22:14:43
358029516,Hans-Erhard Lessing,Legendre,false,9,dewiki,2024-10-27 22:14:47
1833713101,Taiwan Entry Permit,GoldWitness,false,25,enwiki,2024-10-27 22:15:08
1833713202,Pleasure Island Family Theme Park,97.116.160.235,false,2872,enwiki,2024-10-27 22:15:20
1833713419,Mohamed Al-Fayed,Brassneckk,false,389,enwiki,2024-10-27 22:15:44
1833713512,Category talk:Pornographic film actors,Tom.Reding,false,2,enwiki,2024-10-27 22:16:02
1833712416,Nav (rapper),2607:FEA8:DDE:200:D4E0:DBEC:B1B6:CF26,false,-9,enwiki,2024-10-27 22:13:50
1833712505,Kishu mikan,HLHJ,false,2,enwiki,2024-10-27 22:14:08
1833712707,Talk:David Essex,Cabbages!123,false,152,enwiki,2024-10-27 22:14:26
358029502,Katharina von Lancaster,92.210.50.4,false,23,dewiki,2024-10-27 22:14:32
358029514,Österreichische Badmintonmeisterschaft 2014,Florentyna,false,29,dewiki,2024-10-27 22:14:44
358029518,Bero Rigauer,Aka,false,10,dewiki,2024-10-27 22:14:52
1833713003,Talk:David Essex,Cabbages!123,false,105,enwiki,2024-10-27 22:14:55
1833713106,Jerod Mayo,AbelAndCain,false,0,enwiki,2024-10-27 22:15:06
1833713203,User talk:Sir Sputnik,Glaivebladee,false,651,enwiki,2024-10-27 22:15:20
1833713306,Alyaksandr Lyantsevich,Monkbot,true,2,enwiki,2024-10-27 22:15:34
1833713404,RFD (magazine),BD2412,false,-4,enwiki,2024-10-27 22:15:49
1833713513,Safi al-Din al-Hindi,Monkbot,true,4,enwiki,2024-10-27 22:16:01
1833712417,RAF Montrose,BD2412,false,2,enwiki,2024-10-27 22:13:50
1833712509,Talk:Sarchahan,Nythar,false,-70,enwiki,2024-10-27 22:14:09
1833712709,Hamid Beg,Cplakidas,false,46,enwiki,2024-10-27 22:14:28
358029507,Benutzer:Rolf-Dresden/Baustelle 9,Rolf-Dresden,false,-1571,dewiki,2024-10-27 22:14:38
1833712802,Hamid Beg,Cplakidas,false,35,enwiki,2024-10-27 22:14:41
1833712814,Talk:Zamin-e Sabah,Nythar,false,-70,enwiki,2024-10-27 22:14:44
1833713004,CCGS Naalak Nappaaluk,Meeepmep,false,869,enwiki,2024-10-27 22:14:56
1833713107,User:DreamRimmer bot/Redirects.json,DreamRimmer bot,true,2156,enwiki,2024-10-27 22:15:10
1833713204,2024 Cincinnati Bengals season,Useight,false,0,enwiki,2024-10-27 22:15:18
1833713309,Kishu mikan,HLHJ,false,0,enwiki,2024-10-27 22:15:35
1833713405,Talk:Gapsar,Nythar,false,-70,enwiki,2024-10-27 22:15:49
1833713514,Calcutta Historical Society,Greatesteverliveth,false,3,enwiki,2024-10-27 22:16:03
1833712418,2024 Green Bay Packers season,Useight,false,10,enwiki,2024-10-27 22:13:49
1833712512,Category talk:Optical computer storage media,Tom.Reding,false,22,enwiki,2024-10-27 22:14:09
1833712609,Talk:Shaqrud,Nythar,false,-70,enwiki,2024-10-27 22:14:19
358029500,Jonas Wenström,Barbarabraunin,false,8,dewiki,2024-10-27 22:14:24
1833712710,User:Krisgabwoosh/Germán Busch 2,Krisgabwoosh,false,-8,enwiki,2024-10-27 22:14:23
358029503,MIPS-Architektur,Aka,false,-2,dewiki,2024-10-27 22:14:32
1833712815,Oval track racing,Mark McWire,false,1,enwiki,2024-10-27 22:14:42
1833713110,Harry Beautyman,Cardinal Gareth,false,0,enwiki,2024-10-27 22:15:08
1833713206,Wootton Bassett (horse),Tigerboy1966,false,145,enwiki,2024-10-27 22:15:22
1833713310,Talk:Dizu,Nythar,false,-70,enwiki,2024-10-27 22:15:36
1833713406,Phoenix Cricket Club,Leinstercricket20,false,2330,enwiki,2024-10-27 22:15:48
1833712419,Category talk:Ohio State Buckeyes media,Tom.Reding,false,-9,enwiki,2024-10-27 22:13:52
1833712513,Talk:Time formatting and storage bugs,2601:483:400:1CD0:A09D:F939:F5EC:F634,false,225,enwiki,2024-10-27 22:14:07
358029501,Maylee Phelps,Aka,false,0,dewiki,2024-10-27 22:14:24
1833712712,"Talk:Tang-e Quchan, Hormozgan",Nythar,false,-70,enwiki,2024-10-27 22:14:29
1833712807,Vladimir Tainikov,Monkbot,true,1,enwiki,2024-10-27 22:14:41
358029515,Benutzer Diskussion:ProloSozz,Steigi1900,false,929,dewiki,2024-10-27 22:14:35
1833713209,Wikipedia:Featured list candidates/List of vespertilionines/archive1,Generalissima,false,768,enwiki,2024-10-27 22:15:22
1833713313,Dominican Republic at the 2024 Summer Olympics,Alberto 1105,false,0,enwiki,2024-10-27 22:15:33
1833713407,Imperial overstretch,Citation bot,true,66,enwiki,2024-10-27 22:15:49
1833712610,Miron Muslic,Saintandy7,false,0,enwiki,2024-10-27 22:14:18
1833712716,Jagiellonian University,Redaktor GLAM,false,18,enwiki,2024-10-27 22:14:26
358029506,Herbertstraße,Aka,false,3,dewiki,2024-10-27 22:14:37
358029510,Liste von Denkmalen zur Erinnerung an den Aufstand vom 17. Juni 1953,Aka,false,0,dewiki,2024-10-27 22:14:42
358029517,Steve Kanitz,Lutheraner,false,7,dewiki,2024-10-27 22:14:51
1833713009,Talk:Bahmadi,Nythar,false,-70,enwiki,2024-10-27 22:14:57
1833713113,Category talk:Pikmin media files,Tom.Reding,false,22,enwiki,2024-10-27 22:15:09
1833713212,Category:Ku Klux Klan in Oregon,Dimadick,false,52,enwiki,2024-10-27 22:15:23
1833713316,Haitian Army,Katharineamy,false,-3,enwiki,2024-10-27 22:15:33
1833712614,Category talk:Outerbanks Entertainment,Tom.Reding,false,22,enwiki,2024-10-27 22:14:20
1833712808,Talk:Tushahr,Nythar,false,-70,enwiki,2024-10-27 22:14:42
1833713016,Frederik Vesti,StadionK,false,-23,enwiki,2024-10-27 22:14:53
1833713115,Template:2024–25 Serie C Group C table,Skyblueshaun,false,-26,enwiki,2024-10-27 22:15:11
1833713318,Category talk:Political mass media in Malaysia,Tom.Reding,false,22,enwiki,2024-10-27 22:15:37
1833713409,Tekka (film),Rosogollla,false,1,enwiki,2024-10-27 22:15:48
1833712405,Talk:Jemdet Nasr,Surayeproject3,false,39,enwiki,2024-10-27 22:13:50
1833712519,Stereotypy,Juventiuscinna,false,13,enwiki,2024-10-27 22:14:10
1833712611,Wikipedia:Edit filter/False positives/Reports,SWattoo,false,922,enwiki,2024-10-27 22:14:19
1833712809,List of Washington (state) tornadoes,2601:603:383:7F30:8471:9469:8953:F766,false,247,enwiki,2024-10-27 22:14:43
1833713017,Category talk:People's Republic of China entertainment templates,Tom.Reding,false,22,enwiki,2024-10-27 22:14:58
1833713319,Jerod Mayo,AbelAndCain,false,0,enwiki,2024-10-27 22:15:34
1833713411,"Talk:Garandu, Jask",Nythar,false,-70,enwiki,2024-10-27 22:15:51
1833713500,"Talk:Gazdan, Jask",Nythar,false,-70,enwiki,2024-10-27 22:16:01
1833713616,User:RainAshvel/sandbox/Quests/SlavemastersOfRaana,RainAshvel,false,213,enwiki,2024-10-27 22:16:22
1833713700,List of Thai people,Panmora,false,106,enwiki,2024-10-27 22:16:38
1833713912,List of people from Novi Sad,Nickpunk,false,56,enwiki,2024-10-27 22:17:02
1833713617,Joe Arridy,62.216.215.63,false,149,enwiki,2024-10-27 22:16:19
1833713706,2024 Lithuanian parliamentary election,2A03:EC00:B178:39AE:C5CC:5F37:4166:42CE,false,0,enwiki,2024-10-27 22:16:34
1833713913,Restitution and unjust enrichment,2A09:3502:6320:9E76:8D64:87A4:9267:F15E,false,9,enwiki,2024-10-27 22:17:01
1833713619,Category talk:Premier League mass media,Tom.Reding,false,22,enwiki,2024-10-27 22:16:22
1833713705,Satoshi Maruo,Monkbot,true,1,enwiki,2024-10-27 22:16:38
1833713915,Hathumoda,Hawkeye7,false,34,enwiki,2024-10-27 22:17:02
1833713601,Torrinha,Monkbot,true,1,enwiki,2024-10-27 22:16:17
1833713709,Russophilia,2A02:810D:BC40:2D4:142F:817F:AE42:F3FF,false,-129,enwiki,2024-10-27 22:16:37
1833713801,User talk:Cabbages!123,Cabbages!123,false,107,enwiki,2024-10-27 22:16:54
1833713914,"Talk:Getti, Hormozgan",Nythar,false,-70,enwiki,2024-10-27 22:17:02
1833713711,Category talk:Psychedelic trance musical groups,Tom.Reding,false,85,enwiki,2024-10-27 22:16:40
1833713803,Yakub Kolas Square,Monkbot,true,1,enwiki,2024-10-27 22:16:53
1833713916,Tunji Akinola,Cardinal Gareth,false,0,enwiki,2024-10-27 22:17:02
1833713610,Template talk:Retrieved,204.19.162.34,false,88,enwiki,2024-10-27 22:16:21
1833713713,Moksha (river),Narchat,false,203,enwiki,2024-10-27 22:16:40
1833713805,Category talk:Punk blues musical groups,Tom.Reding,false,128,enwiki,2024-10-27 22:16:54
1833713612,Selected Ambient Works 85–92,Cambial Yellowing,false,-18,enwiki,2024-10-27 22:16:20
1833713808,Matty Ashton,WireStats,false,0,enwiki,2024-10-27 22:16:54
1833713611,Toyota Antelopes,Monkbot,true,1,enwiki,2024-10-27 22:16:20
1833713809,2024 Jacksonville Jaguars season,DragonFury,false,5,enwiki,2024-10-27 22:16:52
1833713614,Talk:DJSMOKE24,Vincars2,false,21,enwiki,2024-10-27 22:16:22
1833713810,"Hamilton, Ontario",SatelliteChange,false,107,enwiki,2024-10-27 22:16:49
1833714101,Rhenium,Itz.mas10,false,-4,enwiki,2024-10-27 22:17:24
1833714114,Seoul Metropolitan Subway,SounderBruce,false,91,enwiki,2024-10-27 22:17:27
1833714212,Seeb discography,45.44.65.172,false,378,enwiki,2024-10-27 22:17:48
1833714102,STS-75,Tigerdude9,false,3,enwiki,2024-10-27 22:17:25
1833714115,Category talk:Reliance Entertainment subsidiaries,Tom.Reding,false,12,enwiki,2024-10-27 22:17:29
1833714200,Mary Weiss,Alexcalamaro,false,27,enwiki,2024-10-27 22:17:45
1833714214,Bernadette Soubirous,Fma12,false,17,enwiki,2024-10-27 22:17:50
1833714105,Talk:Citrus/GA1,Stivushka,false,165,enwiki,2024-10-27 22:17:28
1833714202,Yehvann Diouf,Jhomz947979,false,26,enwiki,2024-10-27 22:17:46
1833714001,"Talk:Hun, Iran",Nythar,false,-70,enwiki,2024-10-27 22:17:16
358029600,Österreichische Badmintonmeisterschaft 2014,Florentyna,false,28,dewiki,2024-10-27 22:17:29
1833714205,Żelki,Monkbot,true,1,enwiki,2024-10-27 22:17:48
358029619,NFL 2024,GregorBungensheim,false,10,dewiki,2024-10-27 22:17:53
1833714004,The Rose of Versailles,Maxeto0910,false,-2,enwiki,2024-10-27 22:17:10
1833714109,Thadal,182.190.195.4,false,92,enwiki,2024-10-27 22:17:28
1833714206,Cholesterol,DigitalChutney,false,33,enwiki,2024-10-27 22:17:39
1833714012,The Ancines Woods,Monkbot,true,1,enwiki,2024-10-27 22:17:16
1833714108,Wikipedia:Meetup/DC/Women's Independence and Financial Power,Ariel Cetrone (WMDC),false,89,enwiki,2024-10-27 22:17:28
358029601,Liste der Begräbnisstätten von Persönlichkeiten,Asperatus,false,49,dewiki,2024-10-27 22:17:27
1833714207,Giuseppe Cavo Dragone,217.163.90.227,false,22,enwiki,2024-10-27 22:17:50
358029603,Carlo Biotti,H7,false,-593,dewiki,2024-10-27 22:17:53
1833714013,Talk:Hushdan,Nythar,false,-70,enwiki,2024-10-27 22:17:17
1833714110,Draft:Lyfestyle,Yveslxurent,false,-3711,enwiki,2024-10-27 22:17:28
1833714208,Category talk:Rhumba musical groups,Tom.Reding,false,52,enwiki,2024-10-27 22:17:50
358029604,Salome Surabischwili,91.54.4.123,false,139,dewiki,2024-10-27 22:17:53
1833714111,San Pedro River (Chile),Monkbot,true,1,enwiki,2024-10-27 22:17:27
1833714209,Talk:Isin,Surayeproject3,false,24,enwiki,2024-10-27 22:17:51
1833714018,Central Bank of the Republic of Turkey,2A02:E0:860D:5E00:1439:E3FF:FEE4:78C4,false,-2,enwiki,2024-10-27 22:17:15
1833714112,Delta City,SrpskiAnonimac,false,2,enwiki,2024-10-27 22:17:28
1833714210,Michael Claesson,Saftgurka,false,-31,enwiki,2024-10-27 22:17:50
358029610,Anthony Peluso,Tomyiy,false,467,dewiki,2024-10-27 22:17:53
1833714019,User talk:Theyetch,Theyetch,false,118,enwiki,2024-10-27 22:17:19
1833714113,Heinz Memorial Chapel,Crazypaco,false,410,enwiki,2024-10-27 22:17:28
358029602,Liste der eidgenössischen Volksabstimmungen,Cewbot,true,-2,dewiki,2024-10-27 22:17:29
1833714211,Template:2024–25 Serie C Group B table,Skyblueshaun,false,0,enwiki,2024-10-27 22:17:52
1833714307,User talk:Valereee,Gerda Arendt,false,708,enwiki,2024-10-27 22:18:07
1833714310,Ramfis Domínguez-Trujillo,Tacyarg,false,43,enwiki,2024-10-27 22:18:06
1833714309,Al-Barwayh,Monkbot,true,1,enwiki,2024-10-27 22:18:06
1833714401,User:Hay kamavor/sandbox,Hay kamavor,false,283,enwiki,2024-10-27 22:18:20
1833714404,Ryuya Kusakabe,Monkbot,true,1,enwiki,2024-10-27 22:18:19
1833714311,2024 Lithuanian parliamentary election,2A03:EC00:B178:39AE:C5CC:5F37:4166:42CE,false,1,enwiki,2024-10-27 22:18:03
1833714511,Yeniseysk constituency,Elkost,false,36,enwiki,2024-10-27 22:18:29
1833714316,Mall of Montenegro,SrpskiAnonimac,false,2,enwiki,2024-10-27 22:18:08
1833714408,Talk:Kalukai,Nythar,false,-70,enwiki,2024-10-27 22:18:21
1833714513,Quad 4 engine,Kumboloi,false,-56,enwiki,2024-10-27 22:18:29
1833714317,Category talk:Romanian children's entertainment,Tom.Reding,false,22,enwiki,2024-10-27 22:18:08
1833714413,Category talk:Rugby league mass media,Tom.Reding,false,11,enwiki,2024-10-27 22:18:22
1833714515,Luca Koleosho,Nfc123,false,0,enwiki,2024-10-27 22:18:29
1833714318,German Environmental Prize,Grimes2,false,42,enwiki,2024-10-27 22:18:08
1833714414,Masayoshi Ogawa,Monkbot,true,1,enwiki,2024-10-27 22:18:21
1833714516,Taniec z Gwiazdami season 28,Serecki,false,68,enwiki,2024-10-27 22:18:30
1833714319,Talk:Johl Darak,Nythar,false,-70,enwiki,2024-10-27 22:18:08
1833714415,"Category:People from Woodborough, Nottinghamshire",Ernsanchez00,false,20,enwiki,2024-10-27 22:18:23
1833714517,Ammanai,Monkbot,true,1,enwiki,2024-10-27 22:18:30
1833714305,Talk:Jask-e Kohneh,Nythar,false,-70,enwiki,2024-10-27 22:18:06
1833714602,Giuseppe Cavo Dragone,217.163.90.227,false,-3,enwiki,2024-10-27 22:18:48
1833714611,Songline (horse),Monkbot,true,1,enwiki,2024-10-27 22:18:49
1833714715,Solemn Opening of the Parliament of Spain,Monkbot,true,1,enwiki,2024-10-27 22:19:14
1833714601,Alonzo W. Pond,178.255.168.37,false,16,enwiki,2024-10-27 22:18:48
1833714612,User:Hay kamavor/sandbox,Hay kamavor,false,-16,enwiki,2024-10-27 22:18:51
1833714716,Cyclic adenosine monophosphate,DigitalChutney,false,34,enwiki,2024-10-27 22:19:13
1833714604,Squash at the 2023 Pan American Games – Men's team,Daniel2023Sports,false,63,enwiki,2024-10-27 22:18:48
1833714613,Chì mi na mòrbheanna,Siliconglen,false,1,enwiki,2024-10-27 22:18:51
1833714703,Category talk:Sam & Max media files,Tom.Reding,false,22,enwiki,2024-10-27 22:19:12
1833714801,Great Mosque of Mahdiya,Monkbot,true,1,enwiki,2024-10-27 22:19:23
1833714606,UCI Cyclo-cross World Cup,Hg03u,false,664,enwiki,2024-10-27 22:18:47
1833714617,Wikipedia:Teahouse,331dot,false,151,enwiki,2024-10-27 22:18:48
1833714704,The Lost Patrol (1934 film),Timmerfee,false,-16,enwiki,2024-10-27 22:19:12
1833714717,User:Krisgabwoosh/Germán Busch 2,Krisgabwoosh,false,-2,enwiki,2024-10-27 22:19:13
1833714802,Category talk:School sexual abuse scandals,Tom.Reding,false,22,enwiki,2024-10-27 22:19:25
1833714619,Sakurayu,Monkbot,true,1,enwiki,2024-10-27 22:18:52
1833714706,Category talk:Ku Klux Klan in Oregon,Dimadick,false,-7,enwiki,2024-10-27 22:19:12
1833714607,Shiboprosad Mukherjee,103.170.182.159,false,2,enwiki,2024-10-27 22:18:48
1833714707,La Tumba,Kepler-1229b,false,140,enwiki,2024-10-27 22:19:12
1833714803,User:Lata8594/sandbox,Lata8594,false,167,enwiki,2024-10-27 22:19:25
1833714608,Category talk:Ku Klux Klan in Oklahoma,Dimadick,false,-7,enwiki,2024-10-27 22:18:49
1833714705,Dafydd ap Gruffydd,Cltjames,false,294,enwiki,2024-10-27 22:19:12
1833714805,"Talk:Kargi, Hormozgan",Nythar,false,-70,enwiki,2024-10-27 22:19:26
1833714609,RAF Oakhanger,BD2412,false,-2,enwiki,2024-10-27 22:18:49
1833714708,Sakuma Shōzan,Maxeto0910,false,-1,enwiki,2024-10-27 22:19:12
1833714814,2024–25 Nemzeti Bajnokság I,Skyblueshaun,false,-29,enwiki,2024-10-27 22:19:23
1833714700,Clifford group,DylPickle666,false,97,enwiki,2024-10-27 22:19:10
1833714709,Alexandre Dumas,Curuwen,false,0,enwiki,2024-10-27 22:19:12
1833714600,House of Blois,Mhmrodrigues,false,-22,enwiki,2024-10-27 22:18:47
1833714610,Category talk:SM Entertainment subsidiaries,Tom.Reding,false,22,enwiki,2024-10-27 22:18:51
1833714714,Lautaro Martínez,Alealyjang,false,0,enwiki,2024-10-27 22:19:12
1833715005,User:Rigby4444,Rigby4444,false,-181,enwiki,2024-10-27 22:19:44
1833715109,Talk:Lirak,Nythar,false,-70,enwiki,2024-10-27 22:19:55
1833715204,Abdullah Hammoud,Mason.Jones,false,36,enwiki,2024-10-27 22:20:08
1833714911,Blažo Jovanović Bridge,SrpskiAnonimac,false,0,enwiki,2024-10-27 22:19:37
1833715006,1990 Upland earthquake,Dawnseeker2000,false,-41,enwiki,2024-10-27 22:19:43
1833715108,Mario (given name),FilipNikolicX,false,49,enwiki,2024-10-27 22:19:55
1833715205,Talk:Lirdaf,Nythar,false,-70,enwiki,2024-10-27 22:20:08
1833715008,Draft:Bobby Lackey Stadium,Matthewjaredgarza2010,false,161,enwiki,2024-10-27 22:19:44
1833715110,Talk:Karkar (ancient city),Surayeproject3,false,39,enwiki,2024-10-27 22:19:55
1833715206,Saben Lee,Intruder007,false,-51,enwiki,2024-10-27 22:20:07
1833714916,Talk:Ki Dar-e Pain,Nythar,false,-70,enwiki,2024-10-27 22:19:38
1833715015,Schenkenberg Castle,Monkbot,true,2,enwiki,2024-10-27 22:19:44
1833715111,User:AlexNewArtBot/FranceSearchResult,InceptionBot,true,232,enwiki,2024-10-27 22:19:48
1833715112,List of Thai people,Panmora,false,-4993,enwiki,2024-10-27 22:19:55
1833715200,Category talk:Serbian blues musical groups,Tom.Reding,false,128,enwiki,2024-10-27 22:20:07
1833714901,Tinus de Beer,41.13.212.9,false,-1,enwiki,2024-10-27 22:19:33
1833714902,Misión San Fernando Rey de España de Velicatá,Monkbot,true,1,enwiki,2024-10-27 22:19:35
1833715105,Draft:David Bolno,66.218.60.57,false,85,enwiki,2024-10-27 22:19:54
1833715201,Bolivarian Circles,Monkbot,true,1,enwiki,2024-10-27 22:20:06
1833714908,Talk:Ki Dar-e Bala,Nythar,false,-70,enwiki,2024-10-27 22:19:37
1833715104,RDX,DigitalChutney,false,35,enwiki,2024-10-27 22:19:48
1833715202,UCI Cyclo-cross World Cup,Hg03u,false,-5,enwiki,2024-10-27 22:20:05
1833714910,List of Detroit Lions starting quarterbacks,Alexanderthgr8,false,0,enwiki,2024-10-27 22:19:34
1833715106,Greg Cartwright,Alexcalamaro,false,27,enwiki,2024-10-27 22:19:54
1833715203,Canadian Alliance of Student Associations,Wellington Bay,false,724,enwiki,2024-10-27 22:20:08
1833715313,Hasson Arbubakrr,Eknight2012,false,0,enwiki,2024-10-27 22:20:21
1833715403,Category talk:Seven Seas Entertainment covers,Tom.Reding,false,22,enwiki,2024-10-27 22:20:32
1833715516,Debadrita Basu,Aadirulez8,false,-2,enwiki,2024-10-27 22:20:45
1833715315,Schleswig-Holstein Wadden Sea National Park,Monkbot,true,1,enwiki,2024-10-27 22:20:19
1833715517,Talk:Ranaz,Nythar,false,-70,enwiki,2024-10-27 22:20:46
1833715300,User:Rocketwidget/sandbox,Rocketwidget,false,116,enwiki,2024-10-27 22:20:16
1833715316,Category talk:Serbian ska musical groups,Tom.Reding,false,75,enwiki,2024-10-27 22:20:21
1833715404,Talk:Nogar Shorq,Nythar,false,-70,enwiki,2024-10-27 22:20:32
1833715519,Miguel García Vivancos,Monkbot,true,1,enwiki,2024-10-27 22:20:43
1833715301,Domino Kirke,2.241.112.137,false,0,enwiki,2024-10-27 22:20:19
1833715317,Monaghan Senior Football Championship,Pmunited,false,-191,enwiki,2024-10-27 22:20:21
1833715413,Shirin Nezammafi,Monkbot,true,2,enwiki,2024-10-27 22:20:31
1833715306,Neochelys,Geekgecko,false,28,enwiki,2024-10-27 22:20:20
1833715319,Glenn Magpantay,Citation bot,true,153,enwiki,2024-10-27 22:20:20
1833715410,Existential risk from artificial intelligence,Suriname0,false,-8,enwiki,2024-10-27 22:20:23
1833715308,"Talk:Moga, Iran",Nythar,false,-70,enwiki,2024-10-27 22:20:20
1833715318,Waterstones,2A00:23C8:D903:EC00:A0ED:4AB4:FEB5:3485,false,17,enwiki,2024-10-27 22:20:17
1833715419,Lynching of Samuel Bierfield and Lawrence Bowman,Dimadick,false,47,enwiki,2024-10-27 22:20:32
1833715501,"Talk:Pochak, Hormozgan",Nythar,false,-70,enwiki,2024-10-27 22:20:44
1833715309,Dan Castello,EssNS,false,366,enwiki,2024-10-27 22:20:21
1833715506,Deborah,Aadirulez8,false,-2,enwiki,2024-10-27 22:20:42
1833715310,User:InceptionBot/NewPageSearch/Fungi/log,InceptionBot,true,-1630,enwiki,2024-10-27 22:20:21
1833715509,Talk:Rabk,Nythar,false,-70,enwiki,2024-10-27 22:20:45
1833715311,Wikipedia:WikiProject Plants/Stub to Start drive,Eewilson,false,1666,enwiki,2024-10-27 22:20:20
1833715510,"Forgery, Abolition of Punishment of Death Act 1832",Hughbe98,false,106,enwiki,2024-10-27 22:20:43
1833715312,User:AlexNewArtBot/FungiSearchResult,InceptionBot,true,1022,enwiki,2024-10-27 22:20:20
1833715401,Danai Gurira,178.55.64.145,false,0,enwiki,2024-10-27 22:20:27
1833715515,Category talk:Sex scandals in Belgium,Tom.Reding,false,22,enwiki,2024-10-27 22:20:46
1833715600,Talk:Sedij,Nythar,false,-70,enwiki,2024-10-27 22:20:55
358029703,Museumsquartier Bern,Vfb1893,false,2,dewiki,2024-10-27 22:21:01
358029705,Dietikon,Aka,false,3,dewiki,2024-10-27 22:21:03
1833715710,Oliver Zhang,Monkbot,true,1,enwiki,2024-10-27 22:21:06
358029708,Fußball-Weltmeisterschaft der Frauen 1995/Kader,Aka,false,-49,dewiki,2024-10-27 22:21:16
1833715904,"Talk:Tal, Hormozgan",Nythar,false,-70,enwiki,2024-10-27 22:21:36
1833716002,Talk:Tujidar,Nythar,false,-70,enwiki,2024-10-27 22:21:46
1833715604,Draft:D&I Projects,Wfxey,false,277,enwiki,2024-10-27 22:20:56
1833715712,Talk:Shir Ahan,Nythar,false,-70,enwiki,2024-10-27 22:21:08
1833715802,Category talk:Seychellois musical groups,Tom.Reding,false,52,enwiki,2024-10-27 22:21:17
358029709,Bahnhof Shinshū-Nakano,Aka,false,1,dewiki,2024-10-27 22:21:22
1833715905,Taniec z Gwiazdami season 28,Łukasz...wrocław,false,5,enwiki,2024-10-27 22:21:36
1833716001,Shirōta Kusakabe,Monkbot,true,1,enwiki,2024-10-27 22:21:45
1833715608,WI,193.120.47.3,false,24,enwiki,2024-10-27 22:20:56
1833715713,Dan Moss,Cardinal Gareth,false,0,enwiki,2024-10-27 22:21:07
358029706,BIOS,Y2kbug,false,476,dewiki,2024-10-27 22:21:12
1833715803,2024 Indianapolis Colts season,Bluejay14,false,-2,enwiki,2024-10-27 22:21:16
1833715910,2024 Houston Texans season,Bluejay14,false,-2,enwiki,2024-10-27 22:21:34
358029701,Najwa Awane,Brettchenweber,false,-1,dewiki,2024-10-27 22:20:56
1833715814,Mayumi Ichikawa,Monkbot,true,1,enwiki,2024-10-27 22:21:19
358029711,Regiojet,Aka,false,15,dewiki,2024-10-27 22:21:24
1833715911,Three Secrets of Fátima,Fma12,false,-18,enwiki,2024-10-27 22:21:36
1833715610,Category talk:Sex scandals in the United States,Tom.Reding,false,22,enwiki,2024-10-27 22:20:56
1833715815,Elyorjon Mamadaliev,SmartyPants22,false,191,enwiki,2024-10-27 22:21:20
1833715912,Argentine Industrial Union,Monkbot,true,1,enwiki,2024-10-27 22:21:36
358029702,Präsidentschaftswahl in den Vereinigten Staaten 2024,77.119.198.151,false,-1,dewiki,2024-10-27 22:20:50
1833715817,Wikipedia:WikiProject Plants/Stub to Start drive,Eewilson,false,123,enwiki,2024-10-27 22:21:20
358029712,Benutzer:Kogge/Derxia,Kogge,false,0,dewiki,2024-10-27 22:21:26
1833715913,Template:Podgorica,SrpskiAnonimac,false,21,enwiki,2024-10-27 22:21:38
1833716012,2024 U23 World Wrestling Championships – Men's freestyle 97 kg,82.125.187.127,false,48,enwiki,2024-10-27 22:21:45
1833715611,Talk:Shadini Zehi,Nythar,false,-70,enwiki,2024-10-27 22:20:57
1833715818,Category talk:Shadyville Entertainment,Tom.Reding,false,12,enwiki,2024-10-27 22:21:21
358029718,European Darts Championship 2024,2A02:8109:9BA5:1200:1807:AC93:FA62:EBB1,false,12,dewiki,2024-10-27 22:21:32
1833715914,Talk:Taladar-e Nakhlestan,Nythar,false,-70,enwiki,2024-10-27 22:21:38
1833716017,"Talk:Vanak, Hormozgan",Nythar,false,-70,enwiki,2024-10-27 22:21:47
1833715616,Talk:Umma,Surayeproject3,false,42,enwiki,2024-10-27 22:20:57
358029704,Benutzer:Kogge/Derxia,Kogge,false,4863,dewiki,2024-10-27 22:21:03
358029707,Hans-Erhard Lessing,Legendre,false,20,dewiki,2024-10-27 22:21:16
1833715819,Gospel Nights,Ellis408,false,4,enwiki,2024-10-27 22:21:21
1833715618,"Talk:Shahrak-e Aliabad, Hormozgan",Nythar,false,-70,enwiki,2024-10-27 22:20:58
1833715902,Sentō,174.94.23.229,false,-3,enwiki,2024-10-27 22:21:34
1833715704,Category talk:Sexual abuse scandals in Islam,Tom.Reding,false,22,enwiki,2024-10-27 22:21:07
1833715800,Stop the Traffik,Dillon Thomas Christopher Zambra,false,54,enwiki,2024-10-27 22:21:16
358029710,Liste von Trägern des Bundesverdienstkreuzes 1. Klasse,Asperatus,false,65,dewiki,2024-10-27 22:21:23
358029713,Deutsche Revolution,Rilegator,false,-119,dewiki,2024-10-27 22:21:28
1833715903,Counts and dukes of Aumale,Mhmrodrigues,false,35,enwiki,2024-10-27 22:21:36
1833716000,Template:Infobox river/testcases,Joy,false,0,enwiki,2024-10-27 22:21:43
1833716116,"Merton College, Oxford",ArbieP,false,-21,enwiki,2024-10-27 22:22:00
1833716103,Joe Deters,Hyrum Taylor,false,-2,enwiki,2024-10-27 22:22:00
1833716105,Robin Gibb,151.196.187.161,false,0,enwiki,2024-10-27 22:22:00
1833716106,List of anti-communist books,Flarehayr,false,-30,enwiki,2024-10-27 22:22:02
1833716108,Asakura Dam,Monkbot,true,1,enwiki,2024-10-27 22:22:01
1833716109,List of MPs elected in the 2024 United Kingdom general election,AVFC081006,false,284,enwiki,2024-10-27 22:21:44
1833716111,Category talk:Skybound Entertainment titles,Tom.Reding,false,22,enwiki,2024-10-27 22:22:03
1833716112,Vyas Kashyap,Citation bot,true,-18,enwiki,2024-10-27 22:22:03
1833716200,Almeh Rural District,Brightkingdom,false,725,enwiki,2024-10-27 22:22:21
1833716215,Canadian Alliance of Student Associations,Wellington Bay,false,5,enwiki,2024-10-27 22:22:24
1833716307,Federico Dimarco,Alealyjang,false,0,enwiki,2024-10-27 22:22:32
1833716216,Template:2024 AFC South standings,Bluejay14,false,0,enwiki,2024-10-27 22:22:25
1833716309,Browns–Ravens rivalry,RockCrusher6,false,-24,enwiki,2024-10-27 22:22:32
1833716401,Category talk:Sonar Entertainment miniseries,Tom.Reding,false,-1,enwiki,2024-10-27 22:22:52
1833716208,Wikipedia:Database reports/Recent deaths,ListeriaBot,true,138,enwiki,2024-10-27 22:22:23
1833716218,Rodrigo Isgró,Wikipedeon,false,681,enwiki,2024-10-27 22:22:24
1833716310,Category talk:Social media influencers,Tom.Reding,false,22,enwiki,2024-10-27 22:22:34
1833716209,Adam Gopnik,MinTrouble,false,245,enwiki,2024-10-27 22:22:22
1833716219,Template:2024 AFC standings,Wa$hingtonFTFan26,false,0,enwiki,2024-10-27 22:22:25
1833716311,User:Ikeshut2/sandbox6,Ikeshut2,false,20,enwiki,2024-10-27 22:22:35
1833716404,National Democratic Union of Casual Workers,Monkbot,true,1,enwiki,2024-10-27 22:22:52
1833716210,"Al Nahda, Dubai",Monkbot,true,1,enwiki,2024-10-27 22:22:22
1833716316,Šilentabor,Monkbot,true,1,enwiki,2024-10-27 22:22:34
1833716405,Wikipedia:Dashboard/Requested moves,RMCD bot,true,0,enwiki,2024-10-27 22:22:52
1833716211,Miss Grand International 2024,Soyan78,false,69,enwiki,2024-10-27 22:22:19
1833716406,User:Aedis1,Aedis1,false,47,enwiki,2024-10-27 22:22:52
1833716407,Sentō,174.94.23.229,false,-1,enwiki,2024-10-27 22:22:51
1833716212,Category talk:Sludge metal musical groups,Tom.Reding,false,52,enwiki,2024-10-27 22:22:24
1833716409,Wikipedia:Requested moves/Current discussions,RMCD bot,true,0,enwiki,2024-10-27 22:22:47
1833716214,Stugeta marmoreus,Plantdrew,false,11,enwiki,2024-10-27 22:22:24
1833716415,Gas mask,Randomstaplers,false,100,enwiki,2024-10-27 22:22:53
1833716213,Wikipedia:WikiProject Women in Red/Meetup/293,Willthacheerleader18,false,34,enwiki,2024-10-27 22:22:07
1833716400,List of longest-running television shows by category,Crisscross Applesaucey,false,152,enwiki,2024-10-27 22:22:51
1833716418,2024 Houston Texans season,Astros1962,false,1609,enwiki,2024-10-27 22:22:51
1833716508,SMS Wolf (1878),Parsecboy,false,-41,enwiki,2024-10-27 22:23:10
1833716600,Hebrew keyboard,2409:40C4:11E8:2064:F432:D7F5:B4B2:1BE9,false,-1,enwiki,2024-10-27 22:23:24
1833716701,Wikipedia:WikiProject LGBTQ+ studies/Participants,Demt1298,false,-429,enwiki,2024-10-27 22:23:41
1833716509,Battle Hymn of the Republic,70.115.138.32,false,-130,enwiki,2024-10-27 22:23:09
1833716601,Nissan Atlas,Monkbot,true,1,enwiki,2024-10-27 22:23:26
1833716702,Category talk:South Australian musical groups,Tom.Reding,false,52,enwiki,2024-10-27 22:23:45
1833716602,Category talk:Soulcalibur series media files,Tom.Reding,false,22,enwiki,2024-10-27 22:23:27
358029804,Präsidentschaftswahl in den Vereinigten Staaten 2024,Regi51,false,-3,dewiki,2024-10-27 22:23:35
1833716512,Verina,Surtsicna,false,-17,enwiki,2024-10-27 22:23:11
1833716603,Yamandú Orsi,Esterau16,false,-31,enwiki,2024-10-27 22:23:27
358029802,Großkampfschiff,Ambross07,false,6,dewiki,2024-10-27 22:23:42
1833716703,Alive (1993 film),Onel5969,false,23,enwiki,2024-10-27 22:23:44
1833716501,Metrication in the United States,2600:1700:504:81F:B42F:3E5A:390E:4C88,false,-70,enwiki,2024-10-27 22:23:08
1833716513,An Ocean Between Us,2600:1702:1A00:4B10:4531:5BF4:F6E0:F365,false,-7,enwiki,2024-10-27 22:23:11
1833716604,My Name Is,Binksternet,false,-135,enwiki,2024-10-27 22:23:25
358029803,Günther-Joachim Rothe,Asperatus,false,-1,dewiki,2024-10-27 22:23:43
1833716704,Abir Chatterjee filmography,103.170.182.159,false,0,enwiki,2024-10-27 22:23:43
1833716502,Category talk:Sony Interactive Entertainment templates,Tom.Reding,false,22,enwiki,2024-10-27 22:23:10
1833716514,2024 Houston Texans season,Useight,false,0,enwiki,2024-10-27 22:23:09
1833716610,Castle (Abergavenny ward),Jpbowen,false,57,enwiki,2024-10-27 22:23:29
1833716707,Tunda,Monkbot,true,1,enwiki,2024-10-27 22:23:45
1833716503,Category:Ku Klux Klan in Tennessee,Dimadick,false,56,enwiki,2024-10-27 22:23:11
1833716515,Nneka Ogwumike,Jhomz947979,false,96,enwiki,2024-10-27 22:23:08
1833716613,Hyper Aadi,DareshMohan,false,-15,enwiki,2024-10-27 22:23:30
1833716714,Oldest McDonald's restaurant,Jjazz76,false,-9,enwiki,2024-10-27 22:23:45
1833716504,User:InceptionBot/NewPageSearch/Georgia/log,InceptionBot,true,-31,enwiki,2024-10-27 22:23:11
1833716516,Ischigualasto-Villa Unión Basin,Monkbot,true,1,enwiki,2024-10-27 22:23:11
1833716715,Talk:Felek al-Din Dündar/GA1,Cplakidas,false,142,enwiki,2024-10-27 22:23:46
1833716505,User:AlexNewArtBot/GeorgiaSearchResult,InceptionBot,true,49,enwiki,2024-10-27 22:23:11
1833716716,Jules Wijdenbosch,46.188.242.203,false,-8,enwiki,2024-10-27 22:23:44
1833716506,List of Ultraman X characters,Neils51,false,-1,enwiki,2024-10-27 22:23:08
1833716700,User:Moondragon21,Moondragon21,false,0,enwiki,2024-10-27 22:23:34
358029805,Herrengedeck,Aka,false,-3,dewiki,2024-10-27 22:23:47
1833716802,National Council of Government and Public Workers' Unions,Monkbot,true,1,enwiki,2024-10-27 22:23:56
358029819,Wikipedia Diskussion:Assoziative Verweise,Verifizierer,false,827,dewiki,2024-10-27 22:24:06
1833716914,Smoke (film),Onel5969,false,23,enwiki,2024-10-27 22:24:14
1833717018,2024 Besta deild karla,209.128.221.50,false,3,enwiki,2024-10-27 22:24:29
358029806,In einem Land vor unserer Zeit,DavSob,false,-24,dewiki,2024-10-27 22:23:47
1833716805,Wikipedia:Good articles/History,Cplakidas,false,25,enwiki,2024-10-27 22:23:53
1833716915,Żórawina,Monkbot,true,1,enwiki,2024-10-27 22:24:14
358029807,Benutzer Diskussion:DavidMinnt,DerRobRob,false,373,dewiki,2024-10-27 22:23:49
1833716804,International Federation of Gynaecology and Obstetrics,RockviewLove,false,13,enwiki,2024-10-27 22:23:57
1833717000,Grayson Perry,Matthew Garforth,false,45,enwiki,2024-10-27 22:24:25
1833716803,List of transgender people,Willthacheerleader18,false,173,enwiki,2024-10-27 22:23:48
1833716901,Olszewki,Monkbot,true,1,enwiki,2024-10-27 22:24:11
1833716917,Wikipedia:Articles for deletion/List of songs that retell a work of literature,KConWiki,false,722,enwiki,2024-10-27 22:24:16
1833717011,Mordvins,Narchat,false,5,enwiki,2024-10-27 22:24:26
358029810,Diskussion:Polyphenole,Dankedaniel,false,463,dewiki,2024-10-27 22:23:52
1833716806,1992 German Formula Three Championship,Monkbot,true,1,enwiki,2024-10-27 22:23:53
358029816,Los Frikis,IgorCalzone1,false,192,dewiki,2024-10-27 22:24:04
1833716900,Category talk:Southern rock musical groups,Tom.Reding,false,52,enwiki,2024-10-27 22:24:13
1833717012,Bouzaréah,Monkbot,true,1,enwiki,2024-10-27 22:24:27
358029808,U Wang,Aka,false,-4,dewiki,2024-10-27 22:23:49
358029812,"Hood (Schiff, 1920)",Ambross07,false,6,dewiki,2024-10-27 22:23:55
1833716809,Category talk:South Korean heavy metal musical groups,Tom.Reding,false,52,enwiki,2024-10-27 22:23:59
1833716902,Browns–Ravens rivalry,Demrep,false,154,enwiki,2024-10-27 22:24:10
1833717013,Chemical cartridge,Randomstaplers,false,100,enwiki,2024-10-27 22:24:27
358029813,Benutzer Diskussion:77.119.198.151,TabellenBot,true,1314,dewiki,2024-10-27 22:23:57
1833716808,2024 Besta deild karla,209.128.221.50,false,-13,enwiki,2024-10-27 22:23:57
358029817,Jaora (Staat),Aline Ollivier,false,15,dewiki,2024-10-27 22:24:05
1833716816,Coco,ClueBot NG,false,-10,enwiki,2024-10-27 22:24:01
1833716909,Wikipedia:RFA by month,WereSpielChequers,false,3,enwiki,2024-10-27 22:24:14
1833717014,Category talk:Spanish musical groups,Tom.Reding,false,52,enwiki,2024-10-27 22:24:30
358029811,Arbeitserziehungslager Hirzenhain,Aka,false,2,dewiki,2024-10-27 22:23:54
358029814,Quäkerzeugnis,Aka,false,-2,dewiki,2024-10-27 22:23:57
1833716817,Wikipedia:WikiProject LGBTQ+ studies/Inactive,Demt1298,false,360,enwiki,2024-10-27 22:23:59
1833716911,Colts–Texans rivalry,Bluejay14,false,-13,enwiki,2024-10-27 22:24:13
1833717016,Anti-psychologism,Monkbot,true,1,enwiki,2024-10-27 22:24:30
1833716801,Yamandú Orsi,Esterau16,false,1,enwiki,2024-10-27 22:23:56
1833716818,Caribbean Legion,Monkbot,true,1,enwiki,2024-10-27 22:24:00
1833716913,File:Bill Middlekauff (c. 1923).png,Abzeronow,false,-782,enwiki,2024-10-27 22:24:15
1833717015,Alameda Free Library,21Kakai,false,-26,enwiki,2024-10-27 22:24:29
1833717109,Saamy,RajveerSingha1950,false,1,enwiki,2024-10-27 22:24:46
1833717200,Draft:List of South Carolina hurricanes,Dkspencer03,false,2931,enwiki,2024-10-27 22:25:04
1833717208,Palit Microsystems,46.196.72.19,false,16,enwiki,2024-10-27 22:25:11
1833717110,RAF Steeple Morden,BD2412,false,1,enwiki,2024-10-27 22:24:45
1833717202,List of Denver Broncos starting quarterbacks,Alexanderthgr8,false,0,enwiki,2024-10-27 22:25:06
1833717209,List of Santalales of South Africa,Plantdrew,false,-8,enwiki,2024-10-27 22:25:10
1833717111,User:Rocketwidget/sandbox,Rocketwidget,false,15,enwiki,2024-10-27 22:24:44
1833717201,Harris Kempner (b. 1837),Oldsanfelipe2,false,23,enwiki,2024-10-27 22:25:08
1833717213,User:Calliwhitehead/sandbox,Calliwhitehead,false,-1,enwiki,2024-10-27 22:25:12
1833717219,Dream State,Binksternet,false,-24,enwiki,2024-10-27 22:25:13
1833717112,Osama Malik,Monkbot,true,1,enwiki,2024-10-27 22:24:46
1833717215,Golden Globe Cecil B. DeMille Award,Zmbro,false,1,enwiki,2024-10-27 22:25:11
1833717113,Alina Korneeva,Shrug02,false,958,enwiki,2024-10-27 22:24:45
1833717216,Ryota Matsune,Monkbot,true,1,enwiki,2024-10-27 22:25:12
1833717100,Marshall Ganz,Califtrek,false,87,enwiki,2024-10-27 22:24:44
1833717114,Category talk:Sports betting scandals,Tom.Reding,false,23,enwiki,2024-10-27 22:24:48
1833717203,John Somers (courtier),Unoquha,false,83,enwiki,2024-10-27 22:25:09
1833717217,"Kashanak, North Khorasan",Brightkingdom,false,701,enwiki,2024-10-27 22:25:13
1833717101,Neoblastobasis ximeniaella,Plantdrew,false,10,enwiki,2024-10-27 22:24:43
1833717116,Battle of Copenhagen (1801),89.150.131.45,false,210,enwiki,2024-10-27 22:24:46
1833717204,Lewis Walker (footballer),Cardinal Gareth,false,0,enwiki,2024-10-27 22:25:08
1833717218,2024 Atlanta Falcons season,Wareagle529,false,1400,enwiki,2024-10-27 22:25:11
1833717103,Next Stop Wonderland,Onel5969,false,46,enwiki,2024-10-27 22:24:44
1833717206,Bolshoi Booze,Onel5969,false,46,enwiki,2024-10-27 22:25:09
1833717105,UCI Cyclo-cross World Cup,Hg03u,false,0,enwiki,2024-10-27 22:24:43
1833717118,Gino Pellegrini,Cavarrone,false,17,enwiki,2024-10-27 22:24:49
1833717205,Tayma,Monkbot,true,1,enwiki,2024-10-27 22:25:08
1833717207,Category talk:Spyro media files,Tom.Reding,false,22,enwiki,2024-10-27 22:25:10
1833717304,A Boy in a Tree,Onel5969,false,23,enwiki,2024-10-27 22:25:29
1833717314,Yorkshire Coastliner bus routes 840 and 843,Keith D,false,0,enwiki,2024-10-27 22:25:31
1833717403,Dimethylglyoxime,Innerstream,false,0,enwiki,2024-10-27 22:25:52
1833717417,Ohio University,Sapienna,false,2,enwiki,2024-10-27 22:25:52
1833717315,Our Lady of Good Health,Monkbot,true,1,enwiki,2024-10-27 22:25:31
1833717406,List of American films of 1993,Onel5969,false,23,enwiki,2024-10-27 22:25:49
1833717419,Al-Saqr SC,Monkbot,true,1,enwiki,2024-10-27 22:25:55
358029901,Friedrich Pauly (Autor),Mornewech,false,236,dewiki,2024-10-27 22:26:00
1833717305,Talk:Donald Trump,Mandruss,false,382,enwiki,2024-10-27 22:25:19
1833717407,Tikri Border metro station,2409:40D0:2C:F5F9:8000:0:0:0,false,115,enwiki,2024-10-27 22:25:51
1833717316,Wikipedia:WikiProject Plants/Stub to Start drive,Eewilson,false,43,enwiki,2024-10-27 22:25:33
1833717408,User:InceptionBot/NewPageSearch/Hamburg/log,InceptionBot,true,-198,enwiki,2024-10-27 22:25:54
358029903,The Irish Times,Ambross07,false,1,dewiki,2024-10-27 22:26:05
1833717309,Timeline of Iranian history,The Nineteenth Century,false,18,enwiki,2024-10-27 22:25:28
1833717409,User:AlexNewArtBot/HamburgSearchResult,InceptionBot,true,-726,enwiki,2024-10-27 22:25:53
1833717308,Luciano Portolano,217.163.90.227,false,-52,enwiki,2024-10-27 22:25:30
1833717410,Urbicide,Nakonana,false,-67,enwiki,2024-10-27 22:25:51
1833717311,2024 European Championship (darts),SX2jGPj69,false,407,enwiki,2024-10-27 22:25:27
1833717411,Unidad Modelo metro station,Monkbot,true,1,enwiki,2024-10-27 22:25:52
1833717312,Category talk:Star Fox media files,Tom.Reding,false,23,enwiki,2024-10-27 22:25:30
1833717412,List of wars by death toll,Inherli,false,32680,enwiki,2024-10-27 22:25:41
1833717414,User:Aedis1/Art1070,Aedis1,false,163,enwiki,2024-10-27 22:25:55
1833717313,2024 Japanese general election,Bejakyo,false,-31,enwiki,2024-10-27 22:25:28
1833717416,Category talk:Stock media,Tom.Reding,false,11,enwiki,2024-10-27 22:25:55
358029902,Zwischen uns die Berge,Passjosi,false,-11,dewiki,2024-10-27 22:26:03
1833717500,Drain You,2A02:21B4:1448:8200:ED9C:BE97:BE98:E87D,false,0,enwiki,2024-10-27 22:26:04
1833717513,2024 Penn State Nittany Lions football team,MKP2020,false,-78,enwiki,2024-10-27 22:26:08
358029910,HMS Electra (H27),Ambross07,false,6,dewiki,2024-10-27 22:26:14
358029914,Benutzer:Aka/Fehlerlisten/nowiki um URL/008,Mhandschug,false,-3345,dewiki,2024-10-27 22:26:21
358029917,HMS Express (H61),Ambross07,false,2,dewiki,2024-10-27 22:26:25
1833717604,Party for Freedom,Dajasj,false,-94,enwiki,2024-10-27 22:26:25
1833717619,List of American films of 1996,Onel5969,false,46,enwiki,2024-10-27 22:26:24
1833717705,"List of Walker, Texas Ranger episodes",32.216.140.238,false,168,enwiki,2024-10-27 22:26:38
1833717501,Jazep Drazdovič,Monkbot,true,2,enwiki,2024-10-27 22:26:06
1833717514,Coinage Offences Act 1832,Hughbe98,false,-5,enwiki,2024-10-27 22:26:09
1833717607,"Ella, Sri Lanka",Monkbot,true,2,enwiki,2024-10-27 22:26:27
1833717707,List of Western films of the 1990s,Onel5969,false,23,enwiki,2024-10-27 22:26:42
358029904,Atlantikschlacht,Ambross07,false,6,dewiki,2024-10-27 22:26:07
358029907,"Repulse (Schiff, 1916)",Ambross07,false,6,dewiki,2024-10-27 22:26:11
1833717608,Curse of Turan,91.120.156.160,false,2,enwiki,2024-10-27 22:26:28
1833717706,WPLR,TMETSJETSYT,false,41,enwiki,2024-10-27 22:26:43
1833717502,All-time tennis records – Men's singles,Rard 1968,false,-78,enwiki,2024-10-27 22:25:52
1833717515,Yahya al-Mu'tasim,Monkbot,true,1,enwiki,2024-10-27 22:26:11
358029918,Diskussion:Neckar-Enz-Stellung,Okmijnuhb,false,632,dewiki,2024-10-27 22:26:26
1833717503,User:AlexNewArtBot/HawaiiSearchResult,InceptionBot,true,-369,enwiki,2024-10-27 22:26:08
1833717518,List of Odd Squad episodes,70.50.39.88,false,86,enwiki,2024-10-27 22:26:05
1833717611,Humid subtropical climate,Heff01,false,74,enwiki,2024-10-27 22:26:26
1833717715,"Circasia, Quindío",Monkbot,true,1,enwiki,2024-10-27 22:26:44
1833717504,User:InceptionBot/NewPageSearch/Hawaii/log,InceptionBot,true,-237,enwiki,2024-10-27 22:26:09
358029908,Bolzum,AxelHH,false,2,dewiki,2024-10-27 22:26:12
358029911,Pawłowa (Weiler in der Woiwodschaft Karpatenvorland),Topfbonsai,false,-633,dewiki,2024-10-27 22:26:16
1833717612,List of Boston Red Sox broadcasters,2600:1700:B0A1:5F0:6D:5A6F:8AA6:4E12,false,3463,enwiki,2024-10-27 22:26:27
1833717716,User:SDZeroBot/NPP sorting/Geography/Regions/Asia/East Asia,Monkbot,true,17,enwiki,2024-10-27 22:26:41
1833717506,List of American films of 2005,Onel5969,false,23,enwiki,2024-10-27 22:26:04
1833717519,Mehazabien Chowdhury,Adolphus79,false,-342,enwiki,2024-10-27 22:26:12
1833717509,2024 California Proposition 36,Victoriarobbi,false,323,enwiki,2024-10-27 22:26:04
358029916,"Hans Kleinschmidt (Mediziner, 1905)",Aspiriniks,false,56,dewiki,2024-10-27 22:26:24
1833717717,Talk:Chaitram Atami,Davidindia,false,126,enwiki,2024-10-27 22:26:46
1833717511,"Białęgi, West Pomeranian Voivodeship",Monkbot,true,1,enwiki,2024-10-27 22:26:08
358029909,Sverris saga,Mitumial,false,0,dewiki,2024-10-27 22:26:14
1833717616,Category talk:Surveillance scandals,Tom.Reding,false,22,enwiki,2024-10-27 22:26:30
1833717700,Module:Adjacent stations/Tram İzmir,Erdem Ozturk 2021,false,70,enwiki,2024-10-27 22:26:44
1833717718,William Forbes Marshall,Jharris48,false,21,enwiki,2024-10-27 22:26:46
1833717512,Hikaru Midorikawa,Civilwarbuff1863,false,513,enwiki,2024-10-27 22:26:04
1833717617,DDT,DigitalChutney,false,60,enwiki,2024-10-27 22:26:20
1833717703,Category talk:Swedish death metal musical groups,Tom.Reding,false,52,enwiki,2024-10-27 22:26:44
1833717816,Hayes Theater,Cytkory,false,-23,enwiki,2024-10-27 22:26:49
1833718011,Category talk:Swimming mass media,Tom.Reding,false,22,enwiki,2024-10-27 22:27:33
1833717817,ER season 11,Onel5969,false,23,enwiki,2024-10-27 22:27:00
1833717904,2025 IndyCar Series,Hmnphl,false,-17,enwiki,2024-10-27 22:27:13
1833718010,Strahinja Banović,Zerriabi,false,5,enwiki,2024-10-27 22:27:33
1833717802,Khaybar (TV series),Monkbot,true,1,enwiki,2024-10-27 22:26:57
1833717818,Crew Dragon Launch Abort System,Titan(moon)003,false,5,enwiki,2024-10-27 22:27:02
1833717906,Wikipedia:Administrator intervention against vandalism/TB2,Ad Orientem,false,-1689,enwiki,2024-10-27 22:27:16
1833718014,Holly Hargreaves-Cormany,Katharineamy,false,168,enwiki,2024-10-27 22:27:33
1833717809,Wildlife of the Democratic Republic of the Congo,208.87.239.201,false,66,enwiki,2024-10-27 22:26:59
1833717819,Secretariat of Comprehensive Policies on Drugs,Monkbot,true,6,enwiki,2024-10-27 22:27:01
1833717916,2024–25 Croatian Football League,Skyblueshaun,false,-21,enwiki,2024-10-27 22:27:15
1833718013,Additive identity,2A04:7F80:202B:C300:3404:25A:77C2:C3B1,false,7,enwiki,2024-10-27 22:27:33
1833717917,Talk:List of numbers,103.116.119.10,false,125,enwiki,2024-10-27 22:27:09
1833718001,Shatans,Monkbot,true,1,enwiki,2024-10-27 22:27:30
1833718012,Maximo and Bartola,EssNS,false,4,enwiki,2024-10-27 22:27:33
1833717811,User:Robek/sandbox,Robek,false,8820,enwiki,2024-10-27 22:27:01
1833717900,List of Marvel Comics characters: M,Onel5969,false,23,enwiki,2024-10-27 22:27:06
1833717918,International Congress on Tuberculosis,Monkbot,true,2,enwiki,2024-10-27 22:27:16
1833718005,Kohsuke Toriumi,Civilwarbuff1863,false,521,enwiki,2024-10-27 22:27:29
1833718015,2017 Stanford Cardinal football team,Mackensen,false,4,enwiki,2024-10-27 22:27:30
1833717810,Judo at the 2023 Pan American Games – Mixed team,Daniel2023Sports,false,-16,enwiki,2024-10-27 22:26:57
1833717901,Mario Echandi Jiménez,2803:D100:F280:18C4:51CF:19E1:CC7A:8D34,false,98,enwiki,2024-10-27 22:27:13
1833718006,Hurricane Milton,12.244.161.182,false,11,enwiki,2024-10-27 22:27:24
1833718016,Alan Rudolph,Onel5969,false,5,enwiki,2024-10-27 22:27:33
1833717813,Priscilla Hojiwala,KingEuronIIIGreyjoy,false,-1,enwiki,2024-10-27 22:27:02
1833718007,User:Crisco 1492/The Crystal (tabloid),Crisco 1492,false,1697,enwiki,2024-10-27 22:27:32
1833717902,Striptease (film),Onel5969,false,23,enwiki,2024-10-27 22:27:12
1833718008,Next (2007 film),Onel5969,false,23,enwiki,2024-10-27 22:27:30
1833717815,Category talk:Swedish male film actors,Tom.Reding,false,24,enwiki,2024-10-27 22:27:01
1833717903,Category talk:Swedish musical groups by genre,Tom.Reding,false,52,enwiki,2024-10-27 22:27:15
1833718009,Amoeba,Snoteleks,false,376,enwiki,2024-10-27 22:27:29
1833718113,List of film director–composer collaborations,Onel5969,false,10,enwiki,2024-10-27 22:27:28
1833718214,Becky James,Jpbowen,false,56,enwiki,2024-10-27 22:28:08
358030001,Laurel und Hardy: Auf hoher See,Ambross07,false,26,dewiki,2024-10-27 22:28:17
1833718306,Robert Clavering (MP),Gaismagorm,false,17,enwiki,2024-10-27 22:28:26
358030006,Billy Mitchell (General),Ambross07,false,2,dewiki,2024-10-27 22:28:28
1833718114,Siarhei Charnou,Monkbot,true,1,enwiki,2024-10-27 22:27:49
1833718203,Max Korzh,Monkbot,true,6,enwiki,2024-10-27 22:28:05
1833718313,Laurence McMahon,Jevansen,false,-4,enwiki,2024-10-27 22:28:27
1833718117,1997 National Society of Film Critics Awards,Onel5969,false,5,enwiki,2024-10-27 22:27:50
1833718204,Category talk:Taito media files,Tom.Reding,false,22,enwiki,2024-10-27 22:28:05
1833718219,Laurence McMahon,Jevansen,false,8,enwiki,2024-10-27 22:28:11
358030004,Leah McNamara,2A02:3102:8434:1000:B360:CB6F:250B:1EB6,false,34,dewiki,2024-10-27 22:28:27
1833718118,Category talk:Symphonic metal musical groups,Tom.Reding,false,53,enwiki,2024-10-27 22:27:50
1833718205,John Huston,IndigoSalisbury,false,331,enwiki,2024-10-27 22:28:00
1833718218,Soviet destroyer Sovremenny,Dl2000,false,12,enwiki,2024-10-27 22:28:10
1833718314,Joe Hayashi,Monkbot,true,1,enwiki,2024-10-27 22:28:26
1833718100,Judo at the 2023 Pan American Games – Mixed team,Daniel2023Sports,false,59,enwiki,2024-10-27 22:27:44
1833718119,2024–25 All-Ireland Senior Club Hurling Championship,Pmunited,false,-29,enwiki,2024-10-27 22:27:50
358030005,Poughkeepsie (Town),Doc.Heintz,false,-2,dewiki,2024-10-27 22:28:27
1833718101,User:Cplakidas,Cplakidas,false,0,enwiki,2024-10-27 22:27:47
1833718206,"Santa Clarita, California",Crossover1370,false,-23,enwiki,2024-10-27 22:27:59
358030003,Bolzum,AxelHH,false,-20,dewiki,2024-10-27 22:28:23
1833718316,National Society of Film Critics Award for Best Actress,Onel5969,false,5,enwiki,2024-10-27 22:28:26
1833718102,James A. Garfield,2600:1700:5820:4540:D0BC:1899:5E72:7A85,false,-4,enwiki,2024-10-27 22:27:42
1833718207,Snow White: The Fairest of Them All,Onel5969,false,23,enwiki,2024-10-27 22:28:06
1833718317,List of fantasy anime,Casau056,false,0,enwiki,2024-10-27 22:28:26
1833718103,The Time Weekly,W9793,false,46,enwiki,2024-10-27 22:27:48
1833718212,Category talk:Taiwanese children's entertainment,Tom.Reding,false,22,enwiki,2024-10-27 22:28:08
358030002,HMS Jupiter (F85),Ambross07,false,6,dewiki,2024-10-27 22:28:20
1833718300,Category talk:Tanzanian musical groups,Tom.Reding,false,52,enwiki,2024-10-27 22:28:25
1833718318,Talk:Tell Khaiber,Surayeproject3,false,75,enwiki,2024-10-27 22:28:28
1833718106,Čichalov,Monkbot,true,1,enwiki,2024-10-27 22:27:46
1833718213,Iyengar Tamil,Monkbot,true,1,enwiki,2024-10-27 22:28:08
1833718301,Leaders of the Ku Klux Klan,Dimadick,false,-26,enwiki,2024-10-27 22:28:25
1833718319,User:AydenPNE17/sandbox,AydenPNE17,false,116,enwiki,2024-10-27 22:28:20
1833718112,Hurricane Streets,Onel5969,false,23,enwiki,2024-10-27 22:27:48
1833718201,Talk:Gun show loophole,Iljhgtn,false,325,enwiki,2024-10-27 22:27:58
358030000,Slackware,Xenein,false,12,dewiki,2024-10-27 22:28:16
1833718305,2014 Stanford Cardinal football team,Mackensen,false,4,enwiki,2024-10-27 22:28:25
358030007,Benutzer:Asakura Akira/Baustelle/Ergebnisse der japanischen Abgeordnetenhauswahl 202x,Asakura Akira,false,-19,dewiki,2024-10-27 22:28:26
1833718410,User:Memer15151,Memer15151,false,28,enwiki,2024-10-27 22:28:45
1833718504,User:STEMSkeptic/sandbox,STEMSkeptic,false,17,enwiki,2024-10-27 22:29:06
1833718409,Mohamed Fouzair,Monkbot,true,1,enwiki,2024-10-27 22:28:44
1833718505,Didcot and Wantage (UK Parliament constituency),JSboundaryman,false,-27,enwiki,2024-10-27 22:28:58
1833718602,1963 NHL amateur draft,NHL04,false,0,enwiki,2024-10-27 22:29:20
358030014,Abidjan,Scholless,false,45,dewiki,2024-10-27 22:28:39
1833718412,The Time Weekly,W9793,false,-9,enwiki,2024-10-27 22:28:46
1833718507,Laurence McMahon,Jevansen,false,54,enwiki,2024-10-27 22:29:06
1833718603,Flag of Greece,81.36.126.103,false,-13,enwiki,2024-10-27 22:29:18
1833718415,Category talk:Television series about the media,Tom.Reding,false,22,enwiki,2024-10-27 22:28:47
1833718508,2024–25 Ukrainian First League,185.155.90.88,false,441,enwiki,2024-10-27 22:29:00
1833718605,Chilean land reform,Monkbot,true,1,enwiki,2024-10-27 22:29:21
358030015,"Eternal Father, Strong to Save",Ambross07,false,7,dewiki,2024-10-27 22:28:41
1833718416,Roman Tmetuchl International Airport,157.131.156.114,false,73,enwiki,2024-10-27 22:28:46
358030019,Wurzenraingraben,Brettchenweber,false,1,dewiki,2024-10-27 22:28:54
1833718510,The Chaperone (2011 film),Onel5969,false,69,enwiki,2024-10-27 22:29:06
1833718606,Talk:Jacob De la Gardie's march into Moscow (1610),Fajowy,false,40,enwiki,2024-10-27 22:29:23
358030008,Bob Wollek,Stuhler,false,48,dewiki,2024-10-27 22:28:29
1833718404,John McGough (musician),2404:4408:8795:CF00:3C4D:8C6C:EB34:EEF6,false,13,enwiki,2024-10-27 22:28:45
358030016,Diskussion:Polyphenole,Dankedaniel,false,-79,dewiki,2024-10-27 22:28:47
1833718509,2022 in Ukraine,Nakonana,false,-99,enwiki,2024-10-27 22:29:01
1833718607,Template:Sioux Falls Skyforce roster,Intruder007,false,34,enwiki,2024-10-27 22:29:23
1833718405,13th Independent Spirit Awards,Onel5969,false,5,enwiki,2024-10-27 22:28:44
1833718417,Template:Sioux Falls Skyforce current roster,Intruder007,false,5,enwiki,2024-10-27 22:28:47
1833718512,Evangelical Baptist Convention of Argentina,Monkbot,true,2,enwiki,2024-10-27 22:29:06
1833718608,Draft:Gikku Jacob Peter,DhanasreeShylendrakumar,false,-1,enwiki,2024-10-27 22:29:23
1833718407,Chief of the Defence Staff (Italy),217.163.90.227,false,0,enwiki,2024-10-27 22:28:43
1833718501,Donald Bisset,Onel5969,false,5,enwiki,2024-10-27 22:29:04
1833718515,Randy Hilliard,Sandman766,false,-84,enwiki,2024-10-27 22:29:08
358030011,Wälder bei Hugenpoet und Landsberg,DiAuras,false,108,dewiki,2024-10-27 22:28:35
1833718406,Category:People from Bulwell,Ernsanchez00,false,8,enwiki,2024-10-27 22:28:44
1833718419,List of assassinations in fiction,Onel5969,false,5,enwiki,2024-10-27 22:28:44
358030017,Ewige Tabelle der Fußball-Bundesliga,Sankt PauliLP,false,1,dewiki,2024-10-27 22:28:48
1833718519,Draft:FNTSY,Discospinster,false,92,enwiki,2024-10-27 22:29:08
358030009,César Franck,Double Croche,false,0,dewiki,2024-10-27 22:28:32
358030013,Captive Portal,Xenein,false,4,dewiki,2024-10-27 22:28:39
1833718408,Category:Wales hospital navigational boxes,DankJae,false,63,enwiki,2024-10-27 22:28:46
1833718503,2024 Mérida Open – Singles,Yimingbao,false,29,enwiki,2024-10-27 22:29:04
1833718609,George Hoellering,Onel5969,false,15,enwiki,2024-10-27 22:29:22
1833718610,Screen Two,Onel5969,false,23,enwiki,2024-10-27 22:29:18
1833718710,User:Cerium4B,Cerium4B,false,105,enwiki,2024-10-27 22:29:43
1833718614,Talk:Kandy Muse,Another Believer,false,16,enwiki,2024-10-27 22:29:23
1833718711,All Japan Federation of Food Industries Workers' Unions,Monkbot,true,1,enwiki,2024-10-27 22:29:42
1833718613,RAF Watton,BD2412,false,0,enwiki,2024-10-27 22:29:21
1833718713,Return to Sender (Dexter),Onel5969,false,23,enwiki,2024-10-27 22:29:42
1833718616,Hurricane Milton,184.152.68.190,false,-11,enwiki,2024-10-27 22:29:18
1833718717,Harris Kempner (b. 1837),Oldsanfelipe2,false,9,enwiki,2024-10-27 22:29:43
1833718800,List of The Twilight Saga cast members,Onel5969,false,23,enwiki,2024-10-27 22:29:54
1833718617,Alkass Sports Channels,Monkbot,true,2,enwiki,2024-10-27 22:29:24
1833718802,Category talk:Engineers from Maharashtra,Simeon,false,54,enwiki,2024-10-27 22:29:56
1833718718,Flag of Greece,FifthFive,false,13,enwiki,2024-10-27 22:29:38
1833718806,Category talk:Titan Entertainment Group,Tom.Reding,false,22,enwiki,2024-10-27 22:29:57
1833718618,Wikipedia:Did you know/DYK hook count,DYKHousekeepingBot,true,2,enwiki,2024-10-27 22:29:26
1833718804,2024 Missouri Tigers football team,140.90.57.204,false,201,enwiki,2024-10-27 22:29:55
1833718701,Category talk:The Legend of Zelda media files,Tom.Reding,false,22,enwiki,2024-10-27 22:29:40
1833718707,Hala Misrati,Monkbot,true,1,enwiki,2024-10-27 22:29:39
1833718909,Indian campaign of Ahmad Shah Durrani,Lightningblade23,false,237,enwiki,2024-10-27 22:30:14
1833719005,2024 Minnesota Golden Gophers football team,MKP2020,false,21,enwiki,2024-10-27 22:30:26
1833719106,James A. Garfield,2600:1700:5820:4540:D0BC:1899:5E72:7A85,false,-13,enwiki,2024-10-27 22:30:39
358030102,Johann Zobel (Politiker),A1000,false,39,dewiki,2024-10-27 22:31:00
358030114,Frank Jankowski,Vfb1893,false,43,dewiki,2024-10-27 22:31:03
1833718911,Category talk:Engineers from Odisha,Simeon,false,54,enwiki,2024-10-27 22:30:17
1833719014,Iryna Butar,Monkbot,true,1,enwiki,2024-10-27 22:30:31
1833719108,Ethanol,DigitalChutney,false,74,enwiki,2024-10-27 22:30:33
1833719205,Al-Jahadib,Monkbot,true,1,enwiki,2024-10-27 22:30:59
1833718910,Hardcore pornography,216.82.47.224,false,42,enwiki,2024-10-27 22:30:16
1833719015,Category talk:Turkish mass media people,Tom.Reding,false,22,enwiki,2024-10-27 22:30:32
1833719111,Talk:Ur,Surayeproject3,false,40,enwiki,2024-10-27 22:30:45
1833719207,"Instead, Suffolk",Katharineamy,false,7,enwiki,2024-10-27 22:30:59
1833718912,Template:F1 Drivers Standings,JottoD,false,9,enwiki,2024-10-27 22:30:17
1833719017,List of WWE pay-per-view and livestreaming supercards,74.117.36.66,false,530,enwiki,2024-10-27 22:30:27
1833719113,Category talk:U2 media,Tom.Reding,false,22,enwiki,2024-10-27 22:30:46
1833719208,Category talk:Ukrainian heavy metal musical groups,Tom.Reding,false,42,enwiki,2024-10-27 22:31:00
1833718913,Mothers (Tokyo Stock Exchange),Monkbot,true,1,enwiki,2024-10-27 22:30:18
1833719018,Rabha language,Onel5969,false,17,enwiki,2024-10-27 22:30:31
1833719112,Bill Blair (disambiguation),Bobby Cohn,false,-3,enwiki,2024-10-27 22:30:47
1833719209,Brisbane Airport,101.119.144.16,false,-26,enwiki,2024-10-27 22:30:53
1833718915,Wikipedia:Sockpuppet investigations/Bluebird207,Imzadi1979,false,-36,enwiki,2024-10-27 22:30:19
1833719114,Talk:Bill Blair (disambiguation),Bobby Cohn,false,-3,enwiki,2024-10-27 22:30:47
358030100,Kulkwitzer See,Falk2,false,-14,dewiki,2024-10-27 22:30:59
1833719210,Sins of the City,Onel5969,false,23,enwiki,2024-10-27 22:31:00
1833718905,List of cooperatives,Monkbot,true,1,enwiki,2024-10-27 22:30:16
1833718914,Bronze Age Pervert,Llll5032,false,33,enwiki,2024-10-27 22:30:17
1833719100,Dieter Timme,SuperSkaterDude45,false,-3,enwiki,2024-10-27 22:30:44
1833719116,Person of Interest season 1,Onel5969,false,23,enwiki,2024-10-27 22:30:42
1833719203,User:InceptionBot/NewPageSearch/Hungary/log,InceptionBot,true,-116,enwiki,2024-10-27 22:31:00
1833719211,User:Nk3play2/sandbox/8,Nk3play2,false,123,enwiki,2024-10-27 22:31:01
1833718906,User:JohnKent/sandbox,JohnKent,false,144,enwiki,2024-10-27 22:30:17
1833718916,RAF West Malling,BD2412,false,1,enwiki,2024-10-27 22:30:16
1833719101,Michiyoshi Ohara,Monkbot,true,1,enwiki,2024-10-27 22:30:44
1833719117,Luis Bolín,Lightiggy,false,29,enwiki,2024-10-27 22:30:46
358030101,Benutzer:Felkel1982,Felkel1982,false,-4081,dewiki,2024-10-27 22:31:00
1833719218,User:AlexNewArtBot/HungarySearchResult,InceptionBot,true,-1183,enwiki,2024-10-27 22:30:59
1833718907,Allophylus zeylanicus,Declangi,false,-84,enwiki,2024-10-27 22:30:17
1833718919,Talk:Tulul al-Baqarat,Surayeproject3,false,75,enwiki,2024-10-27 22:30:19
1833719202,Meshuggah,173.238.37.49,false,-148,enwiki,2024-10-27 22:30:57
358030113,Insaf el-Harkaoui,Toni Müller,false,23,dewiki,2024-10-27 22:31:02
358030115,St. Michael (Steinkirchen),Moleskine,false,204,dewiki,2024-10-27 22:31:05
1833718908,Oliver Sacks,Pol098,false,-10,enwiki,2024-10-27 22:30:12
1833718918,Category talk:Tri-Ace media files,Tom.Reding,false,22,enwiki,2024-10-27 22:30:18
1833719003,Respirator,Randomstaplers,false,189,enwiki,2024-10-27 22:30:26
1833719204,Tihar Village,2406:B400:72:A8FF:9CC1:1DA4:B642:13EA,false,4,enwiki,2024-10-27 22:30:58
1833719219,Blessing ceremony of the Unification Church,Swan9081,false,32,enwiki,2024-10-27 22:31:01
358030116,Kankou Coulibaly,Toni Müller,false,23,dewiki,2024-10-27 22:31:06
1833719309,Major Disaster,Fiction Fanatic III,false,-9212,enwiki,2024-10-27 22:31:15
1833719413,User:InceptionBot/NewPageSearch/Iceland/log,InceptionBot,true,-100,enwiki,2024-10-27 22:31:35
1833719502,Promelacacinidin,Plantdrew,false,-2,enwiki,2024-10-27 22:31:47
358030119,Leisel,RaumplanungTV,false,1,dewiki,2024-10-27 22:31:16
1833719414,Sandesaya,2407:C00:4002:4294:1:2:C1D5:543E,false,0,enwiki,2024-10-27 22:31:33
1833719503,User:UU Archivist/sandbox,UU Archivist,false,5032,enwiki,2024-10-27 22:31:47
1833719518,Pravir Chandra Bhanj Deo,Onel5969,false,6,enwiki,2024-10-27 22:31:48
1833719311,Sri Lanka Rupavahini Corporation,Monkbot,true,2,enwiki,2024-10-27 22:31:15
1833719415,User:AlexNewArtBot/IcelandSearchResult,InceptionBot,true,-1062,enwiki,2024-10-27 22:31:34
1833719505,User:HappyAppy10/sandbox,HappyAppy10,false,3475,enwiki,2024-10-27 22:31:48
1833719312,Talk:Eridu,Surayeproject3,false,39,enwiki,2024-10-27 22:31:17
1833719416,Harris Eyre,Citation bot,true,109,enwiki,2024-10-27 22:31:32
1833719506,Draft:Broken Arrow (Video Game),Citation bot,true,-19,enwiki,2024-10-27 22:31:47
1833719313,Category talk:University and college mass media in Oregon,Tom.Reding,false,12,enwiki,2024-10-27 22:31:18
1833719418,Ski film,Rs wrangler,false,12,enwiki,2024-10-27 22:31:34
1833719509,User talk:KinthermStopenfi,KinthermStopenfi,false,475,enwiki,2024-10-27 22:31:48
358030118,Kategorie:Tōhoku,Ulf Heinsohn,false,21,dewiki,2024-10-27 22:31:11
1833719314,Sara Anderson Immerwahr,UndercoverClassicist,false,18,enwiki,2024-10-27 22:31:16
1833719403,Category talk:University of Notre Dame musical groups,Tom.Reding,false,52,enwiki,2024-10-27 22:31:31
1833719419,Athletics at the 1912 Summer Olympics – Men's marathon,176.10.144.223,false,673,enwiki,2024-10-27 22:31:34
1833719511,Einabus,Monkbot,true,1,enwiki,2024-10-27 22:31:47
1833719404,Battle of Khazir,Monkbot,true,1,enwiki,2024-10-27 22:31:30
1833719513,Category talk:Vehicles by media,Tom.Reding,false,22,enwiki,2024-10-27 22:31:49
358030117,John Leach,Ambross07,false,-9,dewiki,2024-10-27 22:31:09
1833719300,How to Get Away with Murder season 3,Onel5969,false,23,enwiki,2024-10-27 22:31:12
1833719315,Category talk:Engineers from Tamil Nadu,Simeon,false,52,enwiki,2024-10-27 22:31:18
1833719411,Talk:Al-Ahli Arab Hospital explosion,CoolAndUniqueUsername,false,663,enwiki,2024-10-27 22:31:27
1833719514,The Duel (2016 film),Onel5969,false,46,enwiki,2024-10-27 22:31:48
1833719306,Zaria (wrestler),HHH Pedrigree,false,-7,enwiki,2024-10-27 22:31:14
1833719318,Adhran,Monkbot,true,1,enwiki,2024-10-27 22:31:17
1833719412,Madam Secretary (TV series),Onel5969,false,23,enwiki,2024-10-27 22:31:31
1833719515,Category talk:Engineers from Telangana,Simeon,false,54,enwiki,2024-10-27 22:31:49
1833719308,RF chain,BD2412,false,2,enwiki,2024-10-27 22:31:13
1833719316,Template:2024 AFC standings,GregorBungensheim,false,-204,enwiki,2024-10-27 22:31:18
1833719516,"Royal Victoria Hospital, Montreal",VanWagn,false,82,enwiki,2024-10-27 22:31:48
1833719519,Hill's Tramroad,Jpbowen,false,32,enwiki,2024-10-27 22:31:50
1833719611,2024–25 Auburn Tigers men's basketball team,Wareagle529,false,-1,enwiki,2024-10-27 22:32:02
1833719707,Wikipedia:Graphics Lab/Photography workshop,Vysotsky,false,491,enwiki,2024-10-27 22:32:24
1833719612,Stepan Kuntsevich,Monkbot,true,2,enwiki,2024-10-27 22:32:04
1833719709,Jio Platforms,Onel5969,false,6,enwiki,2024-10-27 22:32:21
1833719600,Clover-Lynn,Willthacheerleader18,false,40,enwiki,2024-10-27 22:32:03
1833719619,User:AlexNewArtBot/IllinoisSearchResult,InceptionBot,true,1200,enwiki,2024-10-27 22:32:04
1833719708,Category talk:Vietnamese musical groups,Tom.Reding,false,52,enwiki,2024-10-27 22:32:24
1833719602,Category talk:Victor Entertainment,Tom.Reding,false,22,enwiki,2024-10-27 22:32:03
1833719713,Hisae Mitsuishi,Monkbot,true,1,enwiki,2024-10-27 22:32:24
1833719604,Category:People from Cotgrave,Ernsanchez00,false,17,enwiki,2024-10-27 22:32:04
1833719606,The Dark Tower (2017 film),Onel5969,false,23,enwiki,2024-10-27 22:32:00
1833719700,Sonita Alleyne,Proscribe,false,261,enwiki,2024-10-27 22:32:22
1833719609,User:InceptionBot/NewPageSearch/Illinois/log,InceptionBot,true,811,enwiki,2024-10-27 22:32:05
1833719705,Ryan Tafazolli,Keith D,false,17,enwiki,2024-10-27 22:32:23
1833719607,Percy Jackson: Sea of Monsters,Maxl,false,0,enwiki,2024-10-27 22:32:03
1833719706,Mongolian script,NiluXC,false,-4,enwiki,2024-10-27 22:32:07
1833719801,Constantine Hangerli,Cplakidas,false,-25,enwiki,2024-10-27 22:32:44
1833719811,Only Murders in the Building,Hiyaboy42,false,0,enwiki,2024-10-27 22:32:43
1833719909,Terunofuji Haruo,Tigerboy1966,false,3,enwiki,2024-10-27 22:33:02
1833719916,Sport in Lithuania,Dl2000,false,-7,enwiki,2024-10-27 22:33:05
1833719802,Stonewall Jackson,Dbroer,false,2,enwiki,2024-10-27 22:32:41
1833719815,People From My Neighborhood,Onel5969,false,18,enwiki,2024-10-27 22:32:48
1833719910,Henley and Thame (UK Parliament constituency),JSboundaryman,false,118,enwiki,2024-10-27 22:32:59
1833719803,21st Army (Wehrmacht),Monkbot,true,2,enwiki,2024-10-27 22:32:43
1833719816,Adeline Yen Mah,98.45.209.39,false,968,enwiki,2024-10-27 22:32:47
1833719911,Wikipedia:Administrator intervention against vandalism/TB2,DatBot,true,392,enwiki,2024-10-27 22:33:05
1833719804,Ryofu Karma,Onel5969,false,6,enwiki,2024-10-27 22:32:42
1833719818,Walter Jacob,Bluemarsman,false,-7,enwiki,2024-10-27 22:32:50
1833719805,Category talk:War in Afghanistan (2001–2021) and the media,Tom.Reding,false,22,enwiki,2024-10-27 22:32:47
1833719819,Ali Irsan,Monkbot,true,9,enwiki,2024-10-27 22:32:47
1833719900,Manzoor Mengal,119.73.102.204,false,48,enwiki,2024-10-27 22:33:03
1833719912,2024 Asian Netball Championships,Citation bot,true,-2,enwiki,2024-10-27 22:33:04
1833719808,2023 BWF World Junior Championships – mixed doubles,Citation bot,true,-15,enwiki,2024-10-27 22:32:39
1833719913,Category talk:Western Australian musical groups,Tom.Reding,false,42,enwiki,2024-10-27 22:33:06
1833719806,Dečani chrysobulls,Krisitor,false,-1,enwiki,2024-10-27 22:32:47
1833719800,Lockup (Agents of S.H.I.E.L.D.),Onel5969,false,46,enwiki,2024-10-27 22:32:42
1833719809,Sanseitō,76.68.44.232,false,0,enwiki,2024-10-27 22:32:46
1833719906,List of mountain peaks of the Wicklow Mountains,92.10.94.129,false,-4,enwiki,2024-10-27 22:33:04
1833719907,Uladzislau Smiahlikau,Monkbot,true,1,enwiki,2024-10-27 22:33:02
1833719915,The Laws of Inferno Dynamics,Onel5969,false,69,enwiki,2024-10-27 22:33:06
1833720009,List of Canadian Football League head coaches by wins,Rpj17,false,0,enwiki,2024-10-27 22:33:26
1833720016,Abdiweli Sheikh Ahmed,Monkbot,true,2,enwiki,2024-10-27 22:33:25
1833720017,Alexander Steen Olsen,Sunay1986,false,1,enwiki,2024-10-27 22:33:27
1833720018,Wikipedia:Administrators' noticeboard/Edit warring,Mhorg,false,497,enwiki,2024-10-27 22:33:28
1833720019,Four Orchestral Songs,Monkbot,true,1,enwiki,2024-10-27 22:33:28
1833720006,User:GamerFan223/Sandbox4,GamerFan223,false,16,enwiki,2024-10-27 22:33:24
1833720007,2004 in British television,77.100.241.112,false,10,enwiki,2024-10-27 22:33:25
1833720008,Category talk:Wonky pop musical groups,Tom.Reding,false,52,enwiki,2024-10-27 22:33:27
1833720101,Dodger Savage,2A00:23C6:1719:6801:3839:691C:F779:A985,false,0,enwiki,2024-10-27 22:33:44
1833720118,Michael Hughes Watson,Onel5969,false,10,enwiki,2024-10-27 22:33:47
1833720100,St. Martin's Day,Rosspz,false,2,enwiki,2024-10-27 22:33:43
1833720119,Module:Check blp parameter,Gonnym,false,17,enwiki,2024-10-27 22:33:47
358030210,Kommandoturm,Ambross07,false,0,dewiki,2024-10-27 22:33:45
358030204,Kategorie:Chūbu,Ulf Heinsohn,false,18,dewiki,2024-10-27 22:33:40
1833720110,Talk:Rape during the occupation of Germany,YapperYaps,false,787,enwiki,2024-10-27 22:33:40
358030201,"QF 5,25-inch-Schiffsgeschütz Mark I",Ambross07,false,0,dewiki,2024-10-27 22:33:35
358030205,"Charybdis (Schiff, 1941)",Ambross07,false,0,dewiki,2024-10-27 22:33:39
358030214,Benutzer:MerlBot/Nicht kategorisierte Artikel,TaxonBota,true,61,dewiki,2024-10-27 22:33:47
1833720111,Narcos: Mexico,Onel5969,false,46,enwiki,2024-10-27 22:33:42
358030202,St. Michael (Steinkirchen),Moleskine,false,51,dewiki,2024-10-27 22:33:36
358030207,Zurück in die Zukunft,Mop66,false,0,dewiki,2024-10-27 22:33:41
1833720112,Lyozna District,Monkbot,true,2,enwiki,2024-10-27 22:33:45
1833720115,Category talk:Xenosaga media files,Tom.Reding,false,22,enwiki,2024-10-27 22:33:46
1833720114,Jim Donovan (sportscaster),2601:410:8081:1FB0:FDDE:A8DF:1A76:49FA,false,88,enwiki,2024-10-27 22:33:46
358030200,Heimat 3 – Chronik einer Zeitenwende,Passjosi,false,-25,dewiki,2024-10-27 22:33:33
1833720117,Katie Cassidy,79.142.230.113,false,-417,enwiki,2024-10-27 22:33:43
358030219,Merzouga,Christian Ude,false,-12,dewiki,2024-10-27 22:33:50
1833720216,Mountain Village Operation Units,LemurianPatriot,false,60,enwiki,2024-10-27 22:34:05
1833720304,Japanese Wikipedia,Monkbot,true,6,enwiki,2024-10-27 22:34:20
1833720309,Call of Duty: Black Ops 6,IDKFA-93,false,36,enwiki,2024-10-27 22:34:20
1833720206,Talk:16bit (band),162 etc.,false,167,enwiki,2024-10-27 22:34:04
1833720310,Carl Sentance,Onel5969,false,18,enwiki,2024-10-27 22:34:22
1833720207,Category talk:Engineers from Delhi,Simeon,false,54,enwiki,2024-10-27 22:34:04
1833720311,Template talk:Cube Entertainment,Tom.Reding,false,22,enwiki,2024-10-27 22:34:23
1833720208,User:Spitzmauskc/ice hockey league season,Spitzmauskc,false,1909,enwiki,2024-10-27 22:34:03
1833720313,Sopron Mountains,Monkbot,true,3,enwiki,2024-10-27 22:34:23
1833720210,Category talk:Zee Entertainment Enterprises,Tom.Reding,false,12,enwiki,2024-10-27 22:34:06
1833720317,A Place in the Caribbean,Onel5969,false,46,enwiki,2024-10-27 22:34:24
1833720214,Condor (Argentine missile),Monkbot,true,1,enwiki,2024-10-27 22:34:04
1833720215,The Time of the Oath,Onel5969,false,18,enwiki,2024-10-27 22:34:05
1833720217,Fresh Kill,Onel5969,false,46,enwiki,2024-10-27 22:34:06
1833720500,2024 NASCAR Cup Series,Brycenrichter,false,128,enwiki,2024-10-27 22:34:53
1833720517,List of Tri Kappa chapters,Rublamb,false,302,enwiki,2024-10-27 22:35:04
1833720501,SS Cotati,Dl2000,false,23,enwiki,2024-10-27 22:35:00
1833720407,Template talk:Electronic music events,Tom.Reding,false,22,enwiki,2024-10-27 22:34:45
1833720502,Template talk:Food and drink newsletters,Tom.Reding,false,22,enwiki,2024-10-27 22:35:02
1833720410,Kirill Shreitor,Monkbot,true,2,enwiki,2024-10-27 22:34:45
1833720504,User talk:Valereee,Valereee,false,182,enwiki,2024-10-27 22:35:01
1833720411,69th Valladolid International Film Festival,MartinsElGrande672,false,30,enwiki,2024-10-27 22:34:45
1833720506,User:Aedis1/Art1070,Aedis1,false,351,enwiki,2024-10-27 22:35:03
1833720603,Draft:Mayer Mizrachi,LexigtonMisiENG,false,173,enwiki,2024-10-27 22:35:22
1833720419,User:B.V.B.2025/RMA,B.V.B.2025,false,107,enwiki,2024-10-27 22:34:46
1833720507,1924 British Mount Everest expedition,GreatBritant,false,-374,enwiki,2024-10-27 22:35:02
1833720604,Benjamin Wadsworth (actor),2.25.177.203,false,5,enwiki,2024-10-27 22:35:21
1833720514,Kandy railway station,Monkbot,true,2,enwiki,2024-10-27 22:35:03
1833720515,Luis Guillermo Solís,Davemck,false,-37,enwiki,2024-10-27 22:35:03
1833720614,Richard Marcinko,Rob1bureau,false,0,enwiki,2024-10-27 22:35:22
1833720516,Citizens' Councils,Lightiggy,false,62,enwiki,2024-10-27 22:35:04
1833720619,Jupiter Column,Monkbot,true,1,enwiki,2024-10-27 22:35:22
1833720718,User:Cukie Gherkin,Cukie Gherkin,false,56,enwiki,2024-10-27 22:35:38
358030309,Eddy Merckx,THLoesche,false,0,dewiki,2024-10-27 22:35:52
1833720806,Template talk:Justice League in popular media,Tom.Reding,false,22,enwiki,2024-10-27 22:36:02
1833720719,2024 United States Senate elections in California,HandsomeFella,false,3,enwiki,2024-10-27 22:35:34
358030308,Adolf Wuttke,Serafschan,false,14,dewiki,2024-10-27 22:35:57
1833720807,BMF (TV series),Onel5969,false,17,enwiki,2024-10-27 22:35:59
1833720700,1990–91 Alto Mayo earthquakes,Dawnseeker2000,false,-111,enwiki,2024-10-27 22:35:39
358030306,Wikipedia:Vandalismusmeldung,TenWhile6,false,24,dewiki,2024-10-27 22:35:51
1833720812,Draft:Banner of Resistance,Qcne,false,65,enwiki,2024-10-27 22:36:03
1833720702,Template talk:Huo Yuanjia and Chen Zhen related media,Tom.Reding,false,22,enwiki,2024-10-27 22:35:41
358030310,Eastern Fleet,Ambross07,false,11,dewiki,2024-10-27 22:36:00
1833720813,Aro Tolbukhin: In the Mind of a Killer,Monkbot,true,1,enwiki,2024-10-27 22:36:02
1833720705,"Tim \"Ripper\" Owens",Citation bot,true,41,enwiki,2024-10-27 22:35:39
358030305,Douglas Santos,2A02:B98:4731:1A70:A9D5:4E5B:F4D9:8776,false,-2,dewiki,2024-10-27 22:35:48
1833720800,Paw Patrol: The Mighty Movie,2601:152:302:4C2:F072:7853:72C6:B658,false,-201,enwiki,2024-10-27 22:35:58
1833720819,Yasuke,Wcamp9,false,125,enwiki,2024-10-27 22:36:02
358030300,Jarred Tinordi,Tomyiy,false,-62,dewiki,2024-10-27 22:35:34
358030303,Friedrich Höricke,Regi51,false,-20,dewiki,2024-10-27 22:35:37
1833720707,Sam Reid (actor),Onel5969,false,17,enwiki,2024-10-27 22:35:39
1833720801,Jason Thompson (basketball),Intruder007,false,529,enwiki,2024-10-27 22:35:59
1833720708,George Liquor,89.249.203.89,false,97,enwiki,2024-10-27 22:35:38
358030307,William Joyce,Procopius,false,18,dewiki,2024-10-27 22:35:53
1833720802,Star Wars Galaxies,Dl2000,false,-165,enwiki,2024-10-27 22:35:59
1833720712,Taounate,Monkbot,true,2,enwiki,2024-10-27 22:35:40
1833720803,2007 California Golden Bears football team,Mackensen,false,106,enwiki,2024-10-27 22:35:58
1833720716,Draft:Arsène Lacarrière-Latour,Keith H99,false,30,enwiki,2024-10-27 22:35:43
1833720804,Rough Winds,Monkbot,true,1,enwiki,2024-10-27 22:36:00
1833720717,Pete Alamar,AnomieBOT,true,18,enwiki,2024-10-27 22:35:43
1833720805,Motorways in Kosovo,2A02:3035:B0F:8A10:95AC:639C:3CE3:194F,false,17,enwiki,2024-10-27 22:36:00
1833721006,Ghevra metro station,2409:40D0:2C:F5F9:8000:0:0:0,false,125,enwiki,2024-10-27 22:36:35
358030313,"Achilles (Schiff, 1933)",Ambross07,false,11,dewiki,2024-10-27 22:36:20
358030319,HMS Howe,Ambross07,false,-4,dewiki,2024-10-27 22:36:36
1833721010,Party for Freedom,Dajasj,false,-3540,enwiki,2024-10-27 22:36:35
1833720906,2024 Kansas State Wildcats football team,MKP2020,false,14,enwiki,2024-10-27 22:36:18
1833721011,Module:Adjacent stations/Tram İzmir,Erdem Ozturk 2021,false,0,enwiki,2024-10-27 22:36:39
1833720905,Daniel Popa,95.76.203.121,false,39,enwiki,2024-10-27 22:36:18
358030317,Walter Pätzold,Kalorie,false,-5,dewiki,2024-10-27 22:36:32
1833721016,Zita Johann,IndigoSalisbury,false,430,enwiki,2024-10-27 22:36:37
1833720908,Wikipedia:WikiProject Plants/Stub to Start drive,Eewilson,false,9,enwiki,2024-10-27 22:36:19
1833721014,The Little Polar Bear,Monkbot,true,2,enwiki,2024-10-27 22:36:38
358030314,Benutzer Diskussion:Felkel1982,Felkel1982,false,-40051,dewiki,2024-10-27 22:36:22
1833721000,Template talk:MGA Entertainment,Tom.Reding,false,22,enwiki,2024-10-27 22:36:37
1833721015,New York Yankees all-time roster,Brad E. Williams,false,14,enwiki,2024-10-27 22:36:37
358030315,Why Are We Creative?,Vfb1893,false,43,dewiki,2024-10-27 22:36:21
358030318,Benutzer:Luckywiki1234/VillaMargherita,Luckywiki1234,false,5,dewiki,2024-10-27 22:36:32
1833721001,Flying wing,Wunghuang,false,84,enwiki,2024-10-27 22:36:36
1833721019,User:Yewtharaptor/sandbox,Yewtharaptor,false,-804,enwiki,2024-10-27 22:36:40
1833720918,Punam Krishan,Launchballer,false,474,enwiki,2024-10-27 22:36:21
1833721003,User:InceptionBot/NewPageSearch/Iowa/log,InceptionBot,true,-2588,enwiki,2024-10-27 22:36:37
1833720919,Talk:Jack Russell Terrier,JIP,false,330,enwiki,2024-10-27 22:36:22
1833721005,User:AlexNewArtBot/IowaSearchResult,InceptionBot,true,-2461,enwiki,2024-10-27 22:36:37
1833721004,Draft:Bobby Lackey Stadium,Bobby Cohn,false,26,enwiki,2024-10-27 22:36:37
1833721101,Ministry of the Interior (Uruguay),Monkbot,true,1,enwiki,2024-10-27 22:36:55
1833721211,User:InceptionBot/NewPageSearch/Iran/log,InceptionBot,true,659,enwiki,2024-10-27 22:37:19
1833721213,Wikipedia:Requested moves/Current discussions (table),RMCD bot,true,-251,enwiki,2024-10-27 22:37:18
1833721102,Matt DeSalvo,209.6.201.40,false,331,enwiki,2024-10-27 22:36:55
1833721214,Template talk:Oberon media,Tom.Reding,false,22,enwiki,2024-10-27 22:37:19
1833721104,2024 Montserratian general election,CrimsonCube,false,2100,enwiki,2024-10-27 22:36:57
1833721215,Harris Kempner (b. 1837),Oldsanfelipe2,false,303,enwiki,2024-10-27 22:37:20
1833721105,Talk:Tepe Gawra,Surayeproject3,false,54,enwiki,2024-10-27 22:36:58
1833721203,2024 Missouri Tigers football team,140.90.57.204,false,267,enwiki,2024-10-27 22:37:14
1833721218,Wikipedia:Requested moves/Current discussions (alt),RMCD bot,true,-652,enwiki,2024-10-27 22:37:14
1833721106,Template talk:NOVA Entertainment,Tom.Reding,false,22,enwiki,2024-10-27 22:36:58
1833721204,Wikipedia:Dashboard/Requested moves,RMCD bot,true,-148,enwiki,2024-10-27 22:37:17
1833721109,List of Studio Ghibli works,AnomieBOT,false,837,enwiki,2024-10-27 22:36:55
1833721205,Wikipedia:Requested moves/Current discussions,RMCD bot,true,-651,enwiki,2024-10-27 22:37:12
1833721110,Hesitant Alien,Ggoofy14,false,-5,enwiki,2024-10-27 22:36:57
1833721206,Princess Faika of Egypt,Monkbot,true,1,enwiki,2024-10-27 22:37:16
1833721111,List of Toyota transmissions,216.249.149.221,false,97,enwiki,2024-10-27 22:36:58
1833721209,Victoria-Beacon Hill,Poly553,false,37,enwiki,2024-10-27 22:37:17
1833721210,Draft:Kevin Trudeau's Global Information Network (GIN),Grad0507,false,-298,enwiki,2024-10-27 22:37:18
1833721402,Lele Pons,112.198.67.234,false,-15,enwiki,2024-10-27 22:37:48
1833721418,Ibn Qudamah,Monkbot,true,2,enwiki,2024-10-27 22:37:53
1833721316,User:KGRAMR/IS3,KGRAMR,false,-3,enwiki,2024-10-27 22:37:38
1833721403,Talk:High German languages,185.40.63.170,false,157,enwiki,2024-10-27 22:37:52
1833721417,Template talk:Cite Colledge2006,DocWatson42,false,151,enwiki,2024-10-27 22:37:56
1833721404,File:Dave Matthews Band - Remember Two Things.png,Ss112,false,24,enwiki,2024-10-27 22:37:54
1833721317,Uganda national football team,94.110.34.7,false,17,enwiki,2024-10-27 22:37:26
1833721405,John O'Keefe (neuroscientist),Michaelsexton2003,false,-223,enwiki,2024-10-27 22:37:52
1833721318,Template:Windy City Bulls current roster,Koolcatz34,false,-173,enwiki,2024-10-27 22:37:39
1833721406,Wikipedia:Administrator recall/Graham87,Dilettante,false,134,enwiki,2024-10-27 22:37:53
1833721302,Naval Air Station Joint Reserve Base New Orleans,2600:1700:476C:110:443F:E655:A83B:D0B0,false,-7,enwiki,2024-10-27 22:37:35
1833721410,Hair coloring,Knitsey,false,-7,enwiki,2024-10-27 22:37:52
1833721300,Abdelraouf Benguit,Monkbot,true,1,enwiki,2024-10-27 22:37:36
1833721411,Template talk:RTÉ Entertainment,Tom.Reding,false,22,enwiki,2024-10-27 22:37:54
1833721301,Template talk:Pinnacle Entertainment,Tom.Reding,false,22,enwiki,2024-10-27 22:37:37
1833721412,Wikipedia:WikiProject Plants/Stub to Start drive,Eewilson,false,-62,enwiki,2024-10-27 22:37:54
1833721413,Roy V. Harris,Lightiggy,false,-38,enwiki,2024-10-27 22:37:52
1833721311,Frodoald,Srnec,false,-596,enwiki,2024-10-27 22:37:38
1833721400,Kathleen Barr,184.52.112.53,false,-47,enwiki,2024-10-27 22:37:52
1833721416,Judaeo-Aragonese,Arctic Circle System,false,0,enwiki,2024-10-27 22:37:55
1833721501,Murder of Brianna Ghey,Hairy Dude,false,-2,enwiki,2024-10-27 22:38:05
1833721516,List of equipment of the Peruvian Army,81.103.134.87,false,-8,enwiki,2024-10-27 22:38:08
1833721607,Talk:Assisted suicide in the United Kingdom,DeFacto,false,1281,enwiki,2024-10-27 22:38:31
1833721519,Noboru Minowa,Monkbot,true,1,enwiki,2024-10-27 22:38:12
1833721609,User:B.V.B.2025/MUN,B.V.B.2025,false,214,enwiki,2024-10-27 22:38:32
1833721508,Jacob Kiplimo,KnowledgeIsPower9281,false,29,enwiki,2024-10-27 22:38:07
1833721509,Tsutaya Jūzaburō,Monkbot,true,1,enwiki,2024-10-27 22:38:09
1833721610,Laurel Charleston,Discospinster,false,51,enwiki,2024-10-27 22:38:32
1833721510,Kishu mikan,Zinnober9,false,-12,enwiki,2024-10-27 22:38:10
1833721611,2019 Murcian regional election,Monkbot,true,1,enwiki,2024-10-27 22:38:26
1833721612,Template talk:Scandals in Turkey,Tom.Reding,false,22,enwiki,2024-10-27 22:38:33
1833721614,Human rights in the United Arab Emirates,Arjayay,false,-28,enwiki,2024-10-27 22:38:26
1833721512,Schoof cabinet asylum measures,Tristan Surtel,false,531,enwiki,2024-10-27 22:38:11
1833721615,User:Ikeshut2/sandbox6,Ikeshut2,false,-210,enwiki,2024-10-27 22:38:33
1833721514,Wikipedia:Fringe theories/Noticeboard,Fiveby,false,10,enwiki,2024-10-27 22:38:09
1833721600,Stellantis Europe,Dl2000,false,4,enwiki,2024-10-27 22:38:28
1833721515,1972 NHL amateur draft,NHL04,false,-2,enwiki,2024-10-27 22:38:10
1833721606,Lake Abakrytseli,Monkbot,true,1,enwiki,2024-10-27 22:38:31
358030412,TuS Holtenau,Exa,false,-16,dewiki,2024-10-27 22:38:41
1833721811,Template talk:Tero Entertainment,Tom.Reding,false,22,enwiki,2024-10-27 22:39:08
1833721913,Poplar and Limehouse (UK Parliament constituency),Guyb123321,false,0,enwiki,2024-10-27 22:39:21
1833721700,"Kilgore, Texas",No No No No Name fu,false,-1,enwiki,2024-10-27 22:38:46
1833721717,Template talk:Sting Entertainment,Tom.Reding,false,22,enwiki,2024-10-27 22:38:54
1833721814,Template talk:Cite Colledge2006,DocWatson42,false,214,enwiki,2024-10-27 22:39:09
1833721914,User talk:GiantSnowman/Mohammad Dabre,Gonnym,false,10,enwiki,2024-10-27 22:39:24
358030419,Christoph Bulwin,Jazzman,false,399,dewiki,2024-10-27 22:38:43
1833721704,Harry Clark (actor),Entercontainment,false,-2,enwiki,2024-10-27 22:38:50
1833721815,James A. Garfield,2600:1700:5820:4540:D0BC:1899:5E72:7A85,false,4,enwiki,2024-10-27 22:39:02
1833721915,Citrus,Chiswick Chap,false,13,enwiki,2024-10-27 22:39:22
358030400,Flughafen Berlin Brandenburg,Tempsb,false,528,dewiki,2024-10-27 22:38:33
1833721705,Template talk:Starship Entertainment,Tom.Reding,false,22,enwiki,2024-10-27 22:38:50
1833721800,Chōkaisan Ōmonoimi Shrine,Monkbot,true,1,enwiki,2024-10-27 22:39:04
1833721817,User talk:Check-Six/Joseph F. Cotton,Gonnym,false,10,enwiki,2024-10-27 22:39:07
1833721900,Carlos Drummond de Andrade,Escriba Literário,false,284,enwiki,2024-10-27 22:39:20
1833721917,Cold Chisel,ZimZalaBim,false,-162,enwiki,2024-10-27 22:39:23
358030401,Solingen,Jossi2,false,10,dewiki,2024-10-27 22:38:30
1833721706,User talk:Alavense,Mattximus,false,296,enwiki,2024-10-27 22:38:50
1833721804,User:InceptionBot/NewPageSearch/Italy/log,InceptionBot,true,426,enwiki,2024-10-27 22:39:07
1833721816,Vadzim Sarančukoŭ,Monkbot,true,1,enwiki,2024-10-27 22:39:08
1833721901,ATP 500 tournaments,2A00:23C5:F7A2:4A01:740C:BE07:D8C3:7293,false,-1,enwiki,2024-10-27 22:39:12
1833721918,Barry Levinson's unrealized projects,ZanderAlbatraz1145,false,19,enwiki,2024-10-27 22:39:23
1833721709,Colorado Buffaloes football,Colohisto,false,-199,enwiki,2024-10-27 22:38:48
1833721905,Template:Bankstown railway line,OrdinaryScarlett,false,0,enwiki,2024-10-27 22:39:21
1833721919,Template talk:Works by Celltrion Entertainment,Tom.Reding,false,22,enwiki,2024-10-27 22:39:25
1833721806,Category:Sportspeople from Novi Sad,Nickpunk,false,14,enwiki,2024-10-27 22:39:07
1833721907,Template talk:Unofficial Star Wars media,Tom.Reding,false,22,enwiki,2024-10-27 22:39:22
1833721714,"Kasbah Mosque, Tangier",Monkbot,true,1,enwiki,2024-10-27 22:38:52
1833721908,2024 Boise State Broncos football team,MKP2020,false,4,enwiki,2024-10-27 22:39:21
358030409,Staatspokal von Espírito Santo,MacOrcas,false,195,dewiki,2024-10-27 22:38:40
358030417,Kategorie:Diplomat (Hessen-Kassel),A1000,false,58,dewiki,2024-10-27 22:38:42
1833721715,Frank R. Wolf International Religious Freedom Act,Seananony,false,-135,enwiki,2024-10-27 22:38:53
1833721807,List of Green Bay Packers starting quarterbacks,Alexanderthgr8,false,0,enwiki,2024-10-27 22:39:05
1833721716,Talk:Massacres of Poles in Volhynia and Eastern Galicia,Codename Noreste,false,-893,enwiki,2024-10-27 22:38:50
1833721808,Twix,2603:6010:86F0:9270:2143:15A:EB1F:B453,false,90,enwiki,2024-10-27 22:39:08
1833721912,Koczała,Monkbot,true,1,enwiki,2024-10-27 22:39:23
1833722006,User:Aedis1/Art1070,Aedis1,false,128,enwiki,2024-10-27 22:39:42
1833722007,User:Danielsalzmann33/sandbox,Justlettersandnumbers,false,23,enwiki,2024-10-27 22:39:42
1833722009,User:InceptionBot/NewPageSearch/Kansas/log,InceptionBot,true,-567,enwiki,2024-10-27 22:39:43
1833722010,User:AlexNewArtBot/KansasSearchResult,InceptionBot,true,878,enwiki,2024-10-27 22:39:42
1833722011,Enrico Alfano,DonCalo,false,28,enwiki,2024-10-27 22:39:42
1833722016,Love & Hip Hop: Miami,Onel5969,false,13,enwiki,2024-10-27 22:39:40
1833722002,Wikipedia:Manual of Style/Korea-related articles,Seefooddiet,false,24,enwiki,2024-10-27 22:39:37
1833722017,User talk:Danielsalzmann33,Justlettersandnumbers,false,2587,enwiki,2024-10-27 22:39:44
1833722003,Xavier Riddle and the Secret Museum,2601:152:302:4C2:F072:7853:72C6:B658,false,-19,enwiki,2024-10-27 22:39:39
1833722018,Barry Levinson's unrealized projects,ZanderAlbatraz1145,false,-30,enwiki,2024-10-27 22:39:43
1833722004,Banu Daws,Monkbot,true,1,enwiki,2024-10-27 22:39:40
1833722005,Qazi Rural District,Brightkingdom,false,842,enwiki,2024-10-27 22:39:41
1833722019,Queen Margaret University,2A0A:EF40:71B:A501:B0BD:4E91:9F39:8ED4,false,1250,enwiki,2024-10-27 22:39:42
1833722103,St Monica Choir,Dl2000,false,-11,enwiki,2024-10-27 22:40:06
1833722203,Abdulaziz Mohamed,Monkbot,true,1,enwiki,2024-10-27 22:40:28
1833722211,Miran Rada,Mikeycdiamond,false,8,enwiki,2024-10-27 22:40:33
1833722112,"Drzeńsko, Drawsko County",Monkbot,true,1,enwiki,2024-10-27 22:40:07
1833722205,User:Crisco 1492/The Crystal (tabloid),Crisco 1492,false,49,enwiki,2024-10-27 22:40:30
1833722212,Amapiano,Onel5969,false,12,enwiki,2024-10-27 22:40:32
1833722113,Talk:Culture of Italy,JacktheBrown,false,12,enwiki,2024-10-27 22:40:08
1833722204,Etymology of tea,Hzh,false,9,enwiki,2024-10-27 22:40:29
1833722215,Holden Trent,GiantSnowman,false,0,enwiki,2024-10-27 22:40:34
1833722114,User:Atlas Þə Biologist,Atlas Þə Biologist,false,1,enwiki,2024-10-27 22:40:10
1833722206,Melezitose,2600:100C:A20E:96AD:44ED:5C99:5393:F763,false,45,enwiki,2024-10-27 22:40:30
1833722214,User talk:JacksonS24,Tgeorgescu,false,179,enwiki,2024-10-27 22:40:35
1833722115,Deudorix penningtoni,Plantdrew,false,10,enwiki,2024-10-27 22:40:09
1833722217,Wetherby Racecourse,Birchfield Boy,false,721,enwiki,2024-10-27 22:40:33
1833722117,Road signs in Mexico,5.43.104.164,false,-2,enwiki,2024-10-27 22:40:07
1833722208,Clint Bolick,Shortride,false,126,enwiki,2024-10-27 22:40:31
1833722116,James A. Garfield,2600:1700:5820:4540:D0BC:1899:5E72:7A85,false,5,enwiki,2024-10-27 22:40:03
1833722209,Pyerasady,Monkbot,true,2,enwiki,2024-10-27 22:40:31
1833722300,Category:Bonar Law,Tuhin,false,70,enwiki,2024-10-27 22:40:55
1833722100,Al-Hasa Expedition (1871),149.255.251.117,false,8,enwiki,2024-10-27 22:40:05
1833722118,Myles Garrett,Bringingthewood,false,0,enwiki,2024-10-27 22:40:05
1833722210,Category:Bonar Law,Tuhin,false,52,enwiki,2024-10-27 22:40:33
1833722306,2008 CIS University Cup,Anomalocaris,false,771,enwiki,2024-10-27 22:40:54
1833722101,User talk:Goodnightmush,Daniel Quinlan,false,433,enwiki,2024-10-27 22:40:05
1833722202,User:AmandaNP/SPI case list,DeltaQuadBot,true,-3,enwiki,2024-10-27 22:40:29
1833722307,Bebop Moptop,186.143.133.36,false,-317,enwiki,2024-10-27 22:40:54
1833722102,Red River Delta,42.117.235.126,false,-21,enwiki,2024-10-27 22:40:05
1833722201,List of Jacksonville Jaguars starting quarterbacks,Alexanderthgr8,false,0,enwiki,2024-10-27 22:40:27
