1833347907,Johannes Hintz,Simeon,false,14,enwiki,2024-10-27 01:04:59
1833348110,2024 in United Kingdom politics and government,This is Paul,false,153,enwiki,2024-10-27 01:05:25
1833348200,"De WAR, Amersfoort, the Netherlands",Hansmuller,false,2,enwiki,2024-10-27 01:05:49
1833348307,Talk:Siena Cathedral,Emily.baughn,false,33,enwiki,2024-10-27 01:06:08
1833348400,Wikipedia:Teahouse,Dancematters,false,317,enwiki,2024-10-27 01:06:26
1833348519,Bristol Rovers F.C. league record by opponent,LBLM9253,false,3,enwiki,2024-10-27 01:06:49
1833348615,User:InceptionBot/NewPageSearch/Shakespeare/log,InceptionBot,true,-107,enwiki,2024-10-27 01:07:13
1833348719,User talk:EditorWizard876,FireflyBot,true,812,enwiki,2024-10-27 01:07:31
1833348911,Anna Fitzpatrick,Wolbo,false,197,enwiki,2024-10-27 01:07:55
1833349114,La Palma Airport,Pmbma,false,144,enwiki,2024-10-27 01:08:29
1833349214,Wikipedia:Administrators' noticeboard/Incidents,Czello,false,529,enwiki,2024-10-27 01:08:22
1833349319,Ratyshchi,Monkbot,true,3,enwiki,2024-10-27 01:08:59
1833349415,The Usos,2605:C840:805:782C:A5E1:E281:186D:46B7,false,-29,enwiki,2024-10-27 01:09:08
1833347911,Štrekljevec,Monkbot,true,1,enwiki,2024-10-27 01:04:59
1833348010,Chris Sabin,OZOO,false,21,enwiki,2024-10-27 01:05:15
1833348111,Pyrosomella,74.106.206.136,false,4,enwiki,2024-10-27 01:05:37
1833348202,Canaschal Castle,Monkbot,true,1,enwiki,2024-10-27 01:05:48
1833348309,Palais des Festivals et des Congrès,Blainster,false,-17,enwiki,2024-10-27 01:06:08
1833348402,Zoravar Singh Sandhu,SmartyPants22,false,78,enwiki,2024-10-27 01:06:29
357991900,Diskussion:Schleuse Kleinmachnow,TaxonBot,true,107,dewiki,2024-10-27 01:06:34
357991905,Diskussion:Philadelphia-Chromosom,TaxonBot,true,109,dewiki,2024-10-27 01:06:40
1833348616,Goathland Bank Top railway station,Warofdreams,false,23,enwiki,2024-10-27 01:07:12
1833349116,Category talk:Luleå in fiction,Tom.Reding,false,27,enwiki,2024-10-27 01:08:30
1833349301,Hythe & Dibden F.C.,Number 57,false,49,enwiki,2024-10-27 01:08:58
1833347910,Category talk:Literature of São Vicente,Tom.Reding,false,27,enwiki,2024-10-27 01:05:01
1833348018,Draft:Genocide Mountain Tatars,Enver Ottoman,false,282,enwiki,2024-10-27 01:05:23
1833348112,Muziekgebouw aan 't IJ,Kamien Case,false,34,enwiki,2024-10-27 01:05:37
1833348204,Belo Horizonte International Airport,2804:7F1:218A:F561:10BF:B468:493D:7747,false,-395,enwiki,2024-10-27 01:05:46
1833348405,Southeast Airlines,76.72.11.172,false,-107,enwiki,2024-10-27 01:06:29
357991913,Letterkenny (Fernsehserie),Thomas Dresler,false,-1,dewiki,2024-10-27 01:07:08
1833348618,User:WilliamF1two/2024–25 Premier League,WilliamF1two,false,67,enwiki,2024-10-27 01:07:13
357991919,Bravo-Jahrescharts 1999,RiJu90,false,32,dewiki,2024-10-27 01:07:28
1833349115,Perrie Edwards,Dhiego Allvez,false,101,enwiki,2024-10-27 01:08:28
1833349303,［FLA］ vour of the Weak,MSMST1543,false,17,enwiki,2024-10-27 01:08:58
1833347913,Freddie Mac,HandsomeFella,false,-65,enwiki,2024-10-27 01:04:59
1833348019,"Troitsk, Republic of Bashkortostan",Monkbot,true,1,enwiki,2024-10-27 01:05:22
1833348113,Steve Sanders (musician),Zredman,false,48,enwiki,2024-10-27 01:05:38
1833348205,Liang Huasheng,Kevin9217,false,24,enwiki,2024-10-27 01:05:49
1833348313,User:InceptionBot/NewPageSearch/Serbia/log,InceptionBot,true,355,enwiki,2024-10-27 01:06:11
1833348406,Vels FC,Nfitz,false,-25,enwiki,2024-10-27 01:06:29
1833348604,Gladiator II,Doogooder,false,10,enwiki,2024-10-27 01:07:08
1833348617,List of Carey Mulligan performances,Fkicker,false,4,enwiki,2024-10-27 01:07:12
357991917,Wikipedia:Café,77.191.40.111,false,194,dewiki,2024-10-27 01:07:18
1833348708,2024 U23 World Wrestling Championships,Pehlivanmeydani,false,1120,enwiki,2024-10-27 01:07:24
1833348918,Sant Sadurní d'Anoia,149.36.18.230,false,41,enwiki,2024-10-27 01:07:54
1833349118,Dulles International Airport,Isaidnoway,false,-347,enwiki,2024-10-27 01:08:22
1833347918,Janusz,Gerda Arendt,false,2,enwiki,2024-10-27 01:05:02
1833348114,Eileen Sheridan (cyclist),SDGB1217,false,195,enwiki,2024-10-27 01:05:38
1833348315,Talk:Chingiz Alakbarzadeh,GreenLipstickLesbian,false,1984,enwiki,2024-10-27 01:06:11
1833348414,David and the Elves,Monkbot,true,1,enwiki,2024-10-27 01:06:30
357991906,Geschwindigkeitsskifahren,Kuhni74,false,-1,dewiki,2024-10-27 01:06:42
1833348606,"Mons, Haute-Garonne",Monkbot,true,1,enwiki,2024-10-27 01:07:07
357991915,Wikipedia:Löschkandidaten/25. Oktober 2024,Mary Joanna,false,96,dewiki,2024-10-27 01:07:11
1833348709,Connor Hellebuyck,HickoryOughtShirt?4,false,1603,enwiki,2024-10-27 01:07:27
1833349101,Wikipedia:Articles for deletion/Dee Bateman,Spiderone,false,358,enwiki,2024-10-27 01:08:27
1833349117,User:Kowal2701,Kowal2701,false,102,enwiki,2024-10-27 01:08:30
1833349304,PPA,OvertAnalyzer,false,-9,enwiki,2024-10-27 01:08:59
1833348101,Kim Ju-ae,BorgQueen,false,-24,enwiki,2024-10-27 01:05:35
1833348119,Billy McCombe,Jevansen,false,51,enwiki,2024-10-27 01:05:39
1833348215,"Nemanja Nikolić (footballer, born 1992)",2A06:63C0:190C:1E00:68A1:9A7F:2796:303E,false,1,enwiki,2024-10-27 01:05:51
1833348314,White House Coronavirus Task Force,Aspen Robin,false,0,enwiki,2024-10-27 01:06:08
1833348415,Wikipedia:Requests for page protection/Increase,BusterD,false,413,enwiki,2024-10-27 01:06:32
357991907,Guillermo Vilas,Stephan Tournay,false,17,dewiki,2024-10-27 01:06:44
357991911,Benutzerin:Nicola/Lindgens Fabrik,Nicola,false,32,dewiki,2024-10-27 01:07:01
357991914,Vianópolis,Mewa767,false,-8,dewiki,2024-10-27 01:07:10
1833348711,Draft:Baddies season 6,181.161.73.216,false,-48,enwiki,2024-10-27 01:07:27
1833348900,Wikipedia:Requests for page protection/Increase,Cyberbot I,true,396,enwiki,2024-10-27 01:07:54
1833349013,Orlické Mountains,Monkbot,true,3,enwiki,2024-10-27 01:08:11
1833349109,Bazgiyevo,Monkbot,true,2,enwiki,2024-10-27 01:08:27
1833349119,House of Blois,Mhmrodrigues,false,12,enwiki,2024-10-27 01:08:29
1833349306,User:ChristieBot/SortableGANoms,ChristieBot,true,163,enwiki,2024-10-27 01:08:54
1833349402,Can't Help but Wait,2603:7081:3800:2281:68A4:22E3:A9DF:2FDF,false,-28,enwiki,2024-10-27 01:09:15
1833348001,Poiana Sibiului,Monkbot,true,2,enwiki,2024-10-27 01:05:18
1833348102,Josep Tarradellas Barcelona–El Prat Airport,Pmbma,false,148,enwiki,2024-10-27 01:05:34
1833348216,Church of the Holy Sepulchre,197.238.109.195,false,-1050,enwiki,2024-10-27 01:05:42
1833348317,Banner of Poland,Monkbot,true,1,enwiki,2024-10-27 01:06:10
1833348418,Rio de Janeiro/Galeão International Airport,2804:7F1:218A:F561:10BF:B468:493D:7747,false,-387,enwiki,2024-10-27 01:06:26
357991908,Liste der Nummer-eins-Hits in den Niederlanden (1999),RiJu90,false,32,dewiki,2024-10-27 01:06:46
1833348501,USS Benham (DD-397),83.23.217.238,false,0,enwiki,2024-10-27 01:06:49
1833348608,Prithviraj Tondaiman,SmartyPants22,false,122,enwiki,2024-10-27 01:07:11
1833348713,Mark Rylance,82.13.186.91,false,18,enwiki,2024-10-27 01:07:26
1833348901,Capitol Records,82.47.148.21,false,89,enwiki,2024-10-27 01:07:50
1833349014,User:আরমান হোসেন (রবিন),আরমান হোসেন (রবিন),false,1076,enwiki,2024-10-27 01:08:13
1833349111,User talk:Theanonymoustypist,Qwerfjkl (bot),false,1556,enwiki,2024-10-27 01:08:25
1833349210,Category talk:Luxembourgian fiction,Tom.Reding,false,27,enwiki,2024-10-27 01:08:40
1833349313,Portal:Current events/2024 October 26,Gianluigi02,false,68,enwiki,2024-10-27 01:09:00
1833349405,Diego de Vega,95.244.27.246,false,3,enwiki,2024-10-27 01:09:17
1833347902,Keir Starmer,Hughbe98,false,-6,enwiki,2024-10-27 01:04:35
1833348002,Progress M1-7,Widefox,false,-28,enwiki,2024-10-27 01:05:19
1833348103,"Saillac, Lot",Monkbot,true,1,enwiki,2024-10-27 01:05:34
1833348318,Promega,TheImaCow,false,-5,enwiki,2024-10-27 01:06:11
1833348504,Luke Littler,JamesVilla44,false,180,enwiki,2024-10-27 01:06:46
1833348611,Thug Life (2024 film),Sureybhai23,false,11,enwiki,2024-10-27 01:07:11
1833348714,Pierre Lefaucheux,Simeon,false,14,enwiki,2024-10-27 01:07:29
1833348905,United States women's cricket team in Zimbabwe in 2024–25,Mashfi23,false,5,enwiki,2024-10-27 01:07:55
1833349110,Nationwide opinion polling for the 2024 United States presidential election,Koorosh1234,false,-287,enwiki,2024-10-27 01:08:07
1833349211,Supreme Judicial Council of Pakistan,176.220.43.177,false,-1,enwiki,2024-10-27 01:08:39
1833349316,Category talk:Maine in fiction,Tom.Reding,false,27,enwiki,2024-10-27 01:09:00
1833349406,Hermippus of Smyrna,Monkbot,true,2,enwiki,2024-10-27 01:09:16
1833347903,2024 in United Kingdom politics and government,This is Paul,false,288,enwiki,2024-10-27 01:04:46
1833348003,Mashup (music),MrOllie,false,-174,enwiki,2024-10-27 01:05:18
1833348106,Fassuta,Huldra,false,63,enwiki,2024-10-27 01:05:36
1833348304,Wikipedia:Articles for deletion/Murder of Yafim Weinstein (2nd nomination),Gidonb,false,96,enwiki,2024-10-27 01:06:08
357991902,Otto Zeitke,2A00:20:6091:F7C7:AD0C:7EF6:A3F4:3D98,false,80,dewiki,2024-10-27 01:06:36
1833348511,Dawar Khan Kundi,86.96.79.245,false,98,enwiki,2024-10-27 01:06:49
1833348613,User:AlexNewArtBot/ShakespeareSearchResult,InceptionBot,true,398,enwiki,2024-10-27 01:07:12
357991918,Liste antiker Ortsnamen und geographischer Bezeichnungen/Fl,Thomas Dresler,false,0,dewiki,2024-10-27 01:07:26
1833348716,Strączno,Monkbot,true,1,enwiki,2024-10-27 01:07:29
1833348906,Wikipedia:Administrators' noticeboard/Incidents,Daniel,false,758,enwiki,2024-10-27 01:07:47
1833349112,Michael Erush,Citation bot,true,19,enwiki,2024-10-27 01:08:29
1833349213,User talk:Eeekster,ClueBot III,true,-1447,enwiki,2024-10-27 01:08:41
1833349317,C Line (Los Angeles Metro),172.88.11.17,false,-12,enwiki,2024-10-27 01:08:53
1833349410,Category talk:Malaysian fiction,Tom.Reding,false,27,enwiki,2024-10-27 01:09:17
1833347906,Virgin Music,Graywalls,false,56,enwiki,2024-10-27 01:04:59
1833348006,2024 Queensland state election,MarioBayo,false,-1,enwiki,2024-10-27 01:05:18
1833348105,Rich Dubee,Chewsterchew,false,163,enwiki,2024-10-27 01:05:35
1833348306,Kosmos 2482,Monkbot,true,1,enwiki,2024-10-27 01:06:07
1833348319,User:AlexNewArtBot/SerbiaSearchResult,InceptionBot,true,2403,enwiki,2024-10-27 01:06:10
1833348401,Locris,12.75.128.22,false,137,enwiki,2024-10-27 01:06:26
1833348518,Thessaliotida,Monkbot,true,1,enwiki,2024-10-27 01:06:51
1833348612,Christos Tapoutos,Monkbot,true,1,enwiki,2024-10-27 01:07:11
1833348718,Category:Battles and Operations of the Second JVP insurrection,Armbrust,false,389,enwiki,2024-10-27 01:07:31
1833348908,Nikiforos Diamandouros,Monkbot,true,1,enwiki,2024-10-27 01:07:54
1833349113,Beckhole railway station,Warofdreams,false,23,enwiki,2024-10-27 01:08:29
1833349212,Draft:Genocide Mountain Tatars,Enver Ottoman,false,94,enwiki,2024-10-27 01:08:39
1833349318,Innerst i sjelen,Neiltonks,false,44,enwiki,2024-10-27 01:08:59
1833349414,Birch Hall Inn,Warofdreams,false,72,enwiki,2024-10-27 01:09:17
1833349506,Hansi Flick,199.119.233.201,false,-18,enwiki,2024-10-27 01:09:26
1833349612,2024 Formula One World Championship,Island92,false,0,enwiki,2024-10-27 01:09:42
1833349717,Wikipedia:Templates for discussion/Log/2024 October 25,Kinerd518,false,668,enwiki,2024-10-27 01:10:05
1833349809,Gurjoat Siingh Khangura,SmartyPants22,false,77,enwiki,2024-10-27 01:10:18
1833350112,Martignas-sur-Jalle,Monkbot,true,1,enwiki,2024-10-27 01:11:09
1833350219,Alexandros Aresti,Monkbot,true,1,enwiki,2024-10-27 01:11:26
1833349507,Aleshunino,Monkbot,true,1,enwiki,2024-10-27 01:09:32
1833349613,Draft:Ethan Staddon,Hildreth gazzard,false,335,enwiki,2024-10-27 01:09:51
1833349719,User:InceptionBot/NewPageSearch/Skepticism/log,InceptionBot,true,-560,enwiki,2024-10-27 01:10:07
1833349810,Progress M1-6,Widefox,false,-28,enwiki,2024-10-27 01:10:18
1833349912,User:InceptionBot/NewPageSearch/Slovenia/log,InceptionBot,true,-9,enwiki,2024-10-27 01:10:39
1833350113,The Pianist (2002 film),Gerda Arendt,false,-10,enwiki,2024-10-27 01:11:09
1833350300,Indicators of spatial association,Mrs. January,false,3,enwiki,2024-10-27 01:11:39
1833349509,Amanda Elliott,Wolbo,false,34,enwiki,2024-10-27 01:09:33
1833349615,Category talk:Maltese fiction,Tom.Reding,false,27,enwiki,2024-10-27 01:09:51
1833349708,Lamothe-Cassel,Monkbot,true,1,enwiki,2024-10-27 01:10:01
1833349812,Wikipedia:Articles for deletion/Murder of Yafim Weinstein (2nd nomination),Gidonb,false,144,enwiki,2024-10-27 01:10:19
1833350115,Category talk:Middle High German literature,Tom.Reding,false,27,enwiki,2024-10-27 01:11:13
1833350301,List of category 1 historic places in Auckland,Ewhite31,false,3,enwiki,2024-10-27 01:11:38
1833349510,Category talk:Male bisexuality in fiction,Tom.Reding,false,29,enwiki,2024-10-27 01:09:34
1833349616,Odos,Monkbot,true,1,enwiki,2024-10-27 01:09:48
1833349710,Qadiriyya,36.69.22.237,false,79,enwiki,2024-10-27 01:10:01
1833349914,User:AlexNewArtBot/SloveniaSearchResult,InceptionBot,true,738,enwiki,2024-10-27 01:10:39
1833350114,"Gerson (footballer, born 1997)",7ijkuo,false,0,enwiki,2024-10-27 01:11:12
1833350202,Nationwide opinion polling for the 2024 United States presidential election,Koorosh1234,false,0,enwiki,2024-10-27 01:11:07
357992000,Marvel Studios,2003:E6:CF17:4DD2:FC26:69D9:FA1F:19B1,false,39,dewiki,2024-10-27 01:11:33
1833350304,Metropolis (Dix),Monkbot,true,1,enwiki,2024-10-27 01:11:38
1833349517,Hvalsey Church,Number 57,false,-4,enwiki,2024-10-27 01:09:35
1833349711,Battleship Potemkin,IvanScrooge98,false,0,enwiki,2024-10-27 01:10:02
1833349913,Category talk:Medieval legal texts,Tom.Reding,false,3,enwiki,2024-10-27 01:10:39
1833350008,Club DeLisa,174.182.84.157,false,-3,enwiki,2024-10-27 01:10:55
1833350119,2014 Louisiana–Monroe Warhawks football team,Mes tex,false,790,enwiki,2024-10-27 01:11:11
1833350206,Ghayas Zahid,2A06:63C0:190C:1E00:68A1:9A7F:2796:303E,false,0,enwiki,2024-10-27 01:11:24
1833350306,Draft:Assin Godstime,SafariScribe,false,292,enwiki,2024-10-27 01:11:38
357992004,Benutzerin:Nicola/Lindgens Fabrik,Nicola,false,95,dewiki,2024-10-27 01:11:48
1833349518,Monat,65.92.160.238,false,-385,enwiki,2024-10-27 01:09:35
1833349713,2024 ISSF World Cup,Kumarpramit,false,0,enwiki,2024-10-27 01:10:01
1833349915,Adikhalamani,97.116.160.235,false,1,enwiki,2024-10-27 01:10:39
1833350011,Category talk:Mexican non-fiction books,Tom.Reding,false,27,enwiki,2024-10-27 01:10:56
1833350103,Microphysogobio rapidus,Junsik1223,false,339,enwiki,2024-10-27 01:11:11
1833350207,Manu Bhaker,SmartyPants22,false,11,enwiki,2024-10-27 01:11:23
1833350311,Category talk:Modern pagan texts,Tom.Reding,false,27,enwiki,2024-10-27 01:11:40
1833349714,Category talk:Martha's Vineyard in fiction,Tom.Reding,false,-10,enwiki,2024-10-27 01:10:05
1833349802,Eurofighter Typhoon variants,Monkbot,true,1,enwiki,2024-10-27 01:10:15
1833349916,Jeremias Falck,Monkbot,true,1,enwiki,2024-10-27 01:10:38
1833350012,Nigel Dick,82.47.148.21,false,77,enwiki,2024-10-27 01:10:54
1833350104,Palais des Festivals et des Congrès,Blainster,false,-34,enwiki,2024-10-27 01:11:10
1833350211,Category talk:Missouri in fiction,Tom.Reding,false,27,enwiki,2024-10-27 01:11:26
357992002,Helios-Sonnenuhr,2001:9E8:29DB:D100:804:9DC:3296:C0B,false,-170,dewiki,2024-10-27 01:11:41
1833349501,Draft:List of Scarlet Witch titles,Higher Further Faster,false,2007,enwiki,2024-10-27 01:09:31
1833349601,User:Aedis1/Art1062,Aedis1,false,9,enwiki,2024-10-27 01:09:50
1833349715,Southeast Airlines,76.72.11.172,false,61,enwiki,2024-10-27 01:10:05
1833349900,Teodoro Obiang Nguema Mbasogo,Edward Bednar,false,2,enwiki,2024-10-27 01:10:30
1833349917,User talk:Gog the Mild,Ceoil,false,267,enwiki,2024-10-27 01:10:38
1833350015,Marvin Heemeyer,WP Ludicer,false,3,enwiki,2024-10-27 01:10:55
1833350105,Jagdeep Singh Bachher,103.223.8.226,false,43,enwiki,2024-10-27 01:11:12
1833350212,Vibe (character),Fiction Fanatic III,false,-819,enwiki,2024-10-27 01:11:24
1833349502,Gdańsk,82.47.148.21,false,95,enwiki,2024-10-27 01:09:20
1833349604,List of spaceflight launches in July–December 2024,Eth132489,false,14,enwiki,2024-10-27 01:09:27
1833349805,Steve Cooper (football manager),149.36.18.230,false,-41,enwiki,2024-10-27 01:10:14
1833349901,Wikipedia:WikiProject Television/Episode coverage task force/Featured content,JL-Bot,true,-63,enwiki,2024-10-27 01:10:18
1833349918,Shalrie Joseph,Citation bot,true,18,enwiki,2024-10-27 01:10:38
1833350214,Jaime Dávila Reyes,Citation bot,true,1126,enwiki,2024-10-27 01:11:26
357992003,Schieder (Begriffsklärung),Buchbibliothek,false,12,dewiki,2024-10-27 01:11:44
1833349605,Greensboro Complex,DavidNobleThompson,false,31,enwiki,2024-10-27 01:09:46
1833349716,Breaking the Limits,Monkbot,true,1,enwiki,2024-10-27 01:10:05
1833349806,Category talk:Maturidi literature,Tom.Reding,false,27,enwiki,2024-10-27 01:10:18
1833349905,Kartuzy County,Monkbot,true,2,enwiki,2024-10-27 01:10:35
1833349919,User:WichtelUwU,WichtelUwU,false,153,enwiki,2024-10-27 01:10:40
1833350017,Geralt of Rivia,Monkbot,true,1,enwiki,2024-10-27 01:10:54
1833350109,Dilwale Dulhania Le Jayenge,140.82.215.1,false,4,enwiki,2024-10-27 01:11:09
1833350215,Ghosts (American TV series),Vertigo Man-iac,false,-15,enwiki,2024-10-27 01:11:22
1833350405,Wikipedia:Articles for deletion/1899–1900 Staffordshire Senior Cup,Nfitz,false,28,enwiki,2024-10-27 01:11:53
1833350519,Novomullakayevo,Monkbot,true,2,enwiki,2024-10-27 01:12:10
1833350718,Category talk:Myanmar literature stubs,Tom.Reding,false,-2,enwiki,2024-10-27 01:12:45
1833351000,Robbie Katter,ZlatanSweden10,false,-2,enwiki,2024-10-27 01:13:30
357992009,Wikipedia:Qualitätssicherung/25. Oktober 2024,Krdbot,true,147,dewiki,2024-10-27 01:11:53
1833350500,Category:International kho kho competitions in Asia,GreekApple123,false,66,enwiki,2024-10-27 01:12:09
1833350802,Category talk:Mystery fiction magazines,Tom.Reding,false,15,enwiki,2024-10-27 01:13:02
1833351004,Southeast Airlines,76.72.11.172,false,133,enwiki,2024-10-27 01:13:34
1833350413,Category talk:Monegasque literature,Tom.Reding,false,27,enwiki,2024-10-27 01:11:54
1833350503,Bazikovo,Monkbot,true,2,enwiki,2024-10-27 01:12:07
1833350604,Kasli,Monkbot,true,1,enwiki,2024-10-27 01:12:22
1833350801,Draft:Legion Platforms,Prestigiousss,false,-3675,enwiki,2024-10-27 01:13:00
357992005,Diskussion:Rosa-Maria Reiter,Stephan Tournay,false,41,dewiki,2024-10-27 01:11:51
1833350415,Talk:American Airlines Flight 77,Acroterion,false,-520,enwiki,2024-10-27 01:11:52
357992011,Wikipedia:Qualitätssicherung/25. Oktober 2024,Alossola,false,180,dewiki,2024-10-27 01:12:09
1833350607,Zahoor Hussain Qureshi,86.96.79.245,false,60,enwiki,2024-10-27 01:12:24
1833350800,Jean-Philippe Faure,Lepricavark,false,12,enwiki,2024-10-27 01:13:01
1833350905,Wikipedia:Articles for deletion/List of radio stations in Turkey (2nd nomination),Mushy Yank,false,524,enwiki,2024-10-27 01:13:18
357992006,Henning Stegelmann,Un Gateaux,false,367,dewiki,2024-10-27 01:11:51
1833350416,Ocheja,Emmanuella643,false,-1,enwiki,2024-10-27 01:11:54
1833350509,Gordon G. Chang,GreenC,false,-5,enwiki,2024-10-27 01:12:10
1833350804,Llanero,181.55.232.80,false,14,enwiki,2024-10-27 01:13:00
1833350908,Washington D.C. Temple,Itsetsyoufree32,false,-17,enwiki,2024-10-27 01:13:16
1833350514,"Gerson (footballer, born 1997)",7ijkuo,false,1,enwiki,2024-10-27 01:12:10
357992013,Liste hundertjähriger Persönlichkeiten,2A00:20:6091:F7C7:AD0C:7EF6:A3F4:3D98,false,68,dewiki,2024-10-27 01:12:10
1833350702,Talk:Donald Henry Gaskins,Acroterion,false,-622,enwiki,2024-10-27 01:12:42
1833350805,Talk:1 Esdras,Rafaelosornio,false,4,enwiki,2024-10-27 01:13:01
1833350909,Tim Melia,Citation bot,true,-12,enwiki,2024-10-27 01:13:17
1833351007,Category talk:Nepalese religious texts,Tom.Reding,false,27,enwiki,2024-10-27 01:13:36
1833350516,Category talk:Montserratian literature,Tom.Reding,false,26,enwiki,2024-10-27 01:12:11
357992014,Premyer Liqası 2024/25,Sura Shukurlu,false,2,dewiki,2024-10-27 01:12:14
1833350614,Interdependence theory,2A01:E0A:E4E:430:1598:E78:ACDF:CCF0,false,1,enwiki,2024-10-27 01:12:27
1833350807,2024 UCI Mountain Bike World Cup,Raymond Cruise,false,-2284,enwiki,2024-10-27 01:12:52
1833350911,Category talk:Neoplatonic texts,Tom.Reding,false,13,enwiki,2024-10-27 01:13:20
1833351008,Tien Chia-chen,SmartyPants22,false,269,enwiki,2024-10-27 01:13:35
1833350517,User:SafariScribe/AfC log,SafariScribe,false,112,enwiki,2024-10-27 01:11:40
357992017,Liste der Einträge im National Register of Historic Places im Maury County,Thomas Dresler,false,8,dewiki,2024-10-27 01:12:16
1833350617,Wikipedia talk:Did you know,AirshipJungleman29,false,143,enwiki,2024-10-27 01:12:23
1833350705,Malokazakkulovo,Monkbot,true,2,enwiki,2024-10-27 01:12:42
1833350912,Cherry Ripe (song),2600:1017:A410:1A23:49EF:8FBB:A79E:B123,false,0,enwiki,2024-10-27 01:13:19
1833351016,Suvorovsky District,Monkbot,true,1,enwiki,2024-10-27 01:13:34
357992007,Flo (Band),94.252.72.217,false,21,dewiki,2024-10-27 01:11:52
1833350518,Will & Harper,Abhiramakella,false,53,enwiki,2024-10-27 01:12:09
1833350703,Juliana Coradine,Maniakilljoy97,false,0,enwiki,2024-10-27 01:12:42
1833350815,Category:International kho kho competitions by continent,GreekApple123,false,64,enwiki,2024-10-27 01:13:04
1833350913,Zavišinė,Monkbot,true,2,enwiki,2024-10-27 01:13:19
1833351019,Wade's Causeway,Warofdreams,false,19,enwiki,2024-10-27 01:13:31
1833350402,Dafydd ap Gruffydd,Sirfurboy,false,10,enwiki,2024-10-27 01:11:52
357992012,Nadelöhrgasse,Olaf2,false,29,dewiki,2024-10-27 01:12:12
1833350719,Wikipedia:Usernames for administrator attention,HBC AIV helperbot14,true,-221,enwiki,2024-10-27 01:12:44
1833350914,Jean-Philippe Faure,Lepricavark,false,-23,enwiki,2024-10-27 01:13:20
1833351217,Arblade-le-Haut,Monkbot,true,1,enwiki,2024-10-27 01:14:10
1833351304,1976 NHL amateur draft,NHL04,false,-3528,enwiki,2024-10-27 01:14:25
1833351503,Caitlin Wood,Bjcook,false,44,enwiki,2024-10-27 01:14:50
1833351100,Category talk:New Age literature,Tom.Reding,false,27,enwiki,2024-10-27 01:13:53
1833351308,Category talk:New Zealand speculative fiction works,Tom.Reding,false,27,enwiki,2024-10-27 01:14:27
1833351505,Kwon Eun-ji,SmartyPants22,false,326,enwiki,2024-10-27 01:14:50
1833351105,Genocides in history,2601:602:8D80:90:8CAF:B460:3CCA:7807,false,333,enwiki,2024-10-27 01:13:44
1833351203,Template:Miami Dolphins roster,MrSplashman77,false,-54,enwiki,2024-10-27 01:14:07
1833351311,2014 Isla Vista killings,Shoot for the Stars,false,2,enwiki,2024-10-27 01:14:20
1833351404,User:Reverend Mick man34/sandbox,Reverend Mick man34,false,4044,enwiki,2024-10-27 01:14:36
1833351507,Ibn Battuta,Beshogur,false,7,enwiki,2024-10-27 01:14:45
1833351106,IMZ-Ural,GunnarBonk,false,-7,enwiki,2024-10-27 01:13:52
1833351204,Lößnitz tramway,Monkbot,true,1,enwiki,2024-10-27 01:14:07
1833351315,Palais des Festivals et des Congrès,Blainster,false,7,enwiki,2024-10-27 01:14:26
1833351406,Mazra'a,Huldra,false,103,enwiki,2024-10-27 01:14:39
1833351512,Talk:Diamonds from Sierra Leone,Acroterion,false,-740,enwiki,2024-10-27 01:14:50
1833351107,Mikhaylovo,Monkbot,true,1,enwiki,2024-10-27 01:13:52
1833351408,2024 United States Senate election in Florida,Bourne Ballin,false,12,enwiki,2024-10-27 01:14:35
1833351513,Talk:Jos Louis,SpikeToronto,false,28,enwiki,2024-10-27 01:14:52
1833351113,Wikipedia:Administrators' noticeboard/Incidents,KylieNectar,false,382,enwiki,2024-10-27 01:13:39
1833351212,Rust Red Hills,Viriditas,false,62,enwiki,2024-10-27 01:14:09
1833351319,2024 UQ,KyloRen2017,false,1,enwiki,2024-10-27 01:14:27
1833351411,Darkovice,Monkbot,true,1,enwiki,2024-10-27 01:14:37
1833351514,Battle of Rajgród (1794),Monkbot,true,1,enwiki,2024-10-27 01:14:51
1833351114,Gordon G. Chang,GreenC,false,11,enwiki,2024-10-27 01:13:54
1833351413,Category talk:Nigeria in fiction,Tom.Reding,false,27,enwiki,2024-10-27 01:14:40
1833351116,Tsai Ping-kun,GuardianH,false,-115,enwiki,2024-10-27 01:13:53
1833351215,Progress M-43,Widefox,false,-29,enwiki,2024-10-27 01:14:11
1833351501,Assassination of Olof Palme,2603:6011:9440:D700:9CA:A28E:F51E:EF3B,false,17,enwiki,2024-10-27 01:14:46
1833351115,Social relation,Clownin69100,false,24,enwiki,2024-10-27 01:13:54
1833351301,Cotter family,Jac752023,false,-13,enwiki,2024-10-27 01:14:26
1833351502,William Pickens,Parkwells,false,25,enwiki,2024-10-27 01:14:50
1833351218,Category talk:New Zealand fiction,Tom.Reding,false,27,enwiki,2024-10-27 01:14:13
1833351504,Category talk:Non-fiction book cover images,Tom.Reding,false,27,enwiki,2024-10-27 01:14:50
1833351608,Haitham bin Tariq,83.193.164.108,false,4,enwiki,2024-10-27 01:15:04
1833351708,User talk:Valereee,Maproom,false,207,enwiki,2024-10-27 01:15:19
1833351818,Tilottama Sen,SmartyPants22,false,207,enwiki,2024-10-27 01:15:40
357992100,Diskussion:Wolfgang Grupp,2A02:810D:A240:15B8:C0AF:79B9:7B9C:C4F6,false,20,dewiki,2024-10-27 01:15:46
1833351915,Gottfried Benn,VolatileAnomaly,false,-63,enwiki,2024-10-27 01:15:54
1833352004,"Abram-Perezville, Texas",Patapsco913,false,1393,enwiki,2024-10-27 01:16:08
357992111,Benutzer:Schudi 45/Artikelentwurf,Schudi 45,false,14,dewiki,2024-10-27 01:16:12
1833352109,Bocchi the Rock!,WichtelUwU,false,0,enwiki,2024-10-27 01:16:18
1833351610,Darts,OZOO,false,-316,enwiki,2024-10-27 01:15:04
1833351712,Category talk:Non-fiction books about geisha,Tom.Reding,false,27,enwiki,2024-10-27 01:15:21
1833351819,Tabasco mud turtle,Bloopityboop,false,0,enwiki,2024-10-27 01:15:39
1833351916,Les Misérables (musical),Mediatech492,false,-78,enwiki,2024-10-27 01:15:49
1833352011,User talk:186.57.4.231,VolatileAnomaly,false,967,enwiki,2024-10-27 01:16:11
1833352110,Tabasco mud turtle,Bloopityboop,false,0,enwiki,2024-10-27 01:16:21
1833351611,1977 Bob–Tangol earthquake,Dawnseeker2000,false,-8,enwiki,2024-10-27 01:15:05
1833351714,Rust Red Hills,Viriditas,false,-1,enwiki,2024-10-27 01:15:22
1833351919,Belarusian Ice Hockey Association,Monkbot,true,2,enwiki,2024-10-27 01:15:55
1833352012,Syed Ali Raza Abidi,86.96.79.245,false,53,enwiki,2024-10-27 01:16:08
1833352114,Category:People from Otford,Ernsanchez00,false,4,enwiki,2024-10-27 01:16:24
1833351612,Bully (album),177.240.107.57,false,-17,enwiki,2024-10-27 01:15:05
1833351718,"Gradište, Croatia",Monkbot,true,2,enwiki,2024-10-27 01:15:21
357992109,Wikipedia:Löschkandidaten/Nicht eingetragen,TaxonBota,true,-150,dewiki,2024-10-27 01:16:11
1833352118,The Candy Spooky Theater,LimitlessLives,false,387,enwiki,2024-10-27 01:16:24
1833351615,Category talk:Non-fiction books about cannibalism,Tom.Reding,false,27,enwiki,2024-10-27 01:15:08
1833351800,Category talk:Non-fiction books about the Great Depression,Tom.Reding,false,27,enwiki,2024-10-27 01:15:38
1833352013,"Gołogóra, West Pomeranian Voivodeship",Monkbot,true,1,enwiki,2024-10-27 01:16:09
1833352119,Teng Chia-chi,GuardianH,false,-19,enwiki,2024-10-27 01:16:24
1833351617,Category talk:AEK Larnaca FC players,Darwinek,false,23,enwiki,2024-10-27 01:15:08
1833351801,Category:People from Kemsing,Ernsanchez00,false,5,enwiki,2024-10-27 01:15:39
1833351905,Stormzy,MoonknightPP34,false,0,enwiki,2024-10-27 01:15:51
357992108,Benutzer:Wolfgang glock/Schönbrunner Straße,Wolfgang glock,false,40,dewiki,2024-10-27 01:16:08
357992110,Westböhmische Universität in Pilsen,Helium4,false,50,dewiki,2024-10-27 01:16:11
1833352100,It's Showtime (Philippine TV program),36.69.22.237,false,4,enwiki,2024-10-27 01:16:11
1833351618,Lake Rożnów,Monkbot,true,1,enwiki,2024-10-27 01:15:06
1833351806,Nikiforos Vrettakos,Monkbot,true,1,enwiki,2024-10-27 01:15:38
1833351906,Polish Cup,Monkbot,true,2,enwiki,2024-10-27 01:15:51
1833352000,Category talk:Non-fiction novels of investigative journalism,Tom.Reding,false,15,enwiki,2024-10-27 01:16:09
1833352014,Big Three (Peru),Sergio.nunez84,false,106,enwiki,2024-10-27 01:16:09
1833352101,Rochdale A.F.C.,GRANDMASTERALAN,false,22,enwiki,2024-10-27 01:16:17
1833351807,User talk:Valereee,Maproom,false,1,enwiki,2024-10-27 01:15:39
1833351908,John A. Kuri,Edward Bednar,false,-2,enwiki,2024-10-27 01:15:53
1833352001,Discovery (Daft Punk album),Egidio24,false,-17,enwiki,2024-10-27 01:16:04
1833352017,User:Aedis1/Art1062,Aedis1,false,110,enwiki,2024-10-27 01:16:12
1833352102,The Last Rifleman,GhostInTheMachine,false,61,enwiki,2024-10-27 01:16:21
1833351602,Kazangulovo,Monkbot,true,2,enwiki,2024-10-27 01:15:03
1833351816,Harold Bolingbroke Mudie,Simeon,false,14,enwiki,2024-10-27 01:15:39
1833351911,Category talk:Non-fiction books by topic,Tom.Reding,false,27,enwiki,2024-10-27 01:15:55
357992107,Subsolarer Punkt,2001:9E8:29DB:D100:804:9DC:3296:C0B,false,0,dewiki,2024-10-27 01:16:04
1833352002,User:Hilst/timeless.css,Hilst,false,577,enwiki,2024-10-27 01:16:10
1833352018,Talk:Delicious Donuts,Another Believer,false,46,enwiki,2024-10-27 01:16:11
1833352105,Category talk:Nonlinear narrative fiction,Tom.Reding,false,27,enwiki,2024-10-27 01:16:22
1833351705,User:DreamRimmer bot/Redirects.json,DreamRimmer bot,true,3,enwiki,2024-10-27 01:15:20
1833351817,Gordon G. Chang,GreenC,false,49,enwiki,2024-10-27 01:15:39
1833351912,Metallica,Citation bot,true,9,enwiki,2024-10-27 01:15:47
357992106,Morrinhos (Goiás),Mewa767,false,-8,dewiki,2024-10-27 01:16:02
1833352003,Heems,Anxietykazoo,false,20,enwiki,2024-10-27 01:16:07
1833352019,Wikipedia:Administrator intervention against vandalism,FMSky,false,125,enwiki,2024-10-27 01:16:11
357992113,Faith Evans/Diskografie,RiJu90,false,27,dewiki,2024-10-27 01:16:22
1833352213,2024–25 Segunda Federación,JoseAwfulman,false,17,enwiki,2024-10-27 01:16:31
1833352416,Montbazin,Monkbot,true,1,enwiki,2024-10-27 01:16:58
1833352519,Netflix,LizardJr8,false,-11,enwiki,2024-10-27 01:17:04
1833352611,Wikipedia talk:WikiProject Tanzania,Another Believer,false,-695,enwiki,2024-10-27 01:17:23
1833352714,"James Burns, 3rd Baron Inverclyde",Crowsus,false,41,enwiki,2024-10-27 01:17:34
1833352914,Balija,Rasteem,false,1136,enwiki,2024-10-27 01:17:54
1833352219,2024–25 Paksi FC season,Cakesam,false,105,enwiki,2024-10-27 01:16:30
1833352716,Han Jiayu,SmartyPants22,false,357,enwiki,2024-10-27 01:17:35
1833352915,"Saint-Alban, Haute-Garonne",Monkbot,true,1,enwiki,2024-10-27 01:17:53
357992115,Liste von Kampfmessern und -Dolchen,SalleWinter,false,47,dewiki,2024-10-27 01:16:41
1833352400,2024–25 Wolverhampton Wanderers F.C. season,2A02:C7C:EAC1:A700:8815:985F:E53C:F62E,false,18,enwiki,2024-10-27 01:16:50
1833352719,Gerald Battrick,Crowsus,false,41,enwiki,2024-10-27 01:17:34
1833352916,Guru Mann,Portick,false,10,enwiki,2024-10-27 01:17:57
1833352700,Le Soulié,Monkbot,true,1,enwiki,2024-10-27 01:17:31
1833352402,Talk:Rita Cetina Gutiérrez,It is a wonderful world,false,-114,enwiki,2024-10-27 01:16:57
1833352601,Lužarji,Monkbot,true,1,enwiki,2024-10-27 01:17:20
1833352701,Wikipedia talk:WikiProject Tanzania/Archive 1,Another Believer,false,1981,enwiki,2024-10-27 01:17:33
1833352919,Gordon Reid (tennis),Crowsus,false,41,enwiki,2024-10-27 01:17:54
357992119,Diskussion:Manchmal in meinen Träumen (Bevor mein Weg zu den Sternen begann),Mary Joanna,false,274,dewiki,2024-10-27 01:16:51
1833352403,Torneo de la URBA,Fma12,false,149,enwiki,2024-10-27 01:16:58
1833352604,Jamie Baker (tennis),Crowsus,false,41,enwiki,2024-10-27 01:17:21
1833352702,Lestocq Robert Erskine,Crowsus,false,41,enwiki,2024-10-27 01:17:33
1833352900,Category talk:Orthodox Judaism in fiction,Tom.Reding,false,27,enwiki,2024-10-27 01:17:54
1833352206,Talk:Barney & Friends,Utopes,false,941,enwiki,2024-10-27 01:16:35
1833352301,Quintus Aurelius Symmachus,Trumpetrep,false,80,enwiki,2024-10-27 01:16:44
1833352405,Category talk:Nyingma texts,Tom.Reding,false,27,enwiki,2024-10-27 01:17:00
1833352500,Iouliti Lymoura,Monkbot,true,1,enwiki,2024-10-27 01:17:06
1833352605,Wikipedia talk:WikiProject Tanzania/Archive 1,Another Believer,false,705,enwiki,2024-10-27 01:17:22
1833352709,User:InceptionBot/NewPageSearch/SouthernCalifornia/log,InceptionBot,true,-4103,enwiki,2024-10-27 01:17:35
1833352800,Denmark,MIHAIL,false,8,enwiki,2024-10-27 01:17:34
1833352901,Jonny O'Mara,Crowsus,false,41,enwiki,2024-10-27 01:17:51
357992114,Wunderland bei Nacht,Igno-der-ant,false,12,dewiki,2024-10-27 01:16:35
1833352207,Talk:Rita Cetina Gutiérrez/GA1,It is a wonderful world,false,256,enwiki,2024-10-27 01:16:36
1833352312,Arlempdes,Monkbot,true,1,enwiki,2024-10-27 01:16:46
1833352406,Sarah Loosemore,Crowsus,false,43,enwiki,2024-10-27 01:16:59
1833352503,User:Ar44chalis,Ar44chalis,false,-300,enwiki,2024-10-27 01:17:08
1833352607,Ernest Black,Crowsus,false,41,enwiki,2024-10-27 01:17:22
1833352705,Talk:José Manuel Fernandes (journalist),Wizardman,false,57,enwiki,2024-10-27 01:17:34
1833352801,George Kerr (tennis),Crowsus,false,41,enwiki,2024-10-27 01:17:42
1833352902,List of saints,Red0ctober22,false,534,enwiki,2024-10-27 01:17:44
1833352208,Category talk:North Dakota in fiction,Tom.Reding,false,-4,enwiki,2024-10-27 01:16:36
1833352313,Wikipedia talk:WikiProject Synthesizers/Archive 1,Another Believer,false,1194,enwiki,2024-10-27 01:16:49
1833352407,"Amanda Sater, Baroness Sater",Crowsus,false,43,enwiki,2024-10-27 01:16:59
1833352608,Category talk:Old Georgian literature,Tom.Reding,false,27,enwiki,2024-10-27 01:17:24
1833352710,Czechoslovakian International Championships,Tennishistory1877,false,-27,enwiki,2024-10-27 01:17:32
1833352810,User:WilliamF1two/Premier League Manager Head to Head,WilliamF1two,false,451,enwiki,2024-10-27 01:17:32
1833352904,3M Teaching Fellow,RameyFan,false,5,enwiki,2024-10-27 01:17:54
1833352212,Queensland Liberal Party,ZlatanSweden10,false,6,enwiki,2024-10-27 01:16:32
357992117,American-Football-Europameisterschaft 2025,GregorBungensheim,false,24,dewiki,2024-10-27 01:16:43
1833352316,Talk:JohnBosco Onunkwo,Wizardman,false,26,enwiki,2024-10-27 01:16:49
1833352415,Audrey Bates,Crowsus,false,43,enwiki,2024-10-27 01:17:00
1833352518,Thunderstruck (song),2600:6C58:15F0:A160:AD02:E3F9:3D07:F5,false,-41,enwiki,2024-10-27 01:17:06
1833352609,Kristina från Duvemåla,2A01:799:CE9:8A00:D09:318D:8EB1:6954,false,31,enwiki,2024-10-27 01:17:22
1833352712,Bert Dauncey,Crowsus,false,41,enwiki,2024-10-27 01:17:34
1833352913,Archibald Thomson,Crowsus,false,41,enwiki,2024-10-27 01:17:56
1833353007,Venom: The Last Dance,73.3.193.188,false,27,enwiki,2024-10-27 01:18:05
1833353108,"Category:People from Sundridge, Kent",Ernsanchez00,false,7,enwiki,2024-10-27 01:18:22
1833353214,Project 7,HongLock,false,8,enwiki,2024-10-27 01:18:38
1833353305,Wikipedia talk:WikiProject Tanzania,Another Believer,false,-1512,enwiki,2024-10-27 01:18:51
1833353411,Wikipedia talk:WikiProject Tanzania/Archive 1,Another Believer,false,1964,enwiki,2024-10-27 01:19:06
1833353519,Narain Singh Sambyal,121.98.87.151,false,42,enwiki,2024-10-27 01:19:16
1833353714,Wikipedia talk:WikiProject Tanzania,Another Believer,false,-1465,enwiki,2024-10-27 01:19:31
1833353010,Max Holloway,Creatorial,false,-24,enwiki,2024-10-27 01:18:03
1833353112,Wikipedia talk:WikiProject Tanzania,Another Believer,false,-418,enwiki,2024-10-27 01:18:21
1833353217,Union Oyster House,2601:18A:8082:7F94:0:0:0:C5,false,25,enwiki,2024-10-27 01:18:39
1833353307,"Ministry of Education, Culture, Sports, Science and Technology",Mika1h,false,329,enwiki,2024-10-27 01:18:51
1833353414,Wikipedia talk:WikiProject Tanzania,Another Believer,false,-1954,enwiki,2024-10-27 01:19:07
1833353715,Wikipedia:WikiProject Deletion sorting/Minnesota,Sam Sailor,false,58,enwiki,2024-10-27 01:19:31
1833353014,Dirt Femme,Egidio24,false,-11,enwiki,2024-10-27 01:18:05
1833353116,Charles Voisin,Simeon,false,14,enwiki,2024-10-27 01:18:22
1833353218,Names of the Albanians and Albania,Demetrios1993,false,-4,enwiki,2024-10-27 01:18:38
1833353308,Bohol Fault System,Dicklyon,false,31,enwiki,2024-10-27 01:18:52
1833353413,Pauline Hanson's One Nation – Queensland,ZlatanSweden10,false,16,enwiki,2024-10-27 01:19:04
1833353803,Category talk:Phuket in fiction,Tom.Reding,false,27,enwiki,2024-10-27 01:19:40
1833353015,Category talk:Outdoor literature awards,Tom.Reding,false,27,enwiki,2024-10-27 01:18:08
1833353118,Angel (1982 Greek film),Monkbot,true,1,enwiki,2024-10-27 01:18:22
1833353309,James Riley (soccer),Citation bot,true,22,enwiki,2024-10-27 01:18:51
1833353415,Talk:Varun Vagish,Wizardman,false,21,enwiki,2024-10-27 01:19:08
1833353504,Category talk:Phenomenology literature,Tom.Reding,false,3,enwiki,2024-10-27 01:19:16
1833353806,Nick Brown (tennis),Crowsus,false,41,enwiki,2024-10-27 01:19:39
1833353016,"John, Duke of Valencia de Campos",Neiltonks,false,-50,enwiki,2024-10-27 01:18:05
1833353119,User:InceptionBot/NewPageSearch/Species/log,InceptionBot,true,2221,enwiki,2024-10-27 01:18:24
1833353206,"Condillac, Drôme",Monkbot,true,1,enwiki,2024-10-27 01:18:35
1833353310,Category talk:Paraguay in fiction,Tom.Reding,false,27,enwiki,2024-10-27 01:18:52
1833353419,Charles Gladstone Allen,Crowsus,false,41,enwiki,2024-10-27 01:19:08
1833353602,Neil Bamford,Crowsus,false,41,enwiki,2024-10-27 01:19:23
1833353704,Alfred Beamish,Crowsus,false,41,enwiki,2024-10-27 01:19:29
1833353804,Contributions to Philosophy,Monkbot,true,1,enwiki,2024-10-27 01:19:38
1833353018,User:Coreg/sandbox2,Coreg,false,-187,enwiki,2024-10-27 01:18:08
1833353208,Wikipedia talk:WikiProject Tanzania/Archive 1,Another Believer,false,520,enwiki,2024-10-27 01:18:37
1833353314,Talk:Vajra Chandrasekera,Wizardman,false,28,enwiki,2024-10-27 01:18:53
1833353510,Ted Avory,Crowsus,false,41,enwiki,2024-10-27 01:19:16
1833353609,Talk:Vassili Schneider,Wizardman,false,26,enwiki,2024-10-27 01:19:24
1833353705,Wikipedia:WikiProject Deletion sorting/Police,Sam Sailor,false,58,enwiki,2024-10-27 01:19:30
1833353810,"Charles Buller (cricketer, born 1846)",Crowsus,false,41,enwiki,2024-10-27 01:19:40
1833353211,Category talk:Palau in fiction,Tom.Reding,false,26,enwiki,2024-10-27 01:18:38
1833353315,Marina Diamandis,Rodericksilly,false,39,enwiki,2024-10-27 01:18:49
1833353508,Dmitri Sukhanov,Monkbot,true,1,enwiki,2024-10-27 01:19:14
1833353612,Germany–Lithuania relations,Afus199620,false,52,enwiki,2024-10-27 01:19:23
1833353706,User talk:Tidergamer789,Sam Sailor,false,1192,enwiki,2024-10-27 01:19:30
1833353818,Glam metal,Bryan1518,false,1,enwiki,2024-10-27 01:19:39
1833353003,Anderson Bruford Wakeman Howe,SnivyLink2,false,4,enwiki,2024-10-27 01:18:06
1833353209,Transportation during the 2024 Summer Olympics and Paralympics,Hawkeye7,false,3196,enwiki,2024-10-27 01:18:36
1833353316,Wikipedia:Administrators' noticeboard/Incidents,KylieNectar,false,111,enwiki,2024-10-27 01:18:38
1833353509,Frisco Independent School District,RtXC1,false,-341,enwiki,2024-10-27 01:19:15
1833353614,Stuart Bale,Crowsus,false,41,enwiki,2024-10-27 01:19:24
1833353707,Talk:Lee Rowley,86.13.90.26,false,182,enwiki,2024-10-27 01:19:29
1833353004,Dirk Bogarde,Egidio24,false,-15,enwiki,2024-10-27 01:18:04
1833353212,Rhys Turner,David 1101276,false,-3,enwiki,2024-10-27 01:18:37
1833353302,Tarsacq,Monkbot,true,1,enwiki,2024-10-27 01:18:48
1833353403,Liberal Democrats (UK),92.19.109.50,false,-17,enwiki,2024-10-27 01:18:54
1833353513,Germany–Turkey relations,Vloby4é,false,150,enwiki,2024-10-27 01:19:13
1833353711,Wikipedia talk:WikiProject Tanzania/Archive 1,Another Believer,false,1475,enwiki,2024-10-27 01:19:30
1833353005,Dedovshchina,Monkbot,true,5,enwiki,2024-10-27 01:18:05
1833353106,Wikipedia talk:WikiProject Tanzania/Archive 1,Another Believer,false,428,enwiki,2024-10-27 01:18:20
1833353213,Wikipedia talk:WikiProject Tanzania,Another Believer,false,-510,enwiki,2024-10-27 01:18:38
1833353303,Wikipedia talk:WikiProject Tanzania/Archive 1,Another Believer,false,1522,enwiki,2024-10-27 01:18:50
1833353409,Lamarque-Pontacq,Monkbot,true,1,enwiki,2024-10-27 01:19:04
1833353516,Talk:Vasilis Kekatos,Wizardman,false,24,enwiki,2024-10-27 01:19:17
1833353713,George Ewart Bean,Crowsus,false,41,enwiki,2024-10-27 01:19:31
1833353915,Draft:People From My Neighborhood,Phibeatrice,false,393,enwiki,2024-10-27 01:19:54
1833354009,Ian Evans (footballer),Mattythewhite,false,-136,enwiki,2024-10-27 01:20:07
1833354307,Category talk:Psychotherapy in fiction,Tom.Reding,false,27,enwiki,2024-10-27 01:20:48
1833354403,2024–25 Újpest FC season,Cakesam,false,1,enwiki,2024-10-27 01:20:48
1833354616,User:AlexNewArtBot/SriLankaSearchResult,InceptionBot,true,-1411,enwiki,2024-10-27 01:21:14
1833354012,Wikipedia:Redirects for discussion/Log/2024 October 24,Presidentman,false,702,enwiki,2024-10-27 01:20:07
1833354102,Hare–Clark electoral system,2401:D002:7703:700:2C57:8034:6F6D:3719,false,0,enwiki,2024-10-27 01:20:21
1833354306,Zvezda Zvenigorod,Monkbot,true,1,enwiki,2024-10-27 01:20:46
1833354411,"Moșna, Sibiu",Monkbot,true,2,enwiki,2024-10-27 01:20:54
357992202,Chorazin,Ulf Heinsohn,false,34,dewiki,2024-10-27 01:21:06
1833354615,Category talk:Queer memoirists,Tom.Reding,false,15,enwiki,2024-10-27 01:21:15
1833354013,Locrian mode,12.75.128.22,false,36,enwiki,2024-10-27 01:20:07
1833354103,David Christensen (philosopher),Chaotic Enby,false,33,enwiki,2024-10-27 01:20:21
1833354309,Clement Cazalet,Crowsus,false,41,enwiki,2024-10-27 01:20:47
1833354500,Mark Cox (tennis),Crowsus,false,41,enwiki,2024-10-27 01:21:01
1833354614,Talk:List of most-disliked YouTube videos,Diamond6112,false,256,enwiki,2024-10-27 01:21:12
1833353901,Military Council of National Salvation,Monkbot,true,1,enwiki,2024-10-27 01:19:51
1833354016,Talk:Vijay Devane,Wizardman,false,21,enwiki,2024-10-27 01:20:09
1833354110,2024–25 Buffalo Sabres season,HalfOfAnOrange,false,233,enwiki,2024-10-27 01:20:20
1833354214,Maurice Tillieux,Simeon,false,54,enwiki,2024-10-27 01:20:35
1833354310,"Sir Anthony Buzzard, 2nd Baronet",Crowsus,false,41,enwiki,2024-10-27 01:20:47
357992200,Ipameri,Mewa767,false,-8,dewiki,2024-10-27 01:21:03
1833354617,Joseph Trumpeldor,Techiya1925,false,-1,enwiki,2024-10-27 01:21:14
1833353902,Brainwashing,ComeAndHear,false,-27,enwiki,2024-10-27 01:19:49
1833354017,2024–25 ISU Grand Prix of Figure Skating,Bgsu98,false,172,enwiki,2024-10-27 01:20:04
1833354113,History of the United Kingdom,Jean-de-Nivelle,false,-1658,enwiki,2024-10-27 01:20:16
1833354213,Rudolf Plyukfelder,Monkbot,true,1,enwiki,2024-10-27 01:20:33
1833354312,Local elections in New Zealand,2405:DA40:4374:6600:B925:9175:DD6D:E47C,false,98,enwiki,2024-10-27 01:20:46
1833354505,Ashi Chouksey,SmartyPants22,false,160,enwiki,2024-10-27 01:21:03
357992205,Avatar – Aufbruch nach Pandora,Fachwart,false,4,dewiki,2024-10-27 01:21:09
1833354618,Selo sanatoriya Alkino,Monkbot,true,2,enwiki,2024-10-27 01:21:14
1833353906,List of Bristol Rovers F.C. players (25–99 appearances),LBLM9253,false,0,enwiki,2024-10-27 01:19:45
1833354003,Category talk:Polish fiction,Tom.Reding,false,27,enwiki,2024-10-27 01:20:07
1833354216,Punch-Out!!,VolatileAnomaly,false,-4,enwiki,2024-10-27 01:20:35
1833354311,"Category:People from Bobbing, Kent",Ernsanchez00,false,5,enwiki,2024-10-27 01:20:48
1833354508,Hope Crisp,Crowsus,false,41,enwiki,2024-10-27 01:21:03
357992204,Cass Library of African Studies,Goesseln,false,4,dewiki,2024-10-27 01:21:08
1833354602,List of earthquakes in 2011,Dawnseeker2000,false,-26,enwiki,2024-10-27 01:21:07
1833353908,Category talk:Plays based on short fiction,Tom.Reding,false,27,enwiki,2024-10-27 01:19:53
1833354004,Zanskar,Hike395,false,0,enwiki,2024-10-27 01:20:06
1833354218,Ollie Dewsbury,LBLM9253,false,0,enwiki,2024-10-27 01:20:36
1833354515,Lottie Paterson,Crowsus,false,43,enwiki,2024-10-27 01:21:04
1833354606,Demolition Man (film),Ldavid1985,false,7,enwiki,2024-10-27 01:21:10
1833354005,Guru Mann,Portick,false,1,enwiki,2024-10-27 01:20:07
357992201,Eckhart Schmidt,Bernardoni,false,-13,dewiki,2024-10-27 01:21:04
1833354608,2014 Louisiana–Monroe Warhawks football team,Mes tex,false,292,enwiki,2024-10-27 01:21:10
1833353911,User:JuneGloom07/Tina D,JuneGloom07,false,458,enwiki,2024-10-27 01:19:54
1833354008,"Sergeyevka, Blagoveshchensky District, Republic of Bashkortostan",Monkbot,true,1,enwiki,2024-10-27 01:20:07
1833354516,Sun-hye,45.183.216.209,false,-20,enwiki,2024-10-27 01:21:04
1833354609,Švábenice,Monkbot,true,1,enwiki,2024-10-27 01:21:11
1833353912,Talk:Viacheslav Kutovyi,Wizardman,false,27,enwiki,2024-10-27 01:19:53
1833354010,Cobrah,Isanari,false,-922,enwiki,2024-10-27 01:20:07
1833354611,User:InceptionBot/NewPageSearch/SriLanka/log,InceptionBot,true,-2016,enwiki,2024-10-27 01:21:14
1833354810,"Category talk:Richmond, Virginia in fiction",Tom.Reding,false,27,enwiki,2024-10-27 01:21:45
1833355107,Category:People from Lynsted,Ernsanchez00,false,5,enwiki,2024-10-27 01:22:25
357992206,Benutzerin:Weltenspringerin/Alfred (Comicautor),Weltenspringerin,false,847,dewiki,2024-10-27 01:21:16
1833354701,Category talk:Religious philosophical literature,Tom.Reding,false,7,enwiki,2024-10-27 01:21:32
357992213,Benutzer:Aka/Fehlerlisten/viele Tippfehler/003,Thomas Dresler,false,-9448,dewiki,2024-10-27 01:21:39
357992219,Benutzer:Aka/Fehlerlisten/viele Tippfehler/Ausschluss/G,Thomas Dresler,false,50,dewiki,2024-10-27 01:21:41
1833354914,Edinburgh Phrenological Society,2A00:23C8:4199:B000:FCD1:5EFF:FED7:18D4,false,0,enwiki,2024-10-27 01:22:00
1833355111,Deaths in 2024,Gerda Arendt,false,112,enwiki,2024-10-27 01:22:21
1833354700,User:Doug butler/T. S. B. Woodfull,Doug butler,false,157,enwiki,2024-10-27 01:21:32
357992214,Benutzer:Jlo Fan 1999/Baustelle 1,RiJu90,false,32,dewiki,2024-10-27 01:21:39
1833354815,François Cheng,108.54.183.45,false,0,enwiki,2024-10-27 01:21:46
1833354915,List of Irish MPs 1569–1571,Alekksandr,false,4,enwiki,2024-10-27 01:22:02
1833355007,Bully (album),177.240.107.57,false,359,enwiki,2024-10-27 01:22:12
1833355113,Minden Fenwick,Crowsus,false,41,enwiki,2024-10-27 01:22:25
1833354703,Cotter baronets,Jac752023,false,13,enwiki,2024-10-27 01:21:32
357992210,Augenevolution,Duschgeldrache2,false,22,dewiki,2024-10-27 01:21:35
1833354817,Valmigère,Monkbot,true,1,enwiki,2024-10-27 01:21:44
1833355014,P. G. von Donop,Crowsus,false,41,enwiki,2024-10-27 01:22:14
1833355115,1934 SEC men's basketball tournament,Ha2772a,false,-8,enwiki,2024-10-27 01:22:24
1833355200,George Hsu,GuardianH,false,14,enwiki,2024-10-27 01:22:33
1833354704,Kyunglung,184.67.65.74,false,-35,enwiki,2024-10-27 01:21:33
1833354801,Category talk:Rhode Island in fiction,Tom.Reding,false,-4,enwiki,2024-10-27 01:21:42
1833354816,1979 Equatorial Guinea coup d'état,Secret.Sayyid,false,175,enwiki,2024-10-27 01:21:46
1833354916,Charles A. Willoughby,96.248.74.166,false,116,enwiki,2024-10-27 01:22:00
1833355118,James Nesbitt (bushranger),PastelLilac,false,71,enwiki,2024-10-27 01:22:26
1833355210,User:AlexNewArtBot/StudioGhibliSearchResult,InceptionBot,true,-11,enwiki,2024-10-27 01:22:36
357992215,Starflight One – Irrflug ins Weltall,84.142.236.188,false,12,dewiki,2024-10-27 01:21:40
1833354819,Strambino Town Hall,Darwinek,false,72,enwiki,2024-10-27 01:21:46
1833354918,Category talk:Romanian romantic fiction,Tom.Reding,false,27,enwiki,2024-10-27 01:22:02
1833355215,Najmeddin Shariati,Mccapra,false,108,enwiki,2024-10-27 01:22:34
357992216,Benutzer:Aka/Fehlerlisten/viele Tippfehler/004,Thomas Dresler,false,-8387,dewiki,2024-10-27 01:21:39
1833354902,Wikipedia:Administrators' noticeboard/Incidents,KylieNectar,false,147,enwiki,2024-10-27 01:21:47
357992207,Portal:Techno,Cewbot,true,-9,dewiki,2024-10-27 01:21:25
357992209,Liste der Stolpersteine in Horb am Neckar,Thomas Dresler,false,0,dewiki,2024-10-27 01:21:33
357992211,Flughafen Berbérati,Adtonko,false,-37,dewiki,2024-10-27 01:21:37
1833354809,Lee Ying-ping,GuardianH,false,11,enwiki,2024-10-27 01:21:44
1833354907,Loštice,Monkbot,true,1,enwiki,2024-10-27 01:21:58
357992208,Wikipedia:GND/Fehlermeldung/Oktober 2024,Kolja21,false,339,dewiki,2024-10-27 01:21:25
357992212,Antonin,Dabefewulu,false,-33,dewiki,2024-10-27 01:21:38
1833354912,Rita Cetina Gutiérrez,ChristieBot,true,17,enwiki,2024-10-27 01:21:59
1833355108,John Feaver,Crowsus,false,41,enwiki,2024-10-27 01:22:23
1833355308,Vincenzo Cotroni,173.182.128.251,false,-5,enwiki,2024-10-27 01:22:38
1833355310,Kodavere,Monkbot,true,1,enwiki,2024-10-27 01:22:40
1833355302,Lloyd Glasspool,Crowsus,false,41,enwiki,2024-10-27 01:22:37
1833355304,Category talk:Saguenay–Lac-Saint-Jean in fiction,Tom.Reding,false,27,enwiki,2024-10-27 01:22:40
1833355305,Josh Goodall,Crowsus,false,41,enwiki,2024-10-27 01:22:39
1833355303,Angel wings,Esheter,false,15,enwiki,2024-10-27 01:22:37
1833355314,Template:Miss Grand national pageants in Asia and Oceania,Thomson Walt,false,-35,enwiki,2024-10-27 01:22:41
1833355701,Ms. Gsptlsnz,Fiction Fanatic III,false,-1226,enwiki,2024-10-27 01:23:39
1833355913,Thomas Graham (barrister),Crowsus,false,41,enwiki,2024-10-27 01:24:08
1833356000,Ray Bassil,SmartyPants22,false,71,enwiki,2024-10-27 01:24:18
1833356105,Jack Hillyard,Crowsus,false,41,enwiki,2024-10-27 01:24:30
1833355317,Stefan Szolc-Rogoziński,Simeon,false,14,enwiki,2024-10-27 01:22:40
1833355705,Yannis Stavrakakis,Monkbot,true,1,enwiki,2024-10-27 01:23:41
1833355814,William D. Hoard,M4V3R1CK32,false,19,enwiki,2024-10-27 01:23:56
1833355914,Snowdonia,DazMUFC,false,-2505,enwiki,2024-10-27 01:24:05
1833356002,Paul Hand,Crowsus,false,41,enwiki,2024-10-27 01:24:19
1833356108,Inabanga,Dicklyon,false,5,enwiki,2024-10-27 01:24:25
1833355400,User:InceptionBot/NewPageSearch/Sudan/log,InceptionBot,true,245,enwiki,2024-10-27 01:22:53
1833355505,Apollonian gasket,Phuzzball,false,503,enwiki,2024-10-27 01:23:06
1833355600,Bully (album),177.240.107.57,false,77,enwiki,2024-10-27 01:23:27
1833355706,Category talk:Scottish speculative fiction,Tom.Reding,false,27,enwiki,2024-10-27 01:23:41
1833355816,User:B.V.B.2025/Чек,B.V.B.2025,false,0,enwiki,2024-10-27 01:23:49
1833355916,The Agency (2024 TV series),199.120.73.124,false,0,enwiki,2024-10-27 01:24:08
1833356005,Griko people,Demetrios1993,false,-4,enwiki,2024-10-27 01:24:16
1833356115,Hypericum iwatelittorale,ChristieBot,true,17,enwiki,2024-10-27 01:24:28
1833356200,Podgorinsky,Monkbot,true,1,enwiki,2024-10-27 01:24:40
1833355401,Draft:Genocide Mountain Tatars,Enver Ottoman,false,331,enwiki,2024-10-27 01:22:52
1833355510,Denis Davydov,Monkbot,true,1,enwiki,2024-10-27 01:23:09
1833355606,Nikolas Papadopoulos,Monkbot,true,1,enwiki,2024-10-27 01:23:28
1833355711,Spencer Gore (sportsman),Crowsus,false,41,enwiki,2024-10-27 01:23:41
1833355901,Lee Lien-chuan,GuardianH,false,117,enwiki,2024-10-27 01:24:06
1833356009,Wikipedia:New pages patrol/Reports/Easy reviews,SDZeroBot,true,202,enwiki,2024-10-27 01:24:18
1833356117,George Hillyard,Crowsus,false,41,enwiki,2024-10-27 01:24:29
1833356201,Festus Arthur,David 1101276,false,252,enwiki,2024-10-27 01:24:39
1833355404,User:AlexNewArtBot/SudanSearchResult,InceptionBot,true,808,enwiki,2024-10-27 01:22:52
1833355511,Armani White,166.199.150.28,false,129,enwiki,2024-10-27 01:23:09
1833355609,User talk:BlackDarkRebel,Helpful Raccoon,false,87,enwiki,2024-10-27 01:23:30
1833355715,Owen Scholte,Simeon,false,55,enwiki,2024-10-27 01:23:42
1833355902,Tatyana Petrenko-Samusenko,Monkbot,true,1,enwiki,2024-10-27 01:24:06
1833356012,Mike Hann,Crowsus,false,41,enwiki,2024-10-27 01:24:19
1833356118,Lithodes chaddertoni,TheTechnician27,false,190,enwiki,2024-10-27 01:24:30
1833356202,User talk:Fritzmann2002,ChristieBot,true,881,enwiki,2024-10-27 01:24:38
1833355406,"Split, Croatia",IvanScrooge98,false,1,enwiki,2024-10-27 01:22:45
1833355512,"Category talk:Santa Monica, California in fiction",Tom.Reding,false,27,enwiki,2024-10-27 01:23:10
1833355611,Talk:José Val del Omar,Wizardman,false,26,enwiki,2024-10-27 01:23:30
1833355719,Talk:Josef Hlisnikovský,Wizardman,false,27,enwiki,2024-10-27 01:23:44
1833355805,2024 Latvian Higher League,ThatStatMan,false,27,enwiki,2024-10-27 01:23:55
1833355903,Cyclone Christine,Dylan620,false,-38,enwiki,2024-10-27 01:24:06
1833356015,Borne Sulinowo,Monkbot,true,2,enwiki,2024-10-27 01:24:19
1833356119,Železný Brod,Monkbot,true,1,enwiki,2024-10-27 01:24:29
1833356206,User:RW Dutton/sandbox/Design in Ireland (report),RW Dutton,false,148,enwiki,2024-10-27 01:24:41
1833355403,Talk:Algiers expedition (1541),Nourerrahmane,false,409,enwiki,2024-10-27 01:22:51
1833355518,Nationwide opinion polling for the 2024 United States presidential election,JohnAdams1800,false,341,enwiki,2024-10-27 01:22:55
1833355612,Draft:Kofi Shaw,LBLM9253,false,0,enwiki,2024-10-27 01:23:30
1833355808,Wikipedia:New pages patrol/Reports/Easy reviews,SDZeroBot,true,314,enwiki,2024-10-27 01:23:55
1833355906,"Anderson Mill, Austin, Texas",Patapsco913,false,1513,enwiki,2024-10-27 01:24:07
1833356018,Montagu Hankey,Crowsus,false,41,enwiki,2024-10-27 01:24:20
1833356209,2025 Philippine Senate election,EdrianJustine,false,-98,enwiki,2024-10-27 01:24:32
1833356301,Here (2024 film),EclecticEnnui,false,-5,enwiki,2024-10-27 01:24:57
1833355409,Category talk:Saint Lucian literature,Tom.Reding,false,26,enwiki,2024-10-27 01:22:53
1833355615,Category talk:Scholars of English literature,Tom.Reding,false,13,enwiki,2024-10-27 01:23:31
1833355810,Coutzes,Monkbot,true,1,enwiki,2024-10-27 01:23:57
1833355907,Draft:People From My Neighborhood,Phibeatrice,false,177,enwiki,2024-10-27 01:24:08
1833356213,Category talk:Singapore in fiction,Tom.Reding,false,27,enwiki,2024-10-27 01:24:42
1833356313,Category talk:Slovakia in fiction,Tom.Reding,false,27,enwiki,2024-10-27 01:24:59
1833355412,Ust-Sukhoyaz,Monkbot,true,2,enwiki,2024-10-27 01:22:53
1833355617,Saint Joseph's Hawks men's soccer,Fma12,false,32,enwiki,2024-10-27 01:23:31
1833355812,2024–25 Wellington Phoenix FC season,Ausfootballfan,false,5,enwiki,2024-10-27 01:23:53
1833355909,Category talk:Serbian speculative fiction editors,Tom.Reding,false,27,enwiki,2024-10-27 01:24:09
1833356019,Wikipedia:Administrators' noticeboard/Incidents,KylieNectar,false,245,enwiki,2024-10-27 01:24:08
1833356215,Nonthaburi province,Phoebus 28,false,1,enwiki,2024-10-27 01:24:42
1833356314,Wilfrid Scawen Blunt,Pascalulu88,false,9,enwiki,2024-10-27 01:24:58
1833355813,Category talk:Senegalese fiction,Tom.Reding,false,27,enwiki,2024-10-27 01:23:58
1833355912,Nick Gould,Crowsus,false,41,enwiki,2024-10-27 01:24:09
1833356101,Wikipedia:New pages patrol/Reports/Easy reviews,SDZeroBot,true,148,enwiki,2024-10-27 01:24:28
1833356219,"Smugi, Koszalin County",Monkbot,true,1,enwiki,2024-10-27 01:24:43
1833356407,Jacob Chansley,Mangokeylime,false,-163,enwiki,2024-10-27 01:25:09
1833356514,Category talk:South Korea in fiction by province,Tom.Reding,false,27,enwiki,2024-10-27 01:25:26
1833356600,Charles Kingsley (tennis),Crowsus,false,41,enwiki,2024-10-27 01:25:39
1833356718,Snowdonia,DazMUFC,false,-894,enwiki,2024-10-27 01:25:45
1833356806,Guru Mann,Portick,false,-6,enwiki,2024-10-27 01:25:57
1833357009,Category talk:Speculative fiction magazines published in Italy,Tom.Reding,false,27,enwiki,2024-10-27 01:26:31
1833356414,Cessac,Monkbot,true,1,enwiki,2024-10-27 01:25:09
1833356517,Herrère,Monkbot,true,1,enwiki,2024-10-27 01:25:25
1833356603,Draft:Genocide Mountain Tatars,Enver Ottoman,false,156,enwiki,2024-10-27 01:25:38
1833356719,Arthur Lowe (tennis),Crowsus,false,41,enwiki,2024-10-27 01:25:48
1833356808,Gornji Suhor pri Metliki,Monkbot,true,1,enwiki,2024-10-27 01:25:58
1833357011,The Sailor Perugino,Monkbot,true,1,enwiki,2024-10-27 01:26:31
1833357102,Iordanis Papargyriou,Monkbot,true,1,enwiki,2024-10-27 01:26:46
1833356419,Lido Shuffle,Invisiboy42293,false,20,enwiki,2024-10-27 01:25:11
1833356811,Kimberly Ferguson,24.241.21.123,false,52,enwiki,2024-10-27 01:25:59
1833357103,Lee Yuan-tsu,GuardianH,false,376,enwiki,2024-10-27 01:26:45
1833356606,Darren Kirk,Crowsus,false,41,enwiki,2024-10-27 01:25:40
1833356812,Talk:Ramadhani Brothers,Wizardman,false,26,enwiki,2024-10-27 01:26:00
1833357119,User:InceptionBot/NewPageSearch/Tunisia/log,InceptionBot,true,308,enwiki,2024-10-27 01:26:48
1833356607,Dominic Inglot,Crowsus,false,41,enwiki,2024-10-27 01:25:35
1833356814,Category talk:Spanish-language literature,Tom.Reding,false,27,enwiki,2024-10-27 01:26:00
1833356903,Category talk:Speculative fiction award-winning works,Tom.Reding,false,27,enwiki,2024-10-27 01:26:17
1833356503,Masamoto Nasu,Roaring phoenix,false,10,enwiki,2024-10-27 01:25:24
1833356608,Category talk:Southern California in fiction,Tom.Reding,false,27,enwiki,2024-10-27 01:25:40
1833356817,Cotton Club,174.182.84.157,false,-197,enwiki,2024-10-27 01:25:59
1833356905,Talk:Nancy Rue,KendrickIsGOD,false,215,enwiki,2024-10-27 01:26:16
1833356506,User talk:DazMUFC,R0paire-wiki,false,818,enwiki,2024-10-27 01:25:25
1833356612,Billy Knight (tennis),Crowsus,false,41,enwiki,2024-10-27 01:25:39
1833356911,Stephen Wolf,TheBrokenWatch06,false,-39,enwiki,2024-10-27 01:26:17
357992300,Bahnhof Ludwigslust,Tales of Arcadia,false,2,dewiki,2024-10-27 01:26:44
1833356400,Phil Sawdon,RJFJR,false,59,enwiki,2024-10-27 01:25:08
1833356512,2024 deaths in the United Kingdom,This is Paul,false,420,enwiki,2024-10-27 01:25:20
1833356613,Silaharas,Rasteem,false,18,enwiki,2024-10-27 01:25:40
1833356701,Tony Lloyd (tennis),Crowsus,false,41,enwiki,2024-10-27 01:25:47
1833356918,Zhang Xinqiu,SmartyPants22,false,76,enwiki,2024-10-27 01:26:18
1833356403,Poet laureate,Montgomery28,false,302,enwiki,2024-10-27 01:24:58
1833356513,List of tallest buildings in San Antonio,Biolecent,false,1130,enwiki,2024-10-27 01:25:24
1833356615,"Montfaucon, Lot",Monkbot,true,1,enwiki,2024-10-27 01:25:39
1833356707,David Lloyd (tennis),Crowsus,false,41,enwiki,2024-10-27 01:25:47
1833357006,Cotton Club,174.182.84.157,false,3,enwiki,2024-10-27 01:26:30
1833356406,2008–09 FA Cup,62.252.207.169,false,0,enwiki,2024-10-27 01:25:08
1833356515,User:AlexNewArtBot/TelevisionSearchResult,InceptionBot,true,-870,enwiki,2024-10-27 01:25:21
1833356713,William D. Hoard,M4V3R1CK32,false,4,enwiki,2024-10-27 01:25:47
1833356807,Wikipedia:Did you know/DYK hook count,DYKHousekeepingBot,true,0,enwiki,2024-10-27 01:25:59
1833357007,Draft:People From My Neighborhood,Phibeatrice,false,47,enwiki,2024-10-27 01:26:30
357992301,Apollo-Anwendungs-Programm,HH58,false,0,dewiki,2024-10-27 01:26:46
357992312,Ouvidor,Mewa767,false,-18,dewiki,2024-10-27 01:27:15
1833357309,Ivan the Terrible (Prokofiev),Monkbot,true,1,enwiki,2024-10-27 01:27:16
1833357400,Category talk:Sudanese fiction,Tom.Reding,false,27,enwiki,2024-10-27 01:27:25
1833357601,Steve Lawson (American football),Bringingthewood,false,15,enwiki,2024-10-27 01:27:50
1833357618,Georgitsi,Monkbot,true,1,enwiki,2024-10-27 01:27:52
1833357718,Ukamaka,Egbezomo Florence Eguono,false,28,enwiki,2024-10-27 01:28:12
1833357812,Festus Arthur,David 1101276,false,261,enwiki,2024-10-27 01:28:29
1833358103,4th Engineer Regiment (Italy),Noclador,false,636,enwiki,2024-10-27 01:29:03
357992305,Kommissar Kluftinger,Bauer Alfons,false,0,dewiki,2024-10-27 01:27:02
1833357401,George Morgan (tennis),Crowsus,false,41,enwiki,2024-10-27 01:27:24
357992315,Bernard Widrow,2A00:6020:B41C:BB00:D1:C0E2:B92D:5B51,false,12,dewiki,2024-10-27 01:27:37
1833357602,2024 deaths in the United Kingdom,This is Paul,false,96,enwiki,2024-10-27 01:27:45
1833357719,Unauthorized Living,Jac752023,false,16,enwiki,2024-10-27 01:28:12
1833357816,Antonis Karabinas,Monkbot,true,1,enwiki,2024-10-27 01:28:31
1833358104,Mark Schofield,Crowsus,false,41,enwiki,2024-10-27 01:29:03
1833357402,Tony Mottram,Crowsus,false,41,enwiki,2024-10-27 01:27:25
1833357504,Arvind Parmar,Crowsus,false,41,enwiki,2024-10-27 01:27:35
1833357604,User:MacronMonitor/Alerts,MacronMonitor,false,266,enwiki,2024-10-27 01:27:50
357992319,Stadler KISS,Ralph Waldo,false,66,dewiki,2024-10-27 01:27:51
1833357700,Man by the Wayside,Monkbot,true,1,enwiki,2024-10-27 01:28:08
1833357818,The WELL,Cfls,false,-14,enwiki,2024-10-27 01:28:30
1833358106,Unión de Santa Fe,Rodrigo 7166,false,-3455,enwiki,2024-10-27 01:29:00
357992306,Andreas Dorschel,185.238.219.113,false,132,dewiki,2024-10-27 01:27:07
1833357404,William Bolding Monement,Crowsus,false,41,enwiki,2024-10-27 01:27:26
1833357515,Gnetum,Isaidnoway,false,56,enwiki,2024-10-27 01:27:35
1833357603,Helmet sticker,ZimZalaBim,false,-1056,enwiki,2024-10-27 01:27:50
1833357703,Rosie's Rules,202.36.254.250,false,28,enwiki,2024-10-27 01:28:08
1833357819,Category:Kho kho competitions by country,GreekApple123,false,62,enwiki,2024-10-27 01:28:32
1833358112,The Tomorrow War,51.14.163.97,false,0,enwiki,2024-10-27 01:28:59
357992310,Saint-Antonin,Dabefewulu,false,-4,dewiki,2024-10-27 01:27:14
1833357409,Carbonic anhydrase 9,Teaktl17,false,4,enwiki,2024-10-27 01:27:26
1833357516,Shen Chang-huan,GuardianH,false,5,enwiki,2024-10-27 01:27:37
357992317,Milchwerke Berchtesgadener Land Chiemgau,HerrZog,false,52,dewiki,2024-10-27 01:27:45
357992318,Drei,Marko Kafé,false,212,dewiki,2024-10-27 01:27:46
1833357607,Deaths in August 1988,Bryan Krippner,false,1,enwiki,2024-10-27 01:27:50
1833357704,User:Gasmasque/sandbox2,Gasmasque,false,-34,enwiki,2024-10-27 01:28:07
1833357800,Dragoman of the Porte,Cplakidas,false,8,enwiki,2024-10-27 01:28:26
1833357903,John Wakeham,146.199.140.26,false,-46,enwiki,2024-10-27 01:28:40
1833358002,Andrew Richardson (tennis),Crowsus,false,41,enwiki,2024-10-27 01:28:51
1833358113,Category talk:Tajikistan in fiction,Tom.Reding,false,27,enwiki,2024-10-27 01:29:04
1833357410,Buster Mottram,Crowsus,false,41,enwiki,2024-10-27 01:27:26
1833357517,Oupia,Monkbot,true,1,enwiki,2024-10-27 01:27:36
357992316,Wikipedia:Löschprüfung,Mary Joanna,false,156,dewiki,2024-10-27 01:27:38
1833357611,Mariya Dmitriyenko,SmartyPants22,false,78,enwiki,2024-10-27 01:27:51
1833357705,Category talk:Swedish speculative fiction works,Tom.Reding,false,27,enwiki,2024-10-27 01:28:10
1833357801,Urgent.ly,Edward Bednar,false,2,enwiki,2024-10-27 01:28:28
1833357902,Meyras,Monkbot,true,1,enwiki,2024-10-27 01:28:40
1833358005,William Renshaw,Crowsus,false,41,enwiki,2024-10-27 01:28:49
1833358114,Harry Scrivener,Crowsus,false,41,enwiki,2024-10-27 01:29:04
1833357208,Box of Rain,2600:4808:30D6:E00:E9D0:2300:1295:9C38,false,2,enwiki,2024-10-27 01:27:05
357992311,Ewige Tabelle der 3. Fußball-Liga,Sankt PauliLP,false,0,dewiki,2024-10-27 01:27:12
1833357305,Henry Mayes,Crowsus,false,41,enwiki,2024-10-27 01:27:16
1833357518,User:Memer15151,Memer15151,false,112,enwiki,2024-10-27 01:27:38
1833357614,User:AlexNewArtBot/TypographySearchResult,InceptionBot,true,53,enwiki,2024-10-27 01:27:52
1833357708,Joe Rogan,Aryn Ruston,false,15,enwiki,2024-10-27 01:28:07
1833357802,Štramberk,Monkbot,true,1,enwiki,2024-10-27 01:28:27
1833357905,2024–25 National League 1,Jgjsmith006,false,1,enwiki,2024-10-27 01:28:39
1833358117,"Fiq, Syria",Huldra,false,67,enwiki,2024-10-27 01:29:04
1833357206,Category talk:Sri Lanka (1948–present) in fiction,Tom.Reding,false,27,enwiki,2024-10-27 01:27:05
1833357306,2024 Derry Senior Hurling Championship,CorkMan,false,1312,enwiki,2024-10-27 01:27:17
1833357519,Kusini Yengi,2A02:C7C:4C7A:E900:7D2F:BABE:CB6A:74DB,false,3,enwiki,2024-10-27 01:27:38
1833357613,Gothminister,2A02:2121:2C4:E011:6C82:D0C4:90FA:1A51,false,142,enwiki,2024-10-27 01:27:49
1833357803,Jason Russell House,James H. Vellenga,false,-41,enwiki,2024-10-27 01:28:28
1833357907,Trap (2024 film),2607:FEA8:2B25:9600:34D5:6BD0:669E:A9B1,false,31,enwiki,2024-10-27 01:28:39
1833358009,Richard Richardson (tennis),Crowsus,false,41,enwiki,2024-10-27 01:28:52
1833357207,"League of Friendship, Mechanical Order of the Sun",Rosiestep,false,26,enwiki,2024-10-27 01:27:05
1833357308,Lee Bo-na,SmartyPants22,false,226,enwiki,2024-10-27 01:27:17
1833357615,User:InceptionBot/NewPageSearch/Typography/log,InceptionBot,true,119,enwiki,2024-10-27 01:27:53
1833357712,Pittsburg State Gorillas football,Elirbosley,false,0,enwiki,2024-10-27 01:28:10
1833357807,Category talk:Syria in fiction,Tom.Reding,false,27,enwiki,2024-10-27 01:28:30
1833357908,Frederick Plaskitt,Crowsus,false,41,enwiki,2024-10-27 01:28:42
1833358014,IPhone XS,2A00:23C5:3C31:4E00:F0E3:9690:7DAA:CB18,false,555,enwiki,2024-10-27 01:28:51
1833358119,User:MacronMonitor/Alerts,MacronMonitor,false,266,enwiki,2024-10-27 01:29:04
1833357210,Charles Pyne Luck,Crowsus,false,41,enwiki,2024-10-27 01:27:05
1833357307,Kenneth McAlpine (cricketer),Crowsus,false,41,enwiki,2024-10-27 01:27:17
1833357617,Category:Kho kho competitions,GreekApple123,false,50,enwiki,2024-10-27 01:27:54
1833357717,"Nikulino, Dobryansky District, Perm Krai",Monkbot,true,1,enwiki,2024-10-27 01:28:11
1833357808,Victor Amuso,Vic49,false,17,enwiki,2024-10-27 01:28:28
1833357909,Terry's Big Adventure,Cavarrone,false,0,enwiki,2024-10-27 01:28:43
1833358203,Draft:Mehadi Hassan,Mehadi akash,false,62,enwiki,2024-10-27 01:29:12
1833358511,Hempcrete,LizardJr8,false,0,enwiki,2024-10-27 01:29:55
1833358808,Ivor Warwick,Crowsus,false,41,enwiki,2024-10-27 01:30:30
1833358206,Snowdonia,R0paire-wiki,false,2505,enwiki,2024-10-27 01:29:10
1833358513,Jean-Philippe Mendy,Lepricavark,false,12,enwiki,2024-10-27 01:29:56
1833358809,Joshua Ward-Hibbert,Crowsus,false,41,enwiki,2024-10-27 01:30:28
1833358901,Ucea,Monkbot,true,2,enwiki,2024-10-27 01:30:36
1833358207,Category talk:Tannaitic literature,Tom.Reding,false,27,enwiki,2024-10-27 01:29:14
1833358302,Draft:Genocide Mountain Tatars,Enver Ottoman,false,630,enwiki,2024-10-27 01:29:25
1833358518,Douglas Aibel,Hypertextualcowboy,false,30,enwiki,2024-10-27 01:29:57
1833358607,Medism,Monkbot,true,1,enwiki,2024-10-27 01:30:10
1833358811,Alexander Ward,Crowsus,false,41,enwiki,2024-10-27 01:30:29
1833358904,Jose P. Laurel,Jjpachano,false,5,enwiki,2024-10-27 01:30:36
1833358209,Chevrolet Impala,GTHO,false,5,enwiki,2024-10-27 01:29:10
1833358303,Tarnobrzeg Voivodeship,Monkbot,true,1,enwiki,2024-10-27 01:29:26
1833358611,"Reg Smith (footballer, born 1916)",Crowsus,false,41,enwiki,2024-10-27 01:30:11
1833358818,Michael Wayman,Crowsus,false,41,enwiki,2024-10-27 01:30:31
1833358911,Pinchas Kehati,2600:4808:2994:2A00:E4EF:61B7:4486:1067,false,-70,enwiki,2024-10-27 01:30:38
1833358216,Crown Office in Chancery,Robin S. Taylor,false,-26,enwiki,2024-10-27 01:29:16
1833358305,User talk:Trainsskyscrapers,Trainsskyscrapers,false,879,enwiki,2024-10-27 01:29:26
1833358401,Adam Mickiewicz Institute,Monkbot,true,1,enwiki,2024-10-27 01:29:42
1833358614,Red Lights (2012 film),Jac752023,false,20,enwiki,2024-10-27 01:30:12
1833358701,Jesús Godínez,Citation bot,true,22,enwiki,2024-10-27 01:30:19
1833358819,Talk:First Battle of Panipat,Noorullah21,false,177,enwiki,2024-10-27 01:30:29
1833358915,Teddy Williams (tennis),Crowsus,false,41,enwiki,2024-10-27 01:30:38
1833358306,Albert Fish,Thebiguglyalien,false,-4,enwiki,2024-10-27 01:29:26
1833358407,International Jewish Labor Bund,Soman,false,-40,enwiki,2024-10-27 01:29:44
1833358617,Category talk:Thai fiction,Tom.Reding,false,27,enwiki,2024-10-27 01:30:12
1833358705,Roger Taylor (tennis),Crowsus,false,41,enwiki,2024-10-27 01:30:20
1833358917,Chris Wilkinson,Crowsus,false,41,enwiki,2024-10-27 01:30:37
1833358310,Category talk:Television films based on short fiction,Tom.Reding,false,27,enwiki,2024-10-27 01:29:28
1833358409,User talk:82.174.164.86,Izno,false,1671,enwiki,2024-10-27 01:29:45
1833358501,JSA,Gotitbro,false,18,enwiki,2024-10-27 01:29:56
1833358618,User:DreamRimmer bot/Redirects.json,DreamRimmer bot,true,4091,enwiki,2024-10-27 01:30:13
1833358711,Charles Lacy Sweet,Crowsus,false,41,enwiki,2024-10-27 01:30:21
1833358919,Category talk:Three Kingdoms in fiction,Tom.Reding,false,27,enwiki,2024-10-27 01:30:39
1833358318,San Francisco Chronicle,Cfls,false,-36,enwiki,2024-10-27 01:29:28
1833358410,Wikipedia:Sockpuppet investigations/Athariguy,Izno,false,86,enwiki,2024-10-27 01:29:45
1833358507,User:Protalina/History of Prestel,Protalina,false,2165,enwiki,2024-10-27 01:29:56
1833358619,Lionsgate UK,2A00:23C8:BBF:F501:8C7B:C65C:FFE:7A89,false,39,enwiki,2024-10-27 01:30:11
1833358712,Category talk:The Bronx in fiction,Tom.Reding,false,27,enwiki,2024-10-27 01:30:22
1833358413,Category talk:Texas in fiction,Tom.Reding,false,0,enwiki,2024-10-27 01:29:45
1833358508,Jim Henson,Edward Bednar,false,22,enwiki,2024-10-27 01:29:49
1833358714,Valley Railroad 3025,Someone who likes train writing,false,3,enwiki,2024-10-27 01:30:21
1833358417,Benjamín Galindo Jr.,Citation bot,true,18,enwiki,2024-10-27 01:29:45
1833358510,1 Kings 9,Monkbot,true,10,enwiki,2024-10-27 01:29:55
1833358805,"Kotovsky, Uryupinsky District, Volgograd Oblast",Monkbot,true,1,enwiki,2024-10-27 01:30:30
1833359107,High Potential (TV series),49.144.39.3,false,-2484,enwiki,2024-10-27 01:31:06
1833359210,Donald Trump and fascism,Di (they-them),false,262,enwiki,2024-10-27 01:31:15
1833359413,"Olkhovsky, Dubovsky Selsoviet, Uryupinsky District, Volgograd Oblast",Monkbot,true,1,enwiki,2024-10-27 01:31:44
1833359109,Ben Johnson (songwriter),Mooonswimmer,false,94,enwiki,2024-10-27 01:31:06
1833359217,Karl Hanke,R0paire-wiki,false,0,enwiki,2024-10-27 01:31:15
1833359300,Arbab Amir Ayub,Annh07,false,-60,enwiki,2024-10-27 01:31:31
1833359501,User:InceptionBot/NewPageSearch/Utah/log,InceptionBot,true,-52,enwiki,2024-10-27 01:31:57
1833359119,List of Turkish Americans,Turkiishh,false,96,enwiki,2024-10-27 01:31:07
1833359218,Category talk:Turkey in fiction,Tom.Reding,false,27,enwiki,2024-10-27 01:31:20
1833359301,Nadeem Khayal,Annh07,false,-60,enwiki,2024-10-27 01:31:30
1833359419,Khojasan (Baku Metro),GreenLipstickLesbian,false,-29,enwiki,2024-10-27 01:31:43
1833359304,"Santa Cruz County, California",Cfls,false,-524,enwiki,2024-10-27 01:31:25
1833359418,2024 NASCAR Xfinity Series,Finn Shipley,false,28,enwiki,2024-10-27 01:31:35
1833359504,User:AlexNewArtBot/UtahSearchResult,InceptionBot,true,-91,enwiki,2024-10-27 01:31:56
1833359003,Wikipedia:Sockpuppet investigations/SPI/Cases,Mz7 (bot),true,15,enwiki,2024-10-27 01:30:49
1833359311,Fazal Muhammad Khan,Annh07,false,-60,enwiki,2024-10-27 01:31:32
1833359503,User:GreatStellatedDodecahedron/Vanished trades,GreatStellatedDodecahedron,false,862,enwiki,2024-10-27 01:31:47
1833359005,Ademola Lookman,ReaperSox,false,2,enwiki,2024-10-27 01:30:46
1833359313,2024–25 National League 1,Jgjsmith006,false,125,enwiki,2024-10-27 01:31:30
1833359509,Lee Corso,Quilterdebbie,false,-1,enwiki,2024-10-27 01:31:55
1833359007,Category talk:Tonga in fiction,Tom.Reding,false,27,enwiki,2024-10-27 01:30:50
1833359100,"Žiče, Slovenske Konjice",Monkbot,true,1,enwiki,2024-10-27 01:31:06
1833359317,Malik Anwar Taj,Annh07,false,-60,enwiki,2024-10-27 01:31:32
1833359406,Keith Wooldridge,Crowsus,false,41,enwiki,2024-10-27 01:31:43
1833359513,Category talk:Underwater civilizations in fiction,Tom.Reding,false,27,enwiki,2024-10-27 01:31:58
1833359008,Kuyavian–Pomeranian Voivodeship,Monkbot,true,4,enwiki,2024-10-27 01:30:47
1833359200,Azarethes,Monkbot,true,1,enwiki,2024-10-27 01:31:16
1833359319,Category talk:Turkish romantic fiction,Tom.Reding,false,27,enwiki,2024-10-27 01:31:34
1833359405,Andrew Ziffo,Crowsus,false,41,enwiki,2024-10-27 01:31:43
1833359013,Sajid Nawaz,Annh07,false,-60,enwiki,2024-10-27 01:30:50
1833359105,Isarapa Imprasertsuk,SmartyPants22,false,79,enwiki,2024-10-27 01:31:07
1833359201,Category talk:Tunisia in fiction,Tom.Reding,false,27,enwiki,2024-10-27 01:31:17
1833359409,Category talk:Uganda in fiction,Tom.Reding,false,27,enwiki,2024-10-27 01:31:44
1833359517,Beau Gadsdon,2A01:B340:83:6EC0:1D0F:9BFC:30D6:27F4,false,246,enwiki,2024-10-27 01:31:57
1833359106,Great Sumatran Fault,Dicklyon,false,31,enwiki,2024-10-27 01:31:08
1833359203,Changchun Longjia International Airport,Jessicapierce,false,-119,enwiki,2024-10-27 01:31:15
1833359410,Nalton Womersley,Crowsus,false,41,enwiki,2024-10-27 01:31:44
1833359518,BiNet USA,Edward Bednar,false,2,enwiki,2024-10-27 01:31:57
1833359615,User:InceptionBot/NewPageSearch/Venezuela/log,InceptionBot,true,-181,enwiki,2024-10-27 01:32:15
1833359704,The Little Napoleon,Monkbot,true,1,enwiki,2024-10-27 01:32:22
1833359914,Talk:World of T-Shirts,Yedaman54,false,21,enwiki,2024-10-27 01:32:44
1833360018,2024 United States presidential election in Ohio,Krakatoa,false,4,enwiki,2024-10-27 01:32:52
1833360102,Zamość County,Monkbot,true,1,enwiki,2024-10-27 01:33:04
1833360219,Bussière-Badil,Monkbot,true,1,enwiki,2024-10-27 01:33:18
1833359617,User:AlexNewArtBot/VenezuelaSearchResult,InceptionBot,true,485,enwiki,2024-10-27 01:32:14
1833359707,Austin Hill,HotMAN0199,false,37,enwiki,2024-10-27 01:32:19
1833360019,Category talk:Vietnamese romantic fiction,Tom.Reding,false,27,enwiki,2024-10-27 01:32:55
1833360104,Category talk:Visionary fiction,Tom.Reding,false,27,enwiki,2024-10-27 01:33:06
357992404,Blutspur (1979),2003:EB:771A:D700:B5F9:B5EF:2C3C:D311,false,2,dewiki,2024-10-27 01:33:30
1833359616,Category talk:Uppsala in fiction,Tom.Reding,false,27,enwiki,2024-10-27 01:32:15
1833359919,Constance Bryan,Crowsus,false,43,enwiki,2024-10-27 01:32:45
1833360108,Talk:PlayStation Vita,175.144.192.172,false,86,enwiki,2024-10-27 01:33:04
1833359619,Allister Brimble,Cavarrone,false,39,enwiki,2024-10-27 01:32:14
1833359709,Sheila Armstrong (tennis),Crowsus,false,43,enwiki,2024-10-27 01:32:22
1833360000,Russian Public Workers' Association,Number 57,false,1,enwiki,2024-10-27 01:32:53
1833360110,Draft:Portraits of Wolfgang Amadeus Mozart,NeoGaze,false,1923,enwiki,2024-10-27 01:33:06
1833360200,Cover letter,Kuru,false,163,enwiki,2024-10-27 01:33:18
357992400,Benutzer Diskussion:Dankedaniel,Dankedaniel,false,2,dewiki,2024-10-27 01:33:22
357992405,Georg Barkhausen,"Herr Lehrer, ich weiß was!",false,-176,dewiki,2024-10-27 01:33:32
1833359800,2024 FIFA U-17 Women's World Cup,Tomrtn,false,0,enwiki,2024-10-27 01:32:30
1833360001,"Khachen, Nagorno-Karabakh",Monkbot,true,6,enwiki,2024-10-27 01:32:52
1833360113,Template:Iowa Wolves roster,Intruder007,false,134,enwiki,2024-10-27 01:33:07
1833360201,List of programs broadcast by Buzzr,2600:4040:26F1:4700:A8F9:F432:CF47:1B02,false,-9,enwiki,2024-10-27 01:33:19
1833359601,Al Sharpton,FMSky,false,174,enwiki,2024-10-27 01:32:05
1833359714,Gremlins,Shangra,false,-9,enwiki,2024-10-27 01:32:21
1833359801,Category talk:Venezuelan fiction,Tom.Reding,false,27,enwiki,2024-10-27 01:32:35
1833360005,Freya Christie,Crowsus,false,43,enwiki,2024-10-27 01:32:51
1833360117,Apple I,Liquidblueocean,false,18,enwiki,2024-10-27 01:33:02
1833360203,Category talk:Walloon literature,Tom.Reding,false,27,enwiki,2024-10-27 01:33:19
357992406,Wikipedia Diskussion:Kurier,Aschmidt,false,172,dewiki,2024-10-27 01:33:35
1833359605,Northeastern Huskies men's soccer,Ehginc,false,26,enwiki,2024-10-27 01:32:11
1833359716,Category talk:Uzbekistani literature,Tom.Reding,false,27,enwiki,2024-10-27 01:32:25
1833359805,Molly Blair,Crowsus,false,43,enwiki,2024-10-27 01:32:35
1833359901,Draft:Karman Line (disambiguation),65.92.246.77,false,4,enwiki,2024-10-27 01:32:44
1833360008,Evelyn Colyer,Crowsus,false,43,enwiki,2024-10-27 01:32:53
1833360118,Sickle cell disease,Robertpedley,false,-328,enwiki,2024-10-27 01:33:01
1833360209,Violet (color),DarknessGoth777,false,21,enwiki,2024-10-27 01:33:18
357992403,Wikipedia:Löschprüfung,Codc,false,802,dewiki,2024-10-27 01:33:26
1833360305,Wikipedia:Sockpuppet investigations/Redblondefox,Helpful Raccoon,false,229,enwiki,2024-10-27 01:33:38
1833359608,William D. Hoard,M4V3R1CK32,false,-8,enwiki,2024-10-27 01:32:11
1833359812,MatPat,Wolfman22,false,4,enwiki,2024-10-27 01:32:34
1833359905,Northeastern Huskies men's soccer,Ehginc,false,26,enwiki,2024-10-27 01:32:43
1833360011,User:AlexNewArtBot/VideogamesSearchResult,InceptionBot,true,4336,enwiki,2024-10-27 01:32:51
1833360216,User:InceptionBot/NewPageSearch/Vietnam/log,InceptionBot,true,-1164,enwiki,2024-10-27 01:33:21
1833360310,Mark O'Mahony,2A02:C7C:4C7A:E900:7D2F:BABE:CB6A:74DB,false,-7,enwiki,2024-10-27 01:33:38
1833359609,Patras Lighthouse,Monkbot,true,0,enwiki,2024-10-27 01:32:12
1833359700,Kern Medical Center,Zthygerson,false,344,enwiki,2024-10-27 01:32:22
1833359906,Category:People from Stalisfield Green,Ernsanchez00,false,15,enwiki,2024-10-27 01:32:45
1833360014,Judy Congdon,Crowsus,false,43,enwiki,2024-10-27 01:32:54
1833360214,"Janet Young, Baroness Young",146.199.140.26,false,-83,enwiki,2024-10-27 01:33:19
357992402,Charles Royds,Ambross07,false,-36,dewiki,2024-10-27 01:33:25
1833359611,"Wanamaker, Kempton and Southern 65",Insomniac187,false,19,enwiki,2024-10-27 01:32:13
1833359703,NGC 2,WolreChris,false,24,enwiki,2024-10-27 01:32:20
1833359907,Nina Brown (tennis),Crowsus,false,43,enwiki,2024-10-27 01:32:44
1833360013,Hannah Collin,Crowsus,false,43,enwiki,2024-10-27 01:32:53
1833360218,All Island Industrial and Farmers Party,Number 57,false,6,enwiki,2024-10-27 01:33:21
1833360312,Panagiotis Patakas,Monkbot,true,1,enwiki,2024-10-27 01:33:38
357992409,Wikipedia:WikiProjekt Frauen/Frauen in Rot/Fehlende Artikel nach Tätigkeit/Geisteswissenschaftlerinnen,TaxonBot,true,2160,dewiki,2024-10-27 01:33:08
1833360516,Maya Wildevuur,IvanScrooge98,false,4,enwiki,2024-10-27 01:34:06
1833360613,Category talk:West Virginia in fiction,Tom.Reding,false,27,enwiki,2024-10-27 01:34:17
1833360716,User:Phoebe Eng/Irwin County Detention Center/Bibliography,Phoebe Eng,false,-1321,enwiki,2024-10-27 01:34:25
1833360806,Lee Cha-su,Seefooddiet,false,1,enwiki,2024-10-27 01:34:35
1833360313,Category talk:Weird fiction novels,Tom.Reding,false,27,enwiki,2024-10-27 01:33:40
1833360416,Talk:List of cryptids,Bloodofox,false,295,enwiki,2024-10-27 01:33:55
1833360517,Mary Eyre,Crowsus,false,43,enwiki,2024-10-27 01:34:08
1833360614,Dešenice,Monkbot,true,1,enwiki,2024-10-27 01:34:15
1833360813,Militia (United States),Isaclee,false,308,enwiki,2024-10-27 01:34:34
357992408,Raul Castillo,Dabefewulu,false,28,dewiki,2024-10-27 01:33:54
1833360415,Wikipedia:WikiProject Articles for creation/Help desk,Mehadi akash,false,267,enwiki,2024-10-27 01:33:50
357992411,Benutzer:Aka/Fehlerlisten/Leerzeichen nach Bindestrich/001,Tales of Arcadia,false,-1065,dewiki,2024-10-27 01:34:03
1833360816,2024 deaths in the United Kingdom,This is Paul,false,11,enwiki,2024-10-27 01:34:33
1833360402,Piers Morgan,Citation bot,true,-2,enwiki,2024-10-27 01:33:48
1833360417,The Happytime Murders,83.23.55.190,false,-1,enwiki,2024-10-27 01:33:56
1833360817,Talk:PlayStation Vita,LizardJr8,false,-86,enwiki,2024-10-27 01:34:39
1833360403,Talk:List of most-disliked YouTube videos,Anonymoosemelol,false,441,enwiki,2024-10-27 01:33:52
1833360818,User talk:Valereee,Valereee,false,350,enwiki,2024-10-27 01:34:39
1833360405,Wikipedia:Articles for deletion/Akhtar Usman,Oaktree b,false,182,enwiki,2024-10-27 01:33:55
1833360603,Barbara Griffiths,Crowsus,false,43,enwiki,2024-10-27 01:34:16
357992414,Staatsanwaltschaft (Deutschland),Quint. Fabius Maximus,false,27,dewiki,2024-10-27 01:34:18
1833360819,File:GLAS Tower Ortigas 2022.jpg,IronGargoyle,false,-32,enwiki,2024-10-27 01:34:40
357992417,Tetris (2023),Trontur,false,0,dewiki,2024-10-27 01:34:43
1833360408,Starokirgizovo,Monkbot,true,2,enwiki,2024-10-27 01:33:55
357992410,Liste der Länder und Territorien nach Einwohnerzahl,Afus199620,false,0,dewiki,2024-10-27 01:33:56
1833360607,Lorrayne Gracie,Crowsus,false,43,enwiki,2024-10-27 01:34:16
357992407,Santa Cruz de Goiás,Mewa767,false,-12,dewiki,2024-10-27 01:33:47
1833360412,Luis Alejandro Basabe,Chewsterchew,false,-180,enwiki,2024-10-27 01:33:55
357992412,Wikipedia:Löschprüfung,Codc,false,-2,dewiki,2024-10-27 01:34:05
1833360606,2024–25 ISU Grand Prix of Figure Skating,Bgsu98,false,458,enwiki,2024-10-27 01:34:12
1833360708,Draft:List of portraits in the United States House of Representatives collection,Sir MemeGod,false,-1618,enwiki,2024-10-27 01:34:20
357992416,Raúl Castillo,Dabefewulu,false,49,dewiki,2024-10-27 01:34:34
1833360800,Astrolabe,Florian Blaschke,false,1,enwiki,2024-10-27 01:34:35
1833360413,Category talk:Welsh speculative fiction works,Tom.Reding,false,27,enwiki,2024-10-27 01:33:57
1833360513,Amanda Elliott,Crowsus,false,43,enwiki,2024-10-27 01:34:07
1833360610,Mary Halford (tennis),Crowsus,false,43,enwiki,2024-10-27 01:34:17
1833360709,2024 NASCAR Xfinity Series,A.lanzetta,false,0,enwiki,2024-10-27 01:34:17
1833360801,Category talk:Writers from Extremadura,Tom.Reding,false,29,enwiki,2024-10-27 01:34:37
1833360414,"Mache dich, mein Geist, bereit, BWV 115",Gerda Arendt,false,770,enwiki,2024-10-27 01:33:54
357992413,Französische Euromünzen,DJGrandfather,false,6467,dewiki,2024-10-27 01:33:50
1833360611,2022 Alaska's at-large congressional district special election,CSP3945,false,-50,enwiki,2024-10-27 01:34:13
1833360713,Eduard Koksharov,Monkbot,true,1,enwiki,2024-10-27 01:34:23
1833360802,User talk:Deacon Vorbis,Mccapra,false,2106,enwiki,2024-10-27 01:34:37
1833361102,2014 Louisiana–Monroe Warhawks football team,Mes tex,false,453,enwiki,2024-10-27 01:35:18
1833361200,Category talk:Zoological literature,Tom.Reding,false,27,enwiki,2024-10-27 01:35:32
1833361306,Anne Keothavong,Crowsus,false,43,enwiki,2024-10-27 01:35:37
1833361103,Daniel Boyd (artist),Dipper Dalmatian,false,15,enwiki,2024-10-27 01:35:21
1833361210,Bob Chesney,2601:C6:D37E:7520:6C3D:F37D:4804:D815,false,0,enwiki,2024-10-27 01:35:32
1833361311,Nancy Lyle,Crowsus,false,43,enwiki,2024-10-27 01:35:43
1833361104,Category talk:Zen texts,Tom.Reding,false,7,enwiki,2024-10-27 01:35:22
1833361211,Ukamaka,Egbezomo Florence Eguono,false,73,enwiki,2024-10-27 01:35:32
1833361312,Ethel Thomson Larcombe,Crowsus,false,43,enwiki,2024-10-27 01:35:39
1833361000,Magda Fontanges,121.200.4.185,false,-1,enwiki,2024-10-27 01:35:07
1833361105,3D Gaussian splatting,62.68.164.230,false,-4,enwiki,2024-10-27 01:35:21
1833361216,Francesca Jones (tennis),Crowsus,false,43,enwiki,2024-10-27 01:35:31
1833361315,List of tallest structures in the Philippines,IronGargoyle,false,27,enwiki,2024-10-27 01:35:39
1833360910,Denis Makarov,Monkbot,true,1,enwiki,2024-10-27 01:34:52
1833361001,Draft:Karman Line (disambiguation),65.92.246.77,false,75,enwiki,2024-10-27 01:35:07
1833361111,Category talk:Ice hockey people from Quebec,Simeon,false,71,enwiki,2024-10-27 01:35:22
1833361318,Winifred Longhurst,Crowsus,false,43,enwiki,2024-10-27 01:35:43
1833360915,Protagonist (Persona 3),ThanatosApprentice,false,168,enwiki,2024-10-27 01:34:52
1833361006,Category talk:Young adult fiction book cover images,Tom.Reding,false,27,enwiki,2024-10-27 01:35:08
357992419,Wikipedia Diskussion:Kurier,Fiona B.,false,85,dewiki,2024-10-27 01:35:15
1833361116,Aleksandar Krstić,Gruesome Gary,false,412,enwiki,2024-10-27 01:35:22
1833361319,Constance Luard,Crowsus,false,43,enwiki,2024-10-27 01:35:44
1833361410,Template talk:Catholic periodical literature of Ireland,Tom.Reding,false,-81,enwiki,2024-10-27 01:35:52
1833360918,Category talk:Yemeni fiction,Tom.Reding,false,27,enwiki,2024-10-27 01:34:54
1833361010,Little Kashubian Tricity,Monkbot,true,2,enwiki,2024-10-27 01:35:08
1833361118,2024–25 Espérance Sportive de Tunis season,Cr7fromTUN,false,0,enwiki,2024-10-27 01:35:18
1833361414,Agnes Morton,Crowsus,false,43,enwiki,2024-10-27 01:35:50
1833360917,List of Hulu original films,2601:447:CD7F:FFFF:4E8:9906:E2BC:93BF,false,-4,enwiki,2024-10-27 01:34:52
1833361015,1st Madras Pioneers,Rich Farmbrough,false,267,enwiki,2024-10-27 01:35:09
1833361119,Sabir Hussain Qaimkhani,2001:8F8:1D6F:A30A:7D0C:994E:2617:F7B8,false,60,enwiki,2024-10-27 01:35:21
1833361303,Jo Louis (tennis),Crowsus,false,43,enwiki,2024-10-27 01:35:42
357992418,Cromínia,Mewa767,false,-12,dewiki,2024-10-27 01:35:09
1833361305,Pang Wei,SmartyPants22,false,157,enwiki,2024-10-27 01:35:42
1833361100,Giant sable antelope,Fnardin,false,167,enwiki,2024-10-27 01:35:20
1833361304,Symphony No. 3 (Pärt),Ron Oliver,false,-4,enwiki,2024-10-27 01:35:42
1833361611,Category talk:Ice hockey people from the Northwest Territories,Simeon,false,71,enwiki,2024-10-27 01:36:14
1833361809,Religions of the ancient Near East,2600:1002:B12D:73CF:81C7:9194:7ECF:FA19,false,-49,enwiki,2024-10-27 01:36:41
1833361916,Asad Qaiser,Annh07,false,-60,enwiki,2024-10-27 01:36:58
1833362004,2024 NASCAR Xfinity Series,A.lanzetta,false,0,enwiki,2024-10-27 01:37:02
1833361501,Margaret Osborne (table tennis),Crowsus,false,43,enwiki,2024-10-27 01:35:59
1833361618,Havelock Asbestos Mine,Pichpich,false,26,enwiki,2024-10-27 01:36:14
1833361700,Ibn Ḥanbal,Mulla Shahzad,false,93,enwiki,2024-10-27 01:36:20
1833361811,S. V. Ramanan,60.243.109.8,false,-16,enwiki,2024-10-27 01:36:43
1833361917,Template talk:Superhero fiction,Tom.Reding,false,27,enwiki,2024-10-27 01:37:00
1833362014,Category:People from Broadstairs,Ernsanchez00,false,59,enwiki,2024-10-27 01:37:12
1833361503,Maryovsky District,Monkbot,true,1,enwiki,2024-10-27 01:35:59
1833361812,Template talk:Rabbinic Literature,Tom.Reding,false,28,enwiki,2024-10-27 01:36:43
1833361918,Malik Muhammad Idrees,Annh07,false,-98,enwiki,2024-10-27 01:36:59
1833362015,Julie Pullin,Crowsus,false,43,enwiki,2024-10-27 01:37:09
1833361504,Charles De Ketelaere,ReaperSox,false,1,enwiki,2024-10-27 01:35:59
1833361708,Draft:People From My Neighborhood,Phibeatrice,false,0,enwiki,2024-10-27 01:36:24
1833362016,Katie Rickett,Crowsus,false,43,enwiki,2024-10-27 01:37:11
1833361505,Violet Owen,Crowsus,false,43,enwiki,2024-10-27 01:36:01
1833361709,Category talk:Ice hockey people from Newfoundland and Labrador,Simeon,false,71,enwiki,2024-10-27 01:36:24
1833361902,Qasim Suri,Annh07,false,-60,enwiki,2024-10-27 01:36:57
1833362017,Camilla Rimington,Crowsus,false,43,enwiki,2024-10-27 01:37:12
1833361506,Wikipedia:Sockpuppet investigations/Faizhaider123,Izno,false,176,enwiki,2024-10-27 01:36:01
1833361710,File:John Paul George Malayalam Director Photo.jpg,2001:2D8:E708:8390:A9CD:55D8:AE6B:66C,false,42,enwiki,2024-10-27 01:36:25
1833361903,"Beryozovka, Beryozovsky District, Krasnoyarsk Krai",Monkbot,true,1,enwiki,2024-10-27 01:36:57
1833362019,Stuttgart Media University,Monkbot,true,1,enwiki,2024-10-27 01:37:11
1833361517,Mabel Parton,Crowsus,false,43,enwiki,2024-10-27 01:36:02
1833361601,Template talk:Hindu scriptures and texts,Tom.Reding,false,27,enwiki,2024-10-27 01:36:10
1833361714,Template talk:Man Booker Prize,Tom.Reding,false,27,enwiki,2024-10-27 01:36:26
1833361907,Shahzada Muhammad Gushtasap Khan,Annh07,false,-60,enwiki,2024-10-27 01:36:58
1833361603,MVS Radio,Danielmdecote94,false,82,enwiki,2024-10-27 01:36:12
1833361910,User:Gasmasque/sandbox2,Gasmasque,false,144,enwiki,2024-10-27 01:36:56
1833361604,Template talk:Horror fiction,Tom.Reding,false,27,enwiki,2024-10-27 01:36:13
1833361911,User:595Greece/sandbox,595Greece,false,3501,enwiki,2024-10-27 01:36:58
1833362001,Template talk:BC Jonava current roster,Tom.Reding,false,26,enwiki,2024-10-27 01:37:10
1833361608,1975 Conservative Party leadership election,Jean-de-Nivelle,false,-81,enwiki,2024-10-27 01:36:13
1833361807,Category talk:Ice hockey people from Manitoba,Simeon,false,71,enwiki,2024-10-27 01:36:42
1833361912,Frances Xavier Cabrini,2A02:C7C:9240:F300:AD7F:4E00:6E0C:CEAB,false,227,enwiki,2024-10-27 01:36:54
1833362003,Candy Reid,Crowsus,false,43,enwiki,2024-10-27 01:37:11
