1833582419,"Iskra, Uryupinsky District, Volgograd Oblast",Monkbot,true,1,enwiki,2024-10-27 15:12:32
1833582603,List of It's Showtime cast members,130.105.200.32,false,14,enwiki,2024-10-27 15:13:00
1833582708,University of Wisconsin–Parkside,636Buster,false,13,enwiki,2024-10-27 15:13:21
358013607,Possibilismus,Invisigoth67,false,2,dewiki,2024-10-27 15:13:33
1833582818,UFO sightings in Norway,1ctinus,false,27,enwiki,2024-10-27 15:13:46
1833582707,"Livadi, Pieria",Monkbot,true,1,enwiki,2024-10-27 15:13:21
358013605,Abdelaziz Barrada,Invisigoth67,false,1,dewiki,2024-10-27 15:13:29
358013614,Benutzer:Bergfalke2,Bergfalke2,false,0,dewiki,2024-10-27 15:13:26
1833582403,Brokke,Aydoh8,false,40,enwiki,2024-10-27 15:12:30
1833582605,User talk:QuantumFoam66,Zxcvbnm,false,773,enwiki,2024-10-27 15:13:02
1833582619,Block printing in India,1ctinus,false,27,enwiki,2024-10-27 15:13:06
1833582709,Sandover Highway,Aydoh8,false,64,enwiki,2024-10-27 15:13:22
358013608,Atle Lie McGrath,Voyager,false,4,dewiki,2024-10-27 15:13:34
358013616,Beppe Grillo,Tohma,false,-161,dewiki,2024-10-27 15:13:44
1833582404,Call centre industry in India,1ctinus,false,27,enwiki,2024-10-27 15:12:31
1833582710,Malcolm Tucker,2A00:23C5:22DE:D700:2999:DD:905C:1B3F,false,4,enwiki,2024-10-27 15:13:22
1833582802,Skal Labissière,Koolcatz34,false,282,enwiki,2024-10-27 15:13:42
1833582402,Fares (village),Monkbot,true,3,enwiki,2024-10-27 15:12:29
1833582607,Communist movements in India,1ctinus,false,27,enwiki,2024-10-27 15:13:03
1833582711,47 Geo. 3 Sess. 1,Hughbe98,false,8,enwiki,2024-10-27 15:13:24
358013606,Toke Talagi,Aka,false,15,dewiki,2024-10-27 15:13:30
358013612,Unrivaled,Walmaul,false,5,dewiki,2024-10-27 15:13:39
1833582810,UFO sightings in Spain,1ctinus,false,27,enwiki,2024-10-27 15:13:44
358013619,MIPS Technologies,Invisigoth67,false,2,dewiki,2024-10-27 15:13:49
1833582608,University of Wisconsin–La Crosse,636Buster,false,14,enwiki,2024-10-27 15:13:01
358013602,Benutzer:Mariusowitsch/Die Kinderkrippe,31.164.65.215,false,0,dewiki,2024-10-27 15:13:27
358013610,Franz-Lorenz von Thadden,Invisigoth67,false,-3,dewiki,2024-10-27 15:13:36
358013613,Simon Kvamm,Aka,false,15,dewiki,2024-10-27 15:13:39
1833582811,LGBTQ rights in Slovakia,195.91.108.13,false,22,enwiki,2024-10-27 15:13:39
1833582406,44 Geo. 3,Hughbe98,false,6,enwiki,2024-10-27 15:12:32
1833582610,Plague in India,1ctinus,false,27,enwiki,2024-10-27 15:13:04
1833582712,Template:The Voice (Australia),Wikisteveb4,false,73,enwiki,2024-10-27 15:13:25
358013603,Liste der Mitglieder des 2. Europäischen Parlamentes,Saehrimnir,false,4,dewiki,2024-10-27 15:13:26
358013617,Ellen Horn,Aka,false,15,dewiki,2024-10-27 15:13:44
1833582412,Christian colleges and universities in India,1ctinus,false,27,enwiki,2024-10-27 15:12:33
1833582703,Tyrone All-County Reserve Football Leagues,Skynet2004,false,14,enwiki,2024-10-27 15:13:22
1833582716,Gino Lettieri,171.101.229.131,false,0,enwiki,2024-10-27 15:13:23
358013604,Wahlkreis Kassel-Stadt II,Korrigierte,false,0,dewiki,2024-10-27 15:13:25
1833582812,Karlovice (Semily District),Monkbot,true,1,enwiki,2024-10-27 15:13:43
1833582401,Wikipedia:Articles for deletion/Hill Top Educational Institute,C.Fred,false,329,enwiki,2024-10-27 15:12:30
1833582418,Anthony Glennon,GiantSnowman,false,0,enwiki,2024-10-27 15:12:32
1833582600,Galichsky District,Monkbot,true,1,enwiki,2024-10-27 15:12:59
1833582613,Hershey's Kisses,Fourthords,false,-473,enwiki,2024-10-27 15:13:04
1833582714,Principality of Fergana,PadFoot2008,false,-8,enwiki,2024-10-27 15:13:25
358013611,Awir Leon,AiWdl,false,61,dewiki,2024-10-27 15:13:36
1833582813,Center Parcs UK and Ireland,Tedster41,false,141,enwiki,2024-10-27 15:13:44
1833582417,Boosie Badazz,2603:900A:1200:7ADE:410C:B204:D6B5:5E98,false,-289,enwiki,2024-10-27 15:12:29
1833582614,Prince Augustus of Prussia,Monkbot,true,1,enwiki,2024-10-27 15:13:03
1833582706,Lalu Prasad Yadav,Loveforwiki,false,8,enwiki,2024-10-27 15:13:17
358013615,Tsumcorit,Invisigoth67,false,-10,dewiki,2024-10-27 15:13:42
1833582817,Foreign relations of Uganda,Underdwarf58,false,249,enwiki,2024-10-27 15:13:40
1833582913,List of Catholic bishops in the Philippines,202.61.110.250,false,0,enwiki,2024-10-27 15:14:04
1833583018,Talk:Disqualification of convicted representatives in India,Baltarstar,false,0,enwiki,2024-10-27 15:14:26
1833583100,Gobryas (son of Darius I),RedactedHumanoid,false,70,enwiki,2024-10-27 15:14:49
1833583110,Patrick da Silva (Danish footballer),Caber33,false,-4,enwiki,2024-10-27 15:14:51
1833583211,User:DreamRimmer bot/Redirects.json,DreamRimmer bot,true,-912,enwiki,2024-10-27 15:15:18
1833582914,Template:Hsinchu Toplus Lioneers,安狄,false,-6,enwiki,2024-10-27 15:14:07
1833583019,Gecko catshark,Quetzal1964,false,-1,enwiki,2024-10-27 15:14:25
1833583113,Mauressargues,Monkbot,true,1,enwiki,2024-10-27 15:14:50
1833583214,User:MusikBot/ECPMonitor/Report,MusikBot,false,308,enwiki,2024-10-27 15:15:18
1833583006,User:Aedis1,Aedis1,false,37,enwiki,2024-10-27 15:14:22
1833583114,Brest Challenger,Adamtt9,false,235,enwiki,2024-10-27 15:14:52
1833583215,Dumri Assembly constituency,RITWIK MAHATA,false,133,enwiki,2024-10-27 15:15:16
1833582903,Michael Doukas (protostrator),Monkbot,true,1,enwiki,2024-10-27 15:14:02
1833582915,Template:Vancouver Canucks roster,Triggerbit,false,0,enwiki,2024-10-27 15:14:07
1833583005,Federal Reserve,180.254.227.131,false,-1,enwiki,2024-10-27 15:14:14
1833583115,Raavan (2022 film),Trusername,false,-64,enwiki,2024-10-27 15:14:53
1833582916,Skal Labissière,Koolcatz34,false,13,enwiki,2024-10-27 15:14:06
1833583007,Belposhta,Monkbot,true,2,enwiki,2024-10-27 15:14:22
1833583101,1964 New York World's Fair,Epicgenius,false,1,enwiki,2024-10-27 15:14:33
1833583116,Kosovo men's national handball team,Mitrovica02,false,4,enwiki,2024-10-27 15:14:52
1833583200,Talk:Palaeotherium/GA2,Jens Lallensack,false,1685,enwiki,2024-10-27 15:15:13
1833582908,John Holder (umpire),AssociateAffiliate,false,20,enwiki,2024-10-27 15:14:03
1833583000,Klawdziy Duzh-Dushewski,Monkbot,true,3,enwiki,2024-10-27 15:14:18
1833583008,User:Xabier/sandbox,Xabier,false,-9,enwiki,2024-10-27 15:14:24
1833583102,Matty Virtue,GiantSnowman,false,0,enwiki,2024-10-27 15:14:49
1833583203,Arpavon,Monkbot,true,1,enwiki,2024-10-27 15:15:11
1833582900,Date of Easter,Doctroid,false,0,enwiki,2024-10-27 15:13:55
1833582909,2016 Toray Pan Pacific Open,Wolbo,false,-3,enwiki,2024-10-27 15:14:03
1833582917,Angresse,Monkbot,true,1,enwiki,2024-10-27 15:14:05
1833583001,List of people banned from entering Australia,Arobinson1987,false,0,enwiki,2024-10-27 15:14:20
1833583010,Su-27 Flanker (video game),Waxworker,false,55,enwiki,2024-10-27 15:14:23
1833583103,2016 Toray Pan Pacific Open,Wolbo,false,0,enwiki,2024-10-27 15:14:50
1833583205,Longfin sawtail catshark,Quetzal1964,false,6,enwiki,2024-10-27 15:15:14
1833583009,User:Vida0007/sandbox8,Vida0007,false,0,enwiki,2024-10-27 15:14:24
1833583104,50 Geo. 3,Hughbe98,false,6,enwiki,2024-10-27 15:14:51
1833583208,Substation (video game),Waxworker,false,38,enwiki,2024-10-27 15:15:15
1833582901,University of Wisconsin–Stout,636Buster,false,251,enwiki,2024-10-27 15:14:00
1833582912,Chhabra Assembly constituency,Super Dud,false,-498,enwiki,2024-10-27 15:14:04
1833583011,49 G. 3,Hughbe98,false,6,enwiki,2024-10-27 15:14:24
1833583209,Częstochowa University of Technology,Monkbot,true,1,enwiki,2024-10-27 15:15:15
1833582902,Lapanagoi,Monkbot,true,1,enwiki,2024-10-27 15:13:59
1833582911,University of Wisconsin–Superior,636Buster,false,41,enwiki,2024-10-27 15:14:04
1833583012,Reuben De Melo,Wikisteveb4,false,15,enwiki,2024-10-27 15:14:23
1833583108,Donald Roe Ross,Aydoh8,false,14,enwiki,2024-10-27 15:14:51
1833583212,Nice Côte d'Azur Airport,Pmbma,false,166,enwiki,2024-10-27 15:15:15
1833583218,"Wikipedia:WikiProject Kilgore, Texas",No No No No Name fu,false,9,enwiki,2024-10-27 15:15:19
1833583303,Marcel Ghanem,Infos Official,false,985,enwiki,2024-10-27 15:15:42
1833583400,Droa,Rutdam,false,410,enwiki,2024-10-27 15:16:06
1833583416,55 G. 3,Hughbe98,false,6,enwiki,2024-10-27 15:16:12
1833583219,Sunrise on the Reaping,Trasslig,false,-311,enwiki,2024-10-27 15:15:18
358013701,Richard Mansfield,Aka,false,15,dewiki,2024-10-27 15:15:29
1833583304,Foreign relations of the Sahrawi Arab Democratic Republic,Underdwarf58,false,227,enwiki,2024-10-27 15:15:37
1833583403,University of Illinois Chicago,636Buster,false,7,enwiki,2024-10-27 15:16:06
1833583414,Typhoon Joan,Vida0007,false,-1,enwiki,2024-10-27 15:16:11
1833583305,Drabeši Parish,Marcocapelle,false,-21,enwiki,2024-10-27 15:15:42
1833583404,Sonic Prime,SleepDeprivedGinger,false,13,enwiki,2024-10-27 15:16:05
358013702,Reusa mit Sorga,Janneck Pascal,false,4,dewiki,2024-10-27 15:15:29
358013703,Europa zuerst,BurghardRichter,false,1,dewiki,2024-10-27 15:15:34
358013707,François Couperin,Invisigoth67,false,3,dewiki,2024-10-27 15:15:44
1833583405,Naples International Airport,Pmbma,false,165,enwiki,2024-10-27 15:16:07
358013704,Gero Hocker,Lexxus88,false,0,dewiki,2024-10-27 15:15:36
1833583306,Tamilaga Vettri Kazhagam,Arcendeight,false,-50,enwiki,2024-10-27 15:15:43
358013712,Przemysław Tytoń,Aka,false,15,dewiki,2024-10-27 15:15:38
358013716,Wikipedia:Relevanzcheck,Bildungskind,false,330,dewiki,2024-10-27 15:15:53
1833583406,Roman Catholic Diocese of San Pablo,Mazbel,false,19,enwiki,2024-10-27 15:16:07
358013705,Eijsden,Magicman0361,false,-57,dewiki,2024-10-27 15:15:36
358013708,Benutzer:Mariusowitsch/Die Kinderkrippe,31.164.65.215,false,3,dewiki,2024-10-27 15:15:43
358013713,Benutzer:Aka/Fehlerlisten/Typographische Anführungszeichen/005,Dk1909,false,-1701,dewiki,2024-10-27 15:15:52
1833583407,Pagasae,Monkbot,true,2,enwiki,2024-10-27 15:16:08
1833583301,User:Cukie Gherkin/Human,Cukie Gherkin,false,1117,enwiki,2024-10-27 15:15:42
1833583309,Sodji Vrh,Monkbot,true,1,enwiki,2024-10-27 15:15:43
358013714,Pfand auf Einweggetränkebehälter in Deutschland,Invisigoth67,false,-9,dewiki,2024-10-27 15:15:51
358013719,Belfast (2021),RobertLechner,false,-10,dewiki,2024-10-27 15:15:56
1833583409,Anti-Polish sentiment,Monkbot,true,3,enwiki,2024-10-27 15:16:03
358013700,Klein Rheide,Invisigoth67,false,-9,dewiki,2024-10-27 15:15:27
1833583300,Frank Verstraete,2A00:23C6:549F:4E01:E99F:6C26:D582:D943,false,-80,enwiki,2024-10-27 15:15:41
1833583310,53 Geo. 3,Hughbe98,false,6,enwiki,2024-10-27 15:15:45
358013710,Tom Krebs,Invisigoth67,false,0,dewiki,2024-10-27 15:15:49
358013715,Karl Schabrod,Aka,false,15,dewiki,2024-10-27 15:15:52
1833583410,Chhabra Assembly constituency,Super Dud,false,8,enwiki,2024-10-27 15:16:09
1833583302,Ring road,2604:2D80:B5FA:5600:0:0:0:C797,false,39,enwiki,2024-10-27 15:15:39
1833583311,List of highest-grossing Telugu films,Anoopspeaks,false,-1393,enwiki,2024-10-27 15:15:40
1833583411,Marie-Elisabeth Lüders,Simeon,false,14,enwiki,2024-10-27 15:16:10
358013706,Parasitenpresse,Dk1909,false,0,dewiki,2024-10-27 15:15:43
358013711,Ruth Berghaus,Dabefewulu,false,-1,dewiki,2024-10-27 15:15:50
1833583412,Dolon Southwest,Buckshot06,false,41,enwiki,2024-10-27 15:16:10
1833583502,Robert F. Kennedy Jr.,Kuru,false,2,enwiki,2024-10-27 15:16:22
1833583513,Linley Wilson,Silverhorse,false,-5,enwiki,2024-10-27 15:16:37
1833583601,User talk:103.236.177.150,103.236.177.150,false,-883,enwiki,2024-10-27 15:17:04
1833583717,Template:Joaquín Pardavé,Lord Cornwallis,false,3,enwiki,2024-10-27 15:17:25
1833583515,Talk:Arnside,146.200.132.123,false,290,enwiki,2024-10-27 15:16:37
1833583609,User:Cukie Gherkin/Human,Cukie Gherkin,false,-298,enwiki,2024-10-27 15:17:04
1833583716,Wikipedia:Administrator intervention against vandalism,Trusername,false,357,enwiki,2024-10-27 15:17:23
1833583516,Bretagne-de-Marsan,Monkbot,true,1,enwiki,2024-10-27 15:16:35
1833583614,Girchi – More Freedom,Rutdam,false,0,enwiki,2024-10-27 15:17:04
1833583700,Narrow-gauge railways in Russia,1ctinus,false,27,enwiki,2024-10-27 15:17:20
1833583715,Joseph Merrick,Jonny Nixon,false,18,enwiki,2024-10-27 15:17:22
1833583506,User:Xabier/sandbox,Xabier,false,-4,enwiki,2024-10-27 15:16:35
1833583615,Sotia Tsotou,Monkbot,true,1,enwiki,2024-10-27 15:17:04
1833583701,Droa,Rutdam,false,0,enwiki,2024-10-27 15:17:21
1833583719,Hydroelectricity in Russia,1ctinus,false,27,enwiki,2024-10-27 15:17:24
1833583507,User:Johnpaulo5860/sandbox/nationalculturaltreasures,Johnpaulo5860,false,1186,enwiki,2024-10-27 15:16:32
1833583517,Pithapuram Assembly constituency,456legend,false,14,enwiki,2024-10-27 15:16:37
1833583616,Scouting in Russia,1ctinus,false,27,enwiki,2024-10-27 15:17:04
1833583703,Thermal power stations in Russia and the Soviet Union,1ctinus,false,27,enwiki,2024-10-27 15:17:22
1833583508,Bia Zaneratto,Haddad Maia fan,false,16,enwiki,2024-10-27 15:16:31
1833583519,Nicki Minaj,Milanintlungu33,false,-21,enwiki,2024-10-27 15:16:22
1833583705,International Cities of Peace (ICP),WAASI TECH,false,-315,enwiki,2024-10-27 15:17:22
1833583509,Montpellier–Méditerranée Airport,Pmbma,false,166,enwiki,2024-10-27 15:16:34
1833583708,User:Dajasj/common.js,Dajasj,false,112,enwiki,2024-10-27 15:17:24
1833583500,Staré Buky,Monkbot,true,1,enwiki,2024-10-27 15:16:31
1833583511,Philippines sawtail catshark,Quetzal1964,false,-12,enwiki,2024-10-27 15:16:36
1833583712,Legnica County,Monkbot,true,1,enwiki,2024-10-27 15:17:22
1833583503,James Ball (footballer),GiantSnowman,false,1,enwiki,2024-10-27 15:16:33
1833583512,Wikipedia:Village pump (policy),DMacks,false,278,enwiki,2024-10-27 15:16:30
1833583714,2024 ATP Challenger Tour,Adamtt9,false,84,enwiki,2024-10-27 15:16:55
1833583800,Gorny Urazbay,Monkbot,true,2,enwiki,2024-10-27 15:17:36
1833583918,International Series (golf),Jimmymci234,false,334,enwiki,2024-10-27 15:17:58
1833584005,Nicki Minaj,Milanintlungu33,false,0,enwiki,2024-10-27 15:18:01
1833584019,Meilhaud,Monkbot,true,1,enwiki,2024-10-27 15:18:17
1833583801,Women's reproductive health in Russia,1ctinus,false,27,enwiki,2024-10-27 15:17:38
358013819,Tafel (Geologie),Einsenkungsmarke,false,17,dewiki,2024-10-27 15:17:53
1833584006,Fernando Casanova (actor),Lord Cornwallis,false,48,enwiki,2024-10-27 15:18:17
358013805,Gaspar Sanz,Aka,false,15,dewiki,2024-10-27 15:17:36
1833583802,Charles O'Rear,Vacant0,false,4,enwiki,2024-10-27 15:17:35
1833583900,List of Catholic bishops in the Philippines,202.61.110.250,false,0,enwiki,2024-10-27 15:17:55
1833584007,Aleuts in Russia,1ctinus,false,27,enwiki,2024-10-27 15:18:18
358013800,DJ Marky,Aka,false,15,dewiki,2024-10-27 15:17:30
1833583805,Art Nouveau architecture in Russia,1ctinus,false,27,enwiki,2024-10-27 15:17:36
358013812,Königs-Infanterie-Regiment (6. Lothringisches) Nr. 145,Henrich~dewiki,false,48,dewiki,2024-10-27 15:17:46
1833583904,Liepa Parish,Marcocapelle,false,-21,enwiki,2024-10-27 15:17:56
1833584010,Līgatne Parish,Marcocapelle,false,-21,enwiki,2024-10-27 15:18:18
358013801,Schloss Goé,Invisigoth67,false,1,dewiki,2024-10-27 15:17:32
358013809,Jette Nietzard,Invisigoth67,false,1,dewiki,2024-10-27 15:17:38
1833583906,User:Zamroni111/common.js,Zamroni111,false,7,enwiki,2024-10-27 15:17:58
1833584011,Thurman Munson,Engineerchange,false,-10,enwiki,2024-10-27 15:18:16
358013802,Namen-Jesu-Kirche (Bonn),2003:E8:EF34:BFC2:411F:56E7:FDBB:726,false,4,dewiki,2024-10-27 15:17:31
1833583808,Lyon–Saint-Exupéry Airport,Pmbma,false,166,enwiki,2024-10-27 15:17:35
1833583907,Ethnic nationalism in Russia,1ctinus,false,27,enwiki,2024-10-27 15:17:55
1833584014,List of British National Hunt races,92.10.6.2,false,10,enwiki,2024-10-27 15:18:16
1833583815,Lilia Prado,Lord Cornwallis,false,48,enwiki,2024-10-27 15:17:40
358013818,Benutzer:Mariusowitsch/Die Kinderkrippe,31.164.65.215,false,13,dewiki,2024-10-27 15:17:51
1833584015,List of Catholic bishops in the Philippines,202.61.110.250,false,2,enwiki,2024-10-27 15:18:17
358013803,Marcel Hirscher,Voyager,false,267,dewiki,2024-10-27 15:17:29
1833583817,List of Focus Features films,FloorMadeOuttaFloor,false,70,enwiki,2024-10-27 15:17:37
358013813,Benutzer:YPS/Baustelle2,YPS,false,926,dewiki,2024-10-27 15:17:49
1833583908,Helsinki Airport,Pmbma,false,166,enwiki,2024-10-27 15:17:53
1833584016,Federico Kurtz,Simeon,false,62,enwiki,2024-10-27 15:18:19
1833583818,Forest cover by federal subject in Russia,1ctinus,false,27,enwiki,2024-10-27 15:17:40
1833583909,Elizabeth Esteve-Coll,Pierrette13,false,-30,enwiki,2024-10-27 15:17:58
1833584017,Template talk:Infobox person,Hey man im josh,false,477,enwiki,2024-10-27 15:18:17
1833583819,Illinois Institute of Technology,636Buster,false,13,enwiki,2024-10-27 15:17:36
358013810,Eutonie,JiaqiDerKrasse,false,-203,dewiki,2024-10-27 15:17:45
1833583917,Rayners Lane,Ehrenkater,false,15,enwiki,2024-10-27 15:17:58
1833584004,Federalism in Russia,1ctinus,false,27,enwiki,2024-10-27 15:18:16
1833584115,Wikipedia:Articles for deletion/Syed Karrar Hussain,C.Fred,false,310,enwiki,2024-10-27 15:18:45
1833584214,Saint-Martin-de-Valamas,Monkbot,true,1,enwiki,2024-10-27 15:19:04
1833584316,Template:Stockton Kings current roster,Koolcatz34,false,223,enwiki,2024-10-27 15:19:34
1833584118,Mārsnēni Parish,Marcocapelle,false,-21,enwiki,2024-10-27 15:18:44
1833584219,Vydehi Institute of Medical Sciences and Research Centre,Kumar Dayal,false,64,enwiki,2024-10-27 15:19:07
1833584300,Open sportsman,JarrahTree,false,48,enwiki,2024-10-27 15:19:29
1833584102,Transavia PL-12 Airtruk,Kumar Dayal,false,69,enwiki,2024-10-27 15:18:40
1833584119,2014 Toray Pan Pacific Open – Doubles,Wolbo,false,4,enwiki,2024-10-27 15:18:44
1833584302,William G. Wilson Guy (Mat Mulcaghey),Jharris48,false,-1,enwiki,2024-10-27 15:19:31
1833584318,Inventory (film),Monkbot,true,1,enwiki,2024-10-27 15:19:33
1833584107,Blasimon,Monkbot,true,1,enwiki,2024-10-27 15:18:39
1833584304,User:ClueBot III/Detailed Indices/User talk:MaranoFan/Archive 21,ClueBot III,true,317,enwiki,2024-10-27 15:19:31
1833584317,Talk:QR code,Kuru,false,-308,enwiki,2024-10-27 15:19:33
1833584106,Brest Bretagne Airport,Pmbma,false,166,enwiki,2024-10-27 15:18:41
1833584303,Panayiotis Demetriou,Monkbot,true,1,enwiki,2024-10-27 15:19:30
1833584319,User talk:B.Korlah,Afrowriter,false,180,enwiki,2024-10-27 15:19:34
1833584201,Wikipedia:WikiProject Women in Red/Metrics/July 2016,Reports bot,true,21,enwiki,2024-10-27 15:19:01
1833584305,Ian Rush,EliasAntonakos,false,199,enwiki,2024-10-27 15:19:28
1833584108,Jhumroo,106.219.120.33,false,68,enwiki,2024-10-27 15:18:41
1833584202,2014 Toray Pan Pacific Open – Doubles,Wolbo,false,31,enwiki,2024-10-27 15:19:04
1833584308,Flower Witch Mary Bell,Joshuat1306,false,-48,enwiki,2024-10-27 15:19:30
1833584109,User talk:Unknown FG,RITWIK MAHATA,false,364,enwiki,2024-10-27 15:18:43
1833584203,"Mary, Queen of Scots",Unoquha,false,3,enwiki,2024-10-27 15:19:00
1833584111,Talk:Rhian Teasdale,DepressedPer,false,-2,enwiki,2024-10-27 15:18:42
1833584205,Jerzy Woźniak,KibolLP,false,998,enwiki,2024-10-27 15:19:05
1833584311,Wikipedia:Articles for deletion/Zhongli (Genshin Impact) (2nd nomination),Zxcvbnm,false,344,enwiki,2024-10-27 15:19:33
1833584206,Paco Jamandreu,Zigzig20s,false,506,enwiki,2024-10-27 15:19:05
1833584315,User talk:Randy Kryn,Randy Kryn,false,0,enwiki,2024-10-27 15:19:33
1833584405,American folk music,2600:8800:7189:AC00:507F:2215:E64F:E67,false,4,enwiki,2024-10-27 15:19:54
1833584417,I'm in It,Kyle Peake,false,-15,enwiki,2024-10-27 15:20:01
1833584519,Ethan Coleman,GiantSnowman,false,1,enwiki,2024-10-27 15:20:25
358013908,Conscience (Band),2001:A61:A5C:2301:AC3D:ED7:7489:8DEA,false,-299,dewiki,2024-10-27 15:20:39
358013915,Wikipedia:WikiProjekt Frauen/Frauen in Rot/Fehlende Artikel nach Nationalität/Swasi,TaxonBot,true,8,dewiki,2024-10-27 15:20:45
1833584602,Nicholas Georgiadis,Monkbot,true,1,enwiki,2024-10-27 15:20:48
1833584612,User:Rocketwidget/sandbox,Rocketwidget,false,19,enwiki,2024-10-27 15:20:53
1833584406,Sennheiser,"Spring tides, Summer holidays, Autumn leaves, Winter warmers",false,-5,enwiki,2024-10-27 15:19:57
1833584418,Hamilton-Wentworth District School Board,HamOntPoliFiend,false,10,enwiki,2024-10-27 15:20:02
1833584500,Talk:Group A Sports Cars,JarrahTree,false,4,enwiki,2024-10-27 15:20:21
358013905,Tom Vogt,Pecy,false,-53,dewiki,2024-10-27 15:20:35
1833584604,Hijack '93,B.Korlah,false,-10,enwiki,2024-10-27 15:20:49
1833584613,Talk:Caste-related violence in India,Baltarstar,false,-1,enwiki,2024-10-27 15:20:53
1833584407,2024–25 A-League Men,Ausfootballfan,false,10,enwiki,2024-10-27 15:19:55
1833584501,Livan Burcu,Darwinek,false,6,enwiki,2024-10-27 15:20:21
358013901,Portal:Fußball/Neue Artikel,Vince2004,false,24,dewiki,2024-10-27 15:20:27
1833584615,User:4d4m333s,4d4m333s,false,273,enwiki,2024-10-27 15:20:54
1833584410,Anton Bruckner,188.150.83.171,false,-168,enwiki,2024-10-27 15:19:53
1833584502,User:MPGuy2824/CSD log,MPGuy2824,false,97,enwiki,2024-10-27 15:20:22
358013911,Amajuba,Invisigoth67,false,0,dewiki,2024-10-27 15:20:41
1833584606,Mark Scott (businessman),太西,false,23,enwiki,2024-10-27 15:20:51
1833584617,"Saint-Sernin, Lot-et-Garonne",Monkbot,true,1,enwiki,2024-10-27 15:20:51
1833584512,Apple snail,Frost,false,-256,enwiki,2024-10-27 15:20:22
1833584607,History of the Riksdag,BumbleBeeBelle,false,44,enwiki,2024-10-27 15:20:51
1833584513,Wikipedia:Articles for deletion/Idelfonso da Silva,Explicit,false,1701,enwiki,2024-10-27 15:20:25
358013902,Dreiländerzug,Magicman0361,false,0,dewiki,2024-10-27 15:20:27
358013912,Flugplatz Bozoum,Adtonko,false,-37,dewiki,2024-10-27 15:20:43
1833584609,Ogoni/Niger Delta News,Citation bot,true,22,enwiki,2024-10-27 15:20:52
1833584619,Valerios Stais,Monkbot,true,1,enwiki,2024-10-27 15:20:55
1833584412,René Cardona,Lord Cornwallis,false,48,enwiki,2024-10-27 15:20:01
1833584514,Milotice nad Opavou,Monkbot,true,1,enwiki,2024-10-27 15:20:22
358013903,Sonnenzeit,Uploader xyz,false,145,dewiki,2024-10-27 15:20:28
358013904,Tekle Haymanot I.,Invisigoth67,false,-4,dewiki,2024-10-27 15:20:34
358013913,Vorlage:Navigationsleiste Tatort-Folgen mit den Hauptkommissaren Ballauf und Schenk,Bergfalke2,false,62,dewiki,2024-10-27 15:20:43
358013917,Liste der Kulturdenkmale in Deuben (Freital),Hgzh,false,40,dewiki,2024-10-27 15:20:46
1833584608,2014 Toray Pan Pacific Open,Wolbo,false,13,enwiki,2024-10-27 15:20:51
1833584414,Saint-Pargoire,Monkbot,true,1,enwiki,2024-10-27 15:19:59
1833584515,Flower Witch Mary Bell,Joshuat1306,false,-2,enwiki,2024-10-27 15:20:24
358013906,M19 (Mine),Invisigoth67,false,1,dewiki,2024-10-27 15:20:38
358013919,Wikipedia:Löschkandidaten/24. Oktober 2024,JiaqiDerKrasse,false,243,dewiki,2024-10-27 15:20:48
1833584402,Southland Leisure Centre,Icensnow42,false,2,enwiki,2024-10-27 15:19:56
1833584413,Canaman,Filipinayzd,false,1790,enwiki,2024-10-27 15:19:59
1833584518,Christine Moorman,Murray1967,false,224,enwiki,2024-10-27 15:20:24
358013907,Tom Hülsmann,2003:CA:B728:DE00:9939:B369:C4DF:C035,false,0,dewiki,2024-10-27 15:20:39
358013914,Ergon-Argument,Invisigoth67,false,1,dewiki,2024-10-27 15:20:44
1833584611,User:Wira rhea/Bali United F.C. season,Wira rhea,false,0,enwiki,2024-10-27 15:20:52
1833584403,Michaniona,Monkbot,true,1,enwiki,2024-10-27 15:19:56
1833584416,User:AmandaNP/UAA/Time,DeltaQuadBot,true,0,enwiki,2024-10-27 15:20:03
358013900,Liste der Kulturdenkmale in Rammenau,SchiDD,false,47,dewiki,2024-10-27 15:20:24
1833584601,Fifth inauguration of Sheikh Hasina,Shayaantik,false,903,enwiki,2024-10-27 15:20:48
1833584713,Talk:Indian WhatsApp lynchings,Baltarstar,false,-1,enwiki,2024-10-27 15:21:20
1833584804,"Sainte-Christine-d'Auvergne, Quebec",Nichole Ouellette,false,29,enwiki,2024-10-27 15:21:35
1833584910,Module:IPA/category documentation/sandbox,Gonnym,false,133,enwiki,2024-10-27 15:21:57
1833584714,History of the Riksdag,BumbleBeeBelle,false,17,enwiki,2024-10-27 15:21:21
1833584805,Motorsport in Italy,1ctinus,false,27,enwiki,2024-10-27 15:21:34
1833584911,Late Antique and medieval mosaics in Italy,1ctinus,false,27,enwiki,2024-10-27 15:21:56
1833584715,Draft:Musikhaus Kirstein,Timtrent,false,9,enwiki,2024-10-27 15:21:20
1833584806,Andreas Varsakopoulos,Monkbot,true,1,enwiki,2024-10-27 15:21:34
1833584912,Julia Chang,Kazama16,false,0,enwiki,2024-10-27 15:21:57
1833584701,List of doughnut varieties,2601:447:CC80:CB0:1CF:91D0:7FD9:25CD,false,18,enwiki,2024-10-27 15:21:15
1833584716,Roberto Zaldívar,SWattoo,false,21,enwiki,2024-10-27 15:21:22
1833584808,Music media in Italy,1ctinus,false,27,enwiki,2024-10-27 15:21:36
1833584916,Psychiatric reform in Italy,1ctinus,false,27,enwiki,2024-10-27 15:21:58
1833584705,Dolní Dunajovice,Monkbot,true,1,enwiki,2024-10-27 15:21:16
1833584917,Philipp Bouhler,Obenritter,false,-6,enwiki,2024-10-27 15:21:57
1833584706,Open access in Italy,1ctinus,false,27,enwiki,2024-10-27 15:21:18
1833584810,Plausible deniability,2A02:3030:60A:D10F:8D74:C8F3:6585:56ED,false,3690,enwiki,2024-10-27 15:21:36
1833584919,Marvel Epic Collection,Peterspeterson,false,487,enwiki,2024-10-27 15:21:47
1833584707,List of storms named Kirk,69.66.130.0,false,0,enwiki,2024-10-27 15:21:19
1833584813,User talk:ОбелЫСптьЕ,Explicit,false,-764,enwiki,2024-10-27 15:21:36
1833584708,El Salvador national football team,Chrisrd526,false,-1187,enwiki,2024-10-27 15:21:06
1833584815,Dalal Mughrabi,XTheBedrockX,false,65,enwiki,2024-10-27 15:21:36
1833584711,Plug-in electric vehicles in Italy,1ctinus,false,27,enwiki,2024-10-27 15:21:20
1833584817,Peregrine Pearson,68.134.219.74,false,-24,enwiki,2024-10-27 15:21:36
1833585000,R. Bruce Elliott,User No. 99,false,111,enwiki,2024-10-27 15:22:13
1833584712,User talk:Guitarsound1987,Timtrent,false,4146,enwiki,2024-10-27 15:21:21
1833584818,1981 Ghanaian coup d'état,178.148.148.176,false,10,enwiki,2024-10-27 15:21:36
1833585104,Freenet AG,"Spring tides, Summer holidays, Autumn leaves, Winter warmers",false,-1,enwiki,2024-10-27 15:22:35
1833585213,Sean Long (footballer),Atp21,false,0,enwiki,2024-10-27 15:23:08
358014002,Wikipedia:WikiProjekt Frauen/Frauen in Rot/Fehlende Artikel nach Nationalität/Syrerinnen,TaxonBot,true,-49,dewiki,2024-10-27 15:23:13
1833585004,Module:IPA/category documentation/sandbox,Gonnym,false,6,enwiki,2024-10-27 15:22:17
1833585106,Talk:73rd Infantry Regiment (Philippines),Mccapra,false,28,enwiki,2024-10-27 15:22:36
1833585200,Dixie Flyer (train),AnomieBOT,true,18,enwiki,2024-10-27 15:23:04
1833585214,Maldives national cricket team,Krishnakrm,false,1,enwiki,2024-10-27 15:23:09
1833585008,"Krasnaya Polyana, Republic of Bashkortostan",Monkbot,true,1,enwiki,2024-10-27 15:22:16
1833585109,Public funding of the Catholic Church in Italy,1ctinus,false,27,enwiki,2024-10-27 15:22:36
1833585201,"Multimedia Art Museum, Moscow",Monkbot,true,1,enwiki,2024-10-27 15:23:04
1833585215,One More Try for Love,2603:8081:1B40:F5BC:2CF8:2EC4:8E5D:385A,false,61,enwiki,2024-10-27 15:23:10
1833585010,Rallying in Italy,1ctinus,false,27,enwiki,2024-10-27 15:22:17
1833585111,User:Xabier/sandbox,Xabier,false,18,enwiki,2024-10-27 15:22:37
1833585216,Nicky Jam discography,Muhandes,false,585,enwiki,2024-10-27 15:23:06
1833585009,Fifth inauguration of Sheikh Hasina,Shayaantik,false,-3,enwiki,2024-10-27 15:22:17
1833585112,Satori,Sgconlaw,false,-25,enwiki,2024-10-27 15:22:36
1833585203,Book Covers of Theodelinda,BrownsCruz,false,463,enwiki,2024-10-27 15:23:06
1833585217,Manzac-sur-Vern,Monkbot,true,1,enwiki,2024-10-27 15:23:07
358014000,AMD Epyc,Skranon,false,397,dewiki,2024-10-27 15:23:13
358014003,Jonathan Edwards (Prediger),Snoopy1964,false,-8,dewiki,2024-10-27 15:23:19
1833585014,List of ancient Iranian peoples,2A04:2416:8303:F880:4952:E8AF:5829:96C8,false,-562,enwiki,2024-10-27 15:22:15
1833585100,Super Columns,Waxworker,false,38,enwiki,2024-10-27 15:22:35
1833585219,Dominicans,Jotamar,false,-4,enwiki,2024-10-27 15:23:09
1833585116,Nebojša Krupniković,Robby.is.on,false,0,enwiki,2024-10-27 15:22:38
1833585207,William G. Wilson Guy (Mat Mulcaghey),Jharris48,false,392,enwiki,2024-10-27 15:23:08
358014005,Jacobische elliptische Funktionen,Alva2004,false,189,dewiki,2024-10-27 15:23:05
1833585019,Wikipedia:In the news/Candidates,ENEvery,false,230,enwiki,2024-10-27 15:22:14
1833585101,"Lacombe, Aude",Monkbot,true,1,enwiki,2024-10-27 15:22:32
1833585117,Sega International Victory Goal,BOZ,false,0,enwiki,2024-10-27 15:22:39
1833585211,User talk:~delta,KarelT2024,false,777,enwiki,2024-10-27 15:23:08
1833585102,Conservatism in Italy,1ctinus,false,27,enwiki,2024-10-27 15:22:34
1833585119,Pythagoreio,Monkbot,true,1,enwiki,2024-10-27 15:22:36
1833585212,Árni Frederiksberg,Caber33,false,5,enwiki,2024-10-27 15:23:09
1833585105,Dulwich College,Ben1we,false,-27,enwiki,2024-10-27 15:22:34
358014010,Tschechischer Fußballpokal 1996/97,Lena1,false,35,dewiki,2024-10-27 15:23:25
358014014,Pocco,TenWhile6,false,-865,dewiki,2024-10-27 15:23:39
1833585315,Paray-sous-Briailles,Monkbot,true,1,enwiki,2024-10-27 15:23:42
1833585414,U Got the Look,Spiceislandseabird,false,370,enwiki,2024-10-27 15:24:10
1833585303,Super Drift Out,Waxworker,false,39,enwiki,2024-10-27 15:23:39
1833585317,Double Down News,Citation bot,true,23,enwiki,2024-10-27 15:23:45
1833585400,"Proti, Serres",Monkbot,true,1,enwiki,2024-10-27 15:24:06
1833585415,Danila Kozlovsky,Monkbot,true,1,enwiki,2024-10-27 15:24:11
1833585305,Romeo and Juliet in the Snow,Monkbot,true,1,enwiki,2024-10-27 15:23:40
1833585318,Hijack '93,Afrowriter,false,-26,enwiki,2024-10-27 15:23:45
1833585401,Samar Haj Hassan,Kkhalifehjo,false,2406,enwiki,2024-10-27 15:24:08
1833585416,User:Xabier/sandbox,Xabier,false,1,enwiki,2024-10-27 15:24:14
1833585306,IPhone 12,HTGS,false,-17,enwiki,2024-10-27 15:23:37
1833585319,User:Iaof2017/sandbox15,Iaof2017,false,-4,enwiki,2024-10-27 15:23:46
1833585402,Umana Okon Umana,PinkDucky91,false,10,enwiki,2024-10-27 15:24:08
1833585419,The Cruise (1970 film),Mushy Yank,false,35,enwiki,2024-10-27 15:24:14
358014006,Friedrich Übelhack,Asperatus,false,42,dewiki,2024-10-27 15:23:22
358014016,Bayerischer Soldatenbund,Asperatus,false,-7,dewiki,2024-10-27 15:23:41
1833585309,Talk:Pan-Arcticvision,Browemote,false,229,enwiki,2024-10-27 15:23:43
1833585406,Wikipedia:Articles for creation/Redirects,LR.127,false,434,enwiki,2024-10-27 15:24:05
358014007,League of Legends Championship Series,Tim031002,false,71,dewiki,2024-10-27 15:23:20
1833585311,Talk:Tommy Vercetti,Rhain,false,510,enwiki,2024-10-27 15:23:42
1833585409,Stewart Schneider,Kafash 1989,false,56,enwiki,2024-10-27 15:24:10
358014008,Werner Brix,Ysabella,false,498,dewiki,2024-10-27 15:23:23
358014011,Wikipedia:GND/Fehlermeldung/Oktober 2024,Kolja21,false,174,dewiki,2024-10-27 15:23:33
1833585312,Reliability of Wikipedia,Chrisahn,false,-44,enwiki,2024-10-27 15:23:37
358014012,Robert Marc Lehmann,Mary Joanna,false,-40,dewiki,2024-10-27 15:23:34
358014013,Diskussion:Analphabetismus,Marilyn.hanson,false,174,dewiki,2024-10-27 15:23:39
1833585313,Southern sawtail catshark,Quetzal1964,false,-29,enwiki,2024-10-27 15:23:42
358014017,Ravine Gabriel,Herzi Pinki,false,0,dewiki,2024-10-27 15:23:50
1833585410,Social Democratic Alliance,Þorkell T.,false,-45,enwiki,2024-10-27 15:24:10
1833585302,Emilie Ullerup,Rtkat3,false,606,enwiki,2024-10-27 15:23:38
1833585314,IPhone 13 Pro,HTGS,false,-17,enwiki,2024-10-27 15:23:42
1833585413,Mulayam Singh Yadav,Loveforwiki,false,7,enwiki,2024-10-27 15:24:06
1833585516,Viking Ship Museum (Oslo),Todot3123,false,-5,enwiki,2024-10-27 15:24:42
1833585715,Wikipedia:WikiProject Kentucky/OldIssues,SDZeroBot,true,0,enwiki,2024-10-27 15:25:35
1833585507,Draft:Stefan Norblin de la Gourdaine,Wikibenchris,false,54,enwiki,2024-10-27 15:24:38
1833585517,New Taipei CTBC DEA,安狄,false,0,enwiki,2024-10-27 15:24:40
1833585610,World record progression 50 metres butterfly,Montell 74,false,-151,enwiki,2024-10-27 15:25:06
1833585717,Critique of Hegel's Philosophy of Right,Monkbot,true,1,enwiki,2024-10-27 15:25:38
1833585518,Chhatrapati Shivaji Maharaj International Airport,AvgeekSK,false,949,enwiki,2024-10-27 15:24:38
1833585612,User:GrabUp/common.js,GrabUp,false,-4,enwiki,2024-10-27 15:25:11
1833585719,Cabinet Secretariat (Indonesia),Achmadmaulanaibr,false,-31,enwiki,2024-10-27 15:25:40
1833585509,"Palaiochori, Tzoumerka",Monkbot,true,1,enwiki,2024-10-27 15:24:40
1833585614,2024 Southeastern Louisiana Lions football team,MKP2020,false,13,enwiki,2024-10-27 15:25:09
1833585510,Turquerie,Myrnamyers,false,-53,enwiki,2024-10-27 15:24:41
1833585617,Parcoul-Chenaud,Monkbot,true,1,enwiki,2024-10-27 15:25:09
1833585601,Hafizh Syahrin,Miwna,false,11,enwiki,2024-10-27 15:25:04
1833585618,Hadiyya language,Moyogo,false,211,enwiki,2024-10-27 15:25:11
1833585603,Old Thatch series,Rich Farmbrough,false,12,enwiki,2024-10-27 15:25:05
1833585619,Rotta (instrument),Jacqke,false,612,enwiki,2024-10-27 15:25:13
1833585705,Wikipedia:WikiProject Louisville/OldIssues,SDZeroBot,true,0,enwiki,2024-10-27 15:25:34
1833585500,Wonderful Pretty Cure!,75.88.0.6,false,-181,enwiki,2024-10-27 15:24:36
1833585512,Module:IPA/category documentation/sandbox,Gonnym,false,49,enwiki,2024-10-27 15:24:43
1833585604,Sandown,10mmsocket,false,37,enwiki,2024-10-27 15:25:05
1833585713,Draft:Caleb Wilson (basketball),GPL93,false,334,enwiki,2024-10-27 15:25:37
1833585511,Shola Shoretire,ItsKesha,false,-45,enwiki,2024-10-27 15:24:42
1833585605,Absolute Power (comics),Dino-drones,false,0,enwiki,2024-10-27 15:25:06
1833585503,Alexander Bogomazov,R0paire-wiki,false,-2,enwiki,2024-10-27 15:24:38
1833585515,Super Formation Soccer 95: della Serie A,Waxworker,false,38,enwiki,2024-10-27 15:24:43
1833585606,Motiejus Valančius,Monkbot,true,1,enwiki,2024-10-27 15:25:06
1833585714,Talk:Religion in the United States/Archive 4,Lowercase sigmabot III,true,4578,enwiki,2024-10-27 15:25:38
1833585910,Israel–Malaysia relations,R0paire-wiki,false,-10,enwiki,2024-10-27 15:26:39
1833585807,Draft:Sulfurimonas,Wbm1058,false,-7,enwiki,2024-10-27 15:26:09
1833585912,Draft:Kyle Fortune,86.9.99.81,false,137,enwiki,2024-10-27 15:26:41
1833585809,DMM,129.0.79.192,false,7,enwiki,2024-10-27 15:26:09
358014100,IC 1623,Georg Hügler,false,25,dewiki,2024-10-27 15:26:19
1833585911,Wikipedia:Village pump (proposals),Donald Albury,false,602,enwiki,2024-10-27 15:26:39
1833585808,Pang War,EmeraldRange,false,1,enwiki,2024-10-27 15:26:08
1833585913,Nazi concentration camp commandant,Monkbot,true,1,enwiki,2024-10-27 15:26:40
1833585800,Conflict minerals law,Kumar Dayal,false,54,enwiki,2024-10-27 15:26:04
1833585810,Wikipedia:WikiProject Louisville/OldIssues,SDZeroBot,true,0,enwiki,2024-10-27 15:26:07
1833585914,Reid Park Zoo,2600:1700:8540:8CC0:51B8:E513:6E31:A5A2,false,66,enwiki,2024-10-27 15:26:42
1833585801,BAIC Motor,2804:14C:B52B:80D7:4768:5D5E:4E18:1EF7,false,227,enwiki,2024-10-27 15:26:05
1833585811,Hadji Ali,Tera Ranjit Punjabi,false,23,enwiki,2024-10-27 15:26:07
1833585915,Aquilegia champagnatii,Jacketpocket,false,2247,enwiki,2024-10-27 15:26:40
1833585802,1981 IAAF World Cup – Results,Pietaster,false,0,enwiki,2024-10-27 15:26:06
1833585816,Fuerteventura Airport,88.8.113.175,false,-26,enwiki,2024-10-27 15:26:08
1833585916,Ma Anliang,Sijorl49,false,14,enwiki,2024-10-27 15:26:40
1833585818,Kamieniska,Monkbot,true,1,enwiki,2024-10-27 15:26:09
358014101,Ernst Mayr,Lämpel,false,-28,dewiki,2024-10-27 15:26:26
358014103,Benutzer:Swrat/Dahieh-Doktrin,Wikiloginproton,false,702,dewiki,2024-10-27 15:26:42
1833585804,Ioannis Agatzanian,Monkbot,true,2,enwiki,2024-10-27 15:26:06
1833585819,Wikipedia:WikiProject Kentucky/OldIssues,SDZeroBot,true,0,enwiki,2024-10-27 15:26:07
358014102,Bahnhof Maastricht,Magicman0361,false,-86,dewiki,2024-10-27 15:26:40
1833585805,User talk:104.171.53.110,GeorgeMemulous,false,2258,enwiki,2024-10-27 15:26:06
1833585909,All-news radio,Dzulfi Ramadhan,false,-54,enwiki,2024-10-27 15:26:40
358014104,Silberthiosulfat,Kreuz Elf,false,4,dewiki,2024-10-27 15:26:43
1833586003,Kane Perris,Kumar Dayal,false,55,enwiki,2024-10-27 15:26:58
1833586107,Talk:Principal component analysis,Tito Omburo,false,296,enwiki,2024-10-27 15:27:10
1833586205,Ellora Caves,ClueBot NG,false,-4,enwiki,2024-10-27 15:27:27
358014111,Ramlingen-Ehlershausen,Mpk,false,123,dewiki,2024-10-27 15:26:58
358014117,Parlament der Region Brüssel-Hauptstadt,Dragonlord73,false,31,dewiki,2024-10-27 15:27:13
1833586207,Capital flows in Japan,1ctinus,false,27,enwiki,2024-10-27 15:27:33
358014107,Walfisch (Sternbild),Georg Hügler,false,-14,dewiki,2024-10-27 15:26:52
1833586109,"Uhryniv, Ivano-Frankivsk Oblast",Monkbot,true,2,enwiki,2024-10-27 15:27:12
1833586209,Sandown Park Racecourse,Birchfield Boy,false,1674,enwiki,2024-10-27 15:27:33
358014110,Benutzer:Bacci/Baustelle11,Bacci,false,-70,dewiki,2024-10-27 15:26:57
1833586110,Buddhist art in Japan,1ctinus,false,27,enwiki,2024-10-27 15:27:13
1833586210,User talk:Sidepocket,Zinnober9,false,789,enwiki,2024-10-27 15:27:25
358014108,Benutzer:Mapmaster/Bundestag,Mapmaster,false,21,dewiki,2024-10-27 15:26:53
1833586212,User:Phlsph7/Hedonism - Types,Phlsph7,false,443,enwiki,2024-10-27 15:27:35
1833586312,Talk:Mike Espy,Tom.Reding,false,-30,enwiki,2024-10-27 15:27:52
358014112,Braunau TG,Gudrun Meyer,false,12,dewiki,2024-10-27 15:27:01
1833586102,2024 Austin Peay Governors football team,MKP2020,false,14,enwiki,2024-10-27 15:27:11
1833586213,The Chipmunk Adventure,Mojo Hand,false,-7,enwiki,2024-10-27 15:27:32
1833586313,The Room Next Door,2A00:23C6:95B3:BC01:1091:C74C:3C80:668D,false,12,enwiki,2024-10-27 15:27:51
1833586103,SVG Air,DOMDCF,false,1,enwiki,2024-10-27 15:27:12
1833586216,ITF Féminin Le Neubourg,Vecihi91,false,4,enwiki,2024-10-27 15:27:34
1833586314,Call signs in Japan,1ctinus,false,27,enwiki,2024-10-27 15:27:53
1833586105,African sawtail catshark,Quetzal1964,false,-17,enwiki,2024-10-27 15:27:12
1833586217,"Salles, Tarn",Monkbot,true,1,enwiki,2024-10-27 15:27:32
358014109,Benutzer Diskussion:Asperatus,Asperatus,false,188,dewiki,2024-10-27 15:26:54
358014113,Sven Bernecker,Thomas Schulte im Walde,false,6,dewiki,2024-10-27 15:27:04
358014115,Hilary McNamee,Invisigoth67,false,-1,dewiki,2024-10-27 15:27:07
1833586106,Czesław Uznański,KibolLP,false,1644,enwiki,2024-10-27 15:27:11
1833586201,Pierrelatte,Monkbot,true,1,enwiki,2024-10-27 15:27:28
1833586218,Megalovania,You Know Her?,false,4,enwiki,2024-10-27 15:27:35
1833586318,History of Sudan,Cookiemonster1618,false,-891,enwiki,2024-10-27 15:27:50
358014116,St Andrews Links,Eschenmoser,false,306,dewiki,2024-10-27 15:27:14
1833586202,1982 USA Outdoor Track and Field Championships,Pietaster,false,-1,enwiki,2024-10-27 15:27:32
1833586219,Gilbert Gottfried,174.197.197.73,false,10,enwiki,2024-10-27 15:27:33
1833586319,List of Philippine television shows,180.195.210.23,false,1204,enwiki,2024-10-27 15:27:47
1833586515,Gudenieki Parish,Marcocapelle,false,-21,enwiki,2024-10-27 15:28:28
1833586601,British Rail Class 411,Kumar Dayal,false,36,enwiki,2024-10-27 15:28:43
1833586615,Shima Shima Tora no Shimajirō,Joshuat1306,false,632,enwiki,2024-10-27 15:28:45
1833586516,Walter Enwezor,Mlody1312,false,39,enwiki,2024-10-27 15:28:28
1833586602,Zayd ibn Haritha al-Kalbi,27.63.21.194,false,49,enwiki,2024-10-27 15:28:41
1833586619,Leading broodmare sire in Japan,1ctinus,false,27,enwiki,2024-10-27 15:28:47
1833586518,Inachori,Monkbot,true,1,enwiki,2024-10-27 15:28:28
1833586604,Esperanto in Japan,1ctinus,false,27,enwiki,2024-10-27 15:28:45
1833586414,2025 AFC U-17 Asian Cup qualification,14.187.139.255,false,6,enwiki,2024-10-27 15:28:02
1833586416,Unified Silla,RowanElder,false,24,enwiki,2024-10-27 15:28:05
1833586605,User:Xabier/sandbox,Xabier,false,-4,enwiki,2024-10-27 15:28:46
1833586417,Talk:Clip-on tie,ZiWinger,false,58,enwiki,2024-10-27 15:28:09
1833586503,Wikipedia talk:WikiProject Football,Glaivebladee,false,2001,enwiki,2024-10-27 15:28:25
1833586607,2024–25 V.League 2,Thplam2004,false,184,enwiki,2024-10-27 15:28:44
1833586418,Wikipedia:Good article nominations/Topic lists/Music,ChristieBot,true,179,enwiki,2024-10-27 15:28:08
1833586504,Syed Karrar Hussain,SandyGeorgia,false,12,enwiki,2024-10-27 15:28:29
1833586700,AsiaOne,Citation bot,true,-6,enwiki,2024-10-27 15:29:03
1833586419,Taoism in Japan,1ctinus,false,27,enwiki,2024-10-27 15:28:09
1833586505,L&N Station (Knoxville),Arcendeight,false,-100,enwiki,2024-10-27 15:28:28
1833586611,2024 North Alabama Lions football team,MKP2020,false,2,enwiki,2024-10-27 15:28:42
1833586514,Mass media and politics in Japan,1ctinus,false,27,enwiki,2024-10-27 15:28:29
1833586600,Marina Neyolova,Monkbot,true,2,enwiki,2024-10-27 15:28:43
1833586701,2024–25 New Taipei CTBC DEA season,安狄,false,70,enwiki,2024-10-27 15:29:02
1833586718,Daniel Danielopolu,Turgidson,false,51,enwiki,2024-10-27 15:29:07
1833586800,Gerashchenkovo,Monkbot,true,1,enwiki,2024-10-27 15:29:29
1833586703,Péreyres,Monkbot,true,1,enwiki,2024-10-27 15:29:03
1833586803,Jo Ann Davidson,2603:6080:21F0:AB60:F95A:98B4:CA92:BCC,false,13,enwiki,2024-10-27 15:29:31
1833586900,User:Xabier/sandbox,Xabier,false,-4,enwiki,2024-10-27 15:29:51
1833586804,User:Mccapra/Draftify log,Mccapra,false,84,enwiki,2024-10-27 15:29:27
1833586818,Syed Karrar Hussain,SandyGeorgia,false,-39,enwiki,2024-10-27 15:29:36
1833586917,Mali Ločnik,Monkbot,true,2,enwiki,2024-10-27 15:29:50
1833586705,File:Colossus X2.jpg,Explicit,false,222,enwiki,2024-10-27 15:29:06
1833586806,Michael Gove,Andysmith248,false,918,enwiki,2024-10-27 15:29:21
1833586919,Texas Instruments SN76489,Kumar Dayal,false,56,enwiki,2024-10-27 15:29:52
358014202,Stephanie Childress,Feuerbird,false,-62,dewiki,2024-10-27 15:29:54
1833586706,Mosquito control,2400:1A00:B080:6184:1DBB:5C9F:CC05:E3B9,false,7,enwiki,2024-10-27 15:29:05
1833586810,Phil Tan,Kumar Dayal,false,66,enwiki,2024-10-27 15:29:32
1833586707,YSL Records racketeering trial,114.45.151.210,false,5,enwiki,2024-10-27 15:29:05
1833586811,Dwarf sawtail catshark,Quetzal1964,false,-19,enwiki,2024-10-27 15:29:33
358014213,Vikos-Schlucht,Herzi Pinki,false,0,dewiki,2024-10-27 15:30:06
1833586711,User:Rocketwidget/sandbox,Rocketwidget,false,2,enwiki,2024-10-27 15:29:07
1833586812,Dubai Metro,2A00:F28:489:CC76:BD80:78FC:9252:A83F,false,-45,enwiki,2024-10-27 15:29:28
358014200,Olympische Sommerspiele 2016/Schwimmen – 100 m Freistil (Männer),Geher,false,4,dewiki,2024-10-27 15:29:55
358014203,Davide Spiga,JiaqiDerKrasse,false,7,dewiki,2024-10-27 15:29:57
358014214,Silvia Laubenbacher,Nadi2018,false,-10,dewiki,2024-10-27 15:30:07
1833586714,2024–25 V.League 2,Thplam2004,false,5,enwiki,2024-10-27 15:29:07
1833586813,"Kundryak, Ufimsky District, Republic of Bashkortostan",Monkbot,true,2,enwiki,2024-10-27 15:29:32
1833586715,Sandown,10mmsocket,false,-4,enwiki,2024-10-27 15:29:07
1833586816,2025 AFC U-17 Asian Cup qualification,HiddenFace101,false,-76,enwiki,2024-10-27 15:29:28
358014204,Broken-Hearted Girl,YGO24895,false,854,dewiki,2024-10-27 15:29:58
1833586716,User:Xabier/sandbox,Xabier,false,-4,enwiki,2024-10-27 15:29:09
1833587116,Troubadour,Monkbot,true,1,enwiki,2024-10-27 15:30:37
1833587218,User:SDZeroBot/NPP sorting/Geography/Regions/Asia/Central Asia,SDZeroBot,true,333,enwiki,2024-10-27 15:31:04
358014215,Sonnenzeit,Uploader xyz,false,84,dewiki,2024-10-27 15:30:11
1833587015,User:SDZeroBot/NPP sorting/Culture/Media,SDZeroBot,true,-321,enwiki,2024-10-27 15:30:06
1833587117,Jiuzhang (quantum computer),Kumar Dayal,false,49,enwiki,2024-10-27 15:30:41
1833587219,Heini Vatnsdal,Caber33,false,-1,enwiki,2024-10-27 15:31:04
358014216,Landstuhl Regional Medical Center,Nameless23,false,27,dewiki,2024-10-27 15:30:11
1833587016,Wikipedia:WikiProject Women in Red/Metrics/February 2022,Reports bot,true,20,enwiki,2024-10-27 15:30:11
1833587102,User:SDZeroBot/NPP sorting/Culture/Visual arts/Architecture,SDZeroBot,true,977,enwiki,2024-10-27 15:30:36
1833587119,Drill bit shank,Monkbot,true,1,enwiki,2024-10-27 15:30:40
358014217,Arriva,Magicman0361,false,9,dewiki,2024-10-27 15:30:11
1833587017,Higher education in Denmark,Kumar Dayal,false,45,enwiki,2024-10-27 15:30:12
1833587103,User:SDZeroBot/NPP sorting/Geography/Regions/Europe/Western Europe,SDZeroBot,true,755,enwiki,2024-10-27 15:30:32
1833587118,Lyndon LaRouche,94.189.217.51,false,-19,enwiki,2024-10-27 15:30:34
1833587208,Talk:The Thing (1982 film),Lowercase sigmabot III,true,-3809,enwiki,2024-10-27 15:31:00
1833587001,"Ostrov, Vladimir Oblast",Monkbot,true,1,enwiki,2024-10-27 15:30:10
1833587018,Letter box,AnomieBOT,true,36,enwiki,2024-10-27 15:30:13
1833587109,Daphne Wayans,2601:406:4000:A95:70A3:C7BA:7C7:27F3,false,-14,enwiki,2024-10-27 15:30:38
1833587002,Tennessee Titans,172.59.185.240,false,0,enwiki,2024-10-27 15:30:03
1833587019,User:SDZeroBot/NPP sorting/Geography/Regions/Asia,SDZeroBot,true,2760,enwiki,2024-10-27 15:30:10
1833587110,User:GrabUp/common.js,GrabUp,false,-8855,enwiki,2024-10-27 15:30:40
1833587003,List of professional designations in the United States,Nathanm mn,false,75,enwiki,2024-10-27 15:30:04
1833587210,User:SDZeroBot/NPP sorting/Geography/Regions/Oceania,SDZeroBot,true,1207,enwiki,2024-10-27 15:31:00
1833587004,User:SDZeroBot/NPP sorting/Geography/Regions/Africa,SDZeroBot,true,215,enwiki,2024-10-27 15:30:09
1833587111,User:SDZeroBot/NPP sorting/STEM,SDZeroBot,true,-1865,enwiki,2024-10-27 15:30:34
1833587214,Mala Račna,Monkbot,true,1,enwiki,2024-10-27 15:31:01
1833587006,"Mary, Queen of Scots",Unoquha,false,0,enwiki,2024-10-27 15:30:07
1833587114,User:SDZeroBot/NPP sorting/STEM/Libraries & Information,SDZeroBot,true,0,enwiki,2024-10-27 15:30:40
1833587215,"Catherine I, Latin Empress",Векочел,false,7,enwiki,2024-10-27 15:31:03
358014219,Kiel,RStehn,false,-11,dewiki,2024-10-27 15:30:03
1833587115,Gaza Strip famine,Réalgard,false,26,enwiki,2024-10-27 15:30:30
1833587217,User:SDZeroBot/NPP sorting/Culture/Linguistics,SDZeroBot,true,2368,enwiki,2024-10-27 15:31:03
1833587314,Omer Riza,Saintandy7,false,0,enwiki,2024-10-27 15:31:23
1833587409,Super Skidmarks,Waxworker,false,38,enwiki,2024-10-27 15:31:42
1833587505,Sarnath Jain Tirth,2409:40C4:F9:386A:8000:0:0:0,false,-2,enwiki,2024-10-27 15:31:59
1833587306,State of Buenos Aires,178.148.148.176,false,2,enwiki,2024-10-27 15:31:18
1833587315,Milicz Ponds,Monkbot,true,1,enwiki,2024-10-27 15:31:23
1833587410,Palaio Eleftherochori,Monkbot,true,1,enwiki,2024-10-27 15:31:41
1833587506,Armenian Cathedral of Moscow,Monkbot,true,2,enwiki,2024-10-27 15:31:59
1833587300,User:SDZeroBot/NPP sorting/STEM/Chemistry,SDZeroBot,true,-428,enwiki,2024-10-27 15:31:19
1833587307,Calon Sarjana,Thoriq1024,false,12,enwiki,2024-10-27 15:31:22
1833587316,Surveyor program,Ixiamix,false,0,enwiki,2024-10-27 15:31:24
1833587411,Marvel Epic Collection,Peterspeterson,false,20,enwiki,2024-10-27 15:31:33
1833587510,Draft:Juan Bonilla (soldier),Mccapra,false,127,enwiki,2024-10-27 15:32:01
1833587308,User:Mccapra/Draftify log,Mccapra,false,90,enwiki,2024-10-27 15:31:18
1833587412,Wikipedia:Reference desk/Language,JuniperChill,false,722,enwiki,2024-10-27 15:31:41
1833587512,Trial garden,Kafash 1989,false,63,enwiki,2024-10-27 15:32:02
1833587301,Mapillary,Zygimantus,false,41,enwiki,2024-10-27 15:31:17
1833587309,2025 AFC U-17 Asian Cup qualification,HiddenFace101,false,96,enwiki,2024-10-27 15:31:15
1833587413,Sarnath Jain Tirth,2409:40C4:F9:386A:8000:0:0:0,false,-19,enwiki,2024-10-27 15:31:42
1833587513,User talk:BlkGeneral2000,Mccapra,false,929,enwiki,2024-10-27 15:32:02
1833587302,BCRC,Bkonrad,false,506,enwiki,2024-10-27 15:31:19
1833587311,Charles O'Rear,Vacant0,false,11,enwiki,2024-10-27 15:31:20
1833587414,Mole de olla,Brunoblocks274,false,213,enwiki,2024-10-27 15:31:43
1833587415,Friesland Porzellan,Matthiaspaul,false,183,enwiki,2024-10-27 15:31:41
1833587416,List of photographers,CaptainAngus,false,48,enwiki,2024-10-27 15:31:41
1833587500,2024 Swiss Indoors – Doubles,Yimingbao,false,6,enwiki,2024-10-27 15:31:57
1833587304,Sandown,10mmsocket,false,-83,enwiki,2024-10-27 15:31:19
1833587400,David Caspari,Simeon,false,14,enwiki,2024-10-27 15:31:40
1833587417,Milan Hnilička,Sbaio,false,-3,enwiki,2024-10-27 15:31:44
1833587305,Belp Castle,Monkbot,true,1,enwiki,2024-10-27 15:31:20
1833587312,Gotthilf Christoph Wilhelm Busolt,Simeon,false,14,enwiki,2024-10-27 15:31:23
1833587407,Kemi Badenoch,2A00:23C6:AA0D:3601:9D55:F214:9D08:EBCA,false,-517,enwiki,2024-10-27 15:31:34
1833587504,Rachel Gupta,223.178.212.120,false,7,enwiki,2024-10-27 15:31:58
358014300,Kawakaze-Klasse,Thomas Dresler,false,2,dewiki,2024-10-27 15:32:14
358014305,Rolf-Göran Bengtsson,93.215.89.207,false,735,dewiki,2024-10-27 15:32:18
1833587613,AH1,180.242.193.101,false,-2,enwiki,2024-10-27 15:32:29
358014318,Here (2024),NiTenIchiRyu,false,1,dewiki,2024-10-27 15:32:42
1833587710,Ian Rush,EliasAntonakos,false,236,enwiki,2024-10-27 15:32:51
358014310,Paul Graupe,Bisam,false,-2,dewiki,2024-10-27 15:32:33
1833587712,2025 AFC U-17 Asian Cup qualification,HiddenFace101,false,96,enwiki,2024-10-27 15:32:48
358014301,Nekrolog 1960,Mö1997,false,89,dewiki,2024-10-27 15:32:05
1833587615,"Lansac, Hautes-Pyrénées",Monkbot,true,1,enwiki,2024-10-27 15:32:29
358014316,Wikipedia:Urheberrechtsfragen,Chianti,false,515,dewiki,2024-10-27 15:32:37
1833587713,Sandown,10mmsocket,false,1,enwiki,2024-10-27 15:32:54
1833587601,Lukasz Plawecki,Monkbot,true,1,enwiki,2024-10-27 15:32:26
1833587616,Volkswagen,"Spring tides, Summer holidays, Autumn leaves, Winter warmers",false,-5,enwiki,2024-10-27 15:32:24
358014308,Stephanie Childress,Feuerbird,false,12,dewiki,2024-10-27 15:32:26
1833587617,Talk:Injector pen,GerardM,false,210,enwiki,2024-10-27 15:32:33
358014312,Ivan Softa,Guslar,false,27,dewiki,2024-10-27 15:32:37
358014317,Grafton Galleries,MeCorbeau,false,2,dewiki,2024-10-27 15:32:39
1833587700,Cythara,Jacqke,false,19,enwiki,2024-10-27 15:32:51
1833587716,"Islamgulovo, Miyakinsky District, Republic of Bashkortostan",Monkbot,true,2,enwiki,2024-10-27 15:32:54
358014306,Omar Marmoush,2A01:599:303:34F2:19C7:8B04:5BD:A8DB,false,-1,dewiki,2024-10-27 15:32:22
358014307,Wikipedia Diskussion:WikiProjekt KI und Wikipedia,Karsten11,false,1029,dewiki,2024-10-27 15:32:27
1833587618,Hilarion of Makariopolis,Monkbot,true,3,enwiki,2024-10-27 15:32:33
358014313,Kawasaki Estrella,Thomas Dresler,false,1,dewiki,2024-10-27 15:32:37
1833587717,Wikipedia:WikiProject Articles for creation/Help desk,Ahmad87861,false,569,enwiki,2024-10-27 15:32:50
1833587603,Women in the Bangladesh Army,37.111.203.220,false,593,enwiki,2024-10-27 15:32:27
358014311,Hannes Ringlstetter,Grieb,false,289,dewiki,2024-10-27 15:32:35
1833587706,Mikey,2600:1700:F730:8850:691A:1520:8740:2D51,false,70,enwiki,2024-10-27 15:32:53
1833587719,FK Voska Sport,Msb73505,false,0,enwiki,2024-10-27 15:32:55
1833587604,User talk:Bilalml,Bilalml,false,1526,enwiki,2024-10-27 15:32:30
1833587619,Mariah Carey,SNUGGUMS,false,-4,enwiki,2024-10-27 15:32:21
1833587707,Pomeranian Griffin,Monkbot,true,1,enwiki,2024-10-27 15:32:51
358014309,Ghasemi,Dabefewulu,false,144,dewiki,2024-10-27 15:32:30
1833587708,User:Mccapra/Draftify log,Mccapra,false,106,enwiki,2024-10-27 15:32:48
358014304,Hendry Blank,Flodder666,false,113,dewiki,2024-10-27 15:32:20
1833587606,2024 Colorado Buffaloes football team,MKP2020,false,7,enwiki,2024-10-27 15:32:27
358014314,Edwards-Langschwanz-Riesenratte,Snoopy1964,false,144,dewiki,2024-10-27 15:32:37
1833587709,Draft:Ispahani Mirzapore Banglabid,Niloy Nasif,false,5976,enwiki,2024-10-27 15:32:53
1833587814,User talk:BlkGeneral2000,Mccapra,false,897,enwiki,2024-10-27 15:33:17
1833587912,Ujjain–Bhopal section,Atibrarian,false,44,enwiki,2024-10-27 15:33:37
1833587815,Manic Street Preachers,Nectar3,false,-1,enwiki,2024-10-27 15:33:13
1833587901,DMM,Mojo Hand,false,-7,enwiki,2024-10-27 15:33:36
1833587914,2024 Swiss Indoors,Yimingbao,false,3,enwiki,2024-10-27 15:33:37
1833587803,Rudbārži Parish,Marcocapelle,false,-21,enwiki,2024-10-27 15:33:15
1833587903,Charles O'Rear,Vacant0,false,-2,enwiki,2024-10-27 15:33:34
1833587804,Draft:Carlos Medrano,Mccapra,false,125,enwiki,2024-10-27 15:33:16
1833587905,Strong Georgia,Rutdam,false,1,enwiki,2024-10-27 15:33:36
1833587915,2025 AFC U-17 Asian Cup qualification,HiddenFace101,false,0,enwiki,2024-10-27 15:33:32
1833587805,2024–25 Aston Villa F.C. season,Mediocre Legacy,false,0,enwiki,2024-10-27 15:33:05
1833587917,List of equipment of the Italian Army,Fabrice Ram,false,3673,enwiki,2024-10-27 15:33:30
1833587808,China Internet Network Information Center,Cfls,false,0,enwiki,2024-10-27 15:33:15
1833587906,Looe Key National Marine Sanctuary,Mdnavman,false,221,enwiki,2024-10-27 15:33:36
1833587809,Category:Ethnic groups in Guizhou,DB1729,false,8,enwiki,2024-10-27 15:33:17
1833587810,User:Aedis1/Art1065,Aedis1,false,20,enwiki,2024-10-27 15:33:18
1833587907,"Mary, Queen of Scots",Unoquha,false,185,enwiki,2024-10-27 15:33:33
1833587811,Hyperbola,Zlamma,false,2,enwiki,2024-10-27 15:33:01
1833587909,MV Magd (1943),Mjroots,false,17,enwiki,2024-10-27 15:33:37
1833587812,Livadero,Monkbot,true,1,enwiki,2024-10-27 15:33:15
1833587911,"Charles, Prince of Löwenstein-Wertheim-Rosenberg (1834–1921)",Monkbot,true,2,enwiki,2024-10-27 15:33:36
1833588013,Body (2015 Polish film),Monkbot,true,1,enwiki,2024-10-27 15:34:06
1833588212,Jay Chapman (soccer),Shermanator7,false,0,enwiki,2024-10-27 15:34:44
1833588315,2024–25 Notre Dame Fighting Irish men's ice hockey season,PensRule11385,false,24,enwiki,2024-10-27 15:35:11
1833588014,Seishirō Etō,217.129.165.138,false,40,enwiki,2024-10-27 15:34:06
1833588213,Draft:Marie Tomanova,Wenncesslas,false,1418,enwiki,2024-10-27 15:34:45
1833588317,Volkshalle,Monkbot,true,1,enwiki,2024-10-27 15:35:12
1833588015,Gabrielle Union,KingArti,false,72,enwiki,2024-10-27 15:34:05
1833588214,Muhammad XII of Granada,Riad Salih,false,14,enwiki,2024-10-27 15:34:44
1833588318,Talk:Kavala Football Clubs Association,PKT,false,32,enwiki,2024-10-27 15:35:14
1833588017,List of counties of Kenya by GCP,Afus199620,false,61,enwiki,2024-10-27 15:34:08
1833588204,Taiwan Travel Permit,Cfls,false,-364,enwiki,2024-10-27 15:34:43
1833588216,Talk:Philippe Lazzarini,Sean.hoyland,false,-392,enwiki,2024-10-27 15:34:47
1833588018,User talk:BlkGeneral2000,Mccapra,false,905,enwiki,2024-10-27 15:34:08
1833588205,Galgeberg,Kafash 1989,false,60,enwiki,2024-10-27 15:34:43
1833588217,North Carolina Tar Heels men's soccer,Fma12,false,326,enwiki,2024-10-27 15:34:45
1833588319,Talk:Shir-Mohammad Espandar,Wizardman,false,31,enwiki,2024-10-27 15:35:14
1833588019,MPL Indonesia,143.44.165.216,false,-1146,enwiki,2024-10-27 15:34:08
1833588115,Wicked (2024 film),PinkDucky91,false,32,enwiki,2024-10-27 15:34:20
1833588208,Osborne House,CosmLearner,false,-6,enwiki,2024-10-27 15:34:42
1833588000,User talk:Ca,Dodecathorpe,false,403,enwiki,2024-10-27 15:34:06
1833588116,Wikipedia:WikiProject Women in Red/Metrics/March 2024,Reports bot,true,-26,enwiki,2024-10-27 15:34:21
1833588209,Saint-Martial-le-Mont,Monkbot,true,1,enwiki,2024-10-27 15:34:42
1833588308,List of schools in Nepal,150.107.107.22,false,88,enwiki,2024-10-27 15:35:04
1833588117,Talk:Key Lawrence,Wizardman,false,21,enwiki,2024-10-27 15:34:25
1833588210,Talk:Shilen Patel,Wizardman,false,21,enwiki,2024-10-27 15:34:45
1833588309,Template:Vegas Golden Knights roster,Triggerbit,false,-267,enwiki,2024-10-27 15:35:10
1833588001,Voyages of Christopher Columbus,37.171.97.207,false,-8,enwiki,2024-10-27 15:34:00
1833588118,Phil Parkinson,Saintandy7,false,0,enwiki,2024-10-27 15:34:23
1833588311,Guchan,Monkbot,true,1,enwiki,2024-10-27 15:35:08
1833588009,Draft:Eusebio Manzueta,Mccapra,false,126,enwiki,2024-10-27 15:34:07
1833588119,User:Snadbox/sandbox,Snadbox,false,0,enwiki,2024-10-27 15:34:25
1833588211,2025 AFC U-17 Asian Cup,Jason2016426,false,196,enwiki,2024-10-27 15:34:45
1833588310,South African rand,197.229.7.41,false,141,enwiki,2024-10-27 15:35:05
358014403,Métaboles,Singsangsung,false,1548,dewiki,2024-10-27 15:35:27
1833588405,Karifa Yao,Shermanator7,false,0,enwiki,2024-10-27 15:35:36
358014411,Franziska Feldmeier,Sandro Halank,false,154,dewiki,2024-10-27 15:35:40
1833588509,Association football,I'm not perfect but I'm almost,false,-25,enwiki,2024-10-27 15:35:40
358014401,Diskussion:Erich Fried,Magiers,false,1076,dewiki,2024-10-27 15:35:23
1833588406,User:AnomieBOT/EPERTable,AnomieBOT,false,-429,enwiki,2024-10-27 15:35:37
1833588415,User:The joy of all things/subpage 11,The joy of all things,false,67,enwiki,2024-10-27 15:35:41
1833588511,Triyuginarayan Temple,Tourorguk,false,360,enwiki,2024-10-27 15:36:04
1833588407,Gary Caldwell,Saintandy7,false,0,enwiki,2024-10-27 15:35:34
1833588416,2024–25 Aston Villa F.C. season,Mediocre Legacy,false,1,enwiki,2024-10-27 15:35:31
358014415,Wikipedia:WikiProjekt Frauen/Frauen in Rot/Fehlende Artikel nach Nationalität/Tansanierinnen,TaxonBot,true,-70,dewiki,2024-10-27 15:35:39
1833588512,"Wikipedia:Articles for deletion/Station, Boston",Steinsky,false,735,enwiki,2024-10-27 15:36:06
358014407,Benutzer Diskussion:Frank Schulenburg,Frederico34,false,858,dewiki,2024-10-27 15:35:37
1833588417,North Carolina Tar Heels men's soccer,Fma12,false,6,enwiki,2024-10-27 15:35:39
1833588502,Reichsbürger movement,"Spring tides, Summer holidays, Autumn leaves, Winter warmers",false,-4,enwiki,2024-10-27 15:35:59
1833588517,"Category:People from Kimberley, Norfolk",Ernsanchez00,false,60,enwiki,2024-10-27 15:36:08
1833588409,User:Morekar/sandbox,Morekar,false,10,enwiki,2024-10-27 15:35:37
1833588418,Wikipedia:Administrators' noticeboard,Voorts,false,254,enwiki,2024-10-27 15:35:34
1833588503,2024 in paleomalacology,Macrochelys,false,468,enwiki,2024-10-27 15:35:56
1833588410,Talk:Tine Magnus,Wizardman,false,20,enwiki,2024-10-27 15:35:38
358014413,Wikipedia:Wartungsbausteinwettbewerb/Statistik/nach Kategorie,Lómelinde,false,68,dewiki,2024-10-27 15:35:42
358014416,Wikipedia:Vandalismusmeldung,Sokrates 399,false,815,dewiki,2024-10-27 15:35:44
1833588518,Polyptych of Lusina,AukusRuckus,false,-177,enwiki,2024-10-27 15:36:08
1833588400,Mickūnai,Monkbot,true,1,enwiki,2024-10-27 15:35:33
1833588411,List of Mexican films of 1947,Lord Cornwallis,false,6,enwiki,2024-10-27 15:35:38
358014414,Benutzer:Lena1/Entwürfe,CHR!S,false,-18,dewiki,2024-10-27 15:35:42
358014419,1. Ukrainische Front,Kleombrotos,false,1082,dewiki,2024-10-27 15:35:47
1833588506,List of herbicides,Michael D. Turnbull,false,40,enwiki,2024-10-27 15:36:02
1833588402,Diamant (train),GhostInTheMachine,false,-11,enwiki,2024-10-27 15:35:35
358014408,IPsec,TSP2024,false,6533,dewiki,2024-10-27 15:35:37
1833588507,Guan District,Kafash 1989,false,54,enwiki,2024-10-27 15:36:04
358014402,Die Venezianerin (heilige Maria Magdalena),Gudrun Meyer,false,12,dewiki,2024-10-27 15:35:26
1833588403,Category:Health in Ningxia,DB1729,false,8,enwiki,2024-10-27 15:35:37
358014409,Jan Brod,Mpk,false,192,dewiki,2024-10-27 15:35:39
358014417,Cembalokonzert in g-Moll,Invisigoth67,false,-1,dewiki,2024-10-27 15:35:45
1833588508,Nathaniel Adjei,88.254.1.36,false,-4,enwiki,2024-10-27 15:36:04
358014400,Gerd Tellenbach,Woldemar1958,false,214,dewiki,2024-10-27 15:35:18
1833588404,User:Yut3117/sandbox,Yut3117,false,64,enwiki,2024-10-27 15:35:36
1833588412,Lesser Poland and Świętokrzyskie (European Parliament constituency),Monkbot,true,1,enwiki,2024-10-27 15:35:36
1833588510,Tzimis Panousis,Monkbot,true,2,enwiki,2024-10-27 15:36:03
1833588600,MS Achille Lauro,SomeoneWiki04,false,0,enwiki,2024-10-27 15:36:30
1833588618,2024–25 Pyramids FC season,EpicAdventurer,false,119,enwiki,2024-10-27 15:36:35
1833588710,Manwan ni Hill,Wikibear47,false,1,enwiki,2024-10-27 15:37:04
1833588608,Heinz Klingenberg (philologist),Simeon,false,14,enwiki,2024-10-27 15:36:31
1833588619,Georgia State Panthers football,HowieLong27,false,0,enwiki,2024-10-27 15:36:33
1833588609,Sailen Manna,CharlesWain,false,6,enwiki,2024-10-27 15:36:27
1833588712,"Talk:Kilgore, Texas",No No No No Name fu,false,56,enwiki,2024-10-27 15:37:03
1833588610,Wikipedia:Reliable sources/Noticeboard,Compassionate727,false,-8,enwiki,2024-10-27 15:36:27
1833588711,Luding County,Spsn34,false,1707,enwiki,2024-10-27 15:37:02
1833588612,Brompton Cemetery,Cloptonson,false,35,enwiki,2024-10-27 15:36:31
1833588701,Origins of the Cold War,105.213.17.248,false,44,enwiki,2024-10-27 15:36:52
1833588714,Wikipedia:Articles for deletion/Shae Keogh,Geschichte,false,-2,enwiki,2024-10-27 15:37:05
1833588613,History of the Riksdag,BumbleBeeBelle,false,119,enwiki,2024-10-27 15:36:35
1833588704,2024–25 LIU Sharks men's ice hockey season,PensRule11385,false,30,enwiki,2024-10-27 15:36:54
1833588715,Samuel Little,139.222.171.179,false,-1,enwiki,2024-10-27 15:37:03
1833588614,Salles-Curan,Monkbot,true,1,enwiki,2024-10-27 15:36:32
1833588705,Karymsky District,Monkbot,true,1,enwiki,2024-10-27 15:36:58
1833588716,Crew Dragon Endeavour,Abebenjoe,false,12,enwiki,2024-10-27 15:37:03
1833588615,List of Belgian records in swimming,KhanSwim,false,94,enwiki,2024-10-27 15:36:32
1833588706,Gujranwala Division,Umartoor,false,0,enwiki,2024-10-27 15:36:59
1833588616,María Becerra,CatchMe,false,704,enwiki,2024-10-27 15:36:33
1833588707,Philaretos Brachamios,Gagik Vasal,false,21,enwiki,2024-10-27 15:37:01
1833588718,Nangal Dewat,Diannaa,false,-957,enwiki,2024-10-27 15:37:05
1833588709,"Mary, Queen of Scots",Unoquha,false,37,enwiki,2024-10-27 15:36:59
1833588719,Sejny,Monkbot,true,2,enwiki,2024-10-27 15:37:02
1833588808,The Defender (2021 TV series),Citation bot,true,24,enwiki,2024-10-27 15:37:27
1833588810,MV Magd (1943),Mjroots,false,2,enwiki,2024-10-27 15:37:28
1833588800,Brainfuck,A77809,false,-1,enwiki,2024-10-27 15:37:26
1833588811,Aris Galanopoulos,Monkbot,true,1,enwiki,2024-10-27 15:37:28
1833588802,Siege of Niezijl,"Spring tides, Summer holidays, Autumn leaves, Winter warmers",false,-1,enwiki,2024-10-27 15:37:26
1833588812,Orchid (hardcore punk band),68.45.218.185,false,14,enwiki,2024-10-27 15:37:29
1833588803,Dominican Republic national football team,Chrisrd526,false,-1518,enwiki,2024-10-27 15:37:21
1833588815,Nikodim Tsarknias,Monkbot,true,2,enwiki,2024-10-27 15:37:31
1833588816,America in the King Years,Randy Kryn,false,46,enwiki,2024-10-27 15:37:31
1833588818,User:Loibird90/sandbox,Loibird90,false,4,enwiki,2024-10-27 15:37:32
1833588804,Treviño,FCBWanderer,false,-18,enwiki,2024-10-27 15:37:27
1833588806,"Pottawatomie County, Kansas",Quebec99,false,-44,enwiki,2024-10-27 15:37:27
1833588805,List of convenience stores,Terrygrim3,false,1,enwiki,2024-10-27 15:37:27
1833588914,Cameron Dawson,Lincoln Owl,false,0,enwiki,2024-10-27 15:37:57
1833589009,Political Consultative Committee,Monkbot,true,1,enwiki,2024-10-27 15:38:26
1833589101,Cleavage (embryo),P. o owuor,false,177,enwiki,2024-10-27 15:38:42
1833588915,User:Mj0606/sandbox,Mj0606,false,4,enwiki,2024-10-27 15:38:02
1833589008,2023 Ballon d'Or,Mattythewhite,false,-13,enwiki,2024-10-27 15:38:23
1833589102,Hijack '93,Afrowriter,false,97,enwiki,2024-10-27 15:38:44
1833588916,List of attendance figures at domestic professional sports leagues,2A02:A316:2486:4500:DC8D:B176:6589:7653,false,127,enwiki,2024-10-27 15:37:55
1833589103,Colleges within universities in the United Kingdom,1ctinus,false,27,enwiki,2024-10-27 15:38:43
358014514,Die Maestra,Feuerbird,false,-284,dewiki,2024-10-27 15:38:50
1833588900,Shadow of Intent,SirZPthundergod9001,false,-1,enwiki,2024-10-27 15:37:57
1833588917,Omiroupoli,Monkbot,true,1,enwiki,2024-10-27 15:38:01
1833589000,User:Kalathei95/sandbox/List of F1 Drivers/F1 driver record template/977 Simigori Grand Prix,Kalathei95,false,-1,enwiki,2024-10-27 15:38:24
1833589010,FC Grimma,Tffff,false,14,enwiki,2024-10-27 15:38:28
358014507,Burg Jesberg,Sokrates 399,false,6,dewiki,2024-10-27 15:38:42
1833589105,Nangal Dewat,Diannaa,false,-322,enwiki,2024-10-27 15:38:44
1833588902,Travis Hunter,Dahunted,false,2,enwiki,2024-10-27 15:37:55
1833589001,Semasiology,Monkbot,true,2,enwiki,2024-10-27 15:38:23
1833589014,Sexual offences in the United Kingdom,1ctinus,false,27,enwiki,2024-10-27 15:38:28
1833589106,Indian Golf Union,Kafash 1989,false,60,enwiki,2024-10-27 15:38:44
1833588903,Merimde culture,Ario1234,false,1,enwiki,2024-10-27 15:37:58
1833589002,Curtis Culwell Center,DepressedPer,false,467,enwiki,2024-10-27 15:38:23
1833589016,Talk:Luisa Islam-Ali-Zade,Wizardman,false,29,enwiki,2024-10-27 15:38:30
1833589108,Wikipedia:Administrators' noticeboard,Voorts,false,369,enwiki,2024-10-27 15:38:39
1833588907,That's No Way to Land a Man,Monkbot,true,1,enwiki,2024-10-27 15:37:58
1833589015,Telefacts,Citation bot,true,-4,enwiki,2024-10-27 15:38:29
358014506,Morgan Wallen/Diskografie,YGO24895,false,0,dewiki,2024-10-27 15:38:38
358014511,Wikipedia:Vandalismusmeldung,Sumeor 29567,false,20,dewiki,2024-10-27 15:38:44
358014513,Neustadt an der Aisch,Georg Hügler,false,5,dewiki,2024-10-27 15:38:46
1833588910,Alexander Anderson (Royal Marines officer),Cloptonson,false,-7,enwiki,2024-10-27 15:38:01
1833589004,Concha Buika,"Spring tides, Summer holidays, Autumn leaves, Winter warmers",false,-2,enwiki,2024-10-27 15:38:23
1833589017,Vitaly Yarema,KirillTelegin60,false,36,enwiki,2024-10-27 15:38:29
358014512,Flugplatz Kembé,Adtonko,false,-45,dewiki,2024-10-27 15:38:46
1833589006,User:Hh1718/sandbox4,Hh1718,false,-2,enwiki,2024-10-27 15:38:26
1833589018,The Art of Grammar,Monkbot,true,1,enwiki,2024-10-27 15:38:29
1833589100,User talk:Bottles20,Kuru,false,981,enwiki,2024-10-27 15:38:44
358014515,Kaiser-Franz-Joseph-I.-Rettungs-Jubel-Marsch,Invisigoth67,false,1,dewiki,2024-10-27 15:38:59
1833588911,Hermann Lüning,Simeon,false,55,enwiki,2024-10-27 15:38:00
1833589007,Reuben De Melo,Wikisteveb4,false,150,enwiki,2024-10-27 15:38:25
1833589019,Katie Cotton,74.68.130.121,false,63,enwiki,2024-10-27 15:38:30
358014503,Bahnstrecke Stuttgart-Bad Cannstatt–Nördlingen,Bigbug21,false,449,dewiki,2024-10-27 15:38:32
358014504,Hallenradsport-Weltmeisterschaften/Radball der Frauen,Rz98,false,449,dewiki,2024-10-27 15:38:36
358014505,Kategorie:Judentum in Linnich,Reinhardhauke,false,53,dewiki,2024-10-27 15:38:39
358014509,Edward Gal,93.215.89.207,false,7,dewiki,2024-10-27 15:38:43
1833589214,Talk:Madhuri Kindo,Wizardman,false,22,enwiki,2024-10-27 15:39:07
1833589314,List of Mexican films of 1947,Lord Cornwallis,false,32,enwiki,2024-10-27 15:39:24
1833589412,History of local government in the United Kingdom,1ctinus,false,27,enwiki,2024-10-27 15:39:43
358014517,Wikipedia Diskussion:Wiki Loves Monuments 2024/Deutschland/Jury,Ailura,false,85,dewiki,2024-10-27 15:39:08
358014518,Liste der Wassertürme in Sachsen,Herzi Pinki,false,55,dewiki,2024-10-27 15:39:09
1833589316,Talk:Nicholas Niciphor,Wizardman,false,26,enwiki,2024-10-27 15:39:25
1833589413,List of Mexican films of 1947,Lord Cornwallis,false,2,enwiki,2024-10-27 15:39:43
1833589500,Hiawatha (disambiguation),Rich Farmbrough,false,65,enwiki,2024-10-27 15:40:01
1833589509,Lighthouse of Alexandria,139.135.241.229,false,0,enwiki,2024-10-27 15:39:56
1833589317,2024 in science,HertzDonuts,false,-16,enwiki,2024-10-27 15:39:18
1833589414,Skierniewice County,Monkbot,true,1,enwiki,2024-10-27 15:39:42
358014519,Kriminalitätsrückgang,Pakwesi,false,-4,dewiki,2024-10-27 15:39:11
1833589319,Planetarium (film),Cinemaniac86,false,99,enwiki,2024-10-27 15:39:25
1833589501,Lia (South Korean singer),RDWolfgang,false,-33,enwiki,2024-10-27 15:39:59
1833589514,Mad Dogs and Englishmen (film),Jean-de-Nivelle,false,-27,enwiki,2024-10-27 15:40:04
1833589303,St. Joseph Roman Catholic Church (Chicago),Monkbot,true,1,enwiki,2024-10-27 15:39:20
1833589502,Nassos Vakalis,Monkbot,true,1,enwiki,2024-10-27 15:40:01
1833589305,History of the Riksdag,BumbleBeeBelle,false,10,enwiki,2024-10-27 15:39:23
1833589403,Lyle and Erik Menendez,AnomieBOT,true,18,enwiki,2024-10-27 15:39:35
1833589503,User:AmandaNP/UAA/Time,DeltaQuadBot,true,0,enwiki,2024-10-27 15:40:03
1833589200,Krzysztof Radziwiłł's raid on Moscow,Monkbot,true,1,enwiki,2024-10-27 15:39:04
1833589308,Category:People from Redenhall with Harleston,Ernsanchez00,false,77,enwiki,2024-10-27 15:39:24
1833589404,Max Planck Institute of Molecular Plant Physiology,Monkbot,true,1,enwiki,2024-10-27 15:39:39
1833589504,Heathenry in the United Kingdom,1ctinus,false,27,enwiki,2024-10-27 15:40:01
1833589201,Marvin Fritz,Miwna,false,4,enwiki,2024-10-27 15:39:05
1833589313,Giannis Arabatzis,Monkbot,true,1,enwiki,2024-10-27 15:39:23
1833589406,User talk:칼빈500,Chaotic Enby,false,2360,enwiki,2024-10-27 15:39:40
1833589505,Tecmo Super Bowl III: Final Edition,Waxworker,false,38,enwiki,2024-10-27 15:40:03
1833589204,Sandown,10mmsocket,false,122,enwiki,2024-10-27 15:39:04
1833589312,Medical school in the United Kingdom,1ctinus,false,27,enwiki,2024-10-27 15:39:23
1833589407,"Mary, Queen of Scots",Unoquha,false,27,enwiki,2024-10-27 15:39:37
1833589508,Oldest synagogues in the United Kingdom,1ctinus,false,27,enwiki,2024-10-27 15:40:03
358014516,Benutzer:YPS/Baustelle2,YPS,false,186,dewiki,2024-10-27 15:39:03
1833589213,User talk:Ca,Ca,false,210,enwiki,2024-10-27 15:39:06
1833589311,Serge Ibaka,"Spring tides, Summer holidays, Autumn leaves, Winter warmers",false,-4,enwiki,2024-10-27 15:39:21
1833589408,VF Venieri,Mosbatho,false,2,enwiki,2024-10-27 15:39:42
1833589506,Abul Kashem Fazlul Haq,Salim Khandoker,false,360,enwiki,2024-10-27 15:40:02
1833589516,Tanner Laczynski,Triggerbit,false,-14,enwiki,2024-10-27 15:40:04
1833589617,Filmation,Guy Without Name,false,2,enwiki,2024-10-27 15:40:21
1833589715,List of Mexican films of 1947,Lord Cornwallis,false,6,enwiki,2024-10-27 15:40:42
1833589814,Belgian Open (tennis),Tennishistory1877,false,-2,enwiki,2024-10-27 15:40:59
1833589518,History of the Riksdag,BumbleBeeBelle,false,10,enwiki,2024-10-27 15:40:04
1833589618,University admissions tests in the United Kingdom,1ctinus,false,27,enwiki,2024-10-27 15:40:23
1833589700,Typhlosion,Kung Fu Man,false,1748,enwiki,2024-10-27 15:40:35
1833589717,2 ft and 600 mm gauge railways in the United Kingdom,1ctinus,false,27,enwiki,2024-10-27 15:40:41
1833589801,Dhoom (franchise),119.157.89.252,false,322,enwiki,2024-10-27 15:40:59
1833589815,Handwritten (album),Sahaib,false,68,enwiki,2024-10-27 15:41:03
1833589701,Dmitri Kalinin,Monkbot,true,1,enwiki,2024-10-27 15:40:39
1833589802,Shabayevo,Monkbot,true,2,enwiki,2024-10-27 15:40:59
1833589816,Talk:Malir Cantonment,Wikibear47,false,17,enwiki,2024-10-27 15:41:01
1833589702,Oldest football clubs,Fma12,false,10,enwiki,2024-10-27 15:40:33
1833589803,2024–25 Merrimack Warriors men's ice hockey season,PensRule11385,false,22,enwiki,2024-10-27 15:40:57
1833589600,Rashid Minhas,175.107.220.108,false,19,enwiki,2024-10-27 15:40:21
1833589703,History of fire brigades in the United Kingdom,1ctinus,false,27,enwiki,2024-10-27 15:40:39
1833589804,User:The joy of all things/subpage 11,The joy of all things,false,404,enwiki,2024-10-27 15:41:01
1833589603,Talk:Sumaira Malik,Wikibear47,false,28,enwiki,2024-10-27 15:40:22
1833589704,Eurovision Song Contest 1985,Sims2aholic8,false,-313,enwiki,2024-10-27 15:40:35
1833589805,McDonnell Douglas F-15E Strike Eagle,Codythorburne,false,3,enwiki,2024-10-27 15:40:53
1833589707,Ruger No. 3,Matthewjaredgarza2010,false,27,enwiki,2024-10-27 15:40:39
1833589807,Punjabi language writers in the United Kingdom,1ctinus,false,27,enwiki,2024-10-27 15:41:01
1833589604,2022 United Nations Climate Change Conference,Monkbot,true,1,enwiki,2024-10-27 15:40:19
1833589709,List of Breton flags,Snow Lion Fenian,false,0,enwiki,2024-10-27 15:40:39
1833589806,Lucie Bérillon,Meerhawk,false,30,enwiki,2024-10-27 15:41:01
1833589608,Anonno Mamun,220.152.115.222,false,-1464,enwiki,2024-10-27 15:40:22
1833589808,2012 Toray Pan Pacific Open,Wolbo,false,-3,enwiki,2024-10-27 15:41:00
1833589616,Volnino,Monkbot,true,1,enwiki,2024-10-27 15:40:22
1833589714,Lucie Bérillon,Meerhawk,false,65,enwiki,2024-10-27 15:40:42
1833589817,"Talk:Kilgore, Texas",No No No No Name fu,false,46,enwiki,2024-10-27 15:41:03
1833589910,User:GrabUp/sandbox,GrabUp,false,-92,enwiki,2024-10-27 15:41:20
1833590004,Smbat II of Armenia,Gagik Vasal,false,26,enwiki,2024-10-27 15:41:37
1833590017,"Pavlovsky District, Krasnodar Krai",Monkbot,true,1,enwiki,2024-10-27 15:41:39
358014611,Liste von Dirigierwettbewerben,Feuerbird,false,29,dewiki,2024-10-27 15:42:09
1833589818,Latin hypercube sampling,Neutral Editor 645,false,38,enwiki,2024-10-27 15:41:03
1833589911,ESPN in the United Kingdom,1ctinus,false,27,enwiki,2024-10-27 15:41:21
1833590005,Yehor Soboliev,KirillTelegin60,false,45,enwiki,2024-10-27 15:41:38
358014601,Brianchon (Mondkrater),Aka,false,2,dewiki,2024-10-27 15:41:49
1833590105,Corporate veil in the United Kingdom,1ctinus,false,27,enwiki,2024-10-27 15:41:53
1833590006,Draft:Biggest lawsuit against usa police,Tidergamer789,false,991,enwiki,2024-10-27 15:41:39
1833590106,Schönau (Odenwald),Anas1712,false,143,enwiki,2024-10-27 15:41:51
358014606,Can’t Get Enough,Aka,false,14,dewiki,2024-10-27 15:41:57
358014608,Nihoa,Tuamotu12,false,0,dewiki,2024-10-27 15:42:02
1833589912,Anthony Picciano,67.87.133.145,false,25,enwiki,2024-10-27 15:41:22
1833590108,Dimitrios Gianniotis,Monkbot,true,1,enwiki,2024-10-27 15:41:53
1833589914,Category:Ismaily SC seasons,EpicAdventurer,false,-2,enwiki,2024-10-27 15:41:23
1833590008,Demeter,Michael Aurel,false,-434,enwiki,2024-10-27 15:41:35
1833590109,User:Arcendeight,Arcendeight,false,22,enwiki,2024-10-27 15:41:54
1833590011,Category:People from Thelveton,Ernsanchez00,false,60,enwiki,2024-10-27 15:41:40
358014604,Jaenecke,2A02:26F7:EC64:6608:0:8172:F27A:D70B,false,89,dewiki,2024-10-27 15:41:55
358014609,Benutzer:Citius Altius Fortius/Werkstatt 1,Citius Altius Fortius,false,165,dewiki,2024-10-27 15:42:04
1833589903,FRM II,Monkbot,true,1,enwiki,2024-10-27 15:41:19
1833590000,Reuben De Melo,Wikisteveb4,false,-2,enwiki,2024-10-27 15:41:37
1833590012,Unfair dismissal in the United Kingdom,1ctinus,false,27,enwiki,2024-10-27 15:41:39
1833590001,Taiwan Capitalization Weighted Stock Index,ClueBot NG,false,-66,enwiki,2024-10-27 15:41:37
358014602,"William Maule, 1. Baron Panmure",Eschenmoser,false,-48,dewiki,2024-10-27 15:41:52
358014605,Liste von Persönlichkeiten aus Poschiavo,Cheyron,false,-1,dewiki,2024-10-27 15:41:54
358014607,Joe Enochs,Aka,false,1,dewiki,2024-10-27 15:41:59
358014610,Wikipedia Diskussion:Wiki Loves Monuments 2024/Deutschland/Jury,Ailura,false,-85,dewiki,2024-10-27 15:42:04
1833590016,Consumer protection in the United Kingdom,1ctinus,false,27,enwiki,2024-10-27 15:41:41
1833589908,Ron Wyatt,Slatersteven,false,6743,enwiki,2024-10-27 15:41:20
1833590002,Samhain,Randy Kryn,false,1,enwiki,2024-10-27 15:41:36
1833590018,Gospel Trap,Mlody1312,false,81,enwiki,2024-10-27 15:41:41
358014600,Otto Prokop,Sokrates 399,false,6,dewiki,2024-10-27 15:41:46
1833590209,Lyle and Erik Menendez,Esprit15d,false,281,enwiki,2024-10-27 15:42:13
1833590308,The Lost Vikings 2,Emiya Mulzomdao,false,-6,enwiki,2024-10-27 15:42:33
1833590414,Donald J. Cohen,SandyGeorgia,false,131,enwiki,2024-10-27 15:42:54
1833590210,Polish Greyhound,Monkbot,true,1,enwiki,2024-10-27 15:42:14
358014616,Coulibistrie River,Herzi Pinki,false,15,dewiki,2024-10-27 15:42:20
1833590310,I Am a Charro of Rancho Grande,Lord Cornwallis,false,171,enwiki,2024-10-27 15:42:34
1833590415,Bernard Hopkins vs. Joe Calzaghe,Sam11333,false,1292,enwiki,2024-10-27 15:42:53
1833590506,User:MacronMonitor/LinkAlerts,MacronMonitor,false,265,enwiki,2024-10-27 15:43:07
358014612,Das 1% Quiz,Florian Labude,false,15,dewiki,2024-10-27 15:42:08
1833590211,Rachel Gupta,223.178.212.120,false,36,enwiki,2024-10-27 15:42:13
1833590314,Speed (1994 film),ScienceOfSensation2005,false,-2,enwiki,2024-10-27 15:42:30
1833590416,Rodna,Monkbot,true,2,enwiki,2024-10-27 15:42:51
1833590505,Errika Prezerakou,Monkbot,true,1,enwiki,2024-10-27 15:43:07
358014613,Liste der Abgeordneten zum Österreichischen Nationalrat (XXVIII. Gesetzgebungsperiode),M2k~dewiki,false,270,dewiki,2024-10-27 15:42:09
358014615,Leseförderung,Sokrates 399,false,12,dewiki,2024-10-27 15:42:14
1833590213,Relocation of sports teams in the United Kingdom,1ctinus,false,27,enwiki,2024-10-27 15:42:15
1833590315,"Proastio, Kozani",Monkbot,true,1,enwiki,2024-10-27 15:42:33
1833590510,Pan Lei (film director),Pol098,false,-14,enwiki,2024-10-27 15:43:08
1833590200,Lucie Bérillon,Meerhawk,false,143,enwiki,2024-10-27 15:42:14
1833590215,Cirkus Bukowsky,Citation bot,true,22,enwiki,2024-10-27 15:42:16
358014617,Fußball-Regionalliga West 2015/16,TheÆtherPlayer,false,-5,dewiki,2024-10-27 15:42:18
1833590300,"Trnovo, Ilirska Bistrica",Monkbot,true,1,enwiki,2024-10-27 15:42:30
1833590511,Anjong of Goryeo,AnomieBOT,true,72,enwiki,2024-10-27 15:43:08
358014614,Gorefest,YGO24895,false,-229,dewiki,2024-10-27 15:42:12
1833590202,Black Insurrectionist,Greatbrookcondor,false,18,enwiki,2024-10-27 15:42:13
1833590216,Neo-Sovietism,GenoV84,false,266,enwiki,2024-10-27 15:42:16
358014618,Judith Beyer,Nadi2018,false,-395,dewiki,2024-10-27 15:42:21
1833590303,McDonnell Douglas F-15E Strike Eagle,Codythorburne,false,-2,enwiki,2024-10-27 15:42:23
1833590512,Biotechnology in the United Kingdom,1ctinus,false,27,enwiki,2024-10-27 15:43:09
1833590203,User:Arcendeight,Arcendeight,false,0,enwiki,2024-10-27 15:42:14
1833590219,Health and safety crime in the United Kingdom,1ctinus,false,27,enwiki,2024-10-27 15:42:17
1833590304,Dhoom (franchise),119.157.89.252,false,88,enwiki,2024-10-27 15:42:32
1833590318,Inazuma Eleven: Orion no Kokuin,Smeagol 17,false,3,enwiki,2024-10-27 15:42:33
1833590513,Taiwan Capitalization Weighted Stock Index,1.4.225.174,false,60,enwiki,2024-10-27 15:43:08
1833590204,3 ft gauge railways in the United Kingdom,1ctinus,false,27,enwiki,2024-10-27 15:42:11
1833590306,Murder of Tori Stafford,Bdschi,false,68,enwiki,2024-10-27 15:42:32
1833590319,Cohabitation in the United Kingdom,1ctinus,false,27,enwiki,2024-10-27 15:42:35
1833590410,Sandown,10mmsocket,false,14,enwiki,2024-10-27 15:42:53
1833590514,Darrell Clarke,Saintandy7,false,0,enwiki,2024-10-27 15:43:06
1833590205,Namdhari,Bharatavarsh.1947,false,2351,enwiki,2024-10-27 15:42:11
1833590307,Directors' duties in the United Kingdom,1ctinus,false,27,enwiki,2024-10-27 15:42:33
1833590413,Template:Taxonomy/Macrocheira,TheTechnician27,false,5,enwiki,2024-10-27 15:42:54
1833590517,Roman Catholic Archdiocese of Hyderabad,VGMax,false,-104,enwiki,2024-10-27 15:43:10
1833590207,Kelly Ann Laurin,Manakam,false,8,enwiki,2024-10-27 15:42:13
358014619,SSV Jahn Regensburg,Aka,false,1,dewiki,2024-10-27 15:42:12
1833590309,William G. Wilson Guy (Mat Mulcaghey),Jharris48,false,35,enwiki,2024-10-27 15:42:34
1833590411,United States Electoral College,Hindbærbrus,false,-10,enwiki,2024-10-27 15:42:45
1833590518,User talk:Vida0007,Hurricane Clyde,false,522,enwiki,2024-10-27 15:43:11
1833590606,Onshore oil and gas fields in the United Kingdom,1ctinus,false,27,enwiki,2024-10-27 15:43:29
1833590712,Venetian Province,Monkbot,true,2,enwiki,2024-10-27 15:43:47
1833590809,Cassagne,Monkbot,true,1,enwiki,2024-10-27 15:44:06
1833590607,Bellona Publishing House,Monkbot,true,1,enwiki,2024-10-27 15:43:28
1833590810,2024–25 Minnesota Golden Gophers men's ice hockey season,PensRule11385,false,31,enwiki,2024-10-27 15:44:06
1833590608,First Battle of Panipat,2409:4081:1E01:A736:E451:BDAB:11E1:49D5,false,43,enwiki,2024-10-27 15:43:27
1833590701,Offshore wind power in the United Kingdom,1ctinus,false,27,enwiki,2024-10-27 15:43:43
1833590714,Clothing material,FromCzech,false,11,enwiki,2024-10-27 15:43:47
1833590811,Date and time notation in Ireland,1ctinus,false,27,enwiki,2024-10-27 15:44:10
1833590611,New Zealand women's cricket team in Ireland and the Netherlands in 2002,1ctinus,false,27,enwiki,2024-10-27 15:43:28
1833590700,Galaxy High School,Harryhenry1,false,-260,enwiki,2024-10-27 15:43:45
1833590812,Togoland campaign,Timixion,false,13,enwiki,2024-10-27 15:44:08
1833590703,Scottish cricket team in Ireland in 2014,1ctinus,false,27,enwiki,2024-10-27 15:43:46
1833590717,2024–25 TPBL regular season,安狄,false,0,enwiki,2024-10-27 15:43:46
1833590814,2001 Toray Pan Pacific Open,Wolbo,false,-7,enwiki,2024-10-27 15:44:12
1833590613,Suicide in Ireland,1ctinus,false,27,enwiki,2024-10-27 15:43:30
1833590702,User:Paul August/Eris (mythology),Paul August,false,30,enwiki,2024-10-27 15:43:46
1833590802,United States Electoral College,Hindbærbrus,false,-133,enwiki,2024-10-27 15:43:58
1833590813,David Magen,Techiya1925,false,5631,enwiki,2024-10-27 15:44:09
1833590612,User:Wira rhea/Bali United F.C. season,Wira rhea,false,0,enwiki,2024-10-27 15:43:29
1833590706,Shanghaied (SpongeBob SquarePants),Askarion,false,-668,enwiki,2024-10-27 15:43:46
1833590817,Namibian cricket team in Ireland in 2011,1ctinus,false,27,enwiki,2024-10-27 15:44:12
1833590615,Higher education accreditation in the United Kingdom,1ctinus,false,27,enwiki,2024-10-27 15:43:31
1833590707,Association football,I'm not perfect but I'm almost,false,-1,enwiki,2024-10-27 15:43:43
1833590805,Political funding in Ireland,1ctinus,false,27,enwiki,2024-10-27 15:44:08
1833590818,2024 Italian F4 Championship,SandoLorris,false,3,enwiki,2024-10-27 15:44:04
1833590708,Talk:SPEAR Project,Baltarstar,false,21,enwiki,2024-10-27 15:43:48
1833590806,2024 Missouri Tigers football team,MKP2020,false,7,enwiki,2024-10-27 15:44:06
1833590604,Horse racing in Ireland,1ctinus,false,27,enwiki,2024-10-27 15:43:25
1833590709,Samsung Galaxy A50,152.32.209.140,false,5,enwiki,2024-10-27 15:43:45
1833590901,Robin Hood (disambiguation),Rich Farmbrough,false,85,enwiki,2024-10-27 15:44:30
1833590914,Aro-Ibibio Wars,2605:8D80:13EA:FBBC:8585:4122:3451:5EF8,false,-2,enwiki,2024-10-27 15:44:33
358014708,Rittner Bahn,Aka,false,-22,dewiki,2024-10-27 15:44:45
1833591105,User talk:West Virginian,Lost in Quebec,false,836,enwiki,2024-10-27 15:45:12
1833591114,Gudmundur (Jóhann) Óskarsson,Mlody1312,false,68,enwiki,2024-10-27 15:45:24
1833590902,Temperance movement in Ireland,1ctinus,false,27,enwiki,2024-10-27 15:44:30
1833590915,Draft:Alan (Zig) St Clair Gibson,ZigGibson,false,110,enwiki,2024-10-27 15:44:33
358014707,Andrea Jürgens/Diskografie,2A02:3100:402F:1D00:510A:5F55:DD1A:E5F1,false,31,dewiki,2024-10-27 15:44:37
358014709,Portal:Militär/Neue Artikel,Jesi,false,6,dewiki,2024-10-27 15:44:48
1833591010,Draft:Kamikadzedead,BrodyagaAgain,false,130,enwiki,2024-10-27 15:44:58
1833591106,Talk:2024 in spaceflight,Lomicto,false,511,enwiki,2024-10-27 15:45:22
1833591115,Circle Takes the Square,68.45.218.185,false,-27,enwiki,2024-10-27 15:45:24
358014702,Smečno,131.188.3.226,false,15,dewiki,2024-10-27 15:44:31
1833590913,Wikipedia:Requests for page protection,Cyberbot I,true,-2,enwiki,2024-10-27 15:44:31
1833591119,Telciu,Monkbot,true,2,enwiki,2024-10-27 15:45:23
1833590905,2024 Jiangxi Open – Singles,M9155,false,4,enwiki,2024-10-27 15:44:29
358014705,K League 1 2024,Jaanklaas,false,12,dewiki,2024-10-27 15:44:32
358014710,Pocco,Buch-t,false,272,dewiki,2024-10-27 15:44:48
1833591011,Shanghaied (SpongeBob SquarePants),Askarion,false,-499,enwiki,2024-10-27 15:44:59
1833591107,Razecueillé,Monkbot,true,1,enwiki,2024-10-27 15:45:19
1833590907,Vijay Sethupathi filmography,112.134.140.187,false,-108,enwiki,2024-10-27 15:44:26
1833590917,FC Volochanin-Ratmir Vyshny Volochyok,Monkbot,true,1,enwiki,2024-10-27 15:44:33
1833591000,Kostas Karras,Monkbot,true,1,enwiki,2024-10-27 15:44:56
1833591012,Hanna-Barbera,Guy Without Name,false,-63,enwiki,2024-10-27 15:44:55
1833591108,User:GebienD,GebienD,false,-174,enwiki,2024-10-27 15:45:23
1833591118,User:Xabier/sandbox,Xabier,false,15,enwiki,2024-10-27 15:45:26
358014700,Oberlainsitz,Aka,false,-4,dewiki,2024-10-27 15:44:28
1833590908,"Art galleries, centres and collections in Ireland",1ctinus,false,27,enwiki,2024-10-27 15:44:32
358014713,Salling Group,FriendsJonas,false,497,dewiki,2024-10-27 15:44:53
1833591001,Draft:Biggest lawsuit against usa police,Tidergamer789,false,-2,enwiki,2024-10-27 15:44:58
1833591014,Sausage roll,84.65.218.102,false,72,enwiki,2024-10-27 15:44:58
1833590909,Aikaterini Sarakatsani,Monkbot,true,1,enwiki,2024-10-27 15:44:30
1833591110,Bad Blood (2024),2601:84:8D00:B460:19F6:2819:C8FB:F0B6,false,47,enwiki,2024-10-27 15:45:21
358014701,Olivia Rodrigo/Diskografie,YGO24895,false,0,dewiki,2024-10-27 15:44:27
358014703,Leyes de Ayllón,92.210.50.4,false,28,dewiki,2024-10-27 15:44:33
1833590912,Over-the-top media service,Coolduckbird,false,601,enwiki,2024-10-27 15:44:31
1833591004,Togoland campaign,Timixion,false,-2,enwiki,2024-10-27 15:44:54
1833591112,Yétúndé (giving name),Bembety,false,282,enwiki,2024-10-27 15:45:24
1833590900,List of current champions in TNA Wrestling,Vjmlhds,false,2,enwiki,2024-10-27 15:44:29
358014704,Sour (Album),YGO24895,false,0,dewiki,2024-10-27 15:44:29
1833591005,That '90s Show,ThermodynamicLawyer,false,0,enwiki,2024-10-27 15:44:55
1833591113,Sailen Manna,CharlesWain,false,321,enwiki,2024-10-27 15:45:20
