1833362103,Shirli-Ann Siddall,Crowsus,false,43,enwiki,2024-10-27 01:37:21
1833362310,Category:People from Minster-in-Thanet,Ernsanchez00,false,15,enwiki,2024-10-27 01:37:45
1833362405,Wikipedia:Wiki Ed/University of Washington/ENV H Industrial Hygiene (Fall 2024),Calmsprite,false,19,enwiki,2024-10-27 01:37:58
1833362519,Octavio Muciño,Citation bot,true,124,enwiki,2024-10-27 01:38:14
1833362609,Liz Wheeler,FMSky,false,-195,enwiki,2024-10-27 01:38:33
1833362916,Amazon Prime Air,Trisz1020,false,1,enwiki,2024-10-27 01:39:13
1833363009,User:Memer15151,Memer15151,false,25,enwiki,2024-10-27 01:39:32
1833363113,2025 Syracuse mayoral election,Pichpich,false,78,enwiki,2024-10-27 01:39:49
357992502,Wolfgang Grupp jun.,Bahnmoeller,false,244,dewiki,2024-10-27 01:39:54
357992504,Shifra Lerer,Xocolatl,false,3,dewiki,2024-10-27 01:40:01
1833363417,"Kołłątaja Street, Bydgoszcz",Monkbot,true,3,enwiki,2024-10-27 01:40:19
1833363614,Category talk:Luxembourgish-language mass media,Tom.Reding,false,27,enwiki,2024-10-27 01:40:41
1833362102,Boreas (god),2A02:586:1E27:B5F5:B41C:1421:CB64:A071,false,93,enwiki,2024-10-27 01:37:17
1833362311,Category talk:Castles in Lower Saxony,Tom.Reding,false,61,enwiki,2024-10-27 01:37:44
1833362407,User:AlexNewArtBot/WomensFootballSearchResult,InceptionBot,true,1353,enwiki,2024-10-27 01:37:56
1833362612,Draft:Karman Line (disambiguation),65.92.246.77,false,-14,enwiki,2024-10-27 01:38:35
1833362917,Duchcov,Monkbot,true,1,enwiki,2024-10-27 01:39:14
1833363010,Podsedice,Monkbot,true,1,enwiki,2024-10-27 01:39:31
1833363116,List of federal political sex scandals in the United States,Mksword,false,30,enwiki,2024-10-27 01:39:47
1833363219,Category talk:Luxembourg in international cricket,Tom.Reding,false,13,enwiki,2024-10-27 01:40:00
1833363419,Category talk:Luxembourgian digital libraries,Tom.Reding,false,27,enwiki,2024-10-27 01:40:21
1833362104,Work It Out Wombats!,202.36.254.250,false,0,enwiki,2024-10-27 01:37:21
1833362312,Patheon,Entranced98,false,45,enwiki,2024-10-27 01:37:44
1833362406,Category talk:Mountains and hills of Lower Saxony,Tom.Reding,false,29,enwiki,2024-10-27 01:37:58
1833362502,User:Zerosprite,Zerosprite,false,40,enwiki,2024-10-27 01:38:13
1833362614,The Concert in Central Park,Rodericksilly,false,0,enwiki,2024-10-27 01:38:32
1833362700,Rosemary Deloford,Crowsus,false,43,enwiki,2024-10-27 01:38:44
1833362918,Category talk:Fossil fuels in Luxembourg,Tom.Reding,false,27,enwiki,2024-10-27 01:39:16
1833363012,Ping-pong diplomacy,Maxeto0910,false,-1,enwiki,2024-10-27 01:39:30
1833362108,Dorothy Round,Crowsus,false,43,enwiki,2024-10-27 01:37:18
1833362408,Draft:List of Scarlet Witch titles,Higher Further Faster,false,576,enwiki,2024-10-27 01:37:56
1833362503,Alastor (Hazbin Hotel),Knitsey,false,0,enwiki,2024-10-27 01:38:11
1833362702,Betty Uber,Crowsus,false,43,enwiki,2024-10-27 01:38:40
1833363014,Category talk:Hydroelectricity in Luxembourg,Tom.Reding,false,27,enwiki,2024-10-27 01:39:33
1833363103,Poet laureate,Montgomery28,false,73,enwiki,2024-10-27 01:39:36
1833362110,Anne Simpkin,Crowsus,false,43,enwiki,2024-10-27 01:37:22
1833362205,Austin Hill,Finn Shipley,false,8,enwiki,2024-10-27 01:37:28
1833362315,Antonios Papadopoulos (footballer),Monkbot,true,1,enwiki,2024-10-27 01:37:44
1833362411,Abreaction,Monkbot,true,1,enwiki,2024-10-27 01:37:58
1833362509,Lamine Yamal,FCBWanderer,false,-6,enwiki,2024-10-27 01:38:09
1833362705,Jeff Toyne,Dfortuna,false,111,enwiki,2024-10-27 01:38:45
1833363105,User:TheGoodGeneral 1,TheGoodGeneral 1,false,75,enwiki,2024-10-27 01:39:47
357992505,Fler (Album),RiJu90,false,-5,dewiki,2024-10-27 01:40:01
357992510,Concordia – Tödliche Utopie,Scripturus,false,178,dewiki,2024-10-27 01:40:15
1833363505,Akintola (name),Egbezomo Florence Eguono,false,14,enwiki,2024-10-27 01:40:30
1833362111,"Sarrazac, Dordogne",Monkbot,true,1,enwiki,2024-10-27 01:37:21
1833362207,Melanie South,Crowsus,false,43,enwiki,2024-10-27 01:37:28
1833362511,List of awards and nominations received by Troye Sivan,Dipper Dalmatian,false,0,enwiki,2024-10-27 01:38:12
1833362619,Metroid: Samus Returns,The Editor 155,false,8,enwiki,2024-10-27 01:38:32
1833362713,"Sveti Vid, Cerknica",Monkbot,true,2,enwiki,2024-10-27 01:38:44
1833363104,Futurity Trophy,Bcp67,false,-100,enwiki,2024-10-27 01:39:47
1833363402,List of Hulu original films,2601:447:CD7F:FFFF:4E8:9906:E2BC:93BF,false,-505,enwiki,2024-10-27 01:40:17
1833363506,Sam Mayer,Finn Shipley,false,7,enwiki,2024-10-27 01:40:28
1833362113,Alison Smith (tennis),Crowsus,false,43,enwiki,2024-10-27 01:37:22
1833362206,Draft:People From My Neighborhood,Phibeatrice,false,78,enwiki,2024-10-27 01:37:30
1833362317,Tommy Edman,Epok in town,false,81,enwiki,2024-10-27 01:37:44
1833362417,Great Sumatran fault,Dicklyon,false,-252,enwiki,2024-10-27 01:37:59
1833362514,"Oktyabrsk, Uchalinsky District, Republic of Bashkortostan",Monkbot,true,1,enwiki,2024-10-27 01:38:13
1833362600,Template talk:Mountain and hill ranges of Lower Saxony,Tom.Reding,false,29,enwiki,2024-10-27 01:38:32
1833362715,Lilian Watson,Crowsus,false,43,enwiki,2024-10-27 01:38:45
1833362800,Category talk:Golf people by Canadian province or territory,Simeon,false,45,enwiki,2024-10-27 01:38:56
1833363001,Leon Brittan,146.199.140.26,false,-19,enwiki,2024-10-27 01:39:27
1833363106,Aphorismus,Monkbot,true,1,enwiki,2024-10-27 01:39:48
357992506,Trigema,2A02:810D:A240:15B8:C0AF:79B9:7B9C:C4F6,false,24,dewiki,2024-10-27 01:40:06
1833363306,2024 Veikkausliiga,ThatStatMan,false,-7,enwiki,2024-10-27 01:40:05
1833363406,Ibn Hanbal,Mulla Shahzad,false,-4,enwiki,2024-10-27 01:40:20
1833363507,Pinoy Big Brother: Gen 11,Jfect22,false,0,enwiki,2024-10-27 01:40:23
1833362118,Valerie Scott (tennis),Crowsus,false,43,enwiki,2024-10-27 01:37:23
1833362211,Alfred Smoczyk Stadium,Monkbot,true,1,enwiki,2024-10-27 01:37:29
1833362318,2024–25 Premiership Rugby,SimplyLouis27,false,554,enwiki,2024-10-27 01:37:41
1833362512,Cotton Club,174.182.84.157,false,-4,enwiki,2024-10-27 01:38:12
1833362714,2024 PBA Governors' Cup finals,Dieter Lloyd Wexler,false,3,enwiki,2024-10-27 01:38:43
1833362816,The Codes,Monkbot,true,1,enwiki,2024-10-27 01:38:57
1833362901,Category talk:F91 Dudelange,Tom.Reding,false,26,enwiki,2024-10-27 01:39:13
1833363002,Talk:Jadaun (clan),Thebiguglyalien,false,1,enwiki,2024-10-27 01:39:30
1833363110,1924 United States presidential election,200.68.150.204,false,-1,enwiki,2024-10-27 01:39:42
1833363203,Category talk:Gridiron football people by Canadian province or territory,Simeon,false,71,enwiki,2024-10-27 01:39:58
357992508,Portal:Sachsen/Projekt:Kulturdenkmale/ID ungültig/0,Cookroach,false,-562,dewiki,2024-10-27 01:40:10
357992511,Wikipedia Diskussion:Kurier,Fiona B.,false,134,dewiki,2024-10-27 01:40:17
1833363510,Category talk:Luxembourgian saints,Tom.Reding,false,17,enwiki,2024-10-27 01:40:31
1833362210,Charles Veitch,94.18.184.65,false,0,enwiki,2024-10-27 01:37:31
1833362306,John Mackenzie (VC),2A02:A03F:8A24:3600:3222:EAC8:A691:8657,false,33,enwiki,2024-10-27 01:37:43
1833362401,User:InceptionBot/NewPageSearch/WomensFootball/log,InceptionBot,true,-473,enwiki,2024-10-27 01:37:57
1833362516,User:LightBlueTTT/sandbox,LightBlueTTT,false,1099,enwiki,2024-10-27 01:38:15
1833362602,User:MacronMonitor/LinkAlerts,MacronMonitor,false,269,enwiki,2024-10-27 01:38:31
1833362716,Category talk:Business organisations based in Luxembourg,Tom.Reding,false,27,enwiki,2024-10-27 01:38:46
1833362904,Battle of Kirkhbulakh,Noorullah21,false,-433,enwiki,2024-10-27 01:39:12
1833363003,Talk:Jumoke Raji,Wizardman,false,20,enwiki,2024-10-27 01:39:31
357992500,London Boys,Glamourqueen,false,-2,dewiki,2024-10-27 01:39:48
1833363207,User:Dicklyon/2024 move log,Dicklyon,false,155,enwiki,2024-10-27 01:39:59
357992507,Wikipedia:Redaktion Biologie/Qualitätssicherung,Olaf Studt,false,1,dewiki,2024-10-27 01:39:59
1833363317,Louis Claude Noisette,UnreasonableMang0,false,396,enwiki,2024-10-27 01:40:09
1833363412,Tkay Maidza,Dipper Dalmatian,false,17,enwiki,2024-10-27 01:40:19
357992512,Trattnerit,Bubenik,false,2828,dewiki,2024-10-27 01:40:27
1833363512,Talk:First Battle of Panipat,SMcCandlish,false,0,enwiki,2024-10-27 01:40:31
1833362100,Anne Shilcock,Crowsus,false,43,enwiki,2024-10-27 01:37:21
1833362307,File:2024 Royal Visit Sydney.jpg,2001:2D8:E708:8390:A9CD:55D8:AE6B:66C,false,21,enwiki,2024-10-27 01:37:44
1833362403,Saint-Aubin-de-Médoc,Monkbot,true,1,enwiki,2024-10-27 01:37:54
1833362518,Category talk:Populated places in Lower Saxony,Tom.Reding,false,29,enwiki,2024-10-27 01:38:15
1833362603,Thames Ditton railway station,143.159.160.0,false,256,enwiki,2024-10-27 01:38:32
1833362718,List of serving senior officers of the Royal Navy,27.125.133.224,false,12,enwiki,2024-10-27 01:38:45
1833362914,Utazu,2601:249:187F:A0D0:8446:B2B0:E793:844E,false,-1,enwiki,2024-10-27 01:39:13
357992501,Liste der Schraubenkopfantriebe,Andrew Pertsev,false,205,dewiki,2024-10-27 01:39:45
1833363209,2024 Pan Continental Curling Championships,Traveltheglobe,false,44,enwiki,2024-10-27 01:39:53
1833363319,Danganronpa: Unlimited Battle,MusikBot II,true,17,enwiki,2024-10-27 01:40:09
1833363413,List of 500cc/MotoGP polesitters,Dieter Lloyd Wexler,false,0,enwiki,2024-10-27 01:40:17
1833363607,Diskoteka Avariya,Flat5263,false,16,enwiki,2024-10-27 01:40:40
1833363812,Prébois,Monkbot,true,1,enwiki,2024-10-27 01:41:07
1833364019,Megan Thee Stallion,SZAIsMother,false,-10,enwiki,2024-10-27 01:41:29
1833364305,Mechanics Hall,Dmoore5556,false,246,enwiki,2024-10-27 01:42:12
1833363813,Armenia women's national football team,Neiltonks,false,-59,enwiki,2024-10-27 01:41:04
1833364103,User talk:Cmglee,Uwappa,false,3681,enwiki,2024-10-27 01:41:46
1833364306,List of Apple TV+ original films,2601:447:CD7F:FFFF:4E8:9906:E2BC:93BF,false,9,enwiki,2024-10-27 01:42:09
1833363705,Category talk:Narrow gauge railways in Luxembourg,Tom.Reding,false,27,enwiki,2024-10-27 01:40:55
1833363819,Nunton,Entranced98,false,52,enwiki,2024-10-27 01:41:08
1833363908,Wikipedia:Attack sites,JuniperChill,false,122,enwiki,2024-10-27 01:41:21
1833364002,Maracich v. Spears,Lethargilistic,false,-2,enwiki,2024-10-27 01:41:35
357992519,Wikipedia:Qualitätssicherung/27. Oktober 2024,AxelHH,false,467,dewiki,2024-10-27 01:41:40
1833364107,Category talk:Terrorist incidents in Luxembourg,Tom.Reding,false,25,enwiki,2024-10-27 01:41:49
1833364201,...And Justice for All (film),Nativeoftwostates,false,6,enwiki,2024-10-27 01:42:00
1833364309,Phulki (TV series),KJKDITY,false,8,enwiki,2024-10-27 01:42:10
1833363706,Leon Brittan,146.199.140.26,false,43,enwiki,2024-10-27 01:40:52
1833363912,Striped mud turtle,Bloopityboop,false,61,enwiki,2024-10-27 01:41:19
1833364006,User:MacronMonitor/Alerts,MacronMonitor,false,255,enwiki,2024-10-27 01:41:35
1833364109,Krychów,Monkbot,true,1,enwiki,2024-10-27 01:41:49
1833364203,Zakaria El Ayeb,Cr7fromTUN,false,0,enwiki,2024-10-27 01:42:01
1833363711,Karolina of Legnica-Brieg,Monkbot,true,2,enwiki,2024-10-27 01:40:55
357992516,Vorlage Diskussion:Bilderwunsch,Herzi Pinki,false,218,dewiki,2024-10-27 01:40:59
1833363913,Evgenia Chernyshyova,Monkbot,true,1,enwiki,2024-10-27 01:41:20
357992517,Jagdstörung,AxelHH,false,476,dewiki,2024-10-27 01:41:32
1833364005,Category talk:Sport in Luxembourg (Belgium),Tom.Reding,false,27,enwiki,2024-10-27 01:41:36
1833364110,Template:Kansas City Royals roster,The Banner,false,31,enwiki,2024-10-27 01:41:50
1833364204,Draft:Gandhi Bhawan Jammu,122.161.240.143,false,-35,enwiki,2024-10-27 01:42:00
1833364314,Template talk:Luxembourg Division of Honour clubs,Tom.Reding,false,27,enwiki,2024-10-27 01:42:13
1833363712,Star Alliance,SuperCoolDude271,false,0,enwiki,2024-10-27 01:40:48
1833363915,Amin Sarr,ReaperSox,false,14,enwiki,2024-10-27 01:41:20
1833364008,User talk:Fosterlagoon364,VolatileAnomaly,false,896,enwiki,2024-10-27 01:41:37
1833364116,February 6 Intifada,84.219.212.111,false,-19,enwiki,2024-10-27 01:41:50
1833364205,2024 Tennessee State Tigers football team,Motdattan,false,0,enwiki,2024-10-27 01:42:00
1833364315,People From My Neighborhood,Phibeatrice,false,92,enwiki,2024-10-27 01:42:13
1833363719,2024 FIFA U-17 Women's World Cup,Tomrtn,false,-105,enwiki,2024-10-27 01:40:53
1833363801,User:AnomieBOT/EPERTable,AnomieBOT,false,-413,enwiki,2024-10-27 01:41:07
1833363916,Aurora Teagarden,Samuel Ekhator,false,308,enwiki,2024-10-27 01:41:19
1833364009,Irene Scharrer,2A00:23C6:5D0F:8701:1901:FD3D:F269:EF4,false,110,enwiki,2024-10-27 01:41:35
1833364119,Imam Ahmed,Mulla Shahzad,false,2,enwiki,2024-10-27 01:41:53
1833364210,Humpty Sharma Ki Dulhania,Kolya75Media,false,9,enwiki,2024-10-27 01:42:01
1833364316,Almayrac,Monkbot,true,1,enwiki,2024-10-27 01:42:11
357992514,Vicentinópolis,Mewa767,false,-10,dewiki,2024-10-27 01:40:48
1833363804,List of Hulu original films,2601:447:CD7F:FFFF:4E8:9906:E2BC:93BF,false,-56,enwiki,2024-10-27 01:41:06
1833363917,Category talk:Railway stations in Mamer,Tom.Reding,false,56,enwiki,2024-10-27 01:41:22
1833364013,Pantokratoros Monastery (Meteora),Monkbot,true,2,enwiki,2024-10-27 01:41:36
1833364211,Mohammed bin Salman,GlueHeart7,false,2,enwiki,2024-10-27 01:41:54
1833364318,Three wise monkeys,Isakmonkey67,false,-114,enwiki,2024-10-27 01:42:12
1833363806,Category talk:Rail transport preservation in Luxembourg,Tom.Reding,false,27,enwiki,2024-10-27 01:41:08
1833364014,Agada (name),Emmanuella643,false,19,enwiki,2024-10-27 01:41:37
1833364217,Template talk:F91 Dudelange squad,Tom.Reding,false,26,enwiki,2024-10-27 01:42:03
1833363811,List of 500cc/MotoGP polesitters,Dieter Lloyd Wexler,false,-16,enwiki,2024-10-27 01:41:05
1833364018,List of 500cc/MotoGP polesitters,Dieter Lloyd Wexler,false,-4,enwiki,2024-10-27 01:41:35
1833364216,Tadeusz Kotarbiński,Monkbot,true,1,enwiki,2024-10-27 01:42:02
1833364300,2024–25 AEK Athens F.C. season,91.140.52.156,false,53,enwiki,2024-10-27 01:42:04
1833364504,Category talk:Business organizations based in Macau,Tom.Reding,false,22,enwiki,2024-10-27 01:42:37
1833364615,User talk:Karnataka,Karnataka,false,282,enwiki,2024-10-27 01:42:49
1833364806,Wikipedia:Administrator intervention against vandalism,Blablubbs,false,423,enwiki,2024-10-27 01:43:17
1833364506,Hamza Jelassi,Cr7fromTUN,false,-2,enwiki,2024-10-27 01:42:37
1833364617,Hiromi Kawakami,Phibeatrice,false,32,enwiki,2024-10-27 01:42:48
1833364807,Talk:Liddy Clark,197.16.249.157,false,628,enwiki,2024-10-27 01:43:18
1833364513,Tom Bush (Australian footballer),Justin Kelly,false,104,enwiki,2024-10-27 01:42:37
1833364618,Category talk:Muay Thai competitions in Macau,Tom.Reding,false,22,enwiki,2024-10-27 01:42:50
1833364701,February 6 Intifada,R0paire-wiki,false,332,enwiki,2024-10-27 01:43:01
1833364808,2024–25 Moldovan Super Liga,ThatStatMan,false,15,enwiki,2024-10-27 01:43:17
1833364619,Bolshaya Izhora,Monkbot,true,1,enwiki,2024-10-27 01:42:49
1833364702,Doug Sides,2A01:4B00:D215:3C00:489E:8DF:1A3C:312D,false,668,enwiki,2024-10-27 01:43:02
1833364816,Rufinus (Byzantine official),Monkbot,true,1,enwiki,2024-10-27 01:43:19
1833364706,Matthew's Days,Monkbot,true,1,enwiki,2024-10-27 01:43:02
1833364817,Mahmood (singer),176.32.24.56,false,-5,enwiki,2024-10-27 01:43:16
1833364902,Category talk:Baseball people by Canadian province or territory,Simeon,false,45,enwiki,2024-10-27 01:43:31
1833364400,Amund Sjølie Sveen,Browemote,false,99,enwiki,2024-10-27 01:42:23
1833364704,Sajid Khan Mohmand,2001:8F8:1D6F:A30A:7D0C:994E:2617:F7B8,false,60,enwiki,2024-10-27 01:43:01
1833364818,2024 BWF season,Ferdy Xu,false,4,enwiki,2024-10-27 01:42:57
1833364402,Agada (name),Emmanuella643,false,199,enwiki,2024-10-27 01:42:23
1833364705,List of Kamala Harris 2024 presidential campaign non-political endorsements,Amonsempai11,false,-100,enwiki,2024-10-27 01:42:33
1833364905,Lingaya Kalingaraya Gounder,JayTee32,false,-87,enwiki,2024-10-27 01:43:32
1833364407,Template talk:Luxembourgian Footballer of the Year,Tom.Reding,false,75,enwiki,2024-10-27 01:42:23
1833364711,Category talk:Wushu competitions in Macau,Tom.Reding,false,22,enwiki,2024-10-27 01:43:04
1833364801,Category talk:Aviation magazines,Tom.Reding,false,26,enwiki,2024-10-27 01:43:18
1833364915,Nizhneivkino,Monkbot,true,1,enwiki,2024-10-27 01:43:32
1833364409,Anaxagoras (mythology),Monkbot,true,1,enwiki,2024-10-27 01:42:24
1833364714,Irene Scharrer,2A00:23C6:5D0F:8701:1901:FD3D:F269:EF4,false,21,enwiki,2024-10-27 01:43:03
1833364802,Viktor Gyökeres,92.35.32.101,false,22,enwiki,2024-10-27 01:43:14
1833364613,Leclerc XLR,TravelerFromEuropeanUnion,false,1140,enwiki,2024-10-27 01:42:49
1833364716,Controversy in Russia regarding the legitimacy of eastward NATO expansion,Pmac54,false,19,enwiki,2024-10-27 01:43:02
1833364803,2019 Indonesian general election,Number 57,false,4,enwiki,2024-10-27 01:43:11
1833365113,Talk:Spider-Man: No Way Home,Rusted AutoParts,false,-213,enwiki,2024-10-27 01:44:06
1833365201,Category talk:Condé Nast magazines,Tom.Reding,false,26,enwiki,2024-10-27 01:44:19
1833365008,Maria Anna Mozart,Gonnym,false,-50,enwiki,2024-10-27 01:43:48
1833365114,Dimitrios Regas,Monkbot,true,1,enwiki,2024-10-27 01:44:07
1833365202,Amykles,Monkbot,true,2,enwiki,2024-10-27 01:44:18
1833365011,User:Jjpachano/sandbox6,Jjpachano,false,42490,enwiki,2024-10-27 01:43:47
1833365117,Category talk:Children's magazines published in the United Arab Emirates,Tom.Reding,false,26,enwiki,2024-10-27 01:44:09
1833365203,Hanna Reitsch,49.195.3.189,false,9,enwiki,2024-10-27 01:44:17
1833365013,Draft:Ilker Furat,Heathbar1981,false,-1,enwiki,2024-10-27 01:43:51
1833365209,Talk:First Battle of Panipat,Noorullah21,false,16,enwiki,2024-10-27 01:44:18
1833365210,Viktor Gyökeres,92.35.32.101,false,-11,enwiki,2024-10-27 01:44:15
1833365019,Poet laureate,Montgomery28,false,95,enwiki,2024-10-27 01:43:41
1833365218,Political colour,Lucafrehley,false,-130,enwiki,2024-10-27 01:44:16
1833365101,Honveer Singh Randhawa,2604:3D08:8080:CAE0:A0A7:7771:9C5C:C15C,false,-87,enwiki,2024-10-27 01:44:04
1833365112,2024–25 Scottish League One,86.178.247.103,false,18,enwiki,2024-10-27 01:44:03
1833365508,United States women's national under-17 soccer team,Demt1298,false,227,enwiki,2024-10-27 01:45:00
1833365609,User:Thayts,Thayts,false,0,enwiki,2024-10-27 01:45:13
1833365714,Kyle Sieg,Finn Shipley,false,8,enwiki,2024-10-27 01:45:22
1833365805,Aktisanes,97.116.160.235,false,-244,enwiki,2024-10-27 01:45:32
1833365303,1978 Tabas earthquake,Dawnseeker2000,false,-47,enwiki,2024-10-27 01:44:32
1833365410,Israel–Hamas war,Unbandito,false,394,enwiki,2024-10-27 01:44:18
1833365511,Seattle Times Building,SounderBruce,false,1230,enwiki,2024-10-27 01:45:03
1833365611,Category talk:Lifestyle magazines published in Turkey,Tom.Reding,false,26,enwiki,2024-10-27 01:45:13
1833365718,The Woman in Cabin 10,2601:447:CD7F:FFFF:4E8:9906:E2BC:93BF,false,-29,enwiki,2024-10-27 01:45:23
1833365806,Aditya Belnekar,Guessitsavis,false,99,enwiki,2024-10-27 01:45:31
1833365304,Category talk:Equine magazines published in Kentucky,Tom.Reding,false,26,enwiki,2024-10-27 01:44:33
1833365512,Unified Silla,00101984hjw,false,-1,enwiki,2024-10-27 01:45:02
1833365610,Chaudhary Ahsaanullah Virk,SheriffIsInTown,false,-60,enwiki,2024-10-27 01:45:12
1833365719,Category talk:Literary magazines published in France,Tom.Reding,false,26,enwiki,2024-10-27 01:45:24
1833365812,Southern Knights,NukeofEarl,false,825,enwiki,2024-10-27 01:45:33
1833365309,Giant sable antelope,Fnardin,false,-11,enwiki,2024-10-27 01:44:33
1833365418,Troy Cassar-Daley,Dipper Dalmatian,false,-10,enwiki,2024-10-27 01:44:46
1833365514,Next Portuguese legislative election,Number 57,false,4,enwiki,2024-10-27 01:45:02
1833365614,Bae Hyun-jin,Seefooddiet,false,37,enwiki,2024-10-27 01:45:12
1833365315,Třebom,Monkbot,true,1,enwiki,2024-10-27 01:44:33
1833365513,Mathu Vadalara 2,2601:644:8E80:D800:7412:C5E5:D355:D01B,false,145,enwiki,2024-10-27 01:45:03
1833365615,Maurice Macmillan,146.199.140.26,false,-80,enwiki,2024-10-27 01:45:12
1833365817,People From My Neighborhood,Jenny8lee,false,12,enwiki,2024-10-27 01:45:33
1833365316,User talk:Maxbarlow12,Helpful Raccoon,false,-788,enwiki,2024-10-27 01:44:35
1833365515,Keramidia,Monkbot,true,1,enwiki,2024-10-27 01:45:03
1833365818,Right to sit,Bohemian Baltimore,false,1,enwiki,2024-10-27 01:45:31
1833365318,Polar Subglacial Basin,Neiltonks,false,55,enwiki,2024-10-27 01:44:35
1833365400,Colors (film),TJSwoboda,false,1,enwiki,2024-10-27 01:44:46
1833365500,2024–25 Utah Hockey Club season,HalfOfAnOrange,false,254,enwiki,2024-10-27 01:44:59
1833365518,Kyle Weatherman,Finn Shipley,false,8,enwiki,2024-10-27 01:45:01
1833365317,Eleven (Stranger Things),I am RedoStone,false,96,enwiki,2024-10-27 01:44:35
1833365402,Tuyushevo,Monkbot,true,2,enwiki,2024-10-27 01:44:46
1833365602,The Woman in Cabin 10,2601:447:CD7F:FFFF:4E8:9906:E2BC:93BF,false,0,enwiki,2024-10-27 01:45:12
1833365506,User:KylieTastic/AfC log,KylieTastic,false,108,enwiki,2024-10-27 01:44:57
1833365604,Howard Keys,Bringingthewood,false,-18,enwiki,2024-10-27 01:45:12
1833365705,Sing (2016 American film),2600:8801:8805:8100:852D:F083:9EF2:8806,false,48,enwiki,2024-10-27 01:45:18
1833365300,Nowe Łozice,Monkbot,true,1,enwiki,2024-10-27 01:44:30
1833365406,Blaine Perkins,Finn Shipley,false,8,enwiki,2024-10-27 01:44:45
1833365507,Cleveland Browns Radio Network,WAVY 10 Fan,false,427,enwiki,2024-10-27 01:45:00
1833365606,Charlie Morningstar,100.12.183.104,false,10,enwiki,2024-10-27 01:45:11
1833365713,Order of the Military Cross,Monkbot,true,1,enwiki,2024-10-27 01:45:22
1833365802,Bydgoszcz University of Science and Technology,Monkbot,true,1,enwiki,2024-10-27 01:45:31
1833365915,Category talk:Literary magazines published in Russia,Tom.Reding,false,20,enwiki,2024-10-27 01:45:47
1833366303,Secretary of State for Dominion Affairs,Dgp4004,false,11,enwiki,2024-10-27 01:46:29
1833366411,Poet laureate,Montgomery28,false,90,enwiki,2024-10-27 01:46:34
1833366307,2025 Houston Astros season,TizonayBabieca,false,8,enwiki,2024-10-27 01:46:29
1833366412,"Chestnut Grove, Buckingham County, Virginia",Dubstar44,false,-19,enwiki,2024-10-27 01:46:44
1833366010,Category talk:Literary magazines published in the Czech Republic,Tom.Reding,false,26,enwiki,2024-10-27 01:46:01
1833366206,The Red Fighter Pilot,Uriahheep228,false,28,enwiki,2024-10-27 01:46:20
1833366311,Musnad Ibn Hanbal,Mulla Shahzad,false,-230,enwiki,2024-10-27 01:46:29
1833366413,Arcade Fire,Rodericksilly,false,38,enwiki,2024-10-27 01:46:40
1833366011,"Radoszyce, Świętokrzyskie Voivodeship",Monkbot,true,5,enwiki,2024-10-27 01:46:00
1833366208,Leland Honeyman,Finn Shipley,false,8,enwiki,2024-10-27 01:46:20
1833366312,User talk:Wikidea,Akaibu,false,1187,enwiki,2024-10-27 01:46:28
1833366414,"Janet Young, Baroness Young",Jean-de-Nivelle,false,-51,enwiki,2024-10-27 01:46:44
1833366017,Jeremy Clements,Finn Shipley,false,8,enwiki,2024-10-27 01:45:58
1833366209,Jan Piłsudski,Monkbot,true,1,enwiki,2024-10-27 01:46:21
1833366314,Howard Keys,Bringingthewood,false,4,enwiki,2024-10-27 01:46:30
1833366415,Category talk:Magazines published in England,Tom.Reding,false,26,enwiki,2024-10-27 01:46:45
1833365900,Infantry Attacks,Uriahheep228,false,28,enwiki,2024-10-27 01:45:45
1833366212,Category talk:Magazines published in Arizona,Tom.Reding,false,-3,enwiki,2024-10-27 01:46:21
1833366317,Kritsa,Monkbot,true,1,enwiki,2024-10-27 01:46:30
1833366416,Agios Floros,Monkbot,true,1,enwiki,2024-10-27 01:46:44
1833365901,2024 deaths in the United Kingdom,This is Paul,false,19,enwiki,2024-10-27 01:45:40
1833366112,Charles Augustus Young,2603:6011:D700:1CB1:22E2:71E0:A9F3:C1AE,false,-214,enwiki,2024-10-27 01:46:09
1833366215,Beth Dunkenberger,2600:8806:A601:3900:286:2938:4596:6E2F,false,179,enwiki,2024-10-27 01:46:22
1833366319,Wikipedia:WikiProject Deletion sorting/Law,Akaibu,false,58,enwiki,2024-10-27 01:46:29
1833366404,Cadeilhan-Trachère,Monkbot,true,1,enwiki,2024-10-27 01:46:41
1833366417,Aditya Belnekar,Guessitsavis,false,0,enwiki,2024-10-27 01:46:45
1833365903,Antonio Salazar (footballer),Citation bot,true,19,enwiki,2024-10-27 01:45:45
1833366113,Fred Fortin,174.89.226.159,false,112,enwiki,2024-10-27 01:46:12
1833366403,2024 Big 12 Conference football season,Smitty Smitty,false,0,enwiki,2024-10-27 01:46:36
1833365906,Connie's Inn,174.182.84.157,false,0,enwiki,2024-10-27 01:45:46
1833366115,Category talk:Magazines about Nintendo,Tom.Reding,false,28,enwiki,2024-10-27 01:46:11
1833366409,The Rock-afire Explosion,IntransigentToad,false,368,enwiki,2024-10-27 01:46:43
1833365914,Category talk:Field hockey people from Quebec,Simeon,false,71,enwiki,2024-10-27 01:45:46
1833366118,User talk:Alekksandr,I dream of horses,false,776,enwiki,2024-10-27 01:46:08
1833366300,Speed (Australian band),Dipper Dalmatian,false,58,enwiki,2024-10-27 01:46:29
1833366410,Wikipedia talk:WikiProject Formula One,Mb2437,false,612,enwiki,2024-10-27 01:46:42
1833366614,Talk:The World's Billionaires,2600:1702:5346:1600:70A4:F13B:F683:4CD4,false,388,enwiki,2024-10-27 01:47:12
1833366710,2024–25 National League 2 East,Jgjsmith006,false,-66,enwiki,2024-10-27 01:47:27
1833366802,Monocerotesa proximesta,Plantdrew,false,-194,enwiki,2024-10-27 01:47:38
1833366913,Puydaniel,Monkbot,true,1,enwiki,2024-10-27 01:47:49
1833367004,Alastor (Hazbin Hotel),100.12.183.104,false,6,enwiki,2024-10-27 01:48:03
1833366504,Wikipedia talk:Categorizing articles about people,HouseBlaster,false,533,enwiki,2024-10-27 01:46:56
1833366601,NASCAR Cup Series at Homestead–Miami,2603:6000:D000:A2A:C31:522:2B39:32D9,false,203,enwiki,2024-10-27 01:47:10
1833366617,Beth Dunkenberger,LizardJr8,false,-179,enwiki,2024-10-27 01:47:14
1833366803,Wikipedia:Village pump (technical)/topic list,Cewbot,true,414,enwiki,2024-10-27 01:47:39
357992610,Liste der Studentenverbindungen in Marburg,Der Marburger Historiker,false,22,dewiki,2024-10-27 01:47:49
1833366914,Chang Taek-sang,Seefooddiet,false,47,enwiki,2024-10-27 01:47:50
357992611,Liste der Schutzgebiete in Albanien,2A04:EE41:3:C08C:3965:24A3:3719:CAE2,false,99,dewiki,2024-10-27 01:47:46
357992612,Signalstationen in Yorkshire,Veleius,false,102,dewiki,2024-10-27 01:48:01
1833367006,Bully (album),177.240.107.57,false,2,enwiki,2024-10-27 01:48:04
1833366508,User:Michelangelo1992/sandbox,Michelangelo1992,false,2,enwiki,2024-10-27 01:46:57
1833366602,Talk:Moisés Costa Ferreira,Bot1058,true,13,enwiki,2024-10-27 01:47:13
1833366804,Talk:Billy McCombe,Jevansen,false,9,enwiki,2024-10-27 01:47:39
1833366915,Ronda Rousey,174.251.64.84,false,0,enwiki,2024-10-27 01:47:27
1833367005,Template:SE Asia plates,Dicklyon,false,0,enwiki,2024-10-27 01:48:06
1833366509,Saint-Andéol-de-Vals,Monkbot,true,1,enwiki,2024-10-27 01:46:55
1833366603,Gorilla Tag,RTLSigma1235,false,-7,enwiki,2024-10-27 01:47:12
1833366619,Neurocysticercosis,Karol739,false,-48,enwiki,2024-10-27 01:47:11
357992602,Ulf Miehe,Si! SWamP,false,11,dewiki,2024-10-27 01:47:27
1833366805,The Rock-afire Explosion,IntransigentToad,false,0,enwiki,2024-10-27 01:47:39
1833367007,2024 Big 12 Conference football season,Smitty Smitty,false,0,enwiki,2024-10-27 01:47:58
1833366604,Category talk:Magazines published in Ireland,Tom.Reding,false,26,enwiki,2024-10-27 01:47:12
357992607,Luis de Pablo,Si! SWamP,false,35,dewiki,2024-10-27 01:47:39
1833367010,Category talk:Magazines published in Nepal,Tom.Reding,false,26,enwiki,2024-10-27 01:48:07
1833366513,2024–25 Ukrainian Second League,185.155.90.88,false,45,enwiki,2024-10-27 01:46:55
1833366606,Giuseppe Farina,5225C,false,88,enwiki,2024-10-27 01:47:04
1833366806,2024 United States presidential election,Paintspot,false,-3,enwiki,2024-10-27 01:47:09
1833367013,The Seductress from Hell,KingArti,false,546,enwiki,2024-10-27 01:48:06
1833366608,Reincarnation,Lewisguile,false,454,enwiki,2024-10-27 01:46:59
1833366700,Kendrick Lamar,Soetermans,false,-24,enwiki,2024-10-27 01:47:11
1833366807,Category talk:Magazines published in Lebanon,Tom.Reding,false,2,enwiki,2024-10-27 01:47:40
357992613,Heinrich II. von Sternberg,"Herr Lehrer, ich weiß was!",false,-10,dewiki,2024-10-27 01:48:03
1833367014,Anthony Alfredo,Finn Shipley,false,8,enwiki,2024-10-27 01:48:05
357992614,Amnesie,Florian-Zet,false,595,dewiki,2024-10-27 01:48:11
1833366515,User talk:Gustavopounds,Gustavopounds,false,5,enwiki,2024-10-27 01:46:58
1833366706,Hanková,Monkbot,true,2,enwiki,2024-10-27 01:47:29
1833366808,Category:Botanists active in the Philippines,Smasongarrison,false,10,enwiki,2024-10-27 01:47:40
357992609,Ilse Killer,M2k~dewiki,false,17,dewiki,2024-10-27 01:47:49
1833366903,User:MacronMonitor/LinkAlerts,MacronMonitor,false,269,enwiki,2024-10-27 01:47:50
1833367016,"Albert I, Duke of Saxony",Monkbot,true,1,enwiki,2024-10-27 01:48:07
1833366517,2012 Louisiana–Monroe Warhawks football team,Mes tex,false,24,enwiki,2024-10-27 01:46:57
1833366615,Staromuynakovo,Monkbot,true,2,enwiki,2024-10-27 01:47:13
1833366707,Category talk:Magazines published in Kenya,Tom.Reding,false,26,enwiki,2024-10-27 01:47:29
357992604,Diskussion:Binomische Formeln,SeemameeS,false,241,dewiki,2024-10-27 01:47:30
357992608,Julian Nida-Rümelin,2A02:810A:8C0:5338:0:0:0:CA0A,false,3,dewiki,2024-10-27 01:47:39
1833366907,Wikipedia:Sockpuppet investigations/Farhan Rana Rajpoot,Izno,false,109,enwiki,2024-10-27 01:47:52
1833367017,BethAnn McLaughlin,MagicatthemovieS,false,30,enwiki,2024-10-27 01:48:06
1833366519,2024 in Scotland,This is Paul,false,323,enwiki,2024-10-27 01:46:53
1833366613,Talk:Jimmy Dick (rugby union),Jevansen,false,1,enwiki,2024-10-27 01:47:14
357992600,Simon Koschut,AxelHH,false,2,dewiki,2024-10-27 01:47:19
357992601,Full Force (Musikfestival),Benjamin Golub,false,330,dewiki,2024-10-27 01:47:24
1833366709,2024 in Scotland,This is Paul,false,94,enwiki,2024-10-27 01:47:25
1833366800,Domna Samiou,Monkbot,true,1,enwiki,2024-10-27 01:47:38
1833366908,GameFAQs,Zorakbatmantis,false,247,enwiki,2024-10-27 01:47:50
1833367000,Ropavske,Monkbot,true,2,enwiki,2024-10-27 01:48:04
1833367106,Musnad Ibn Hanbal,Mulla Shahzad,false,0,enwiki,2024-10-27 01:48:16
1833367112,Nathaniël Will,IvanScrooge98,false,-19,enwiki,2024-10-27 01:48:19
1833367113,Hanna Reitsch,49.195.3.189,false,7,enwiki,2024-10-27 01:48:18
1833367114,Chiarini's Royal Italian Circus,EssNS,false,-16,enwiki,2024-10-27 01:48:20
1833367115,Sing (2016 American film),2600:8801:8805:8100:852D:F083:9EF2:8806,false,46,enwiki,2024-10-27 01:48:16
1833367116,Category talk:Magazines published in Nigeria,Tom.Reding,false,26,enwiki,2024-10-27 01:48:20
1833367304,Talk:Dead Ringers (film),Mushy Yank,false,-4,enwiki,2024-10-27 01:48:43
1833367404,Dorian Boose,Kelliecharging,false,231,enwiki,2024-10-27 01:48:52
1833367508,Playdate (film),KingArti,false,-21,enwiki,2024-10-27 01:49:07
1833367619,2024 Oklahoma State Cowboys football team,Smitty Smitty,false,6,enwiki,2024-10-27 01:49:22
1833367711,Suppasit Jongcheveevat,CalebStein1,false,26,enwiki,2024-10-27 01:49:33
1833367411,2024 in Scotland,This is Paul,false,-21,enwiki,2024-10-27 01:48:47
1833367511,Category talk:Magazines published in Wisconsin,Tom.Reding,false,26,enwiki,2024-10-27 01:49:08
1833367600,Category talk:Motorcycle magazines,Tom.Reding,false,26,enwiki,2024-10-27 01:49:22
1833367712,Ibn Ḥanbal,Mulla Shahzad,false,-239,enwiki,2024-10-27 01:49:33
1833367200,Vladislav Sirotov,KibolLP,false,159,enwiki,2024-10-27 01:48:30
1833367410,Sing (2016 American film),LizardJr8,false,-46,enwiki,2024-10-27 01:48:51
1833367512,Cheong Yang-seog,Seefooddiet,false,29,enwiki,2024-10-27 01:49:07
1833367601,User talk:Dunarc,Dunarc,false,128,enwiki,2024-10-27 01:48:59
1833367714,Konstantina Kouneva,Monkbot,true,2,enwiki,2024-10-27 01:49:36
1833367205,List of people convicted of treason,69.120.198.215,false,32,enwiki,2024-10-27 01:48:29
1833367414,Demente (song),Weelilbit,false,6,enwiki,2024-10-27 01:48:52
1833367518,List of guests at the state funeral of Elizabeth II,Citation bot,true,24,enwiki,2024-10-27 01:48:59
1833367603,Kaiserhofstraße 12,Uriahheep228,false,-3,enwiki,2024-10-27 01:49:23
1833367715,Wikipedia talk:Requests for comment/Jagged 85/Cleanup7,Dragoon17,false,-25,enwiki,2024-10-27 01:49:28
1833367206,Category talk:Magazines published in Pennsylvania,Tom.Reding,false,2,enwiki,2024-10-27 01:48:31
1833367415,List of people convicted of treason,R0paire-wiki,false,-32,enwiki,2024-10-27 01:48:52
1833367604,User talk:Binksternet,Binksternet,false,131,enwiki,2024-10-27 01:49:21
1833367716,Talk:Josephine de Karman,65.92.246.77,false,79,enwiki,2024-10-27 01:49:37
1833367215,Talk:Codex Monacensis (X 033)/GA1,LEvalyn,false,1914,enwiki,2024-10-27 01:48:32
1833367417,Scott Weiland,Soetermans,false,-68,enwiki,2024-10-27 01:48:49
1833367606,User:BarntToust,BarntToust,false,924,enwiki,2024-10-27 01:49:24
1833367216,Félix (TV series),Jac752023,false,63,enwiki,2024-10-27 01:48:31
1833367612,Aiguèze,Monkbot,true,1,enwiki,2024-10-27 01:49:21
1833367700,Predestination in Calvinism,177.103.126.65,false,-21,enwiki,2024-10-27 01:49:32
1833367217,2024 Big 12 Conference football season,Smitty Smitty,false,0,enwiki,2024-10-27 01:48:25
1833367300,Talk:List of Kalamazoo Wings seasons,I dream of horses,false,143,enwiki,2024-10-27 01:48:44
1833367611,User talk:J2009j,CoffeeCrumbs,false,584,enwiki,2024-10-27 01:49:24
1833367701,User:Trainsskyscrapers/sandbox,Trainsskyscrapers,false,2,enwiki,2024-10-27 01:49:33
357992618,Der ewige Gärtner (Film),2A04:4540:7116:700:20B5:C1AA:83FC:EF6B,false,0,dewiki,2024-10-27 01:48:23
1833367219,North Square (Boston),Dmoore5556,false,142,enwiki,2024-10-27 01:48:32
1833367301,List of Kalamazoo Wings seasons,I dream of horses,false,-501,enwiki,2024-10-27 01:48:44
1833367503,House of Blois,Mhmrodrigues,false,-12,enwiki,2024-10-27 01:49:05
1833367613,Yachting at the 2023 National Games of India,Dawnseeker2000,false,27,enwiki,2024-10-27 01:49:23
1833367703,Cannabis (TV series),Jac752023,false,16,enwiki,2024-10-27 01:49:34
1833367305,User talk:Mozart12345678910,I dream of horses,false,2127,enwiki,2024-10-27 01:48:44
1833367403,Félix (TV series),Jac752023,false,-27,enwiki,2024-10-27 01:48:52
1833367507,Better Than Chocolate,Sc2353,false,-1,enwiki,2024-10-27 01:49:07
1833367614,List of radio stations in the Ilocos Region,112.198.66.195,false,-112,enwiki,2024-10-27 01:49:23
1833367704,Shrine Church of St. Stanislaus,Monkbot,true,1,enwiki,2024-10-27 01:49:32
1833367805,2024–25 National League 2 East,Jgjsmith006,false,-82,enwiki,2024-10-27 01:49:55
1833367904,Demaratus of Corinth,Monkbot,true,1,enwiki,2024-10-27 01:50:15
1833368016,User talk:Apokryltaros,Gasmasque,false,942,enwiki,2024-10-27 01:50:29
1833367811,Boreas (god),Alith Anar,false,-178,enwiki,2024-10-27 01:49:56
1833367909,Edwin Zimmermann,Mohamad Darilin,false,59,enwiki,2024-10-27 01:50:16
1833368019,"José Villegas (footballer, born 1934)",Citation bot,true,-4,enwiki,2024-10-27 01:50:30
1833367813,"Moustier, Lot-et-Garonne",Monkbot,true,1,enwiki,2024-10-27 01:49:58
1833367914,User:Phoebe Eng/Irwin County Detention Center/Bibliography,Phoebe Eng,false,-3,enwiki,2024-10-27 01:50:17
1833367916,Sam Stubbs,Atp21,false,0,enwiki,2024-10-27 01:50:15
1833367815,Talk:James Rickards,Kdammers,false,608,enwiki,2024-10-27 01:50:01
1833367917,C/2023 A3 (Tsuchinshan–ATLAS),Dawnseeker2000,false,-111,enwiki,2024-10-27 01:50:14
1833368101,User:DustyLibraryBook/Journal of Genetic Counseling,Barley7277,false,1841,enwiki,2024-10-27 01:50:50
1833367817,Rittenhouse Square (film),KingArti,false,6,enwiki,2024-10-27 01:50:01
1833367918,The Next Step (Canadian TV series),62.211.154.108,false,4,enwiki,2024-10-27 01:50:14
1833368002,House of Blois,Mhmrodrigues,false,2,enwiki,2024-10-27 01:50:30
1833368102,Joe Whitworth,Remi Morris,false,0,enwiki,2024-10-27 01:50:50
1833367818,I Can See Your Voice (South Korean game show) season 3,Saisønisse,false,-257,enwiki,2024-10-27 01:49:59
1833368009,Wikipedia:Categories for discussion/Log/2024 October 19,HouseBlaster,false,1192,enwiki,2024-10-27 01:50:29
1833368106,The Deluge (Fanning Dempsey National Park album),Dipper Dalmatian,false,30,enwiki,2024-10-27 01:50:52
1833367801,Burning of Smyrna,Demetrios1993,false,-107,enwiki,2024-10-27 01:49:54
1833368008,Military history of Canada,Leventio,false,-27,enwiki,2024-10-27 01:50:23
1833368108,Valras-Plage,Monkbot,true,1,enwiki,2024-10-27 01:50:50
1833368203,1999 German Figure Skating Championships,Monkbot,true,0,enwiki,2024-10-27 01:51:13
1833367803,List of NBCUniversal television programs,148.252.158.47,false,487,enwiki,2024-10-27 01:49:46
1833367819,Metroid,The Editor 155,false,4,enwiki,2024-10-27 01:49:58
1833368011,Michalis Mouroutsos,Monkbot,true,1,enwiki,2024-10-27 01:50:30
1833368112,2024 deaths in the United Kingdom,This is Paul,false,344,enwiki,2024-10-27 01:50:48
1833368204,Template:Deanery of Whitby churches,Warofdreams,false,32,enwiki,2024-10-27 01:51:14
1833367804,Talk:Conservative Party of British Columbia,PoliticalPoint,false,1,enwiki,2024-10-27 01:49:55
1833367902,User talk:RTLSigma1235,LizardJr8,false,754,enwiki,2024-10-27 01:50:15
1833368013,Wikipedia:Redirects for discussion/Log/2024 October 21,Utopes,false,729,enwiki,2024-10-27 01:50:30
1833368113,McLaren MP4/9,WMN03,false,-116,enwiki,2024-10-27 01:50:52
1833368205,Talk:Keskamol Pleansamai,Wizardman,false,28,enwiki,2024-10-27 01:51:14
1833368211,Wikipedia:Categories for discussion/Log/2024 October 19,HouseBlaster,false,1193,enwiki,2024-10-27 01:51:13
1833368303,User talk:Hay6lee0,Soetermans,false,491,enwiki,2024-10-27 01:51:34
1833368413,Salvador Esquer,Truthanado,false,677,enwiki,2024-10-27 01:51:53
1833368504,Umm Qais,Huldra,false,42,enwiki,2024-10-27 01:52:08
1833368618,Sally Blane,Suite1408,false,42,enwiki,2024-10-27 01:52:34
1833368810,Gets Me Through,2607:FEA8:60E2:4E00:41C2:5BDA:CFD6:58CD,false,9,enwiki,2024-10-27 01:53:01
1833368214,Template talk:New Zealand local election table row,2405:DA40:4374:6600:B925:9175:DD6D:E47C,false,311,enwiki,2024-10-27 01:51:15
1833368304,Celine (concert residency),2607:FEA8:724:200:409D:821D:A07C:27A3,false,346,enwiki,2024-10-27 01:51:30
1833368414,User:CheesyGhost/sandbox,CheesyGhost,false,69,enwiki,2024-10-27 01:51:54
1833368509,2024 Mérida Open – Singles,Yimingbao,false,8,enwiki,2024-10-27 01:52:07
1833368217,Category:New Zealand educational theorists,Nurg,false,-2,enwiki,2024-10-27 01:51:16
1833368307,Georgios Bantis,Monkbot,true,1,enwiki,2024-10-27 01:51:33
1833368401,Mount of Olives,Bender235,false,91,enwiki,2024-10-27 01:51:50
1833368513,Poet laureate,Montgomery28,false,102,enwiki,2024-10-27 01:52:00
1833368700,G Flip,2001:5A8:60E6:E600:9C12:8020:4D20:DB5A,false,0,enwiki,2024-10-27 01:52:39
1833368215,Momin Saqib,Mushy Yank,false,-37,enwiki,2024-10-27 01:51:14
1833368310,Lake Michigan Monster,Paleface Jack,false,0,enwiki,2024-10-27 01:51:33
1833368400,Karthi,112.134.140.187,false,-186,enwiki,2024-10-27 01:51:48
1833368519,User talk:SMcCandlish,SMcCandlish,false,305,enwiki,2024-10-27 01:52:00
1833368701,Musnad Ibn Hanbal,Mulla Shahzad,false,19,enwiki,2024-10-27 01:52:43
1833368403,Draft:Karman Line (disambiguation),65.92.246.77,false,115,enwiki,2024-10-27 01:51:52
1833368600,Eynesse,Monkbot,true,1,enwiki,2024-10-27 01:52:28
1833368702,Wikipedia talk:Civility,WhatamIdoing,false,250,enwiki,2024-10-27 01:52:43
1833368218,Interracial marriage in the United States,PTPrime,false,-12,enwiki,2024-10-27 01:51:12
1833368316,Listed buildings in Goathland,Warofdreams,false,32,enwiki,2024-10-27 01:51:33
1833368405,Comet,David Eppstein,false,26,enwiki,2024-10-27 01:51:45
1833368603,Talk:Krisztián Rabb,Wizardman,false,23,enwiki,2024-10-27 01:52:31
1833368704,BullStreet District,Isaidnoway,false,66,enwiki,2024-10-27 01:52:45
1833368801,Category:1952 Texas Conference football season,Dunarc,false,42,enwiki,2024-10-27 01:53:00
1833368219,United States presidential election,2604:3D09:8880:11E0:2D65:FA33:D1AC:CDDD,false,257,enwiki,2024-10-27 01:51:05
1833368317,2024–25 National League 2 West,Jgjsmith006,false,125,enwiki,2024-10-27 01:51:34
1833368406,Sam Stubbs,Atp21,false,0,enwiki,2024-10-27 01:51:50
1833368605,Draft:Ilker Furat,Heathbar1981,false,68,enwiki,2024-10-27 01:52:32
1833368804,Aditya Belnekar,Guessitsavis,false,-316,enwiki,2024-10-27 01:53:00
1833368409,Wikipedia:Categories for discussion/Log/2024 October 19,HouseBlaster,false,-477,enwiki,2024-10-27 01:51:51
1833368610,Deaths in September 1988,Bryan Krippner,false,-72,enwiki,2024-10-27 01:52:32
1833368709,"Lambert, Hendricks & Ross",Zerosprite,false,-57,enwiki,2024-10-27 01:52:46
1833368807,Denmark,MIHAIL,false,0,enwiki,2024-10-27 01:52:52
1833368411,Minesweeper War Badge,Monkbot,true,1,enwiki,2024-10-27 01:51:52
1833368500,Talk:Kris Yenbamroong,Wizardman,false,25,enwiki,2024-10-27 01:52:07
1833368614,October 2024 Israeli strikes on Iran,GhostOfNoMan,false,-5,enwiki,2024-10-27 01:52:28
1833368717,Grade II* listed churches in North Yorkshire (district),Warofdreams,false,32,enwiki,2024-10-27 01:52:43
1833368806,Rayman 2: The Great Escape,Venky64,false,390,enwiki,2024-10-27 01:52:59
1833368412,FanDuel Sports Network Wisconsin,71.87.50.60,false,-1,enwiki,2024-10-27 01:51:50
1833368502,Laburgade,Monkbot,true,1,enwiki,2024-10-27 01:52:06
1833368615,Nicolás Raimondi,ImSnot,false,1809,enwiki,2024-10-27 01:52:32
1833368809,"Ladas, Messenia",Monkbot,true,1,enwiki,2024-10-27 01:53:00
1833369018,Draft:Peripatopsis orientalis,HCUPa,false,628,enwiki,2024-10-27 01:53:37
1833369101,Dulles International Airport,70.110.16.65,false,11,enwiki,2024-10-27 01:53:46
1833369205,1954 Copa México final,Citation bot,true,20,enwiki,2024-10-27 01:54:12
1833369410,Talk:Luis Carlos Barragán,Wizardman,false,29,enwiki,2024-10-27 01:54:48
1833369509,Club Atlético River Plate,2600:1700:1730:3EF0:6032:A877:1719:9878,false,2,enwiki,2024-10-27 01:54:58
1833369102,"Consulate General of Poland, Chicago",Monkbot,true,1,enwiki,2024-10-27 01:53:51
1833369206,Legality of cannabis,2A02:C7C:C943:F300:2FED:F25:22BC:70DE,false,56,enwiki,2024-10-27 01:53:54
357992705,Paul Salitter,Lubitsch2,false,29,dewiki,2024-10-27 01:54:28
1833369414,Gorilla Tag,Famous Sheamus,false,-3,enwiki,2024-10-27 01:54:48
1833369510,Hasan Aslam Awan,2001:8F8:1D6F:A30A:7D0C:994E:2617:F7B8,false,-1,enwiki,2024-10-27 01:55:04
1833369207,"Samma, Jordan",Huldra,false,41,enwiki,2024-10-27 01:54:13
357992706,Uwe-Johnson-Preis,Klaaschwotzer,false,37,dewiki,2024-10-27 01:54:28
1833369416,Lonçon,Monkbot,true,1,enwiki,2024-10-27 01:54:46
357992717,Shūgiin-Wahl 2024,Asakura Akira,false,2305,dewiki,2024-10-27 01:54:50
1833369511,2024 Venezuelan Primera División season,CodeMars04,false,274,enwiki,2024-10-27 01:55:01
1833369001,Galactic Pinball,The Editor 155,false,4,enwiki,2024-10-27 01:53:34
1833369103,River Ravensbourne,HLHJ,false,1364,enwiki,2024-10-27 01:53:52
357992702,Theodor August Stein,"Herr Lehrer, ich weiß was!",false,-143,dewiki,2024-10-27 01:54:14
1833369301,William F. Galvin,98.228.137.44,false,313,enwiki,2024-10-27 01:54:26
1833369514,Agada (name),Emmanuella643,false,132,enwiki,2024-10-27 01:55:06
1833369003,"Orsha (urban-type settlement), Tver Oblast",Monkbot,true,1,enwiki,2024-10-27 01:53:33
1833369106,1979,Dawnseeker2000,false,-165,enwiki,2024-10-27 01:53:45
357992701,Asch-Schahrastānī,PaFra,false,698,dewiki,2024-10-27 01:54:09
1833369210,Wierzchosław,Monkbot,true,1,enwiki,2024-10-27 01:54:13
357992704,Naturschutzgebiet Auf der Buchenlied bei Wirmighausen,Falkmart,false,552,dewiki,2024-10-27 01:54:21
1833369302,Ranbir Kapoor filmography,146.90.48.252,false,10,enwiki,2024-10-27 01:54:27
357992713,Deliana-Schlucht,AxelHH,false,-205,dewiki,2024-10-27 01:54:33
1833368919,Draft:Karman Line (disambiguation),65.92.246.77,false,24,enwiki,2024-10-27 01:53:20
1833369107,Carnelian,51.14.163.97,false,37,enwiki,2024-10-27 01:53:50
1833369213,Grade II* listed buildings in North Yorkshire (district),Warofdreams,false,78,enwiki,2024-10-27 01:54:05
1833369311,"Faux, Dordogne",Monkbot,true,1,enwiki,2024-10-27 01:54:26
357992718,Sorger,ChristophDemmer,false,56,dewiki,2024-10-27 01:54:57
1833369117,I Can See Your Voice (South Korean game show) season 4,Saisønisse,false,-255,enwiki,2024-10-27 01:53:53
1833369214,Gediminas Paulauskas,KibolLP,false,518,enwiki,2024-10-27 01:54:14
1833369313,2024 TCU Horned Frogs football team,Smitty Smitty,false,6,enwiki,2024-10-27 01:54:23
1833369005,2024 Guam presidential caucuses,David O. Johnson,false,-148,enwiki,2024-10-27 01:53:34
1833369118,Sariac-Magnoac,Monkbot,true,1,enwiki,2024-10-27 01:53:54
1833369216,Talk:Loïc Crédoz,Wizardman,false,20,enwiki,2024-10-27 01:54:15
1833369318,Moroccan Jewish cuisine,Julietdeltalima,false,0,enwiki,2024-10-27 01:54:29
1833369502,Jakunowo,Monkbot,true,1,enwiki,2024-10-27 01:55:02
1833369006,2024 Samford Bulldogs football team,2600:6C48:41F0:22A0:6474:F2C2:4AE8:B6F3,false,8,enwiki,2024-10-27 01:53:34
1833369119,Talk:Wikipedia and antisemitism,Tryptofish,false,191,enwiki,2024-10-27 01:53:57
1833369200,Uzor Arukwe,105.112.22.154,false,-11,enwiki,2024-10-27 01:54:12
1833369319,Club Atlético River Plate,2600:1700:1730:3EF0:6032:A877:1719:9878,false,0,enwiki,2024-10-27 01:54:24
1833369401,Penstemon azureus,MtBotany,false,193,enwiki,2024-10-27 01:54:45
1833369503,Joe Lycett,Tassedethe,false,-4,enwiki,2024-10-27 01:55:02
1833369013,Rust Red Hills,Viriditas,false,0,enwiki,2024-10-27 01:53:36
1833369201,List of world records in swimming,217.213.134.22,false,-22,enwiki,2024-10-27 01:54:01
357992711,Die Schule der magischen Tiere 2,Discostu,false,-37,dewiki,2024-10-27 01:54:28
1833369411,Zach Collaros,2601:647:4D82:4110:4DD3:D517:6F06:513B,false,19,enwiki,2024-10-27 01:54:45
1833369508,Alfred S. Bloomingdale,Suite1408,false,126,enwiki,2024-10-27 01:55:03
1833369610,Wernicke–Korsakoff syndrome,Argenti Aertheri,false,-49,enwiki,2024-10-27 01:55:20
1833369800,Terrasson-Lavilledieu,Monkbot,true,1,enwiki,2024-10-27 01:55:57
1833369916,Algebraic independence,MuCephei14,false,126,enwiki,2024-10-27 01:56:24
1833370003,Matt Crooks,82.16.250.3,false,3,enwiki,2024-10-27 01:56:36
1833370103,Bee Movie,Vidpro23,false,1233,enwiki,2024-10-27 01:56:55
1833369611,Template:FK Smederevo 1924 squad,Gruesome Gary,false,-466,enwiki,2024-10-27 01:55:24
1833369802,I Can See Your Voice (South Korean game show) season 6,Saisønisse,false,-255,enwiki,2024-10-27 01:55:58
1833370005,Marvin Ceballos,Citation bot,true,23,enwiki,2024-10-27 01:56:38
1833369616,Statutes of Casimir the Great,Monkbot,true,1,enwiki,2024-10-27 01:55:24
1833369801,User talk:92.35.32.101,Mattythewhite,false,821,enwiki,2024-10-27 01:56:01
1833369901,Panzer Battles (book),Uriahheep228,false,-8,enwiki,2024-10-27 01:56:21
1833370007,Menen,AnomieBOT,true,59,enwiki,2024-10-27 01:56:37
1833370108,Wikipedia:Sockpuppet investigations/Lustigermutiger21/Archive,Izno,false,10743,enwiki,2024-10-27 01:56:57
1833369600,Rosie's Rules,202.36.254.250,false,-253,enwiki,2024-10-27 01:55:19
1833369803,The Fresh Prince of Bel-Air,185.228.229.142,false,0,enwiki,2024-10-27 01:55:57
1833370008,Deng Xiaoping's southern tour,SCreditC,false,180,enwiki,2024-10-27 01:56:37
1833370109,Wikipedia:Sockpuppet investigations/Lustigermutiger21,Izno,false,-10768,enwiki,2024-10-27 01:56:58
1833370200,Museum of the Armed Act,Monkbot,true,1,enwiki,2024-10-27 01:57:12
1833369601,Wikipedia:Sockpuppet investigations/Srimonbanik2007/Archive,Izno,false,938,enwiki,2024-10-27 01:55:15
1833369910,Rėguliai,Monkbot,true,2,enwiki,2024-10-27 01:56:23
1833370012,Mehmood-ur-Rasheed,2001:8F8:1D6F:A30A:7D0C:994E:2617:F7B8,false,60,enwiki,2024-10-27 01:56:39
1833370111,Bo Levi Mitchell,2601:647:4D82:4110:4DD3:D517:6F06:513B,false,100,enwiki,2024-10-27 01:56:56
1833370206,GLAAD,Animalparty,false,43,enwiki,2024-10-27 01:57:13
1833369603,"Environmental, social, and governance",AnomieBOT,true,18,enwiki,2024-10-27 01:55:16
1833369911,Subh of Córdoba,Snowstormfigorion,false,-26,enwiki,2024-10-27 01:56:24
1833370017,Sickle cell disease,Robertpedley,false,-705,enwiki,2024-10-27 01:56:33
1833370112,Wikipedia:WikiProject Texas/tasks/Under review/GAN,JL-Bot,true,-27,enwiki,2024-10-27 01:56:59
1833370210,Sanju,Ravensfire,false,-167,enwiki,2024-10-27 01:57:09
1833369602,War crimes in the Russian invasion of Ukraine,Shfydgi,false,-2,enwiki,2024-10-27 01:55:09
1833369715,Giant sable antelope,Fnardin,false,-47,enwiki,2024-10-27 01:55:43
1833369806,Strong Georgia,FellowMellow,false,0,enwiki,2024-10-27 01:56:00
1833369913,Irbid,Huldra,false,44,enwiki,2024-10-27 01:56:24
1833370018,Port-de-Lanne,Monkbot,true,1,enwiki,2024-10-27 01:56:39
1833370113,"Makariou Avenue, Nicosia",Monkbot,true,1,enwiki,2024-10-27 01:56:58
1833370211,Semendyukovo,Monkbot,true,1,enwiki,2024-10-27 01:57:15
1833369604,The Wild Robot,Spectritus,false,119,enwiki,2024-10-27 01:55:19
1833369719,Donda (company),177.240.107.57,false,30,enwiki,2024-10-27 01:55:43
1833369808,Talk:Sarakatsani,Piccco,false,80,enwiki,2024-10-27 01:56:01
1833369912,Leclerc XLR,TravelerFromEuropeanUnion,false,38,enwiki,2024-10-27 01:56:25
1833370118,Pudendal nerve entrapment,Snake playing a saxaphone,false,232,enwiki,2024-10-27 01:56:58
1833370212,Nanni di Bartolo,David Eppstein,false,18,enwiki,2024-10-27 01:57:16
1833369606,Kępice,Monkbot,true,2,enwiki,2024-10-27 01:55:21
1833369809,User:BlackDarkRebel/sandbox,Helpful Raccoon,false,32,enwiki,2024-10-27 01:56:02
1833369914,I Can See Your Voice (South Korean game show) season 7,Saisønisse,false,-256,enwiki,2024-10-27 01:56:23
1833370101,Talk:2024 United States Senate election in Arizona,Bluerules,false,460,enwiki,2024-10-27 01:56:54
1833370119,Rosie's Rules,202.36.254.250,false,14,enwiki,2024-10-27 01:56:58
1833370213,United States v. Gagnon,Lethargilistic,false,311,enwiki,2024-10-27 01:57:16
1833369609,Snowy Owl (Audubon),David Eppstein,false,26,enwiki,2024-10-27 01:55:23
1833369811,2006 Polish Figure Skating Championships,Monkbot,true,1,enwiki,2024-10-27 01:56:01
1833370002,Tukholka,Monkbot,true,4,enwiki,2024-10-27 01:56:36
1833370102,Dedovsky,Monkbot,true,1,enwiki,2024-10-27 01:56:55
1833370304,Template:2024 Big Ten Conference football standings,Mjeims,false,0,enwiki,2024-10-27 01:57:37
1833370401,Battle of Barcelona (512),RobertJohnson35,false,-4,enwiki,2024-10-27 01:57:51
1833370516,"John I, Count Palatine of Zweibrücken",Monkbot,true,1,enwiki,2024-10-27 01:58:08
1833370611,Burkhanovka,Monkbot,true,2,enwiki,2024-10-27 01:58:28
1833370307,2024 Illinois Fighting Illini football team,Themusicman41,false,7,enwiki,2024-10-27 01:57:35
1833370405,2024 Liga de Ascenso Femenina (Perú),2800:200:F8C8:95B8:2844:6FB7:F240:4B9D,false,1,enwiki,2024-10-27 01:57:51
1833370517,Republican Party (United States),JohnAdams1800,false,5,enwiki,2024-10-27 01:57:55
1833370612,User:OceanLoverrr/sandbox,Sa.2203,false,24,enwiki,2024-10-27 01:58:29
1833370309,Julio Fuentes (footballer),Citation bot,true,-4,enwiki,2024-10-27 01:57:35
1833370406,Scott Wootton,WGNNix4Lyf,false,4,enwiki,2024-10-27 01:57:50
1833370519,Mussidia fiorii,Plantdrew,false,-184,enwiki,2024-10-27 01:58:07
1833370613,List of restaurant chains in Australia,Lenslinks888,false,0,enwiki,2024-10-27 01:58:28
1833370312,Hronský Beňadik,Monkbot,true,3,enwiki,2024-10-27 01:57:36
1833370412,Austin Hill,2603:6000:D000:A2A:C31:522:2B39:32D9,false,22,enwiki,2024-10-27 01:57:48
1833370615,Volkswagen Beetle,83.83.19.135,false,40,enwiki,2024-10-27 01:58:19
1833370313,William S. Paley,Burroughs'10,false,5,enwiki,2024-10-27 01:57:36
1833370414,Léguevin,Monkbot,true,1,enwiki,2024-10-27 01:57:51
1833370616,2024 ATP Challenger Tour,Adamtt9,false,-30,enwiki,2024-10-27 01:58:11
1833370316,User talk:Odisha Designers Association,Liz,false,1204,enwiki,2024-10-27 01:57:38
1833370419,Wikipedia:Sockpuppet investigations/Digital Dancing,Izno,false,-3915,enwiki,2024-10-27 01:57:55
1833370501,Wikipedia:WikiProject TikTok/Recognized content,JL-Bot,true,-72,enwiki,2024-10-27 01:58:07
1833370700,Western Oblast,Monkbot,true,1,enwiki,2024-10-27 01:58:47
1833370318,Template:Opua Branch,Useddenim,false,4,enwiki,2024-10-27 01:57:38
1833370500,Template:2024 Big Ten Conference football standings,Themusicman41,false,0,enwiki,2024-10-27 01:58:08
1833370300,Rashays,Lenslinks888,false,-48,enwiki,2024-10-27 01:57:36
1833370511,Arjun Singh Cheema,SmartyPants22,false,302,enwiki,2024-10-27 01:58:06
1833370301,Supremacism,HudecEmil,false,23,enwiki,2024-10-27 01:57:33
1833370513,Gavdos,Demetrios1993,false,-34,enwiki,2024-10-27 01:58:08
1833370608,Campuzan,Monkbot,true,1,enwiki,2024-10-27 01:58:24
1833370302,Omer Sarfraz Cheema,2001:8F8:1D6F:A30A:7D0C:994E:2617:F7B8,false,60,enwiki,2024-10-27 01:57:33
1833370514,Template talk:Shades of pink,DarknessGoth777,false,0,enwiki,2024-10-27 01:58:09
1833370610,The Man Who Was Thursday,Barthsnotes,false,529,enwiki,2024-10-27 01:58:26
1833370800,Rosie's Rules,202.36.254.250,false,-34,enwiki,2024-10-27 01:59:04
1833370909,Roman Polanski,F.xount,false,52,enwiki,2024-10-27 01:59:16
1833371111,Coublucq,Monkbot,true,1,enwiki,2024-10-27 01:59:59
1833370702,Gorilla Tag,ClueBot NG,false,-121,enwiki,2024-10-27 01:58:49
1833370806,Mussidia melanoneura,Plantdrew,false,-189,enwiki,2024-10-27 01:59:05
1833370910,"Obrońców Bydgoszczy Street, Bydgoszcz",Monkbot,true,1,enwiki,2024-10-27 01:59:24
1833371005,Waiting to Exhale,192.0.150.110,false,-1,enwiki,2024-10-27 01:59:42
1833371112,List of pizzerias in Australia,Lenslinks888,false,58,enwiki,2024-10-27 02:00:02
1833370807,User talk:69.140.200.73,Jlwoodwa,false,1311,enwiki,2024-10-27 01:59:07
1833370911,"Hupel, British Columbia",Pichpich,false,34,enwiki,2024-10-27 01:59:25
1833371006,"Mount Waverley, Victoria",50.81.237.112,false,-296,enwiki,2024-10-27 01:59:41
1833371115,User:AmandaNP/UAA/Time,DeltaQuadBot,true,0,enwiki,2024-10-27 02:00:04
1833370706,2024 Sioux Falls Challenger – Singles,Adamtt9,false,14,enwiki,2024-10-27 01:58:48
1833370812,List of world records in swimming,217.213.134.22,false,-17,enwiki,2024-10-27 01:58:55
1833371009,Eli Thompson (Boardwalk Empire),174.85.170.19,false,1,enwiki,2024-10-27 01:59:43
1833371114,Ann Blyth,Suite1408,false,80,enwiki,2024-10-27 02:00:02
1833370710,2024–25 National League 2 West,Jgjsmith006,false,161,enwiki,2024-10-27 01:58:47
1833370815,User:Eewilson/SLanc,Eewilson,false,-259,enwiki,2024-10-27 01:59:05
1833371010,Metro (franchise),Monkbot,true,2,enwiki,2024-10-27 01:59:42
1833371116,First Indochina War,DuncanHill,false,282,enwiki,2024-10-27 01:59:57
1833370816,Battle of Barcelona (512),RobertJohnson35,false,46,enwiki,2024-10-27 01:59:07
1833371015,Wikipedia:WikiProject Transport/Maritime transport task force/Recognized content,JL-Bot,true,-195,enwiki,2024-10-27 01:59:43
1833371117,"Talk:Alpan, Azerbaijan",GreenLipstickLesbian,false,1220,enwiki,2024-10-27 02:00:04
1833370818,Billy Werber,2600:8807:4C50:1F00:A8A3:A7AA:8775:4FEB,false,166,enwiki,2024-10-27 01:59:06
1833371014,Cho Chung-whan,Seefooddiet,false,-42,enwiki,2024-10-27 01:59:43
1833371101,Lomas Verdes,2806:2F0:97A1:F35B:C134:7668:6877:D1DE,false,0,enwiki,2024-10-27 02:00:00
357992801,Emil Hess (Schauspieler),2A02:8108:4C9F:2800:3F1A:22F0:BCB3:6BFB,false,-33,dewiki,2024-10-27 01:59:28
1833371019,Jarrod Wallace,EdwardUK,false,-35,enwiki,2024-10-27 01:59:44
1833371104,Turamichele,Manannan67,false,48,enwiki,2024-10-27 02:00:00
1833370903,List of German people of Moroccan descent,Cyfal,false,-198,enwiki,2024-10-27 01:59:23
1833371105,Double predestination,177.103.126.65,false,-19,enwiki,2024-10-27 02:00:02
1833370908,SUNY Sullivan,FULBERT,false,717,enwiki,2024-10-27 01:59:25
357992805,Josefine Swoboda,109.43.243.33,false,-20,dewiki,2024-10-27 01:59:57
1833371106,Nigerian Americans,TGLOG,false,643,enwiki,2024-10-27 01:59:59
1833371203,Penrith and The Border (UK Parliament constituency),146.199.140.26,false,-216,enwiki,2024-10-27 02:00:20
1833371405,File:Qadsia SC Crest.svg,Minorax,false,-513,enwiki,2024-10-27 02:00:52
1833371517,Penrith and The Border (UK Parliament constituency),146.199.140.26,false,-2,enwiki,2024-10-27 02:01:01
1833371619,"Philipp Julius, Duke of Pomerania",Monkbot,true,2,enwiki,2024-10-27 02:01:21
1833371206,2024 Skate Canada International,Bgsu98,false,-34,enwiki,2024-10-27 02:00:22
1833371406,Malik Zaheer Abbas,Annh07,false,-60,enwiki,2024-10-27 02:00:52
357992818,Ines Pohl,CamelBot,true,21,dewiki,2024-10-27 02:01:06
1833371601,User:Snake playing a saxaphone/staging,Snake playing a saxaphone,false,44,enwiki,2024-10-27 02:01:19
357992810,Wikipedia:Löschkandidaten,TaxonBota,true,164,dewiki,2024-10-27 02:00:23
1833371301,Brihadratha dynasty,147.161.180.112,false,-1,enwiki,2024-10-27 02:00:38
1833371409,Christos Koutsospyros,Monkbot,true,1,enwiki,2024-10-27 02:00:52
1833371602,User:Rasteem/common.js,Rasteem,false,104,enwiki,2024-10-27 02:01:19
1833371208,Adamantina Formation,2601:C4:CB80:E490:C0B5:107B:816E:D3FB,false,9,enwiki,2024-10-27 02:00:22
1833371311,Category talk:Field hockey in North America by country,Simeon,false,56,enwiki,2024-10-27 02:00:39
1833371410,Shahid Ahmed Khattak,Annh07,false,-60,enwiki,2024-10-27 02:00:52
1833371603,Zhang Tian,SmartyPants22,false,230,enwiki,2024-10-27 02:01:18
1833371209,William Whitelaw,Jean-de-Nivelle,false,-104,enwiki,2024-10-27 02:00:21
1833371310,Let It Be (song),Tassedethe,false,17,enwiki,2024-10-27 02:00:37
1833371411,Draft:Karman Line (disambiguation),65.92.246.77,false,44,enwiki,2024-10-27 02:00:52
357992816,Liste von Windkraftanlagen in Baden-Württemberg,SKJyannick,false,54,dewiki,2024-10-27 02:00:46
1833371605,Murat-sur-Vèbre,Monkbot,true,1,enwiki,2024-10-27 02:01:17
1833371210,Oscar Sharp,65.92.246.77,false,43,enwiki,2024-10-27 02:00:23
1833371312,Air Raid (text),Uriahheep228,false,54,enwiki,2024-10-27 02:00:40
357992815,Pökeln,Rote4132,false,335,dewiki,2024-10-27 02:00:53
1833371504,List of Billboard Hot 100 top-ten singles in 2020,Binksternet,false,-4,enwiki,2024-10-27 02:01:00
357992819,Milchwerke Berchtesgadener Land Chiemgau,CamelBot,true,-52,dewiki,2024-10-27 02:01:20
357992811,Priit Kuusk (Journalist),Lutheraner,false,146,dewiki,2024-10-27 02:00:25
1833371413,Eman Waseem,Annh07,false,-133,enwiki,2024-10-27 02:00:53
1833371510,Albanians in Austria,Monkbot,true,2,enwiki,2024-10-27 02:01:02
1833371607,"Wikipedia:Requests for comment/Politics, government, and law",Legobot,true,-251,enwiki,2024-10-27 02:01:19
1833371214,Marietta Giannakou,Monkbot,true,1,enwiki,2024-10-27 02:00:23
1833371400,Umer Aslam Awan,Annh07,false,-64,enwiki,2024-10-27 02:00:51
1833371511,Double Predestination,177.103.126.65,false,49,enwiki,2024-10-27 02:01:04
1833371611,Wikipedia:Dashboard/Requests for comment,Legobot,true,-174,enwiki,2024-10-27 02:01:22
357992809,Vorlage:Revert-Statistik,Revert-Statistik,true,0,dewiki,2024-10-27 02:00:22
1833371213,Mussidia pectinicornella,Plantdrew,false,-194,enwiki,2024-10-27 02:00:24
1833371401,Kevin White (politician),98.228.137.44,false,237,enwiki,2024-10-27 02:00:49
1833371512,Valkyrie (Marvel Comics),NukeofEarl,false,783,enwiki,2024-10-27 02:01:01
1833371610,Draft:Timothy Flint,Mathsinger,false,9,enwiki,2024-10-27 02:01:22
1833371200,User:AmandaNP/SPI case list,DeltaQuadBot,true,-1081,enwiki,2024-10-27 02:00:22
357992812,Wikipedia:Redaktion Biologie/Qualitätssicherung,Sjl197,false,310,dewiki,2024-10-27 02:00:14
1833371404,2024 Baylor Bears football team,Themusicman41,false,8,enwiki,2024-10-27 02:00:50
357992817,Diskussion:Christoph von Manteuffel,Stolp,false,1081,dewiki,2024-10-27 02:01:01
1833371516,Gurihiru,2601:8B:4580:43B0:6C47:EE8A:AD68:F3D2,false,90,enwiki,2024-10-27 02:01:04
1833371614,Talk:2024 New Brunswick general election,G. Timothy Walton,false,177,enwiki,2024-10-27 02:01:22
1833371719,Periklis Dimoulis,Monkbot,true,1,enwiki,2024-10-27 02:01:43
1833371718,Anion exchange protein 2,Teaktl17,false,10,enwiki,2024-10-27 02:01:42
1833371703,Caillou,Flaming119,false,0,enwiki,2024-10-27 02:01:38
1833371717,Ikaw Lang ang Mamahalin,Hotwiki,false,-18,enwiki,2024-10-27 02:01:43
1833371704,Dominika Lasota,Monkbot,true,1,enwiki,2024-10-27 02:01:40
1833371804,One of Them Girls,Mooonswimmer,false,105,enwiki,2024-10-27 02:01:53
1833371706,Gorilla Tag,LizardJr8,false,609,enwiki,2024-10-27 02:01:41
1833371805,Bullitt,ElDudederino,false,794,enwiki,2024-10-27 02:01:52
1833371707,User talk:Another Axiom LLC,LizardJr8,false,569,enwiki,2024-10-27 02:01:43
1833371806,Zamość Fortress,Monkbot,true,1,enwiki,2024-10-27 02:01:53
1833371708,Ejya Yadav,Nishant Bobby,false,0,enwiki,2024-10-27 02:01:41
1833371711,1st Madras Pioneers,AnomieBOT,true,18,enwiki,2024-10-27 02:01:43
1833371712,Beau Bokan,Suite1408,false,36,enwiki,2024-10-27 02:01:43
1833371715,"Museum of Modern Art, Warsaw",79.185.13.102,false,0,enwiki,2024-10-27 02:01:42
1833371906,User talk:106.219.191.174,Jamiebuba,false,2872,enwiki,2024-10-27 02:02:11
1833372014,20 Min,Binksternet,false,-2930,enwiki,2024-10-27 02:02:27
1833372205,Ed Helms,68.70.17.67,false,2,enwiki,2024-10-27 02:03:02
1833371905,Harding Bisons football,Hubdb39,false,0,enwiki,2024-10-27 02:02:11
1833372015,Homero Aridjis,Demetrios1993,false,11,enwiki,2024-10-27 02:02:26
1833372106,First inauguration of Vladimir Putin,73.202.29.186,false,0,enwiki,2024-10-27 02:02:45
1833372206,Lee Ae-jung,108.35.197.247,false,1,enwiki,2024-10-27 02:03:03
1833371907,"Lasserre, Pyrénées-Atlantiques",Monkbot,true,1,enwiki,2024-10-27 02:02:09
1833372105,Achit (urban-type settlement),Monkbot,true,1,enwiki,2024-10-27 02:02:44
1833372207,Brush-browns,Plantdrew,false,54,enwiki,2024-10-27 02:03:05
1833371909,2024 James Madison Dukes football team,Themusicman41,false,8,enwiki,2024-10-27 02:02:09
1833372104,The Ed Sullivan Show,Thylacine24,false,18,enwiki,2024-10-27 02:02:43
1833372208,Insomniac (Green Day album),174.182.84.157,false,413,enwiki,2024-10-27 02:03:02
1833371912,"Category:Actors from Lincoln, Nebraska",Ernsanchez00,false,-68,enwiki,2024-10-27 02:02:13
1833372111,Antz Extreme Racing,Angeldeb82,false,1432,enwiki,2024-10-27 02:02:47
1833372209,Eggplant,Julietdeltalima,false,0,enwiki,2024-10-27 02:02:59
1833371913,Serbia national rugby league team,93.191.204.216,false,121,enwiki,2024-10-27 02:02:10
1833372113,Prices (song),Binksternet,false,-5548,enwiki,2024-10-27 02:02:47
1833372211,Václav Havel Airport Prague,AnomieBOT,false,220,enwiki,2024-10-27 02:02:58
1833371911,Al-Shabaab (militant group),QalasQalas,false,267,enwiki,2024-10-27 02:01:58
1833372117,Senkamanisken,97.116.160.235,false,4,enwiki,2024-10-27 02:02:47
1833372200,Tom Ajamie,Strattonsmith,false,-2,enwiki,2024-10-27 02:03:03
1833372215,"Minister of State for Prisons, Probation and Reducing Reoffending",Dgp4004,false,-9,enwiki,2024-10-27 02:03:04
1833372300,Peter's Two Dads,2601:600:A480:7BE0:5BD6:6B69:3FFC:E68F,false,98,enwiki,2024-10-27 02:03:14
1833371914,Alien Arsenal,69.36.209.214,false,234,enwiki,2024-10-27 02:02:12
1833372201,Jacou,Monkbot,true,1,enwiki,2024-10-27 02:03:01
1833372217,Draft:Yale Graduate and Professional Student Senate,Sassysusie13,false,-1400,enwiki,2024-10-27 02:03:03
1833372309,Harding Bisons football,Hubdb39,false,0,enwiki,2024-10-27 02:03:17
1833371902,Template:Did you know nominations/Ornithoprion,Mandarax,false,12,enwiki,2024-10-27 02:02:10
1833371916,Draft:Javed Haider Zaidi,Jamiebuba,false,76,enwiki,2024-10-27 02:02:10
1833372002,Meryl Streep on screen and stage,Moe1810,false,29,enwiki,2024-10-27 02:02:21
1833372202,Template:Did you know nominations/Ornithoprion,Mandarax,false,18,enwiki,2024-10-27 02:03:03
1833372315,"Grinyovka, Kursk Oblast",Monkbot,true,2,enwiki,2024-10-27 02:03:17
1833371903,Billy Werber,LizardJr8,false,-166,enwiki,2024-10-27 02:02:09
1833372004,Premier,Monkbot,true,1,enwiki,2024-10-27 02:02:24
1833372203,J. Michael Straczynski,2600:4808:54B3:C00:2CF7:F16C:B746:F960,false,163,enwiki,2024-10-27 02:03:00
1833372317,Austin J. Tobin,Epicgenius,false,-23,enwiki,2024-10-27 02:03:17
1833372402,"Kuvshinovka, Kursk Oblast",Monkbot,true,2,enwiki,2024-10-27 02:03:35
1833372506,Harding Bisons football,Hubdb39,false,0,enwiki,2024-10-27 02:03:53
1833372612,Religiosity and intelligence,XeCyranium,false,-3,enwiki,2024-10-27 02:04:09
1833372704,Template:2024 Mid-American Conference football standings,Themusicman41,false,0,enwiki,2024-10-27 02:04:31
1833372809,List of American films of 2025,KingArti,false,28,enwiki,2024-10-27 02:04:50
1833372902,American Hustle (soundtrack),108.206.130.83,false,31,enwiki,2024-10-27 02:05:05
1833372405,2024–25 NCAA football bowl games,ParkerLyme,false,58,enwiki,2024-10-27 02:03:35
1833372510,User talk:Dicklyon,Dicklyon,false,282,enwiki,2024-10-27 02:03:55
1833372616,Raškovice,Monkbot,true,1,enwiki,2024-10-27 02:04:09
1833372705,Mazaye,Monkbot,true,1,enwiki,2024-10-27 02:04:29
1833372811,2024 Kansas State Wildcats football team,Motdattan,false,1063,enwiki,2024-10-27 02:04:50
1833372904,2024–25 Újpest FC season,Cakesam,false,3,enwiki,2024-10-27 02:04:58
1833372406,Trot (music),70.79.163.238,false,11,enwiki,2024-10-27 02:03:36
1833372511,Super League,L1amw90,false,204,enwiki,2024-10-27 02:03:53
1833372706,Wikipedia:Administrators' noticeboard/Incidents,KylieNectar,false,226,enwiki,2024-10-27 02:04:20
1833372812,Does a Woman Have to Become a Mother?,Monkbot,true,1,enwiki,2024-10-27 02:04:52
1833372906,Eisenkappel-Vellach,Monkbot,true,3,enwiki,2024-10-27 02:05:05
1833372512,User:Minorax/CSD log/2024,Minorax,false,135,enwiki,2024-10-27 02:03:51
1833372817,Chartism in Wales,Neiltonks,false,27,enwiki,2024-10-27 02:04:53
1833372918,Metroid Prime Hunters,The Editor 155,false,4,enwiki,2024-10-27 02:05:05
1833372410,List of Donald Trump 2024 presidential campaign non-political endorsements,Christhegeek517,false,380,enwiki,2024-10-27 02:03:24
1833372513,Wikipedia:Edit filter/False positives/Reports,PharyngealImplosive7,false,250,enwiki,2024-10-27 02:03:55
1833372818,A. Oakey Hall,Epicgenius,false,12,enwiki,2024-10-27 02:04:52
1833372411,Mad Max: Fury Road,Lankyant,false,-287,enwiki,2024-10-27 02:03:34
1833372516,User:Temerarius,Temerarius,false,407,enwiki,2024-10-27 02:03:36
1833372700,Wikipedia talk:WikiProject Tasmania,Another Believer,false,-2092,enwiki,2024-10-27 02:04:29
1833372709,2024–25 NCAA football bowl games,ParkerLyme,false,0,enwiki,2024-10-27 02:04:32
1833372819,Wikipedia:WikiProject Tropical cyclones/Showcase,JL-Bot,true,-90,enwiki,2024-10-27 02:04:44
1833372414,Luiyi de Lucas,Cesarbonilla21,false,0,enwiki,2024-10-27 02:03:38
1833372517,User talk:213.220.68.195,Jlwoodwa,false,1033,enwiki,2024-10-27 02:03:56
1833372711,"Dubovsky, Uryupinsky District, Volgograd Oblast",Monkbot,true,1,enwiki,2024-10-27 02:04:33
1833372416,"Category:Actors from Reno, Nevada",Ernsanchez00,false,-65,enwiki,2024-10-27 02:03:40
1833372714,American Hellenic Educational Progressive Association,Rublamb,false,-53,enwiki,2024-10-27 02:04:34
1833372417,"Pavlovka, Gafuriysky District, Republic of Bashkortostan",Monkbot,true,1,enwiki,2024-10-27 02:03:39
1833372604,Wikipedia:Administrator intervention against vandalism,Minorax,false,288,enwiki,2024-10-27 02:04:10
1833372701,Wikipedia talk:WikiProject Tasmania/Archive 2,Another Believer,false,2102,enwiki,2024-10-27 02:04:28
1833372715,Boyd Exell,Grorp,false,570,enwiki,2024-10-27 02:04:33
1833372803,Velké Heraltice,Monkbot,true,1,enwiki,2024-10-27 02:04:49
1833372418,Twenty One Hours,DareshMohan,false,4,enwiki,2024-10-27 02:03:40
1833372505,2024–25 National League 2 West,Jgjsmith006,false,0,enwiki,2024-10-27 02:03:51
1833372605,Category talk:Canada national field hockey team navigational boxes,Simeon,false,23,enwiki,2024-10-27 02:04:10
1833372702,Vltava,04casperl04,false,-6,enwiki,2024-10-27 02:04:29
1833372806,Gregorios Kamonas,141.98.141.64,false,-6,enwiki,2024-10-27 02:04:50
1833372900,Draft:Alter Hilewitz,EytanMelech,false,-22,enwiki,2024-10-27 02:05:04
1833373004,Ibn Ḥanbal,39.62.206.38,false,-113,enwiki,2024-10-27 02:05:18
1833373109,Sana ay Ikaw na Nga (2001 TV series),Hotwiki,false,62,enwiki,2024-10-27 02:05:38
1833373310,Jovan Golić,Gruesome Gary,false,98,enwiki,2024-10-27 02:06:21
1833373407,User:ClueBot III/Indices/User talk:Eeekster,ClueBot III,true,60,enwiki,2024-10-27 02:06:37
1833373010,Royal Croatian Home Guard,Monkbot,true,3,enwiki,2024-10-27 02:05:20
1833373111,Talk:Battleship Potemkin,Klbrain,false,61,enwiki,2024-10-27 02:05:35
1833373200,Nam Tae-yun,SmartyPants22,false,158,enwiki,2024-10-27 02:05:58
1833373311,Konstantinas Sirvydas,Monkbot,true,2,enwiki,2024-10-27 02:06:21
1833373408,List of Mckenna Grace performances,KingArti,false,472,enwiki,2024-10-27 02:06:35
1833373013,Bazhe,Julietdeltalima,false,0,enwiki,2024-10-27 02:05:22
1833373110,Master data management,Thewsbguy,false,4,enwiki,2024-10-27 02:05:38
1833373201,Paradoryphoribius,Harold9595959,false,3,enwiki,2024-10-27 02:05:57
1833373318,Gen Z Manifesto,Pichpich,false,74,enwiki,2024-10-27 02:06:24
1833373409,Ludwig Roselius Museum,Monkbot,true,1,enwiki,2024-10-27 02:06:37
1833373015,Satanic (2006 film),DarknessGoth777,false,59,enwiki,2024-10-27 02:05:22
1833373116,Battleship Potemkin,Klbrain,false,-62,enwiki,2024-10-27 02:05:36
1833373203,Wikipedia:Sockpuppet investigations/RTLSigma1235,R0paire-wiki,false,101,enwiki,2024-10-27 02:05:59
1833373319,Ted Goossen,Jenny8lee,false,42,enwiki,2024-10-27 02:06:24
1833373411,Wikipedia:WikiProject Turkey/Recognized content,JL-Bot,true,81,enwiki,2024-10-27 02:06:32
1833373017,Electoral district of Mackay,The2016,false,0,enwiki,2024-10-27 02:05:23
1833373117,Template:Did you know nominations/Ornithoprion,Mandarax,false,12,enwiki,2024-10-27 02:05:40
1833373210,Japanese School in Warsaw,Monkbot,true,1,enwiki,2024-10-27 02:05:59
1833373412,Category:Articles with Norwegian List of Lights identifiers,Liz,false,25,enwiki,2024-10-27 02:06:38
1833373118,MeToo movement,Ohnoitsjamie,false,-1206,enwiki,2024-10-27 02:05:30
1833373413,2024 Tauranga local elections,2405:DA40:4374:6600:B925:9175:DD6D:E47C,false,7,enwiki,2024-10-27 02:06:37
1833373216,Wikipedia:Administrators' noticeboard/Incidents,Tryptofish,false,120,enwiki,2024-10-27 02:05:52
1833373417,Choi Bae-geun,Seefooddiet,false,76,enwiki,2024-10-27 02:06:38
1833373105,Wei Guan,119.56.99.51,false,9,enwiki,2024-10-27 02:05:36
1833373217,Caio Pagano,Ssiek123,false,30,enwiki,2024-10-27 02:06:02
1833373303,Vlora incident,Demetrios1993,false,26,enwiki,2024-10-27 02:06:19
1833373419,Mary Boland,Suite1408,false,167,enwiki,2024-10-27 02:06:39
1833373106,Michael Glinski,Monkbot,true,3,enwiki,2024-10-27 02:05:37
1833373304,Ms. Olympia,Lord Ruffy98,false,24187,enwiki,2024-10-27 02:06:11
1833373003,2024 Toledo Rockets football team,Themusicman41,false,8,enwiki,2024-10-27 02:05:19
1833373108,Ghost Stories (2017 film),Serial Number 54129,false,-176,enwiki,2024-10-27 02:05:38
1833373309,User talk:NiteshSingh6789,Arjayay,false,727,enwiki,2024-10-27 02:06:22
1833373401,2024 Big 12 Conference football season,Smitty Smitty,false,0,enwiki,2024-10-27 02:06:26
1833373511,Boris Brott,199.119.233.142,false,1,enwiki,2024-10-27 02:06:51
1833373706,Kingdom of Poland,Monkbot,true,1,enwiki,2024-10-27 02:07:31
1833373814,Peter Lilley,Jean-de-Nivelle,false,-17,enwiki,2024-10-27 02:07:49
1833373916,Slavery in the Abbasid Caliphate,Aciram,false,-6,enwiki,2024-10-27 02:08:07
1833373513,Russian monitor Rusalka,Monkbot,true,2,enwiki,2024-10-27 02:06:52
1833373714,Wikipedia:Requested moves/Current discussions,RMCD bot,true,401,enwiki,2024-10-27 02:07:29
1833373815,"St. Mary's Monastery, Zvërnec",Monkbot,true,5,enwiki,2024-10-27 02:07:51
357992905,Republikanische Partei,Andol,false,986,dewiki,2024-10-27 02:08:04
1833373516,Draft:Kanel Joseph,Clioos,false,187,enwiki,2024-10-27 02:06:52
1833373700,Road signs in New Zealand,144.138.70.95,false,69,enwiki,2024-10-27 02:07:25
1833373715,Wikipedia:Dashboard/Requested moves,RMCD bot,true,135,enwiki,2024-10-27 02:07:34
1833373600,2024–25 NCAA football bowl games,ParkerLyme,false,-66,enwiki,2024-10-27 02:07:10
1833373701,2024 Campeonato Brasileiro Série B,186.29.35.253,false,23,enwiki,2024-10-27 02:07:26
1833373716,Max Planck Institute for Terrestrial Microbiology,Monkbot,true,1,enwiki,2024-10-27 02:07:34
1833373517,Mary Sue,Anita5192,false,2,enwiki,2024-10-27 02:06:53
1833373607,Poet laureate,Montgomery28,false,178,enwiki,2024-10-27 02:07:03
357992900,Benutzer:M2k~dewiki/Bücher/Ausgewählte Beiträge und Bearbeitungen/Diskussionen,M2k~dewiki,false,53,dewiki,2024-10-27 02:07:20
1833373702,2024–25 NCAA football bowl games,ParkerLyme,false,66,enwiki,2024-10-27 02:07:29
1833373903,Johfiyeh,Huldra,false,40,enwiki,2024-10-27 02:08:04
1833373608,"Draft:Sammie Chess, Jr.",Slane00,false,1,enwiki,2024-10-27 02:07:12
1833373703,Frank J. Donahue,98.228.137.44,false,203,enwiki,2024-10-27 02:07:30
1833373908,King (2011 TV series),Ugggsw,false,2,enwiki,2024-10-27 02:08:04
1833373502,Rüdiger Henning,Mohamad Darilin,false,13,enwiki,2024-10-27 02:06:49
1833373610,Category:Private schools Northern Beaches Sydney,HouseBlaster,false,0,enwiki,2024-10-27 02:07:15
1833373704,Vasco Matos,Roastedbeanz1,false,12,enwiki,2024-10-27 02:07:29
1833373907,Jim Donovan (sportscaster),Thebig93,false,0,enwiki,2024-10-27 02:08:05
1833373613,Wikipedia:Categories for discussion/Log/2024 October 26,HouseBlaster,false,1571,enwiki,2024-10-27 02:07:14
1833373705,First Cymru,Crib.goch91,false,-3,enwiki,2024-10-27 02:07:31
1833373906,Benny Begin,Techiya1925,false,-47,enwiki,2024-10-27 02:08:04
1833373506,Draft:Karman Line (disambiguation),65.92.246.77,false,67,enwiki,2024-10-27 02:06:52
1833373614,User talk:Warau98,FireflyBot,true,765,enwiki,2024-10-27 02:07:14
357992902,Armin Mößner,Lutheraner,false,224,dewiki,2024-10-27 02:07:32
1833373800,Walter M. Williams High School,Tacyarg,false,-1149,enwiki,2024-10-27 02:07:49
1833373909,"Novaya, Republic of Bashkortostan",Monkbot,true,2,enwiki,2024-10-27 02:08:05
1833373510,Edo State,OmoIyaLeke,false,-198,enwiki,2024-10-27 02:06:47
1833373617,Šešupė,Monkbot,true,3,enwiki,2024-10-27 02:07:13
357992901,Verbrennungen deutscher Bücher in den Vereinigten Staaten 1917 bis 1918,Grand-Duc,false,-3068,dewiki,2024-10-27 02:07:31
1833373812,Leo Sayer (album),Derek R Bullamore,false,214,enwiki,2024-10-27 02:07:51
1833373911,List of Irish Nobel laureates and nominees,Michaelsexton2003,false,538,enwiki,2024-10-27 02:08:04
1833374005,Sępólno County,Monkbot,true,1,enwiki,2024-10-27 02:08:15
1833374114,2024–25 NCAA football bowl games,ParkerLyme,false,53,enwiki,2024-10-27 02:08:40
1833374306,Wikipedia:Requests for page protection/Archive/2024/10,Cyberbot I,true,4933,enwiki,2024-10-27 02:08:26
1833374006,2024–25 NCAA football bowl games,ParkerLyme,false,-53,enwiki,2024-10-27 02:08:17
1833374115,Template:Buenos Aires transit navbox,Saioh103,false,94,enwiki,2024-10-27 02:08:44
357992919,Hermann Harnisch,"Herr Lehrer, ich weiß was!",false,293,dewiki,2024-10-27 02:08:48
1833374305,Template:2024 Big Ten Conference football standings,Themusicman41,false,0,enwiki,2024-10-27 02:09:17
1833374407,Moularès,Monkbot,true,1,enwiki,2024-10-27 02:09:33
1833374009,Genetic Information Nondiscrimination Act,LR.127,false,56,enwiki,2024-10-27 02:08:17
357992914,Emil Hess (Schauspieler),Better luck next time,false,-4,dewiki,2024-10-27 02:08:38
1833374119,Paul Simmons (American football),Hubdb39,false,0,enwiki,2024-10-27 02:08:44
1833374307,2014 IAAF World Race Walking Cup,Daniel2023Sports,false,-20,enwiki,2024-10-27 02:09:15
1833374008,Plants vs. Zombies,QuantumFoam66,false,-41,enwiki,2024-10-27 02:08:17
1833374308,User talk:Alith Anar,Alith Anar,false,-304,enwiki,2024-10-27 02:09:17
1833374409,1615 Great Fire of Wymondham,Dmoore5556,false,3,enwiki,2024-10-27 02:09:36
1833374018,Estancarbon,Monkbot,true,1,enwiki,2024-10-27 02:08:19
357992912,Landtagswahl in der Steiermark 2005,Aligator2013,false,0,dewiki,2024-10-27 02:08:28
357992915,Wikipedia:WikiProjekt Frauen/Frauen in Rot/Fehlende Artikel nach Tätigkeit/Psychologinnen,TaxonBot,true,247,dewiki,2024-10-27 02:08:19
1833374312,"Category:Actors from Long Branch, New Jersey",Ernsanchez00,false,-72,enwiki,2024-10-27 02:09:18
1833374414,Insomniac (Green Day album),174.182.84.157,false,11,enwiki,2024-10-27 02:09:35
1833374017,"Category:Actors from Englewood, New Jersey",Ernsanchez00,false,-70,enwiki,2024-10-27 02:08:22
1833374315,The Vanished (2005 film),Counterfeit Purses,false,112,enwiki,2024-10-27 02:09:18
1833374415,Wikipedia:WikiProject U.S. Supreme Court cases/Accomplishments,JL-Bot,true,72,enwiki,2024-10-27 02:09:37
1833374019,New York City housing shortage,LR.127,false,27,enwiki,2024-10-27 02:08:19
357992918,Igor Alexejewitsch Leschtschuk,08Linus,false,428,dewiki,2024-10-27 02:08:45
1833374200,Pont Henri,2A02:C7C:BC25:2A00:795:6BB8:E190:5F9A,false,-11,enwiki,2024-10-27 02:09:00
1833374319,Jablonec nad Jizerou,Monkbot,true,1,enwiki,2024-10-27 02:09:17
1833374109,Out of Jimmy's Head,2600:4808:4ABA:EA01:38AA:491C:7633:4D0A,false,-42,enwiki,2024-10-27 02:08:39
1833374206,Alien Arsenal,69.36.209.214,false,105,enwiki,2024-10-27 02:09:00
1833374112,Gornje Dobravice,Monkbot,true,1,enwiki,2024-10-27 02:08:41
1833374214,Lesgor,Monkbot,true,1,enwiki,2024-10-27 02:08:58
1833374301,"Saint-Créac, Hautes-Pyrénées",Monkbot,true,1,enwiki,2024-10-27 02:09:13
357992913,Reallexikon der Vorgeschichte,MarcelBuehner,false,76,dewiki,2024-10-27 02:08:32
1833374113,Juanca Pineda,Cesarbonilla21,false,-1,enwiki,2024-10-27 02:08:41
1833374215,P. J. Fleck,North Coast Football,false,0,enwiki,2024-10-27 02:08:58
1833374302,Wikipedia:Deletion review/Log/2024 October 25,Robert McClenon,false,429,enwiki,2024-10-27 02:09:16
1833374516,2024 BYU Cougars football team,Themusicman41,false,8,enwiki,2024-10-27 02:09:57
1833374702,WWE Tag Team Championship,Vjmlhds,false,4,enwiki,2024-10-27 02:10:35
1833374811,Poet laureate,Montgomery28,false,99,enwiki,2024-10-27 02:10:48
1833374519,User:AmandaNP/UAA/Time,DeltaQuadBot,true,0,enwiki,2024-10-27 02:10:03
1833374704,Viacheslava of Novgorod,Monkbot,true,2,enwiki,2024-10-27 02:10:35
1833374812,Wikipedia:WikiProject US State Legislatures/Recognized content,JL-Bot,true,12454,enwiki,2024-10-27 02:10:56
1833375000,Choi Jong-won,Seefooddiet,false,-10,enwiki,2024-10-27 02:11:31
1833374712,All the President's Men,Bubba73,false,0,enwiki,2024-10-27 02:10:36
1833374813,2024–25 NCAA football bowl games,ParkerLyme,false,-105,enwiki,2024-10-27 02:10:57
1833375002,Between 1&2,Random86,false,-11,enwiki,2024-10-27 02:11:32
1833374716,Sergio Pérez,Citation bot,true,23,enwiki,2024-10-27 02:10:28
1833374815,Cergău,Monkbot,true,4,enwiki,2024-10-27 02:10:58
1833374900,Gora Badal,LR.127,false,38,enwiki,2024-10-27 02:11:17
1833375003,User:Ceo Digvijay tiwari,Minorax,false,24,enwiki,2024-10-27 02:11:33
1833374600,Choi Byung-ryeol,Seefooddiet,false,34,enwiki,2024-10-27 02:10:14
1833374719,Refrigerant,Fiske,false,-8,enwiki,2024-10-27 02:10:37
1833374816,Al Stillman,Jmg38,false,-167,enwiki,2024-10-27 02:11:00
1833374901,Alt porn,Demt1298,false,-49,enwiki,2024-10-27 02:11:17
1833374500,Peeling Onions,Pichpich,false,26,enwiki,2024-10-27 02:09:58
1833374605,Module:Convert/text,Johnuniq,false,330,enwiki,2024-10-27 02:10:17
1833374902,User talk:2605:8D80:325:73D3:3C45:7654:8889:B9C3,Conyo14,false,1316,enwiki,2024-10-27 02:11:19
1833374502,Horn Concerto (Glière),Neiltonks,false,59,enwiki,2024-10-27 02:09:59
1833374609,Oskar Schindler's Enamel Factory,Monkbot,true,1,enwiki,2024-10-27 02:10:16
1833374903,Choi Jieun,Seefooddiet,false,-27,enwiki,2024-10-27 02:11:17
1833374512,Bélaye,Monkbot,true,1,enwiki,2024-10-27 02:09:57
1833374611,HMCS St. Julien,2804:54:1DF7:3B00:A0F3:F24C:CBB7:F59B,false,-1,enwiki,2024-10-27 02:10:15
1833374913,Insomniac (Green Day album),174.182.84.157,false,9,enwiki,2024-10-27 02:11:17
1833374511,GISB Holdings,DrunkenJoe,false,13,enwiki,2024-10-27 02:09:59
1833374613,Wikipedia:Articles for deletion/2024 Lamar Lady Cardinals softball team,Just Step Sideways,false,660,enwiki,2024-10-27 02:10:18
1833374803,Firestorm (character),NukeofEarl,false,-173,enwiki,2024-10-27 02:10:56
1833374513,Hocus Pocus 2,DarknessGoth777,false,4,enwiki,2024-10-27 02:09:56
1833374806,World Wide Web Consortium,180.251.159.14,false,14,enwiki,2024-10-27 02:10:55
1833374916,User:Minorax/CSD log/2024,Minorax,false,141,enwiki,2024-10-27 02:11:10
1833375004,User:4meter4/sandbox,4meter4,false,193,enwiki,2024-10-27 02:11:33
1833375301,Lentillères,Monkbot,true,1,enwiki,2024-10-27 02:12:21
1833375415,Pancyprian Gymnasium,Monkbot,true,4,enwiki,2024-10-27 02:12:43
1833375006,American Hellenic Educational Progressive Association,Rublamb,false,25,enwiki,2024-10-27 02:11:32
1833375305,2024 Rice Owls football team,Themusicman41,false,8,enwiki,2024-10-27 02:12:24
1833375418,First Cymru,Crib.goch91,false,5,enwiki,2024-10-27 02:12:43
1833375007,Ernst Köhler,Darwinek,false,73,enwiki,2024-10-27 02:11:34
1833375310,"Category:Actors from Tenafly, New Jersey",Ernsanchez00,false,-68,enwiki,2024-10-27 02:12:27
1833375016,Shadow Cabinet of Margaret Thatcher,146.199.140.26,false,-40,enwiki,2024-10-27 02:11:34
1833375101,Wikipedia talk:WikiProject Physics,Quondum,false,301,enwiki,2024-10-27 02:11:45
1833375312,Capestang,Monkbot,true,1,enwiki,2024-10-27 02:12:25
1833375102,"Agia, Preveza",Monkbot,true,1,enwiki,2024-10-27 02:11:45
1833375314,Norway,MIHAIL,false,-281,enwiki,2024-10-27 02:12:18
1833375103,Wikipedia:Reliable sources/Noticeboard,Andrevan,false,1451,enwiki,2024-10-27 02:11:38
1833375204,Draft:Zen Master Zhong,ZhongFashi,false,161,enwiki,2024-10-27 02:12:05
1833375317,List of acts of the Parliament of the United Kingdom from 1948,Dl2000,false,67,enwiki,2024-10-27 02:12:24
1833375106,User:Franklin Gutierrez Mora,Minorax,false,27,enwiki,2024-10-27 02:11:47
1833375205,2024–25 Debreceni VSC season,Cakesam,false,1,enwiki,2024-10-27 02:11:58
1833375107,Zdzisław Goliński,Hwqaksd,false,3,enwiki,2024-10-27 02:11:47
1833375206,Bolesław of Kuyavia,Monkbot,true,1,enwiki,2024-10-27 02:12:06
1833375319,KBWG-LP,Tdl1060,false,-57,enwiki,2024-10-27 02:12:28
1833375401,2012 IAAF World Race Walking Cup,Daniel2023Sports,false,-1,enwiki,2024-10-27 02:12:32
1833375118,"Category:Actors from Somerville, New Jersey",Ernsanchez00,false,-71,enwiki,2024-10-27 02:11:50
1833375207,User:Swastik Srijan Foundation,Minorax,false,27,enwiki,2024-10-27 02:12:07
1833375409,Al Stillman,Jmg38,false,-267,enwiki,2024-10-27 02:12:42
1833375119,Razgrad Peak,Neiltonks,false,-24,enwiki,2024-10-27 02:11:48
1833375216,KBWG-LP,Tdl1060,false,47,enwiki,2024-10-27 02:12:08
1833375300,User:Minorax/CSD log/2024,Minorax,false,159,enwiki,2024-10-27 02:12:11
1833375414,Peter Buck,IndigoSalisbury,false,4,enwiki,2024-10-27 02:12:41
1833375700,Saint-Priest-la-Feuille,Monkbot,true,1,enwiki,2024-10-27 02:13:33
1833375804,Chénérailles,Monkbot,true,1,enwiki,2024-10-27 02:13:52
1833375907,"Category:Actors from Schenectady, New York",Ernsanchez00,false,-72,enwiki,2024-10-27 02:14:17
1833375509,Javakhishvili,Nadezhda Abashvili,false,-8,enwiki,2024-10-27 02:13:01
1833375703,1939–40 Maltese FA Trophy,MPN 1994,false,0,enwiki,2024-10-27 02:13:36
1833375803,Deng Xiaoping's southern tour,SCreditC,false,594,enwiki,2024-10-27 02:13:53
1833375910,Too Much Heaven,2405:3800:8D1:3536:0:0:0:1,false,516,enwiki,2024-10-27 02:14:16
1833375510,Maikal Hills,Johnuniq,false,31,enwiki,2024-10-27 02:12:59
1833375708,Down Two Then Left,Invisiboy42293,false,64,enwiki,2024-10-27 02:13:35
1833375806,Joseph Zema,24.89.123.168,false,2,enwiki,2024-10-27 02:13:54
1833375915,Yang Zhi (empress),119.56.99.51,false,9,enwiki,2024-10-27 02:14:18
1833375511,Kriushinsky,Monkbot,true,1,enwiki,2024-10-27 02:13:00
1833375605,"Tashlykul, Meleuzovsky District, Republic of Bashkortostan",Monkbot,true,2,enwiki,2024-10-27 02:13:17
1833375709,March Action,Monkbot,true,1,enwiki,2024-10-27 02:13:37
1833375807,Category:Actors from New York City,Ernsanchez00,false,-74,enwiki,2024-10-27 02:13:55
1833375916,Race and crime in the United States,ResearcherJCT,false,3838,enwiki,2024-10-27 02:14:16
1833375515,First Indochina War,Remsense,false,-7,enwiki,2024-10-27 02:12:55
1833375607,Christian Vázquez (actor),Citation bot,true,59,enwiki,2024-10-27 02:13:17
1833375711,College Football on CBS Sports,75.107.166.4,false,0,enwiki,2024-10-27 02:13:36
1833375812,Horní Bukovina,91.221.149.209,false,569,enwiki,2024-10-27 02:13:54
1833375917,2024 Campeonato Brasileiro Série B,186.29.35.253,false,-12,enwiki,2024-10-27 02:14:14
1833375609,User:Jax 0677/Templates for Creation (S),Jax 0677,false,-40,enwiki,2024-10-27 02:13:18
1833375712,Wikipedia:Wiki Ed/University of Washington/ENV H Industrial Hygiene (Fall 2024),Cam101EPH,false,16,enwiki,2024-10-27 02:13:38
1833375813,West Hartlepool R.F.C.,Kettlehead,false,0,enwiki,2024-10-27 02:13:57
1833375919,Wikipedia:Teahouse,Cullen328,false,1097,enwiki,2024-10-27 02:14:18
1833375611,1939–40 Maltese FA Trophy,MPN 1994,false,-18,enwiki,2024-10-27 02:13:18
1833375814,List of tallest structures in the Philippines,IronGargoyle,false,32,enwiki,2024-10-27 02:13:51
1833375612,Talk:Mokosh,Bloodofox,false,330,enwiki,2024-10-27 02:13:19
1833375716,Germanic personal names in Galicia,135.23.42.105,false,16,enwiki,2024-10-27 02:13:39
1833375800,User:Mak9991/be bold,Mak9991,false,7,enwiki,2024-10-27 02:13:55
1833375818,Benny Begin,Techiya1925,false,386,enwiki,2024-10-27 02:13:57
1833376001,SEC Nation,North Coast Football,false,15,enwiki,2024-10-27 02:14:27
1833375501,2014 Louisiana–Monroe Warhawks football team,Mes tex,false,272,enwiki,2024-10-27 02:12:55
1833375613,Peripatopsis orientalis,HCUPa,false,-137,enwiki,2024-10-27 02:13:18
1833375718,User:Cheshire's Mix 56,Minorax,false,27,enwiki,2024-10-27 02:13:40
1833375801,Cordaticaris,Prehistorica CM,false,279,enwiki,2024-10-27 02:13:53
1833376005,Foreign relations of Ecuador,M.Bitton,false,-967,enwiki,2024-10-27 02:14:25
1833375503,Talk:Social democracy,Allmänbildare,false,2379,enwiki,2024-10-27 02:12:55
1833375802,User:Minorax/CSD log/2024,Minorax,false,143,enwiki,2024-10-27 02:13:44
1833375902,Societas Europaea,Rara929,false,-71,enwiki,2024-10-27 02:14:14
1833376006,Major Tom (Coming Home),Monkbot,true,1,enwiki,2024-10-27 02:14:32
1833376007,Federalist No. 9,Thebiguglyalien,false,-253,enwiki,2024-10-27 02:14:33
1833376012,2024 Ball State Cardinals football team,ColtsFan9372,false,6,enwiki,2024-10-27 02:14:35
1833376101,Talk:Modernized Load-Carrying Equipment,SMcCandlish,false,345,enwiki,2024-10-27 02:14:53
1833376014,Wikipedia:Reliable sources/Noticeboard,Andrevan,false,0,enwiki,2024-10-27 02:14:29
1833376104,.to,Villaida,false,-27,enwiki,2024-10-27 02:14:52
1833376106,María Inés,Citation bot,true,61,enwiki,2024-10-27 02:14:52
1833376209,Montpon-Ménestérol,Monkbot,true,1,enwiki,2024-10-27 02:15:04
1833376400,User talk:Sapienna,636Buster,false,459,enwiki,2024-10-27 02:15:38
1833376108,2024 eastern Gezira State massacres,Noble Attempt,false,371,enwiki,2024-10-27 02:14:54
1833376215,1980 Irpinia earthquake,Dawnseeker2000,false,-14,enwiki,2024-10-27 02:15:06
1833376405,Category talk:Carnivals in North America,Simeon,false,30,enwiki,2024-10-27 02:15:38
1833376110,Niya Town,Monkbot,true,2,enwiki,2024-10-27 02:14:53
1833376217,Skibidi,VolatileAnomaly,false,167,enwiki,2024-10-27 02:15:07
1833376301,Stepan Charnetskyi,Monkbot,true,4,enwiki,2024-10-27 02:15:21
1833376408,African Men's Junior Handball Championship,LR.127,false,53,enwiki,2024-10-27 02:15:36
1833376114,Poet laureate,Montgomery28,false,379,enwiki,2024-10-27 02:14:45
1833376218,"Talk:GM \"old-look\" transit bus",Pinoflash,false,1,enwiki,2024-10-27 02:15:09
1833376305,Wikipedia:Community portal/Open tasks,SuggestBot,false,23,enwiki,2024-10-27 02:15:23
1833376418,Malá Úpa,Monkbot,true,1,enwiki,2024-10-27 02:15:39
1833376115,User talk:Mbryant6547,Vanamonde93,false,-1520,enwiki,2024-10-27 02:14:56
1833376219,Gregorios Kamonas,Demetrios1993,false,6,enwiki,2024-10-27 02:15:09
1833376304,Capital One,LesbianTiamat,false,-233,enwiki,2024-10-27 02:15:20
1833376307,User:RichBot/copyvios,RichBot,true,-3108,enwiki,2024-10-27 02:15:23
