1833511819,Alice in the Cities,Monkbot,true,1,enwiki,2024-10-27 09:50:41
1833511908,Pulgasari,Eiga-Kevin2,false,27,enwiki,2024-10-27 09:51:02
1833512011,The Aetiology of Hysteria,Monkbot,true,1,enwiki,2024-10-27 09:51:31
1833512103,User talk:Christian Roess,Gerda Arendt,false,161,enwiki,2024-10-27 09:51:53
1833512013,User talk:Cantoki,DPL bot,true,395,enwiki,2024-10-27 09:51:32
1833512104,Mercenary,Hatutuons,false,8,enwiki,2024-10-27 09:51:49
358000702,Bresh,YGO24895,false,3,dewiki,2024-10-27 09:52:00
1833512314,Template:Smallest Finnish municipalities by region,2001:999:60C:98A:376F:61A0:A80B:561D,false,962,enwiki,2024-10-27 09:52:48
1833511800,Finnish kings,EmausBot,true,-13,enwiki,2024-10-27 09:50:39
1833511910,School of Pedagogical and Technological Education,Monkbot,true,1,enwiki,2024-10-27 09:51:06
1833512106,Smallfin catshark,Quetzal1964,false,-39,enwiki,2024-10-27 09:51:55
1833512206,Le Monastier-sur-Gazeille,Monkbot,true,1,enwiki,2024-10-27 09:52:12
1833512300,Marián Bochnovič,Geschichte,false,2979,enwiki,2024-10-27 09:52:42
1833512315,Time 107.5,Socialist Distancing,false,3,enwiki,2024-10-27 09:52:48
1833511804,Girl Like Me (song),Sahaib,false,-16,enwiki,2024-10-27 09:50:39
1833511900,Bhulan Singh Marabi,Davidindia,false,43,enwiki,2024-10-27 09:51:04
1833511914,Alcohol,94.255.152.53,false,39,enwiki,2024-10-27 09:51:07
1833512015,Peyton Royce,AnomieBOT,false,1,enwiki,2024-10-27 09:51:30
1833512107,Błaszki,Monkbot,true,1,enwiki,2024-10-27 09:51:54
358000703,Hugo Swart,Invisigoth67,false,1,dewiki,2024-10-27 09:52:02
1833512209,Smallfin catshark,Quetzal1964,false,6,enwiki,2024-10-27 09:52:15
1833512302,Frank Furedi,Farolif,false,10,enwiki,2024-10-27 09:52:41
1833512316,Wikipedia:WikiProject World Rally/to do,Unnamelessness,false,-26,enwiki,2024-10-27 09:52:50
1833511811,Ministry of Economy (Poland),Monkbot,true,1,enwiki,2024-10-27 09:50:38
1833511916,Humiston family murders,Left guide,false,4857,enwiki,2024-10-27 09:51:06
1833512000,Mariana de la noche (Mexican TV series),Nick Bizer,false,3,enwiki,2024-10-27 09:51:27
1833512017,Ahmad Hariri,Asrefaei,false,0,enwiki,2024-10-27 09:51:33
1833512108,Dora and Cora Webber,Sam11333,false,41,enwiki,2024-10-27 09:51:55
1833512213,Vernon Forrest,Sam11333,false,41,enwiki,2024-10-27 09:52:15
1833512303,Talk:Flag of South Dakota,WeInTheUSA,false,491,enwiki,2024-10-27 09:52:44
1833511814,Sluggerrr,BittersweetParadox,false,15,enwiki,2024-10-27 09:50:40
1833511901,Wikipedia:Administrator intervention against vandalism,HBC AIV helperbot14,true,-567,enwiki,2024-10-27 09:51:03
1833511919,"Moore, Cheshire",Entranced98,false,51,enwiki,2024-10-27 09:51:07
1833512001,Rulers of Finland,EmausBot,true,-13,enwiki,2024-10-27 09:51:29
1833512109,List of Old Bedford Modernians,AlexdeGrey,false,0,enwiki,2024-10-27 09:51:51
1833512216,"Mikhaylovka, Yanurusovsky Selsoviet, Ishimbaysky District, Republic of Bashkortostan",Monkbot,true,1,enwiki,2024-10-27 09:52:16
1833512305,Christopher Michael King,Februarycrumbs,false,4,enwiki,2024-10-27 09:52:44
1833511902,Svyatoslav Fyodorov,Monkbot,true,1,enwiki,2024-10-27 09:51:03
1833512004,Chilik (river),Monkbot,true,3,enwiki,2024-10-27 09:51:28
1833512115,Aaron Anderson (soccer),Makejets,false,110,enwiki,2024-10-27 09:51:56
1833512218,Wikipedia:WikiProject Guild of Copy Editors/Requests/Archives/2024,YiFeiBot,true,131,enwiki,2024-10-27 09:52:16
1833512319,Fogd,Andrew Lancaster,false,-29,enwiki,2024-10-27 09:52:51
1833512006,Arclid Green,Entranced98,false,51,enwiki,2024-10-27 09:51:29
1833512117,Wikipedia:TWA/Badge/15,Gonnym,false,-2,enwiki,2024-10-27 09:51:57
1833512219,List of Finnish monarchs and Heads of States,EmausBot,true,-13,enwiki,2024-10-27 09:52:19
1833511904,Sunny Deol filmography,DareshMohan,false,-2,enwiki,2024-10-27 09:51:02
1833512008,Bezmiâlem Sultan,Sira Aspera,false,466,enwiki,2024-10-27 09:51:30
358000700,Liste der Träger des Großen Bundesverdienstkreuzes,Asperatus,false,49,dewiki,2024-10-27 09:51:54
1833512118,List of Finnish monarchs,EmausBot,true,-13,enwiki,2024-10-27 09:51:59
358000705,Franz Uhle-Wettler,Asperatus,false,350,dewiki,2024-10-27 09:52:04
1833511818,The Voice UK series 13,ZacTiago117,false,209,enwiki,2024-10-27 09:50:40
1833511906,Edgar Chahine,GreenLipstickLesbian,false,-21,enwiki,2024-10-27 09:51:05
1833512010,Women in the Israel–Hamas war,CarmenEsparzaAmoux,false,457,enwiki,2024-10-27 09:51:29
1833512101,Günter Müller,DonkeyDood15 ukog-monkey,false,-1586,enwiki,2024-10-27 09:51:54
358000701,Zezschwitz,Freygangfreunde,false,172,dewiki,2024-10-27 09:51:59
1833512309,"\"Weird Al\" Yankovic videography",Nebulakevin,false,264,enwiki,2024-10-27 09:52:44
358000801,Johann Kohlau,Silewe,false,15,dewiki,2024-10-27 09:53:09
358000808,Wilhelm Pfeffer (Pädagoge),WoodJackPfader,false,25,dewiki,2024-10-27 09:53:13
1833512401,Wikipedia:TWA/Badge/9,Gonnym,false,-2,enwiki,2024-10-27 09:53:23
1833512408,Thirudi (1974 film),Kailash29792,false,552,enwiki,2024-10-27 09:53:25
358000900,Portal:Medizin/Index/S,Uwe Gille,false,247,dewiki,2024-10-27 09:53:57
358000905,Moose Jaw Warriors,L. aus W.,false,5,dewiki,2024-10-27 09:54:04
358000915,M&S Architekten,L. aus W.,false,11,dewiki,2024-10-27 09:54:11
1833512617,David Crisafulli,Nford24,false,5,enwiki,2024-10-27 09:54:30
358000802,Lürzer’s Archiv,L. aus W.,false,11,dewiki,2024-10-27 09:53:09
358000810,Peter Jacob Johannssen,Berlin-George,false,179,dewiki,2024-10-27 09:53:16
358000814,Hugenpoet (Adelsgeschlecht),Dusdia,false,153,dewiki,2024-10-27 09:53:19
1833512409,Hugh Roe O'Donnell,SkywalkerEccleston,false,36,enwiki,2024-10-27 09:53:21
1833512512,The Marksman (2021 film),Skiwi44,false,-10,enwiki,2024-10-27 09:53:51
1833512619,SpaceX Starship,CTemelkoski,false,11,enwiki,2024-10-27 09:54:26
358000811,Shams Azar FC,Pudt,false,291,dewiki,2024-10-27 09:53:15
358000815,Neue Jesre'eltalbahn,Ulf Heinsohn,false,23,dewiki,2024-10-27 09:53:19
1833512500,Michael Fusek,92.52.23.211,false,67,enwiki,2024-10-27 09:53:46
1833512513,Jiiva,DareshMohan,false,-305,enwiki,2024-10-27 09:53:50
1833512605,Naval Air Station Halifax,EmausBot,true,5,enwiki,2024-10-27 09:54:29
358000805,Mango (Mode),L. aus W.,false,10,dewiki,2024-10-27 09:53:12
1833512502,Talk:Canadian Forces Base Shearwater,EmausBot,true,5,enwiki,2024-10-27 09:53:49
1833512515,Sun Myung Moon,Remsense,false,-5,enwiki,2024-10-27 09:53:47
358000910,Motorite Racing,L. aus W.,false,11,dewiki,2024-10-27 09:54:06
358000918,Munich Brewers,L. aus W.,false,6,dewiki,2024-10-27 09:54:12
358000812,Portal:Nürnberg/QS,TaxonBota,true,-235,dewiki,2024-10-27 09:53:15
1833512404,Vulcan's Thumb,PJsg1011,false,59,enwiki,2024-10-27 09:53:22
1833512414,Energy-based model,Perceptron599,false,10,enwiki,2024-10-27 09:53:26
1833512504,Deaths in August 1988,Bryan Krippner,false,133,enwiki,2024-10-27 09:53:46
1833512611,October 27,ClueBot NG,false,-18,enwiki,2024-10-27 09:54:28
1833512406,Stage Fighter,Pbrian0410,false,544,enwiki,2024-10-27 09:53:24
1833512418,User talk:Petska~enwiki,Petska~enwiki,false,-12,enwiki,2024-10-27 09:53:28
1833512516,Vivian Harris,Sam11333,false,41,enwiki,2024-10-27 09:53:52
358000901,Zusatz-Weiterbildung Klinische Akut- und Notfallmedizin,Invisigoth67,false,7,dewiki,2024-10-27 09:54:00
1833512419,Rixton-with-Glazebrook,Entranced98,false,56,enwiki,2024-10-27 09:53:27
1833512505,2016 in New Zealand,Panamitsu,false,14,enwiki,2024-10-27 09:53:47
358000913,MOZ (Zeitschrift),L. aus W.,false,-26,dewiki,2024-10-27 09:54:08
1833512612,Talk:C/2023 A3 (Tsuchinshan–ATLAS),C messier,false,-349,enwiki,2024-10-27 09:54:30
358000902,Night Skinny,YGO24895,false,1,dewiki,2024-10-27 09:54:02
1833512601,Guru Mann,Naanioffl,false,80,enwiki,2024-10-27 09:54:27
1833512614,National road 50 (Poland),Monkbot,true,1,enwiki,2024-10-27 09:54:29
1833512506,2024–25 National League 1,Jgjsmith006,false,2,enwiki,2024-10-27 09:53:47
358000903,Monterey Bay Aquarium,L. aus W.,false,11,dewiki,2024-10-27 09:54:02
1833512602,Binary tiling,David Eppstein,false,0,enwiki,2024-10-27 09:54:26
1833512616,Bulldog catshark,Quetzal1964,false,-12,enwiki,2024-10-27 09:54:30
358000813,Rahelgrab,Wieggy,false,69,dewiki,2024-10-27 09:53:18
1833512407,2015 in New Zealand,Panamitsu,false,14,enwiki,2024-10-27 09:53:24
358000904,Michael Weiss (Triathlet),Giacomo1970,false,-4,dewiki,2024-10-27 09:54:02
1833512603,Church Lawton,Entranced98,false,51,enwiki,2024-10-27 09:54:26
1833512714,Mehmed Orhan,Sira Aspera,false,-93,enwiki,2024-10-27 09:54:57
1833512815,Ilias Kostis,Monkbot,true,1,enwiki,2024-10-27 09:55:28
1833512904,1994 Copa Libertadores,FromCzech,false,1,enwiki,2024-10-27 09:55:56
1833512715,Cfb shearwater,EmausBot,true,5,enwiki,2024-10-27 09:54:59
358001011,Peter Wiesinger,Aka,false,15,dewiki,2024-10-27 09:55:18
1833512800,Yangwang U7,毕明明,false,0,enwiki,2024-10-27 09:55:23
358001017,Jakob Grimminger,Aka,false,15,dewiki,2024-10-27 09:55:29
1833512906,Halifax/Shearwater Heliport,EmausBot,true,5,enwiki,2024-10-27 09:55:59
1833512716,Template:2024 American Rivers Conference football standings,Elirbosley,false,0,enwiki,2024-10-27 09:54:59
358001009,Giorgi Tschakwetadse,Pyaet,false,-4,dewiki,2024-10-27 09:55:12
358001015,Edmund Haferbeck,Seemannssonntag,false,8,dewiki,2024-10-27 09:55:25
358001018,Territory (Fernsehserie),Invisigoth67,false,0,dewiki,2024-10-27 09:55:30
1833512909,"Kizhoor, Puducherry",Beenasivan,false,-5,enwiki,2024-10-27 09:55:57
358001002,Ostermann (Automarke),L. aus W.,false,13,dewiki,2024-10-27 09:54:58
358001008,Oronsay Great Cross,Eschenmoser,false,33,dewiki,2024-10-27 09:55:03
1833512803,Wikipedia:Articles for deletion/Humiston family murders,Left guide,false,141,enwiki,2024-10-27 09:55:25
1833512910,When the Alpine Roses Bloom,Monkbot,true,1,enwiki,2024-10-27 09:55:58
358001001,Jesreel (Stadt),Ulf Heinsohn,false,22,dewiki,2024-10-27 09:54:58
358001010,Amt Alswede,Definitiv,false,-1,dewiki,2024-10-27 09:55:13
358001016,Portal:Polizei/Arbeitslisten,TaxonBota,true,46,dewiki,2024-10-27 09:55:25
1833512912,Succor Creek State Natural Area,PJsg1011,false,58,enwiki,2024-10-27 09:55:58
358001005,Mangfallgebirge,Wasquewhat,false,4,dewiki,2024-10-27 09:55:01
1833512805,The Daring Swimmer,Monkbot,true,1,enwiki,2024-10-27 09:55:25
358001012,Peter Jacob Johannssen,Berlin-George,false,31,dewiki,2024-10-27 09:55:20
1833512807,2024–25 National League 1,Jgjsmith006,false,28,enwiki,2024-10-27 09:55:23
1833512706,Lake Brienz,Monkbot,true,1,enwiki,2024-10-27 09:54:54
1833512809,Draft:Folklore of the Empire of Kitara,Ahiise2,false,257,enwiki,2024-10-27 09:55:24
1833512901,Remote keyless system,GhostInTheMachine,false,6,enwiki,2024-10-27 09:55:56
358001006,Paul Watson,Invisigoth67,false,-1,dewiki,2024-10-27 09:55:00
358001014,Alexis Hanquinquant,Elfabso,false,115,dewiki,2024-10-27 09:55:22
1833512810,Deaths in August 1988,Bryan Krippner,false,120,enwiki,2024-10-27 09:55:26
1833512902,The Claremont Murders,Citation bot,true,-6,enwiki,2024-10-27 09:55:56
1833512707,Polish Film Chronicle,Monkbot,true,1,enwiki,2024-10-27 09:54:57
1833512814,RCAF Dartmouth,EmausBot,true,5,enwiki,2024-10-27 09:55:29
1833512903,User talk:2605:59C8:118D:9010:F1C0:C30B:B556:6D28,Grayfell,false,1855,enwiki,2024-10-27 09:55:57
1833513213,Culcheth and Glazebury,Entranced98,false,56,enwiki,2024-10-27 09:57:17
1833513118,1967 Pan American Games,FromCzech,false,3,enwiki,2024-10-27 09:56:54
1833513214,Talk:Al Ittihad F.C.,EmausBot,true,-12,enwiki,2024-10-27 09:57:19
1833513015,FC Slavyansk Slavyansk-na-Kubani,Monkbot,true,1,enwiki,2024-10-27 09:56:28
1833513102,User talk:Yasin Sunami2024/sandbox,Yasin Sunami2024,false,103,enwiki,2024-10-27 09:56:51
1833513216,The Peanuts Movie,Geraldo Perez,false,24,enwiki,2024-10-27 09:57:15
1833513016,Talk:Ittihad FC,EmausBot,true,-12,enwiki,2024-10-27 09:56:29
1833513104,Turmantas,Monkbot,true,1,enwiki,2024-10-27 09:56:49
1833513217,Faisal Karami,Asrefaei,false,-24,enwiki,2024-10-27 09:57:18
1833513002,Alec Mills (soccer),Makejets,false,14,enwiki,2024-10-27 09:56:25
1833513106,Chanakya (2019 film),RajveerSingha1950,false,-4,enwiki,2024-10-27 09:56:50
1833513202,2019 Whakaari / White Island eruption,Panamitsu,false,89,enwiki,2024-10-27 09:57:11
1833513219,Marios Louka,Monkbot,true,1,enwiki,2024-10-27 09:57:18
1833513204,Polyrracho,Monkbot,true,1,enwiki,2024-10-27 09:57:15
1833513005,Kinship terminology,Jerry369,false,-15,enwiki,2024-10-27 09:56:24
1833513109,File:Paja Jovanović-Krunisanje Cara Dušana.jpg,83.135.190.1,false,35,enwiki,2024-10-27 09:56:52
1833513007,Nizar Banat,Iostn,false,39,enwiki,2024-10-27 09:56:26
1833513112,Mali Jelnik,Monkbot,true,1,enwiki,2024-10-27 09:56:52
1833513209,List of WWE pay-per-view and livestreaming supercards,Samifan56,false,0,enwiki,2024-10-27 09:57:12
1833513006,Aksyonovo-Zilovskoye,Monkbot,true,1,enwiki,2024-10-27 09:56:24
1833513115,International Rice Research Institute,J.avanzado,false,118,enwiki,2024-10-27 09:56:53
1833513210,Wikipedia:Redirects for discussion/Log/2024 October 14,Utopes,false,303,enwiki,2024-10-27 09:57:15
1833513009,Maaveeran (2023 film),M15s09,false,5,enwiki,2024-10-27 09:56:26
1833513315,"Churton, Cheshire",Entranced98,false,51,enwiki,2024-10-27 09:57:41
358001109,Benutzer Diskussion:Bahnmoeller,Jasmin Vogelsang,false,582,dewiki,2024-10-27 09:57:57
1833513406,Let's Get Wellington Moving,Radiogaga1984,false,489,enwiki,2024-10-27 09:58:03
1833513509,"Seddon, New Zealand",Panamitsu,false,125,enwiki,2024-10-27 09:58:36
1833513319,User:GrabUp/sandbox,GrabUp,false,3,enwiki,2024-10-27 09:57:42
358001103,Jochem Kahl,Invisigoth67,false,6,dewiki,2024-10-27 09:57:48
1833513407,Disc mill,Citation bot,true,61,enwiki,2024-10-27 09:58:05
358001113,Marco Biagi (Jurist),78.174.21.116,false,39,dewiki,2024-10-27 09:58:12
358001118,Diskussion:Naomi Wolf,2003:F0:F0E:2200:4A2A:E3FF:FE3A:155A,false,708,dewiki,2024-10-27 09:58:19
1833513510,Choose life (quote),Utopes,false,472,enwiki,2024-10-27 09:58:38
1833513408,List of Airbus A320 family operators,171.97.63.106,false,26,enwiki,2024-10-27 09:57:58
358001114,9 Plätze – 9 Schätze,Asurnipal,false,87,dewiki,2024-10-27 09:58:10
1833513513,"Polykarpi, Pella",Monkbot,true,1,enwiki,2024-10-27 09:58:37
1833513414,Haryanvi cinema,Iamgadanjoga,false,37,enwiki,2024-10-27 09:58:07
358001116,Alter Markt (Magdeburg),Olaf2,false,213,dewiki,2024-10-27 09:58:13
1833513514,Ittihad Club (Jeddah),EmausBot,true,-12,enwiki,2024-10-27 09:58:39
358001107,Windhof,88.75.82.230,false,-109,dewiki,2024-10-27 09:57:55
1833513415,Adnan Jamjoom,EmausBot,true,-12,enwiki,2024-10-27 09:58:09
1833513502,"Paul I, Prince Esterházy",Monkbot,true,5,enwiki,2024-10-27 09:58:33
1833513416,Sénaillac-Lauzès,Monkbot,true,1,enwiki,2024-10-27 09:58:06
358001119,Benutzer:Bacci/Baustelle11,Bacci,false,-62,dewiki,2024-10-27 09:58:23
1833513503,2024–25 in Australian soccer,SuperJew,false,222,enwiki,2024-10-27 09:58:31
1833513304,Inangahua Junction,Panamitsu,false,25,enwiki,2024-10-27 09:57:38
1833513401,Henryk Batuta hoax,Monkbot,true,1,enwiki,2024-10-27 09:58:03
358001111,Iona Nunnery,Eschenmoser,false,53,dewiki,2024-10-27 09:58:10
1833513504,Monisha Blessy,M15s09,false,-23,enwiki,2024-10-27 09:58:35
1833513308,"Sveti Mohor, Moravče",Monkbot,true,1,enwiki,2024-10-27 09:57:39
1833513403,Interstate 43,207.172.34.206,false,6,enwiki,2024-10-27 09:58:00
358001112,Zob Ahan Isfahan,Pudt,false,228,dewiki,2024-10-27 09:58:10
1833513506,List of Shuriken Sentai Ninninger characters,TokuMaster01,false,-357,enwiki,2024-10-27 09:58:34
1833513309,Saturnyne,Unearthlychild97,false,57,enwiki,2024-10-27 09:57:38
358001110,Henstedt-Ulzburg,2A01:C23:911C:2600:5111:601E:2E04:2185,false,-87,dewiki,2024-10-27 09:58:02
1833513508,Talk:Rail transport,Redrose64,false,328,enwiki,2024-10-27 09:58:37
358001104,Horn (Blechblasinstrument),Nassauer27,false,-18,dewiki,2024-10-27 09:57:53
358001108,SV Budberg,Hullu poro,false,-4,dewiki,2024-10-27 09:58:01
1833513402,Deepwater catshark,Quetzal1964,false,-40,enwiki,2024-10-27 09:58:04
1833513613,User:Jacejohns4n,Sirocco745,false,23,enwiki,2024-10-27 09:59:04
1833513816,Abulfeda,TomCat4680,false,-3,enwiki,2024-10-27 09:59:59
1833513615,Kronberg Railway,Monkbot,true,1,enwiki,2024-10-27 09:59:04
1833513819,Blumwes' buildings in Bydgoszcz,Monkbot,true,2,enwiki,2024-10-27 09:59:59
1833513700,Polish Economy Hall of Fame,Monkbot,true,1,enwiki,2024-10-27 09:59:29
1833513800,Broadgill catshark,Quetzal1964,false,6,enwiki,2024-10-27 09:59:55
1833513711,Al-Houra FC,89.237.148.254,false,0,enwiki,2024-10-27 09:59:32
1833513605,Terry Gilliam filmography,Geraldo Perez,false,27,enwiki,2024-10-27 09:59:01
1833513712,Outline (list),120.16.78.95,false,-4,enwiki,2024-10-27 09:59:32
1833513805,1971 in fine arts of the Soviet Union,Monkbot,true,7,enwiki,2024-10-27 09:59:56
1833513713,Kolyvansky District,Monkbot,true,1,enwiki,2024-10-27 09:59:32
1833513809,Talk:Voss (Alexander McQueen collection),Premeditated Chaos,false,-204,enwiki,2024-10-27 09:59:58
1833513608,La Louvière-Lauragais,Monkbot,true,1,enwiki,2024-10-27 09:59:00
1833513715,2024 Hong Kong Tennis Open – Singles,Miijumaaru,false,114,enwiki,2024-10-27 09:59:30
1833513812,Jaber Al-Mubarak Al-Hamad Al-Sabah,Mewulwe,false,8,enwiki,2024-10-27 09:59:58
1833513610,Usher (musician),Miklogfeather,false,-106,enwiki,2024-10-27 09:58:50
1833513814,2024 Hong Kong Tennis Open,Miijumaaru,false,44,enwiki,2024-10-27 09:59:57
1833513908,I Have a Dream,Utopes,false,-42,enwiki,2024-10-27 10:00:20
358001216,Naomi Wolf,Ankermast,false,1039,dewiki,2024-10-27 10:00:44
1833514203,Interstate 43,207.172.34.206,false,18,enwiki,2024-10-27 10:01:18
1833513907,185 empty chairs,Panamitsu,false,20,enwiki,2024-10-27 10:00:21
358001202,Dunollie Castle,Eschenmoser,false,50,dewiki,2024-10-27 10:00:38
1833514017,Right-Believing,Monkbot,true,3,enwiki,2024-10-27 10:00:45
1833514100,Shotwick,Entranced98,false,51,enwiki,2024-10-27 10:01:00
1833514207,Velečín,Monkbot,true,1,enwiki,2024-10-27 10:01:20
1833514018,Draft:Trovador Ramos Sr.,219.76.26.80,false,665,enwiki,2024-10-27 10:00:46
1833514210,"Collis Mill, Great Thurlow",Citation bot,true,0,enwiki,2024-10-27 10:01:22
1833513913,Luiste,Monkbot,true,1,enwiki,2024-10-27 10:00:23
358001203,Wikipedia:Redaktion Musik/Wartung/Alben,TaxonBota,true,32,dewiki,2024-10-27 10:00:37
358001207,Julien Backhaus,Aka,false,15,dewiki,2024-10-27 10:00:40
358001217,Zob Ahan Isfahan,Pudt,false,-23,dewiki,2024-10-27 10:00:46
1833514106,Jaume Vicens i Vives,Jacobí,false,-18,enwiki,2024-10-27 10:01:02
1833513916,List of historical monuments in Qatar,Margaux De Pauw,false,41,enwiki,2024-10-27 10:00:24
1833514002,Boeing 720,Zlmark,false,0,enwiki,2024-10-27 10:00:39
358001218,Wikipedia:Redaktion Musik/Wartung/Lieder,TaxonBota,true,-25,dewiki,2024-10-27 10:00:47
1833514109,Talk:Ghulam Rasul,2404:3100:1C07:5F7:1:0:4F78:691C,false,254,enwiki,2024-10-27 10:01:02
1833514003,"Gangwon Province, South Korea",Seefooddiet,false,51,enwiki,2024-10-27 10:00:39
358001205,Deliana-Schlucht,Invisigoth67,false,-2,dewiki,2024-10-27 10:00:39
1833514007,Template:Years in Liberia,Rickyurs,false,27,enwiki,2024-10-27 10:00:42
1833514112,Draft:Trovador Ramos Sr.,219.76.26.80,false,1,enwiki,2024-10-27 10:01:03
1833514200,Taupō Volcano,Panamitsu,false,89,enwiki,2024-10-27 10:01:06
358001211,Moschusochse,Invisigoth67,false,6,dewiki,2024-10-27 10:00:42
1833514201,Northrop F-5,ZLEA,false,-1143,enwiki,2024-10-27 10:01:09
1833514216,Ambrugeat,Monkbot,true,1,enwiki,2024-10-27 10:01:24
1833514010,Petros Filippidis,Monkbot,true,1,enwiki,2024-10-27 10:00:42
1833513902,2024 Super Taikyu Series,Thfeeder,false,123,enwiki,2024-10-27 10:00:16
358001214,Schmalspurbahn Weimar–Rastenberg/Großrudestedt,84.43.191.134,false,0,dewiki,2024-10-27 10:00:44
1833514219,Crime in Baltimore,ClueBot NG,false,-452,enwiki,2024-10-27 10:01:27
1833514518,Semyon Antonov,Monkbot,true,1,enwiki,2024-10-27 10:02:44
358001313,Aiga Grabuste,Aka,false,15,dewiki,2024-10-27 10:03:02
358001317,Emil Hammer Orgelbau,Aka,false,2,dewiki,2024-10-27 10:03:06
1833514403,Stadionul Orășenesc Hîncești,EmausBot,true,-4,enwiki,2024-10-27 10:02:19
1833514519,Matale Electoral District,Geoarthouse1124,false,15,enwiki,2024-10-27 10:02:42
358001314,Wikipedia:Redaktion Musik/Wartung,TaxonBota,true,-826,dewiki,2024-10-27 10:02:53
1833514303,User:Johnpaulo5860/sandbox/nationalculturaltreasures,Johnpaulo5860,false,1174,enwiki,2024-10-27 10:01:44
1833514318,List of Malayalam films of 2024,Navneeths31,false,224,enwiki,2024-10-27 10:01:48
1833514407,Draft:Mati Lake,Mccapra,false,119,enwiki,2024-10-27 10:02:18
358001306,Alexis Hanquinquant,Elfabso,false,0,dewiki,2024-10-27 10:02:51
1833514602,Saint-Restitut,Monkbot,true,1,enwiki,2024-10-27 10:03:07
1833514304,Aaron Anderson (soccer),Makejets,false,3,enwiki,2024-10-27 10:01:48
1833514319,"Ministry of Education, Culture, Research, and Technology",Ariandi Lie,false,-102,enwiki,2024-10-27 10:01:50
1833514409,Līksna,Monkbot,true,3,enwiki,2024-10-27 10:02:18
358001315,Bekond,Sharp111,false,61,dewiki,2024-10-27 10:03:02
1833514606,Virtual Shtetl,Monkbot,true,1,enwiki,2024-10-27 10:03:11
1833514305,1929 Murchison earthquake,Panamitsu,false,25,enwiki,2024-10-27 10:01:48
1833514410,User talk:Amazingloong,Mccapra,false,877,enwiki,2024-10-27 10:02:20
358001307,Scandale,Aka,false,1,dewiki,2024-10-27 10:02:52
358001311,Bayern 1,Paddy.84,false,-2158,dewiki,2024-10-27 10:02:58
1833514605,"Thornton Castle, Marykirk",Connoronnor,false,69,enwiki,2024-10-27 10:03:10
1833514306,Talk:Stadionul Orășenesc Hîncești,EmausBot,true,-4,enwiki,2024-10-27 10:01:49
1833514415,Dilip Ghosh (politician),HarukaAmaranth,false,-2,enwiki,2024-10-27 10:02:17
1833514508,User talk:QueerGLAM,Liz,false,1195,enwiki,2024-10-27 10:02:43
358001304,Filmjahr 2023,Schelmentraum,false,75,dewiki,2024-10-27 10:02:47
1833514607,Left Front (India),Sreein Sreedhar,false,56,enwiki,2024-10-27 10:03:10
1833514416,Tipi-tap,George13lol2,false,487,enwiki,2024-10-27 10:02:18
1833514509,Talk:Police and Thieves,Utopes,false,1171,enwiki,2024-10-27 10:02:43
358001312,Theodor von Zezschwitz,Aka,false,1,dewiki,2024-10-27 10:03:00
1833514612,Category:2016 Aircel Chennai Open,Gotitbro,false,37,enwiki,2024-10-27 10:03:13
1833514417,Mount Madson,Ron Clausen,false,33,enwiki,2024-10-27 10:02:20
1833514511,Wikipedia:Redirects for discussion/Log/2024 October 27,Utopes,false,2620,enwiki,2024-10-27 10:02:43
358001305,Diallyltrisulfid,Anagkai,false,-17,dewiki,2024-10-27 10:02:48
358001309,SV Budberg,Hullu poro,false,145,dewiki,2024-10-27 10:02:54
1833514616,File:Benghazi Football Stadium Libya.jpg,Jaw101ie,false,168,enwiki,2024-10-27 10:03:13
1833514313,Prince Arnulf of Bavaria,Monkbot,true,1,enwiki,2024-10-27 10:01:49
358001300,Benutzer:Hadi/Spielwiese3,Ornig,false,0,dewiki,2024-10-27 10:02:40
1833514513,Hardy Boyz,27.2.139.154,false,2,enwiki,2024-10-27 10:02:41
358001318,Alpenverein Südtirol,Seeler09,false,60,dewiki,2024-10-27 10:03:12
1833514419,Ten Computational Canons,Sevilledade,false,4,enwiki,2024-10-27 10:02:21
358001301,Carlo Lastricati,Aka,false,0,dewiki,2024-10-27 10:02:41
1833514514,India's Best Dancer (Hindi TV series) season 4,2400:1A00:B020:595D:3729:990D:505E:AD69,false,0,enwiki,2024-10-27 10:02:43
1833514915,User:X201/temp,X201,false,30,enwiki,2024-10-27 10:04:30
1833514917,The Girl from the Marsh Croft (1935 film),Monkbot,true,1,enwiki,2024-10-27 10:04:30
1833514714,Chanakya (2019 film),RajveerSingha1950,false,-45,enwiki,2024-10-27 10:03:36
1833514800,Supreme Administrative Court of Poland,Monkbot,true,2,enwiki,2024-10-27 10:04:01
1833514719,2024 Maharashtra Legislative Assembly election,103.173.241.46,false,4,enwiki,2024-10-27 10:03:24
1833514804,2024 European Tour,Johnsmith2116,false,24,enwiki,2024-10-27 10:04:02
1833514805,Wikipedia:Administrator elections/October 2024/Voting phase,Stephen,false,-24,enwiki,2024-10-27 10:04:04
1833514902,Sachsenspiegel,WOSlinker,false,2,enwiki,2024-10-27 10:04:26
1833514701,Sony Music Publishing,2601:41:4301:DF0:9900:D571:7677:EF4F,false,46,enwiki,2024-10-27 10:03:30
1833514806,2024 Jeonbuk Hyundai Motors season,Iancash81,false,23,enwiki,2024-10-27 10:03:56
1833514903,1914 East Cape earthquakes,Panamitsu,false,100,enwiki,2024-10-27 10:04:25
1833514703,2024 Super Taikyu Series,Thfeeder,false,1,enwiki,2024-10-27 10:03:27
1833514809,Category:2019 Tata Open Maharashtra,Gotitbro,false,24,enwiki,2024-10-27 10:04:04
1833514906,Warsaw County Subdistrict (Home Army),Monkbot,true,2,enwiki,2024-10-27 10:04:27
1833514707,2024 Jiangxi Open – Singles,Miijumaaru,false,16,enwiki,2024-10-27 10:03:31
1833514814,Keith Hellawell,Qwfp,false,0,enwiki,2024-10-27 10:04:04
1833514910,User:Bruin2/Brian Jack Goree,EmausBot,true,-5,enwiki,2024-10-27 10:04:29
1833514710,Omulna,Monkbot,true,1,enwiki,2024-10-27 10:03:33
1833514815,Kosmos 93.6,Monkbot,true,1,enwiki,2024-10-27 10:04:04
1833514913,Talk:Layla M.,ChristieBot,true,30,enwiki,2024-10-27 10:04:29
1833514712,Milan Baroš,47.152.224.197,false,17,enwiki,2024-10-27 10:03:30
1833514819,Miss Uzbekistan,Sciencefish,false,-23,enwiki,2024-10-27 10:04:02
1833514914,Nico Echavarría,Jimmymci234,false,-65,enwiki,2024-10-27 10:04:29
1833515012,Hansi Flick,Thplam2004,false,169,enwiki,2024-10-27 10:04:48
1833515103,List of World War II monuments and memorials in Bosnia and Herzegovina,A.sav,false,1,enwiki,2024-10-27 10:05:14
1833515013,Mercury Stakes,JockeyColours,false,380,enwiki,2024-10-27 10:04:52
1833515203,National Wealth Fund (United Kingdom),LunaExplorer,false,23,enwiki,2024-10-27 10:05:37
1833515017,Auvillar,Monkbot,true,1,enwiki,2024-10-27 10:04:51
1833515106,Anatoli Davydov,Monkbot,true,1,enwiki,2024-10-27 10:05:13
1833515209,South China catshark,Quetzal1964,false,62,enwiki,2024-10-27 10:05:38
1833515016,Lugaid Loígde,Seamus04,false,5,enwiki,2024-10-27 10:04:53
1833515107,1934 Pahiatua earthquake,Panamitsu,false,25,enwiki,2024-10-27 10:05:14
1833515210,2025 AFC U-17 Asian Cup qualification,HiddenFace101,false,46,enwiki,2024-10-27 10:05:32
1833515018,List of awards and nominations received by Mammootty,178.152.118.238,false,-2,enwiki,2024-10-27 10:04:51
1833515109,Kalanchoe orgyalis,203.220.199.137,false,6,enwiki,2024-10-27 10:05:15
1833515212,Louieville Sluggah,EmausBot,true,-7,enwiki,2024-10-27 10:05:39
1833515002,Universiti Sains Malaysia,Hongqilim,false,10,enwiki,2024-10-27 10:04:49
1833515019,2024 Finnish Cup,DenZaUNITY,false,259,enwiki,2024-10-27 10:04:46
1833515213,2024 Maharashtra Legislative Assembly election,Dev Adhi,false,-195,enwiki,2024-10-27 10:05:28
1833515003,2024–25 Danish 2nd Division,212.112.153.14,false,0,enwiki,2024-10-27 10:04:51
1833515113,WANG,Citation bot,true,23,enwiki,2024-10-27 10:05:16
1833515216,Vazhiny,Monkbot,true,1,enwiki,2024-10-27 10:05:38
1833515004,"Elvis (footballer, born 1986)",FromCzech,false,1,enwiki,2024-10-27 10:04:51
1833515116,Genesis Championship,Johnsmith2116,false,-5,enwiki,2024-10-27 10:05:16
1833515218,Kings Marsh,Entranced98,false,63,enwiki,2024-10-27 10:05:39
1833515008,Sallie Ellington Middleton,CommonsDelinker,true,-33,enwiki,2024-10-27 10:04:51
1833515117,"Nowy Dwór County, Pomeranian Voivodeship",Monkbot,true,1,enwiki,2024-10-27 10:05:16
1833515219,2024 Los Angeles Dodgers season,24.205.161.206,false,0,enwiki,2024-10-27 10:05:24
1833515009,South China catshark,Quetzal1964,false,6,enwiki,2024-10-27 10:04:51
1833515102,Talk:Lili Marleen,Utopes,false,1123,enwiki,2024-10-27 10:05:12
1833515119,FIBA Women's World League,FromCzech,false,3,enwiki,2024-10-27 10:05:17
1833515200,Bogdan Gasiński,Zlmark,false,0,enwiki,2024-10-27 10:05:37
1833515300,Dolenje Jezero,Monkbot,true,1,enwiki,2024-10-27 10:06:06
358001404,Ian Wilkinson,Aka,false,22,dewiki,2024-10-27 10:06:12
1833515301,Badhangarhi temple,WOSlinker,false,1,enwiki,2024-10-27 10:06:07
1833515319,"Lansdowne, India",WOSlinker,false,1,enwiki,2024-10-27 10:06:11
1833515304,O G C,EmausBot,true,-7,enwiki,2024-10-27 10:06:09
1833515307,User:GA bot/Stats,ChristieBot,true,0,enwiki,2024-10-27 10:05:49
1833515311,South China catshark,Quetzal1964,false,11,enwiki,2024-10-27 10:06:11
358001405,Synagoge Heidelberg (1878–1938),Reinhardhauke,false,21,dewiki,2024-10-27 10:06:14
1833515313,Jyotiprasad as a Film Maker,ReshamGi,false,4,enwiki,2024-10-27 10:06:12
1833515314,Mithijhora,117.192.196.242,false,-2,enwiki,2024-10-27 10:06:11
1833515315,Great Budworth,Entranced98,false,51,enwiki,2024-10-27 10:06:09
358001406,Memorium Nürnberger Prozesse,Sokrates 399,false,12,dewiki,2024-10-27 10:06:15
358001402,Cho Gue-sung,Pudt,false,0,dewiki,2024-10-27 10:06:06
1833515316,Bellerive-sur-Allier,Monkbot,true,1,enwiki,2024-10-27 10:06:09
1833515317,2024 Japan Golf Tour,Jimmymci234,false,37,enwiki,2024-10-27 10:06:10
358001407,Bert Schneider (Filmproduzent),Silewe,false,-22,dewiki,2024-10-27 10:06:17
1833515514,Hienghène Sport,WOSlinker,false,1,enwiki,2024-10-27 10:07:01
1833515605,List of Malayalam films of 2024,Navneeths31,false,-53,enwiki,2024-10-27 10:07:17
1833515715,Veľký Slavkov,Monkbot,true,3,enwiki,2024-10-27 10:07:45
1833515802,17 July Revolution,TheTimesAreAChanging,false,417,enwiki,2024-10-27 10:08:01
358001414,Willy Westra van Holthe,Aka,false,15,dewiki,2024-10-27 10:06:21
1833515413,Stephen Hall (judge),Bib of Bob,false,186,enwiki,2024-10-27 10:06:36
1833515607,Giannis Laios,Monkbot,true,1,enwiki,2024-10-27 10:07:21
1833515417,Talk:Sri Dungargarh,EmausBot,true,5,enwiki,2024-10-27 10:06:39
1833515806,"Loubaresse, Ardèche",Monkbot,true,1,enwiki,2024-10-27 10:08:02
1833515608,Wikipedia:Sandbox,Redbirdly,false,983,enwiki,2024-10-27 10:07:23
1833515807,List of WWE pay-per-view and livestreaming supercards,Samifan56,false,1,enwiki,2024-10-27 10:07:59
1833515402,User:ClueBot III/Detailed Indices/User talk:Sam Sailor/Archive 28,ClueBot III,true,202,enwiki,2024-10-27 10:06:35
1833515500,Borsod–Abaúj–Zemplén County,Zlmark,false,0,enwiki,2024-10-27 10:06:57
1833515610,Polygala virgata,203.220.199.137,false,-84,enwiki,2024-10-27 10:07:22
358001415,Wikipedia:Vandalismusmeldung,Serols,false,191,dewiki,2024-10-27 10:06:25
1833515403,User:Rafiqul01/sandbox,Rafiqul01,false,1955,enwiki,2024-10-27 10:06:35
1833515611,Plaisir d'amour,Utopes,false,-1979,enwiki,2024-10-27 10:07:23
358001410,Andrea C. Hoffmann,Onkelkoeln,false,926,dewiki,2024-10-27 10:06:18
1833515404,User:اردو بولنے والے ملا/Bengal general election,CommonsDelinker,true,-45,enwiki,2024-10-27 10:06:35
1833515504,2024–25 PGA Tour of Australasia,Jimmymci234,false,47,enwiki,2024-10-27 10:06:59
1833515603,User talk:Sanjula Nimesh Hettiarachchi,FireflyBot,true,843,enwiki,2024-10-27 10:07:22
1833515613,Liberté (anthem),WOSlinker,false,1,enwiki,2024-10-27 10:07:23
358001411,Georg Fröschmann,Nico308,false,339,dewiki,2024-10-27 10:06:18
1833515405,Mithijhora,117.192.196.242,false,-1,enwiki,2024-10-27 10:06:35
1833515511,Dyumina,Monkbot,true,2,enwiki,2024-10-27 10:07:00
1833515602,Huang Wei,Kevin9217,false,-3,enwiki,2024-10-27 10:07:21
1833515617,User talk:MPA,CurryTime7-24,false,800,enwiki,2024-10-27 10:07:24
1833515700,Talk:Lucky Imasuen,Reading Beans,false,35,enwiki,2024-10-27 10:07:45
1833515407,Rezgiukai,Monkbot,true,1,enwiki,2024-10-27 10:06:35
1833515601,Mongolia national under-17 football team,JohnDavies9612,false,-5,enwiki,2024-10-27 10:07:20
1833515618,User:GrabUp/External Links Remover.js,GrabUp,false,-30,enwiki,2024-10-27 10:07:25
1833515706,Emily Barber,CommonsDelinker,true,-17,enwiki,2024-10-27 10:07:44
358001416,St. Emmeram (Unterschneitbach),Zweioeltanks,false,-35,dewiki,2024-10-27 10:06:28
1833515408,Primavera Sound 2022,Miklogfeather,false,-19,enwiki,2024-10-27 10:06:33
1833515513,Template:WikiProjectCard/sandbox/2,Gonnym,false,-2,enwiki,2024-10-27 10:07:03
1833515604,Macky Sall,WOSlinker,false,2,enwiki,2024-10-27 10:07:19
1833515710,User talk:Asukite/Archives/2024/September,ClueBot III,true,1976,enwiki,2024-10-27 10:07:46
1833515800,Jyotiprasad as a Film Maker,ReshamGi,false,-7,enwiki,2024-10-27 10:08:03
358001500,Benutzer Diskussion:Aschroet,Aschroet,false,191,dewiki,2024-10-27 10:08:33
358001504,Wikipedia:Redaktion Altertum/Römischer Limes/Dakischer Limes,Hartmann Linge,false,1363,dewiki,2024-10-27 10:08:37
358001508,Portal:Schifffahrt/Portalorganisation Modellbau Marine QS-Seite,TaxonBota,true,-72,dewiki,2024-10-27 10:08:41
1833516008,Androniki Lada,Monkbot,true,1,enwiki,2024-10-27 10:08:48
1833516115,Wikipedia:Redirects for discussion/Log/2024 October 26,Hydrangeans,false,567,enwiki,2024-10-27 10:09:09
1833516200,The Structure of Crystal,Monkbot,true,1,enwiki,2024-10-27 10:09:33
1833515810,Buffavento Castle,Monkbot,true,4,enwiki,2024-10-27 10:08:05
358001501,Allerheiligenkirche,Ephraim33,false,3,dewiki,2024-10-27 10:08:33
358001511,"Stepnoje (Kaliningrad, Nesterow)",Invisigoth67,false,-1,dewiki,2024-10-27 10:08:49
1833516116,Nepomyšl,Monkbot,true,1,enwiki,2024-10-27 10:09:12
1833516202,Panama ghost catshark,Quetzal1964,false,6,enwiki,2024-10-27 10:09:35
1833515811,Walter Moers,DemianStratford,false,0,enwiki,2024-10-27 10:08:06
1833515911,Draft:Sara Sánchez,John B123,false,602,enwiki,2024-10-27 10:08:30
358001505,Liste der griechischen Töpfer und Vasenmaler/A,Marcus Cyron,false,63,dewiki,2024-10-27 10:08:36
1833516010,Frutiger Aero,2001:16A4:600:16D3:141B:E5A6:675B:9301,false,0,enwiki,2024-10-27 10:08:50
358001515,Benutzer Diskussion:Larainer,Larainer,false,211,dewiki,2024-10-27 10:09:01
1833516207,LIWA Heights,Elite words2,false,18,enwiki,2024-10-27 10:09:36
1833515901,28 March Stadium,Jaw101ie,false,132,enwiki,2024-10-27 10:08:28
1833515915,List of Still Open All Hours episodes,Paulie151,false,-7,enwiki,2024-10-27 10:08:30
1833516011,Draft:Biggest lawsuit against usa police,Tidergamer789,false,-1,enwiki,2024-10-27 10:08:51
358001516,Harzer Tourismusverband,Diopuld,false,77,dewiki,2024-10-27 10:09:00
1833516211,Lancaster Stormers,Adavidb,false,1,enwiki,2024-10-27 10:09:36
1833515905,Interstate 43,207.172.34.206,false,16,enwiki,2024-10-27 10:08:24
1833515916,Faustino Reyes,47.152.224.197,false,72,enwiki,2024-10-27 10:08:31
358001502,Anne Haug (Triathletin),Π π π,false,2,dewiki,2024-10-27 10:08:32
358001509,Bahnhof Andernach,Invisigoth67,false,-1,dewiki,2024-10-27 10:08:41
358001510,Naturpark Aukrug,Sokrates 399,false,8,dewiki,2024-10-27 10:08:47
1833516017,Justingrad,Monkbot,true,2,enwiki,2024-10-27 10:08:51
1833516101,Dapat Alam Mo!,112.210.228.213,false,4,enwiki,2024-10-27 10:09:10
1833516212,Dreamscape Online,Entranced98,false,52,enwiki,2024-10-27 10:09:37
1833515917,Buchal Kalan,2001:8F8:155B:2AD8:BB13:1B42:F97:98FB,false,-60,enwiki,2024-10-27 10:08:31
1833516103,Fogd,Andrew Lancaster,false,-143,enwiki,2024-10-27 10:09:10
1833515818,Joondalup United FC,120.16.96.34,false,94,enwiki,2024-10-27 10:08:08
1833515919,WMEJ,Citation bot,true,19,enwiki,2024-10-27 10:08:31
1833516000,Talk:Plaisir d'amour,Utopes,false,1097,enwiki,2024-10-27 10:08:47
358001513,Darracq,88.130.221.171,false,5,dewiki,2024-10-27 10:08:55
358001517,Stephan Helm,ThurnerRupert,false,122,dewiki,2024-10-27 10:09:04
1833516102,Jersey (2022 film),14.139.224.146,false,9,enwiki,2024-10-27 10:09:10
1833516218,La Voulte-sur-Rhône,Monkbot,true,1,enwiki,2024-10-27 10:09:36
1833515819,Gandhidham,Nizil Shah,false,1,enwiki,2024-10-27 10:08:08
1833515918,Rogue black hole,Exoplanetaryscience,false,13,enwiki,2024-10-27 10:08:32
358001503,Deutschland sucht den Superstar/Staffel 21,C2005m,false,127,dewiki,2024-10-27 10:08:34
358001506,Karl Eschenburg (Fotograf),Michael32710,false,5,dewiki,2024-10-27 10:08:41
1833516002,Wikipedia:Redirects for discussion/Log/2024 October 27,Utopes,false,2254,enwiki,2024-10-27 10:08:47
358001518,Alexandra Elbakyan,Invisigoth67,false,1,dewiki,2024-10-27 10:09:04
1833516104,Propaganda in World War I,Monkbot,true,1,enwiki,2024-10-27 10:09:08
1833515909,"Geshur, Golan Heights",EmausBot,true,1,enwiki,2024-10-27 10:08:30
358001507,Filmjahr 2023,Schelmentraum,false,111,dewiki,2024-10-27 10:08:39
1833516004,Porto-Novo,WOSlinker,false,2,enwiki,2024-10-27 10:08:46
1833516108,The Chronicle (TV series),Jediknight15,false,3,enwiki,2024-10-27 10:09:12
1833516006,Gshur,EmausBot,true,6,enwiki,2024-10-27 10:08:50
1833516114,List of Mexican composers of classical music,Morphogenetic Hamon,false,32,enwiki,2024-10-27 10:09:13
1833516308,Argyropouli,Monkbot,true,2,enwiki,2024-10-27 10:09:56
1833516414,User talk:Hassan777222,Hassan777222,false,314,enwiki,2024-10-27 10:10:23
1833516309,Erowid,ElectronCompound,false,251,enwiki,2024-10-27 10:09:56
1833516504,Palekh,Monkbot,true,1,enwiki,2024-10-27 10:10:42
1833516601,Nippon Ishin no Kai,Orbitalbuzzsaw,false,-14,enwiki,2024-10-27 10:11:03
1833516312,User:Timtempleton/TRIAGE6,Gonnym,false,-563,enwiki,2024-10-27 10:09:59
1833516605,List of communist parties in India,Sreein Sreedhar,false,24,enwiki,2024-10-27 10:11:09
1833516313,UPS Airlines,Quaerens-veritatem,false,-2,enwiki,2024-10-27 10:09:57
1833516508,Talk:Mount McGhan,Ron Clausen,false,-95,enwiki,2024-10-27 10:10:45
1833516613,Draft:Biggest lawsuit against usa police,Tidergamer789,false,126,enwiki,2024-10-27 10:11:13
1833516301,List of Still Open All Hours episodes,Paulie151,false,-7,enwiki,2024-10-27 10:09:55
1833516317,Derby Guerrier,CommonsDelinker,true,-57,enwiki,2024-10-27 10:09:58
1833516403,Boxwood Festival & Workshop,Zlmark,false,0,enwiki,2024-10-27 10:10:21
1833516510,Eurymedon (strategos),Monkbot,true,1,enwiki,2024-10-27 10:10:45
1833516617,Paropėlis,Monkbot,true,2,enwiki,2024-10-27 10:11:12
1833516302,Yangwang U7,毕明明,false,223,enwiki,2024-10-27 10:09:55
1833516407,Draft:Biggest lawsuit against usa police,Tidergamer789,false,65,enwiki,2024-10-27 10:10:21
1833516518,Adipur,Nizil Shah,false,-14,enwiki,2024-10-27 10:10:46
1833516408,Privateer,Hatutuons,false,8,enwiki,2024-10-27 10:10:17
1833516304,User:Timtempleton/TRIAGE5,Gonnym,false,-587,enwiki,2024-10-27 10:09:57
1833516409,Mordecai,WOSlinker,false,1,enwiki,2024-10-27 10:10:20
1833516305,Wikipedia:Articles for deletion/Weber-Maxwell electrodynamics,Cadaik,false,463,enwiki,2024-10-27 10:09:57
1833516411,Abdul Aziz (Pakistani cleric),CommonsDelinker,true,-147,enwiki,2024-10-27 10:10:21
1833516307,Kolyuchin Island,WOSlinker,false,5,enwiki,2024-10-27 10:09:56
1833516412,Ābeļi Parish,Marcocapelle,false,-21,enwiki,2024-10-27 10:10:21
1833516701,Sharp Novices' Hurdle,JockeyColours,false,115,enwiki,2024-10-27 10:11:35
1833516718,Kota Factory,SayantanDhara,false,-29,enwiki,2024-10-27 10:11:38
1833516903,2024 Jharkhand Legislative Assembly election,2409:4060:2D8D:607B:0:0:6ACA:7210,false,2,enwiki,2024-10-27 10:12:18
1833517009,Quirbajou,Monkbot,true,1,enwiki,2024-10-27 10:12:49
358001603,Brassavola,Seysi,false,413,dewiki,2024-10-27 10:11:41
358001612,Vernachlässigung,Sokrates 399,false,6,dewiki,2024-10-27 10:11:54
358001618,Christoph Schwennicke,Aka,false,15,dewiki,2024-10-27 10:11:59
1833516816,Aglona Parish,Marcocapelle,false,-21,enwiki,2024-10-27 10:12:03
1833516906,"Wikipedia:Top 25 Report/October 20 to 26, 2024",Vestrian24Bio,false,2846,enwiki,2024-10-27 10:12:25
1833517013,"Silent Night, Deadly Night 5: The Toy Maker",Waxworker,false,-172,enwiki,2024-10-27 10:12:52
1833516719,Connell McShane,Schwede66,false,197,enwiki,2024-10-27 10:11:41
358001613,Ironman Hawaii,TMH244,false,21,dewiki,2024-10-27 10:11:43
1833516802,"Edward Curzon, 6th Earl Howe",HandsomeFella,false,-19,enwiki,2024-10-27 10:11:59
1833516817,2024 Collingwood Football Club season,SuperJew,false,350,enwiki,2024-10-27 10:11:59
1833516907,Symbols of Brussels,WOSlinker,false,4,enwiki,2024-10-27 10:12:25
1833517018,Armed Forces of Haiti,Citation bot,true,29,enwiki,2024-10-27 10:12:49
1833516703,1997 German Formula Three Championship,Monkbot,true,1,enwiki,2024-10-27 10:11:33
358001614,Nekrolog 1984,Bernhard Diener,false,110,dewiki,2024-10-27 10:11:41
1833516804,Dalsze,Monkbot,true,1,enwiki,2024-10-27 10:12:00
1833516908,Treadwheel crane,Monkbot,true,2,enwiki,2024-10-27 10:12:24
1833516706,Marsupial,Elmidae,false,-30,enwiki,2024-10-27 10:11:32
1833516806,Cyclone Gabrielle,Panamitsu,false,28,enwiki,2024-10-27 10:11:55
1833516911,Alastair Hetherington,Harfarhs,false,-237,enwiki,2024-10-27 10:12:25
358001600,SV 09 Arnstadt,Sokrates 399,false,7,dewiki,2024-10-27 10:11:38
358001610,Christoph Allgäuer,Morgenröte,false,402,dewiki,2024-10-27 10:11:50
1833516807,La Muerte de Mikel,46.6.242.72,false,19,enwiki,2024-10-27 10:12:01
1833516913,User:SuperWIKI/sandbox4,SuperWIKI,false,-1,enwiki,2024-10-27 10:12:24
1833516707,"Mamady, Republic of Bashkortostan",Monkbot,true,2,enwiki,2024-10-27 10:11:37
358001606,Portal:Schweden/Überarbeitungswürdige Artikel,TaxonBota,true,-109,dewiki,2024-10-27 10:11:43
358001615,Portal:Schwäbische Alb/Wartung,TaxonBota,true,6,dewiki,2024-10-27 10:11:54
1833516808,Kaumudi-Mahotsava,ReshamGi,false,1,enwiki,2024-10-27 10:12:01
1833516914,List of Polish records in swimming,213.76.133.130,false,-367,enwiki,2024-10-27 10:12:23
358001601,Werner Glogauer,WoodJackPfader,false,57,dewiki,2024-10-27 10:11:40
358001607,Wikipedia:WikiProjekt Österreichische Denkmallisten/Status,Krdbot,true,0,dewiki,2024-10-27 10:11:42
358001616,Benutzerin Diskussion:Silewe,Wurgl,false,348,dewiki,2024-10-27 10:11:55
1833516809,2024 Asian Tour,Jimmymci234,false,23,enwiki,2024-10-27 10:12:01
1833516712,"Keshet, Golan Heights",EmausBot,true,1,enwiki,2024-10-27 10:11:40
358001617,Parapsycho – Spektrum der Angst,Aka,false,1,dewiki,2024-10-27 10:11:57
1833516918,Dahua Technology,Encoded,false,-81,enwiki,2024-10-27 10:12:24
1833517002,History of Christchurch,Panamitsu,false,20,enwiki,2024-10-27 10:12:45
1833516700,HMS Devastation (1871),Hairy Dude,false,4,enwiki,2024-10-27 10:11:34
1833516715,Mercury Theatre,2600:4808:54B3:C00:2CF7:F16C:B746:F960,false,2,enwiki,2024-10-27 10:11:39
358001608,Bahnhof Stuttgart Flughafen/Messe,Aka,false,0,dewiki,2024-10-27 10:11:45
1833516815,Virtual manipulatives for mathematics,WaveOffTheCoast,false,0,enwiki,2024-10-27 10:12:04
1833517006,England's Glory,Hairy Dude,false,-16,enwiki,2024-10-27 10:12:51
1833517019,My Leopold (1931 film),Monkbot,true,1,enwiki,2024-10-27 10:12:53
1833517115,Đỗ Thị Lan Anh,Sciencefish,false,0,enwiki,2024-10-27 10:13:21
1833517211,Professional wrestling,Registreernu,false,18,enwiki,2024-10-27 10:13:40
1833517303,File:Benghazi Football Stadium Libya.jpg,Jaw101ie,false,-14,enwiki,2024-10-27 10:14:08
1833517119,Not Like Us,Bound 1000,false,-26,enwiki,2024-10-27 10:13:15
1833517212,List of presidents of Piedmont,79.54.101.94,false,-1,enwiki,2024-10-27 10:13:45
1833517307,Ceka,Thatdordrechtguy,false,61,enwiki,2024-10-27 10:14:08
1833517100,Angel (1984 film),Britfilm,false,53,enwiki,2024-10-27 10:13:18
1833517215,Valimai,203.217.28.127,false,-880,enwiki,2024-10-27 10:13:35
1833517308,2024 Turkish Aerospace Industries headquarters attack,Borgenland,false,-10,enwiki,2024-10-27 10:14:06
1833517105,Mercury Theatre,2600:4808:54B3:C00:2CF7:F16C:B746:F960,false,17,enwiki,2024-10-27 10:13:17
1833517218,Yury Zakharevich,JustForFun,false,-131,enwiki,2024-10-27 10:13:45
1833517313,Bruce Foxton,ChrisgenX,false,-12,enwiki,2024-10-27 10:14:08
1833517107,"Talk:Eliad, Golan Heights/version 2",EmausBot,true,5,enwiki,2024-10-27 10:13:20
1833517219,User:LukasSimeone/sandbox,LukasSimeone,false,21481,enwiki,2024-10-27 10:13:46
1833517314,Timoleon Filimon,Monkbot,true,1,enwiki,2024-10-27 10:14:08
1833517315,Eli-ad,EmausBot,true,5,enwiki,2024-10-27 10:14:10
1833517111,Šentlambert,Monkbot,true,1,enwiki,2024-10-27 10:13:19
1833517112,Hiba Abouk,47.152.224.197,false,-105,enwiki,2024-10-27 10:13:20
1833517316,Governor Patterson Memorial State Recreation Site,PJsg1011,false,58,enwiki,2024-10-27 10:14:08
1833517114,Bharata Ratna,DareshMohan,false,43,enwiki,2024-10-27 10:13:22
1833517203,David Crisafulli,49.181.60.20,false,13,enwiki,2024-10-27 10:13:40
1833517113,"Silent Night, Deadly Night 4: Initiation",Waxworker,false,-396,enwiki,2024-10-27 10:13:20
1833517208,Sampo (film),Monkbot,true,1,enwiki,2024-10-27 10:13:43
1833517301,Charles in Charge,Brettalan,false,1,enwiki,2024-10-27 10:14:06
1833517601,2022–2025 ICC Women's Championship,Retired77777777777777,false,0,enwiki,2024-10-27 10:15:09
1833517614,Shinsengumi,Waxworker,false,-948,enwiki,2024-10-27 10:15:18
358001716,Rabban Bar Sauma,Aka,false,15,dewiki,2024-10-27 10:15:33
1833517708,User:Krisgabwoosh/Germán Busch 2,Krisgabwoosh,false,24,enwiki,2024-10-27 10:15:38
358001704,Irene Taylor Brodsky,Aka,false,15,dewiki,2024-10-27 10:15:16
1833517618,Wikipedia:Community portal/Open tasks,SuggestBot,false,15,enwiki,2024-10-27 10:15:21
358001713,Sovan Chatterjee,Aka,false,15,dewiki,2024-10-27 10:15:29
1833517709,Criggion,Entranced98,false,46,enwiki,2024-10-27 10:15:41
1833517606,St John's Town of Dalry,GN10Gaming,false,1604,enwiki,2024-10-27 10:15:16
358001711,Wikipedia:Löschkandidaten/20. Oktober 2024,Jürgen Oetting,false,513,dewiki,2024-10-27 10:15:25
358001718,Feliksa Kozłowska,Aka,false,13,dewiki,2024-10-27 10:15:35
1833517403,Eknath Shinde,103.76.57.158,false,18,enwiki,2024-10-27 10:14:25
1833517605,Wikipedia:Village pump (technical),Thisisnotatest,false,729,enwiki,2024-10-27 10:15:15
1833517712,Luc-sur-Aude,Monkbot,true,1,enwiki,2024-10-27 10:15:41
1833517404,Christchurch,Panamitsu,false,20,enwiki,2024-10-27 10:14:17
1833517510,Analogia entis,Citation bot,true,-81,enwiki,2024-10-27 10:14:51
358001701,Liste der Regierungschefs von Dschibuti,2409:40D4:159:2FD6:8000:0:0:0,false,2369,dewiki,2024-10-27 10:15:09
1833517609,Hamacho Station,133.200.172.0,false,-4,enwiki,2024-10-27 10:15:19
1833517702,Krásné Údolí,Monkbot,true,1,enwiki,2024-10-27 10:15:38
1833517406,I can't breathe,100.16.75.80,false,1503,enwiki,2024-10-27 10:14:25
1833517513,Radio Borovo,Entranced98,false,64,enwiki,2024-10-27 10:14:54
358001705,Jüdischer Friedhof (Heusenstamm),Reinhardhauke,false,3,dewiki,2024-10-27 10:15:20
358001714,Filmjahr 1938,Alfred Kiefer,false,20,dewiki,2024-10-27 10:15:30
1833517701,The Voice of Poland season 15,2A00:F41:80EB:B8D4:833C:9362:6C30:BDD6,false,186,enwiki,2024-10-27 10:15:38
1833517407,Paliouria,Monkbot,true,1,enwiki,2024-10-27 10:14:30
1833517516,Fedorenko v. United States,SilverLocust,false,4,enwiki,2024-10-27 10:14:54
358001706,Rasheed Araeen,Aka,false,14,dewiki,2024-10-27 10:15:20
358001709,Tears for Fears/Diskografie,WSW,false,-6,dewiki,2024-10-27 10:15:22
1833517412,Wikipedia:Administrators' noticeboard,Liz,false,384,enwiki,2024-10-27 10:14:29
1833517517,Draft:2025 Sterling Heights mayoral election,Raspberry505,false,-100,enwiki,2024-10-27 10:14:56
358001707,Allan Olsen,Invisigoth67,false,-1,dewiki,2024-10-27 10:15:20
358001710,Diskussion:Antisemitismus,DaWalda,false,224,dewiki,2024-10-27 10:15:24
358001715,Garde du Corps (Sachsen),Freygangfreunde,false,31,dewiki,2024-10-27 10:15:32
358001719,Jean-Marc Hoscheit,Drahreg01,false,-20,dewiki,2024-10-27 10:15:38
1833517704,HWA Team,Cmf25,false,-1,enwiki,2024-10-27 10:15:40
1833517417,Richard Grenell,Treybien2,false,-173,enwiki,2024-10-27 10:14:31
1833517611,Eleni Mavrou,Monkbot,true,1,enwiki,2024-10-27 10:15:18
1833517705,Stephen Hall (judge),Bib of Bob,false,50,enwiki,2024-10-27 10:15:41
1833517418,2020 Supersport 300 World Championship,Ousmane0306,false,3402,enwiki,2024-10-27 10:14:30
358001703,Vorlage:Revert-Statistik,Revert-Statistik,true,0,dewiki,2024-10-27 10:15:11
1833517600,Konstantinos Engolfopoulos,Monkbot,true,1,enwiki,2024-10-27 10:15:15
1833517613,Shree FM,Entranced98,false,47,enwiki,2024-10-27 10:15:20
358001712,Niedersteinbach (Mömbris),Freak-Line-Community,false,84,dewiki,2024-10-27 10:15:28
1833517707,Mercedes Bresso,79.54.101.94,false,-1,enwiki,2024-10-27 10:15:42
1833517900,Long jump,PenultimateStride,false,-18,enwiki,2024-10-27 10:16:20
1833517811,Talk:Attempted assassination of Donald Trump (disambiguation),RachelTensions,false,187,enwiki,2024-10-27 10:16:06
1833517903,Max Holloway,91.123.181.250,false,0,enwiki,2024-10-27 10:16:25
1833517719,Sixteenth Ordinary General Assembly of the Synod of Bishops,Veverve,false,303,enwiki,2024-10-27 10:15:42
1833517813,File:Venicia Street Benghazi - Omega Boutique.jpg,Jaw101ie,false,115,enwiki,2024-10-27 10:16:08
1833517908,Hanging,124.148.216.196,false,8,enwiki,2024-10-27 10:16:32
1833518006,Talk:Gun show loophole,Fenharrow,false,1405,enwiki,2024-10-27 10:16:55
1833517818,Taurignan-Vieux,Monkbot,true,1,enwiki,2024-10-27 10:16:06
1833517909,The Traitors (British TV series) series 1,UU,false,0,enwiki,2024-10-27 10:16:34
1833518008,Athanasios Mantzouranis,Monkbot,true,1,enwiki,2024-10-27 10:17:00
1833517910,Ayo (singer),47.152.224.197,false,19,enwiki,2024-10-27 10:16:34
1833517819,Long jump,PenultimateStride,false,4,enwiki,2024-10-27 10:15:56
1833518012,Virtual manipulatives for mathematics,WaveOffTheCoast,false,-32,enwiki,2024-10-27 10:17:01
1833517911,Noir fiction,Laterthanyouthink,false,5459,enwiki,2024-10-27 10:16:34
1833518014,Symphyotrichum vahlii,Eewilson,false,707,enwiki,2024-10-27 10:17:01
1833517803,Byron Khun de Prorok,Doug Weller,false,-406,enwiki,2024-10-27 10:16:06
1833517915,Anthony Guy Walker,Filedelinkerbot,true,-19,enwiki,2024-10-27 10:16:36
1833517805,2003–04 Gillingham F.C. season,ChrisTheDude,false,-29,enwiki,2024-10-27 10:16:04
1833517918,Sakamoto Ryōma,Waxworker,false,-272,enwiki,2024-10-27 10:16:36
1833518001,List of EastEnders characters introduced in 2024,EmmerdaleFan2001,false,2251,enwiki,2024-10-27 10:16:55
1833517809,"Lights, Camera, Masala",ReshamGi,false,39,enwiki,2024-10-27 10:16:07
1833517919,Runway 34,2406:B400:D1:6233:C60:B9DB:73E7:4DA0,false,-3,enwiki,2024-10-27 10:16:36
1833518004,Post-World War II economic expansion,EmausBot,true,4,enwiki,2024-10-27 10:17:00
1833518113,Economic prosperity of the 1960s,EmausBot,true,4,enwiki,2024-10-27 10:17:30
1833518209,Tevrizsky District,Monkbot,true,1,enwiki,2024-10-27 10:17:50
1833518318,Józef Łukaszewicz,Monkbot,true,1,enwiki,2024-10-27 10:18:23
1833518404,"Lights, Camera, Masala",ReshamGi,false,-7,enwiki,2024-10-27 10:18:51
358001800,Benutzerin:TaxonBota/qstest1,TaxonBota,true,-56,dewiki,2024-10-27 10:17:30
358001806,Gerhard Kunze,Aka,false,15,dewiki,2024-10-27 10:17:37
358001808,Diskussion:Schrobenhausen,Gomeron,false,1,dewiki,2024-10-27 10:17:44
358001815,Sabine Sparwasser,Aka,false,15,dewiki,2024-10-27 10:17:53
1833518405,User talk:Maximalistic Editor,Liz,false,1858,enwiki,2024-10-27 10:18:51
1833518115,Ryan Wintle,2A02:C7C:4C7A:E900:7D2F:BABE:CB6A:74DB,false,-2,enwiki,2024-10-27 10:17:29
1833518211,Han Chinese,Leoshuo,false,72,enwiki,2024-10-27 10:17:44
1833518408,Emilio Sakraya,Rodkaroma117,false,0,enwiki,2024-10-27 10:18:50
1833518116,Amur (company),Monkbot,true,1,enwiki,2024-10-27 10:17:28
358001817,Jean-Claude Mignon,Aka,false,15,dewiki,2024-10-27 10:17:54
1833518300,IslamPidia,Rifat2005,false,217,enwiki,2024-10-27 10:18:20
1833518102,Michel Aoun,Asrefaei,false,519,enwiki,2024-10-27 10:17:23
358001801,Michael Horton (Filmeditor),Drahreg01,false,44,dewiki,2024-10-27 10:17:30
358001812,Phil M. Donnelly,Aka,false,15,dewiki,2024-10-27 10:17:50
1833518215,Ministry of Non-Ferrous Metallurgy,Monkbot,true,1,enwiki,2024-10-27 10:17:54
1833518302,Bloody Ishq,Ustadeditor2011,false,4,enwiki,2024-10-27 10:18:20
1833518410,The Collector (2005 film),Monkbot,true,1,enwiki,2024-10-27 10:18:50
358001810,Schleswig-Holsteinisches Verwaltungsgericht,Jürgen Oetting,false,-4,dewiki,2024-10-27 10:17:47
1833518217,Draft:Biggest lawsuit against usa police,Tidergamer789,false,93,enwiki,2024-10-27 10:17:56
1833518304,White-lipped mud turtle,Bloopityboop,false,74,enwiki,2024-10-27 10:18:19
1833518411,User:HangingSwordAlley/sandbox,HangingSwordAlley,false,557,enwiki,2024-10-27 10:18:51
1833518105,Saint-Pont,Monkbot,true,1,enwiki,2024-10-27 10:17:24
358001811,Deutschland sucht den Superstar/Staffel 21,Sokrates 399,false,0,dewiki,2024-10-27 10:17:47
1833518201,Richard Grenell,Treybien2,false,-34,enwiki,2024-10-27 10:17:48
1833518218,Sixteenth Ordinary General Assembly of the Synod of Bishops,Veverve,false,16,enwiki,2024-10-27 10:17:53
358001818,Sizzler,SayDoDone,false,4,dewiki,2024-10-27 10:18:06
1833518306,"Zvyagintsevo, Vyshnereutchansky Selsoviet, Medvensky District, Kursk Oblast",Monkbot,true,1,enwiki,2024-10-27 10:18:20
1833518416,Frenkie,WraithOfWavelengths,false,0,enwiki,2024-10-27 10:18:53
1833518104,User talk:Kjell Knudde,Utopes,false,1148,enwiki,2024-10-27 10:17:18
358001807,Fred Churchill Leonard,Aka,false,15,dewiki,2024-10-27 10:17:42
358001813,BMW E32,Heierlon,false,69,dewiki,2024-10-27 10:17:47
358001819,Janice Harrer,Rolf acker,false,-73,dewiki,2024-10-27 10:18:07
1833518417,Dienten Saddle,Monkbot,true,1,enwiki,2024-10-27 10:18:53
1833518106,Progressive Unionist Party,CR85747,false,1,enwiki,2024-10-27 10:17:25
1833518203,Omladinski Stadion,Sam Sailor,false,54,enwiki,2024-10-27 10:17:51
1833518309,Arabian catshark,Quetzal1964,false,32,enwiki,2024-10-27 10:18:22
1833518401,Living in the Plastic Age,Fransvannes,false,16,enwiki,2024-10-27 10:18:48
1833518419,Draft:Kim Ah-young,Paper9oll,false,-112,enwiki,2024-10-27 10:18:52
1833518109,Talk:Tencent,Encoded,false,399,enwiki,2024-10-27 10:17:24
358001814,Gasturbine,Sprachpfleger,false,1,dewiki,2024-10-27 10:17:52
1833518310,Alexander Roinashvili,Ignat.Lolov,false,485,enwiki,2024-10-27 10:18:22
1833518507,Will of God,Citation bot,true,15,enwiki,2024-10-27 10:19:17
1833518604,Bhati,DavidSchop,false,244,enwiki,2024-10-27 10:19:44
1833518508,User:PSA/List of songs recorded by SZA,PSA,false,735,enwiki,2024-10-27 10:19:16
1833518605,The Unknown (1927 film),WaverBoy,false,31,enwiki,2024-10-27 10:19:42
1833518510,Murder Drones,2600:4808:A096:8300:5D48:B6A7:1393:1FCF,false,50,enwiki,2024-10-27 10:19:16
1833518606,Mortal Kombat: Onslaught,Itokthetik,false,1,enwiki,2024-10-27 10:19:44
1833518517,Bruiu,Monkbot,true,2,enwiki,2024-10-27 10:19:18
1833518607,Ordan-Larroque,Monkbot,true,1,enwiki,2024-10-27 10:19:41
1833518518,US America,Thatdordrechtguy,false,28,enwiki,2024-10-27 10:19:21
1833518611,Timothée Chalamet,Krimuk2.0,false,21,enwiki,2024-10-27 10:19:37
1833518613,"Dubovsky District, Volgograd Oblast",Monkbot,true,1,enwiki,2024-10-27 10:19:45
1833518600,Draft:Biggest lawsuit against usa police,Tidergamer789,false,1,enwiki,2024-10-27 10:19:43
1833518617,Patou Simbi Ebunga,Filedelinkerbot,true,-16,enwiki,2024-10-27 10:19:47
1833518504,North Korean won,RussBot,true,32,enwiki,2024-10-27 10:19:14
1833518602,Paul Nuki,85.218.238.248,false,13,enwiki,2024-10-27 10:19:43
1833518706,Talk:Phoenix Ridge,EmausBot,true,2,enwiki,2024-10-27 10:20:10
1833518801,User talk:Salvio giuliano,ClueBot III,true,-904,enwiki,2024-10-27 10:20:32
1833518913,Elateia (Epirus),Monkbot,true,1,enwiki,2024-10-27 10:21:00
358001900,Giovanni Battista Sammartini,Aka,false,0,dewiki,2024-10-27 10:21:06
358001907,David Starr Jordan,Aka,false,15,dewiki,2024-10-27 10:21:14
1833519014,2024 Maharashtra Legislative Assembly election,183.87.230.60,false,-164,enwiki,2024-10-27 10:21:10
1833518707,Land reform in North Vietnam,TheTimesAreAChanging,false,-156,enwiki,2024-10-27 10:20:09
1833518914,The Voice of Poland season 15,Casper18,false,7,enwiki,2024-10-27 10:20:59
358001901,Benutzer:Tetris L/Portal:Energie/Wartung,TaxonBota,true,-77,dewiki,2024-10-27 10:21:03
1833519018,User:Cyberbot I/Requests for unblock report,Cyberbot I,true,-150,enwiki,2024-10-27 10:21:26
1833518708,National Wealth Fund (United Kingdom),LunaExplorer,false,697,enwiki,2024-10-27 10:20:09
1833518803,List of largest optical telescopes in the 19th century,Kiss,false,0,enwiki,2024-10-27 10:20:32
358001905,Oriol Romeu,Sokrates 399,false,2,dewiki,2024-10-27 10:21:11
1833518710,Alice Gainer,Schwede66,false,51,enwiki,2024-10-27 10:20:10
1833518916,Talk:Alice Gainer,Schwede66,false,-11,enwiki,2024-10-27 10:21:01
358001906,Benutzer:Π π π/Säugetiere/Arten,Π π π,false,-541,dewiki,2024-10-27 10:21:11
1833518712,Jimmy Rogers (American football coach),North Coast Football,false,0,enwiki,2024-10-27 10:20:10
1833518806,Aizpute Parish,Marcocapelle,false,-21,enwiki,2024-10-27 10:20:32
1833518919,Black Forest ham,Monkbot,true,2,enwiki,2024-10-27 10:21:03
358001902,Julia Kröhn,Aka,false,15,dewiki,2024-10-27 10:21:08
358001911,Lesson in Violence,Winkekatze,false,-9,dewiki,2024-10-27 10:21:22
358001915,Burkhard Albers,Aka,false,15,dewiki,2024-10-27 10:21:28
1833518713,The Kyle and Jackie O Show,2403:4800:3865:EB36:7DB7:BA76:2CA4:DE85,false,-1,enwiki,2024-10-27 10:20:07
1833518808,Igor Tyutin,Monkbot,true,1,enwiki,2024-10-27 10:20:33
1833518901,Míškovice,Monkbot,true,1,enwiki,2024-10-27 10:20:56
1833518715,Ajaz Patel,Metamentalist,false,608,enwiki,2024-10-27 10:20:11
1833519001,Hong Kong national under-17 football team,JohnDavies9612,false,93,enwiki,2024-10-27 10:21:19
1833518716,First Cadre Company,Monkbot,true,1,enwiki,2024-10-27 10:20:11
1833518904,2024 MotoGP World Championship,49.190.211.25,false,70,enwiki,2024-10-27 10:20:49
358001904,Portal:Transport und Verkehr/Überarbeiten,TaxonBota,true,30,dewiki,2024-10-27 10:21:08
358001912,Bartolome Gaspar Santos,Aka,false,15,dewiki,2024-10-27 10:21:23
1833518702,User:Palallad2,Palallad2,false,123,enwiki,2024-10-27 10:20:06
1833518717,List of political parties in Poland,Monkbot,true,1,enwiki,2024-10-27 10:20:06
1833518906,Hikurangi Subduction Zone,EmausBot,true,2,enwiki,2024-10-27 10:21:00
358001903,Wikipedia Diskussion:Hauptseite,Elfabso,false,119,dewiki,2024-10-27 10:21:09
358001908,Portal:Tschechien/Kandidaten und Wartung,TaxonBota,true,-109,dewiki,2024-10-27 10:21:19
358001913,Fromberg (Gemeinde Kirchberg),Tärkein kampa,false,1343,dewiki,2024-10-27 10:21:24
358001916,Geschichte des Automobils,Bartleby08,false,361,dewiki,2024-10-27 10:21:30
1833518704,Religious habit,InfinityTrapdoor,false,-122,enwiki,2024-10-27 10:20:08
1833518819,Talk:Fedorenko v. United States/GA1,SilverLocust,false,136,enwiki,2024-10-27 10:20:36
358001909,Edward Seaga,GünniX,false,-52,dewiki,2024-10-27 10:21:19
1833519011,Augustinus Rotundus,Monkbot,true,6,enwiki,2024-10-27 10:21:24
358001919,Carlo Lastricati,Nuuk,false,18,dewiki,2024-10-27 10:21:40
1833519108,Kermadec-Tonga Ridge,EmausBot,true,3,enwiki,2024-10-27 10:21:50
1833519212,Portal:Current events/2024 October 25,Mewulwe,false,7,enwiki,2024-10-27 10:22:22
1833519213,Velizhsky District,Monkbot,true,1,enwiki,2024-10-27 10:22:20
1833519305,Shehyni,Monkbot,true,2,enwiki,2024-10-27 10:22:45
1833519109,New Horizons (Cyprus),Monkbot,true,1,enwiki,2024-10-27 10:21:49
1833519307,2024 BWF season,111.94.50.115,false,232,enwiki,2024-10-27 10:22:26
358001918,David Bissett,Aka,false,15,dewiki,2024-10-27 10:21:38
1833519116,The Offspring,Sjö,false,-3,enwiki,2024-10-27 10:21:48
1833519218,Draft:Honor Molloy,Artist&Architect,false,21,enwiki,2024-10-27 10:22:23
1833519306,Matale Electoral District,Geoarthouse1124,false,-131,enwiki,2024-10-27 10:22:43
1833519117,The Voice of Poland season 15,Casper18,false,0,enwiki,2024-10-27 10:21:50
1833519309,Murder of Jessica Ridgeway,2600:1011:B17C:CF06:558E:2825:1F20:F966,false,-1,enwiki,2024-10-27 10:22:46
1833519119,Ray Quiñones,Pietaster,false,93,enwiki,2024-10-27 10:21:53
1833519202,Kermadec-Tonga Arc,EmausBot,true,3,enwiki,2024-10-27 10:22:20
1833519310,Talk:Fedorenko v. United States/GA1,SilverLocust,false,152,enwiki,2024-10-27 10:22:46
1833519101,Karlien van Jaarsveld,Teatreez,false,861,enwiki,2024-10-27 10:21:48
1833519208,Mr. Morale & the Big Steppers,Bound 1000,false,10,enwiki,2024-10-27 10:22:14
1833519103,Premier of Queensland,Nford24,false,0,enwiki,2024-10-27 10:21:47
1833519209,Olga Danilović,Z.A.Pazak,false,159,enwiki,2024-10-27 10:22:16
1833519313,Category:People from Broughton Astley,Ernsanchez00,false,24,enwiki,2024-10-27 10:22:48
1833519104,List of historical monuments in Qatar,Margaux De Pauw,false,123,enwiki,2024-10-27 10:21:48
1833519315,"Lights, Camera, Masala",ReshamGi,false,1,enwiki,2024-10-27 10:22:48
1833519106,Matale Electoral District,Geoarthouse1124,false,-78,enwiki,2024-10-27 10:21:46
1833519302,Dave Lamar,2601:603:1780:1570:50AA:3E6B:789:A151,false,81,enwiki,2024-10-27 10:22:43
1833519318,Let's Get Wellington Moving,Radiogaga1984,false,102,enwiki,2024-10-27 10:22:48
1833519405,Lambrakis Press Group,Monkbot,true,1,enwiki,2024-10-27 10:23:08
1833519510,Marikina Valley Fault,EmausBot,true,0,enwiki,2024-10-27 10:23:40
358002003,Uwe Böhme,Unokorno,false,846,dewiki,2024-10-27 10:24:00
1833519512,Ratiba El-Hefny,Sciencefish,false,119,enwiki,2024-10-27 10:23:39
1833519406,Talk:Luís Vaz de Torres,Nickm57,false,449,enwiki,2024-10-27 10:23:07
1833519419,KEO (company),Monkbot,true,1,enwiki,2024-10-27 10:23:15
1833519513,User:GrabUp/sandbox,GrabUp,false,21,enwiki,2024-10-27 10:23:40
1833519409,Holger Rune,Shrug02,false,290,enwiki,2024-10-27 10:23:06
1833519504,Shubhangi Atre,PriyaMishra0121,false,166,enwiki,2024-10-27 10:23:37
358002004,Arthur C. Mellette,Aka,false,15,dewiki,2024-10-27 10:24:03
1833519505,User:MacronMonitor/LinkAlerts,MacronMonitor,false,291,enwiki,2024-10-27 10:23:38
1833519516,Welcome to Samdal-ri,Paper9oll,false,5,enwiki,2024-10-27 10:23:35
1833519506,Athletics at the 1982 Central American and Caribbean Games – Results,Pietaster,false,1467,enwiki,2024-10-27 10:23:35
1833519517,Michael Young (industrial designer),Cl3phact0,false,150,enwiki,2024-10-27 10:23:40
1833519416,Antropovsky District,Monkbot,true,1,enwiki,2024-10-27 10:23:11
1833519509,Nontron,Monkbot,true,1,enwiki,2024-10-27 10:23:37
1833519518,Talk:Bert Leroy Hunter,Cameron Dewe,false,16,enwiki,2024-10-27 10:23:42
358002000,Kurt Krüger (Diplomat),Sebastian Wallroth,false,79,dewiki,2024-10-27 10:23:48
358002001,Julian Janssen,Aka,false,15,dewiki,2024-10-27 10:23:53
358002002,Schwaikheim,Seemannssonntag,false,-4,dewiki,2024-10-27 10:23:58
1833519508,Draft:Insurgency in South Albania,MercurioBua,false,26,enwiki,2024-10-27 10:23:38
1833519601,Shubhangi Atre,PriyaMishra0121,false,0,enwiki,2024-10-27 10:24:04
1833519402,User:Nbooth4/sandbox,Nbooth4,false,25,enwiki,2024-10-27 10:22:51
1833519602,Ministry of Health (Poland),Monkbot,true,2,enwiki,2024-10-27 10:24:05
358002005,Karsandas Mulji,Atirador,false,1,dewiki,2024-10-27 10:24:08
1833519705,Husky (rapper),JohnDVandevert,false,677,enwiki,2024-10-27 10:24:33
1833519803,2024 Maharashtra Legislative Assembly election,Arjun Madathiparambil Muraleedharan,false,157,enwiki,2024-10-27 10:24:54
1833519610,Crew Dragon Endeavour,Abebenjoe,false,29,enwiki,2024-10-27 10:24:06
1833519710,A.P.O. Orfeas,Monkbot,true,5,enwiki,2024-10-27 10:24:38
1833519805,Giovanni Renesi II,TaulantianKnight,false,326,enwiki,2024-10-27 10:25:04
1833519611,The Judge from Hell,Paper9oll,false,-26,enwiki,2024-10-27 10:24:05
1833519613,Metro Manila earthquake prediction,EmausBot,true,0,enwiki,2024-10-27 10:24:10
358002010,Portal:Waadt/Mitarbeit/Wartung,TaxonBota,true,-175,dewiki,2024-10-27 10:24:15
1833519716,The Big One (Philippines),EmausBot,true,0,enwiki,2024-10-27 10:24:40
1833519808,"Sokolovka, Sharansky District, Republic of Bashkortostan",Monkbot,true,1,enwiki,2024-10-27 10:25:05
1833519614,Yogender Chandoliya,YNT1048,false,38,enwiki,2024-10-27 10:24:09
358002011,Jost Baum,Aka,false,15,dewiki,2024-10-27 10:24:16
1833519617,Antagnac,Monkbot,true,1,enwiki,2024-10-27 10:24:08
1833519702,"Valence, Drôme",Monkbot,true,1,enwiki,2024-10-27 10:24:25
1833519810,Joseph Bavaria,Citation bot,true,52,enwiki,2024-10-27 10:25:06
358002007,Humana People to People,Sokrates 399,false,1,dewiki,2024-10-27 10:24:11
1833519813,Vidyardhi,DareshMohan,false,0,enwiki,2024-10-27 10:25:08
358002008,Jean Jacques Lüscher,Aka,false,15,dewiki,2024-10-27 10:24:12
358002013,Baur au Lac,Fonero,false,-16,dewiki,2024-10-27 10:24:16
1833519704,Leonidas Drosis,Monkbot,true,1,enwiki,2024-10-27 10:24:35
1833519816,Draft:Biggest lawsuit against usa police,Tidergamer789,false,166,enwiki,2024-10-27 10:25:09
1833519703,Talk:Central Park birdwatching incident,Dmoran0,false,536,enwiki,2024-10-27 10:24:33
1833519818,Mortal Kombat: Onslaught,Itokthetik,false,-33,enwiki,2024-10-27 10:25:09
358002009,Wikipedia:Löschkandidaten/25. Oktober 2024,2A02:3037:404:454E:E8A:7279:45C:CACD,false,385,dewiki,2024-10-27 10:24:12
358002016,Edward T. Seay,GünniX,false,-103,dewiki,2024-10-27 10:24:17
1833519817,University of Cape Coast,Retswerb,false,1,enwiki,2024-10-27 10:25:06
1833520019,Lundra Assembly constituency,Davidindia,false,-171,enwiki,2024-10-27 10:26:12
358002106,Benutzer:Maturion/Sergei Gabnia,CommonsDelinker,true,-64,dewiki,2024-10-27 10:26:26
1833520114,Requiem for Dominic,Monkbot,true,1,enwiki,2024-10-27 10:26:43
1833520003,Mirna Peč,Monkbot,true,1,enwiki,2024-10-27 10:26:08
358002107,Robert Duncan Milne,Invisigoth67,false,2,dewiki,2024-10-27 10:26:27
1833520100,Homelessness,ElectronCompound,false,33,enwiki,2024-10-27 10:26:31
358002114,Buseno,Cheyron,false,-142,dewiki,2024-10-27 10:26:45
1833519919,Tyoplaya Gora,Monkbot,true,1,enwiki,2024-10-27 10:25:40
1833520006,Individualized instruction,EmausBot,true,9,enwiki,2024-10-27 10:26:10
358002108,Allerheiligen (Broschütz),Chris06,false,53,dewiki,2024-10-27 10:26:28
358002110,Samuel D. Nicholson,Aka,false,15,dewiki,2024-10-27 10:26:33
358002115,Pierre Bost,Aka,false,15,dewiki,2024-10-27 10:26:45
1833520007,Wikipedia:Redirects for discussion/Log/2024 October 27,Utopes,false,-112,enwiki,2024-10-27 10:26:10
358002104,Geschichte des Automobils,Bartleby08,false,4,dewiki,2024-10-27 10:26:21
1833520102,June Carter Cash,MrSoftee,false,56,enwiki,2024-10-27 10:26:38
358002116,Edward Trusewicz,GünniX,false,-52,dewiki,2024-10-27 10:26:45
1833519901,User:Hh1718/sandbox4,Hh1718,false,98,enwiki,2024-10-27 10:25:35
1833520010,Bangladesh Rice Research Institute,163.47.37.157,false,-2,enwiki,2024-10-27 10:26:10
1833520103,Neutral Free Austria Federation,Monkbot,true,1,enwiki,2024-10-27 10:26:40
1833520104,Ratiba El-Hefny,Sciencefish,false,-6,enwiki,2024-10-27 10:26:41
1833519905,Bean-to-bar,Loytra,false,6,enwiki,2024-10-27 10:25:37
1833520014,Polycarpos Giorkatzis,Monkbot,true,1,enwiki,2024-10-27 10:26:11
358002103,Wikipedia:WikiProjekt Bundesverdienstkreuz/Löschanträge,TaxonBota,true,-102,dewiki,2024-10-27 10:26:19
358002105,Eduard Gröller,Aka,false,19,dewiki,2024-10-27 10:26:23
1833520106,User talk:Bro The Man,Bro The Man,false,-1273,enwiki,2024-10-27 10:26:43
1833519908,Elektron (satellite program),Monkbot,true,1,enwiki,2024-10-27 10:25:37
358002100,Instrumentenlandesystem,Invisigoth67,false,-6,dewiki,2024-10-27 10:26:13
358002109,Wikipedia:Löschkandidaten/26. Oktober 2024,Wikisympathisant,false,559,dewiki,2024-10-27 10:26:29
358002111,Liste von Dateinamenserweiterungen/V,XZFF,false,-5,dewiki,2024-10-27 10:26:36
358002113,Volker Wieprecht,Aka,false,16,dewiki,2024-10-27 10:26:42
1833519910,Talk:Earth,ImNotGettingAUsernameOk101,false,194,enwiki,2024-10-27 10:25:37
358002101,Edward Thaddeus Lawton,GünniX,false,-304,dewiki,2024-10-27 10:26:14
1833520109,Languages of Europe,210.10.1.56,false,2,enwiki,2024-10-27 10:26:36
358002118,Wikipedia:Hauptseite/Verstorbene,Aspiriniks,false,14,dewiki,2024-10-27 10:26:50
1833519911,User:Wouterpeeters81/Belgian Beer Pong Championship,EmausBot,true,-6,enwiki,2024-10-27 10:25:40
1833520017,User:Kislaya,Kislaya,false,120,enwiki,2024-10-27 10:26:14
358002112,Großerlach,Seemannssonntag,false,-33,dewiki,2024-10-27 10:26:37
1833520111,Wikipedia:Articles for deletion/Conflict in the Neutral Zone of Junik,LilianaUwU,false,1890,enwiki,2024-10-27 10:26:43
358002119,Geschichte des Automobils,Bartleby08,false,4,dewiki,2024-10-27 10:26:51
1833520308,Moustajon,Monkbot,true,1,enwiki,2024-10-27 10:27:36
1833520309,"Category:People from Great Easton, Leicestershire",Ernsanchez00,false,20,enwiki,2024-10-27 10:27:40
1833520216,"Orders, decorations, and medals of the Malaysian states and federal territories",Tugasan am,false,437,enwiki,2024-10-27 10:27:08
1833520311,Operação Prato,75.152.254.33,false,221,enwiki,2024-10-27 10:27:39
1833520217,"Sharlyk, Republic of Bashkortostan",Monkbot,true,2,enwiki,2024-10-27 10:27:12
1833520312,List of career achievements by Wilt Chamberlain,Hanson Wu,false,108,enwiki,2024-10-27 10:27:39
1833520200,Wikipedia:Edit filter/False positives/Reports,MajavahBot,true,210,enwiki,2024-10-27 10:27:09
1833520218,2024 Summer Olympics opening ceremony,BYLJEDNOUJEDENJEZ,false,1,enwiki,2024-10-27 10:27:06
1833520400,User:SilverLocust/common.js,SilverLocust,false,-122,enwiki,2024-10-27 10:28:05
1833520201,Kitāb al-īḍāḥ,EmausBot,true,0,enwiki,2024-10-27 10:27:11
1833520219,Film noir,Laterthanyouthink,false,50,enwiki,2024-10-27 10:27:09
1833520315,Talk:Kim Hyong Gwon,EmausBot,true,1,enwiki,2024-10-27 10:27:41
1833520203,Lorentzos Mavilis,Monkbot,true,1,enwiki,2024-10-27 10:27:09
1833520316,Bharata Ratna,Srivin,false,51,enwiki,2024-10-27 10:27:40
1833520404,Matale Electoral District,Geoarthouse1124,false,-226,enwiki,2024-10-27 10:28:04
1833520202,Louis Chollet,StartGrammarTime,false,153,enwiki,2024-10-27 10:27:09
1833520302,User:MacronMonitor/LinkAlerts,MacronMonitor,false,272,enwiki,2024-10-27 10:27:36
1833520318,Serbinai,Monkbot,true,1,enwiki,2024-10-27 10:27:40
1833520405,Volfartice,Monkbot,true,1,enwiki,2024-10-27 10:28:05
1833520208,San Francisco District Attorney's Office,123.252.11.127,false,18,enwiki,2024-10-27 10:27:10
1833520207,Talk:Louis Chollet,StartGrammarTime,false,53,enwiki,2024-10-27 10:27:11
1833520306,Ratiba El-Hefny,Sciencefish,false,0,enwiki,2024-10-27 10:27:38
1833520319,Bumm Bumm Bole,114.23.55.56,false,24,enwiki,2024-10-27 10:27:41
1833520406,"Lights, Camera, Masala",ReshamGi,false,19,enwiki,2024-10-27 10:28:07
1833520512,Varanasi,Oleeveeya,false,1,enwiki,2024-10-27 10:28:23
358002203,Wikipedia:WikiProjekt Frauen/Frauen in Rot/Fehlende Artikel nach Nationalität/Litauerinnen,TaxonBot,true,97,dewiki,2024-10-27 10:28:32
358002205,Gilberto Duarte,Aka,false,14,dewiki,2024-10-27 10:28:53
358002209,Gyrðir Elíasson,Aka,false,15,dewiki,2024-10-27 10:28:58
1833520709,Formulary (pharmacy),Onceler,false,6,enwiki,2024-10-27 10:29:14
1833520407,Aitaroun,Hamasien,false,-103,enwiki,2024-10-27 10:28:06
1833520514,Sixteenth Ordinary General Assembly of the Synod of Bishops,Veverve,false,492,enwiki,2024-10-27 10:28:30
358002206,Bahnhof Valea Vișeului,Chemnitzer Eisenbahner,false,493,dewiki,2024-10-27 10:28:53
358002213,Diedrich Saalfeld,Invisigoth67,false,6,dewiki,2024-10-27 10:29:03
358002218,Franz Uhle-Wettler,Invisigoth67,false,-2,dewiki,2024-10-27 10:29:12
1833520711,Apt. (song),158.140.163.32,false,434,enwiki,2024-10-27 10:29:14
1833520408,June 2011 Christchurch earthquake,Panamitsu,false,1,enwiki,2024-10-27 10:28:05
358002200,Joël de Rosnay,Aka,false,14,dewiki,2024-10-27 10:28:45
1833520605,Mateja Kežman,2A02:4540:902A:BDA1:E600:13D8:8B0:259C,false,0,enwiki,2024-10-27 10:28:47
358002210,Emin Fındıkoğlu,Aka,false,14,dewiki,2024-10-27 10:28:59
358002219,Wikipedia:WikiProjekt Ghana/Überarbeitungswürdige Artikel,TaxonBota,true,-15,dewiki,2024-10-27 10:29:12
1833520713,2024 WTA Tour,Dodi123,false,0,enwiki,2024-10-27 10:29:06
1833520410,Jaguar catshark,Quetzal1964,false,93,enwiki,2024-10-27 10:28:08
1833520515,List of earthquakes in 1914,Panamitsu,false,1,enwiki,2024-10-27 10:28:29
358002201,George Nicholas Georgano,Bartleby08,false,-2,dewiki,2024-10-27 10:28:46
1833520608,Emnilda,Monkbot,true,1,enwiki,2024-10-27 10:28:53
358002211,Arcadia-Konferenz,Prüm,false,18,dewiki,2024-10-27 10:29:00
358002216,Giuseppe Beltrami,Aka,false,14,dewiki,2024-10-27 10:29:09
1833520412,Draft:Methodical Madness,CommonsDelinker,true,-54,enwiki,2024-10-27 10:28:08
1833520518,Canaman,Filipinayzd,false,295,enwiki,2024-10-27 10:28:31
1833520607,User:PE fans/sandbox,PE fans,false,21838,enwiki,2024-10-27 10:28:50
358002215,Algerische Luftstreitkräfte,Crazy1880,false,-12,dewiki,2024-10-27 10:29:08
1833520714,"Kipoi, Evros",Monkbot,true,1,enwiki,2024-10-27 10:29:15
1833520417,Draft:Rashmi Shinde,Sunuraju,false,577,enwiki,2024-10-27 10:28:09
358002207,Judentum in Dresden,Thomas Dresler,false,-1,dewiki,2024-10-27 10:28:55
358002217,Bahnstrecke Sighetu Marmației–Iwano-Frankiwsk,Chemnitzer Eisenbahner,false,493,dewiki,2024-10-27 10:29:09
1833520715,Celebrity Cricket League,2409:40E0:1005:AED8:8000:0:0:0,false,1,enwiki,2024-10-27 10:29:14
1833520418,Kim Hyong Kwon,EmausBot,true,1,enwiki,2024-10-27 10:28:11
1833520504,Emmanouil Karalis,Monkbot,true,1,enwiki,2024-10-27 10:28:29
1833520611,Chen Zheyuan,2404:3100:1C15:5012:1:0:50B5:E33B,false,-36,enwiki,2024-10-27 10:28:52
358002214,Wikipedia:WikiProjekt Frauen/Frauen in Rot/Fehlende Artikel nach Nationalität/Lucianerinnen,TaxonBot,true,21,dewiki,2024-10-27 10:29:04
1833520419,Jacksonia elongata,Gderrin,false,-2,enwiki,2024-10-27 10:28:09
1833520505,Wikipedia:Vital articles/data/R.json,Cewbot,true,130,enwiki,2024-10-27 10:28:31
358002204,Brück & Sohn,Thomas Dresler,false,-1,dewiki,2024-10-27 10:28:50
1833520613,User:MacronMonitor/Alerts,MacronMonitor,false,258,enwiki,2024-10-27 10:28:55
1833520506,Kolkata Metro,AnomieBOT,false,576,enwiki,2024-10-27 10:28:22
358002208,Ernst Otto Horn,Thomas Dresler,false,-1,dewiki,2024-10-27 10:28:57
1833520702,Sixteenth Ordinary General Assembly of the Synod of Bishops,Veverve,false,-10,enwiki,2024-10-27 10:29:13
1833520719,History of Christchurch,Panamitsu,false,1,enwiki,2024-10-27 10:29:14
1833520510,Jorge Reyna,Pietaster,false,591,enwiki,2024-10-27 10:28:31
358002212,Löffingen,Seemannssonntag,false,-4,dewiki,2024-10-27 10:29:01
1833520701,2024 Georgian parliamentary election,GeorgianVoyager12,false,0,enwiki,2024-10-27 10:29:07
1833520804,City to Sea Bridge,210.246.38.4,false,6,enwiki,2024-10-27 10:29:47
1833520817,Jordyn Allen,SuperJew,false,0,enwiki,2024-10-27 10:29:52
1833521008,ML-007,76.174.0.57,false,96,enwiki,2024-10-27 10:30:41
1833521019,User:SDZeroBot/PROD sorting,SDZeroBot,true,-6555,enwiki,2024-10-27 10:30:39
1833520805,Raja Bhoj Airport,Wowcontributer,false,-24,enwiki,2024-10-27 10:29:47
1833520819,Bégole,Monkbot,true,1,enwiki,2024-10-27 10:29:50
1833520906,2023 Adana attack,Braganza,false,40,enwiki,2024-10-27 10:30:17
1833521007,User:Prikryl/sandbox,Prikryl,false,4,enwiki,2024-10-27 10:30:42
1833520806,Christos Kourfalidis,Monkbot,true,1,enwiki,2024-10-27 10:29:47
1833520908,Juillan,Monkbot,true,1,enwiki,2024-10-27 10:30:14
1833521009,2SM,2406:2D40:46DC:8200:49B4:9A6E:1E4F:683D,false,3,enwiki,2024-10-27 10:30:41
1833520807,Results of the Puerto Rico General Elections of 2004,EmausBot,true,1,enwiki,2024-10-27 10:29:51
1833520911,Shubhangi Atre,PriyaMishra0121,false,-2,enwiki,2024-10-27 10:30:17
1833521010,"St. Paul's Church, Munich",Monkbot,true,1,enwiki,2024-10-27 10:30:41
1833520810,Stirling Macedonia FC,120.16.96.34,false,361,enwiki,2024-10-27 10:29:47
1833520913,Draft:Sky FRU,JJMC89 bot,true,51,enwiki,2024-10-27 10:30:18
1833521011,Alana Porter,SuperJew,false,0,enwiki,2024-10-27 10:30:42
1833520811,Chatham-Kent Secondary School,Zlmark,false,0,enwiki,2024-10-27 10:29:50
1833520914,User talk:Kaustubh42,Roni0102,false,154,enwiki,2024-10-27 10:30:15
358002302,Lydie Polfer,Aka,false,15,dewiki,2024-10-27 10:30:41
358002303,Michel Dernies,Aka,false,15,dewiki,2024-10-27 10:30:43
1833520812,Lists of Armenians,46.71.152.67,false,31,enwiki,2024-10-27 10:29:45
1833521000,Template:Gmina Rojewo,Kiwipete,false,-38,enwiki,2024-10-27 10:30:41
1833521015,User:SDZeroBot/PROD sorting/lite,SDZeroBot,true,-675,enwiki,2024-10-27 10:30:40
358002306,Unit 33,Crazy1880,false,-4,dewiki,2024-10-27 10:30:47
1833520813,Lone Mountain College,123.252.11.127,false,31,enwiki,2024-10-27 10:29:50
358002304,Wikipedia:Redaktion Chemie,Elrond,false,184,dewiki,2024-10-27 10:30:40
1833520918,List of largest exoplanets,Foxy Husky,false,33,enwiki,2024-10-27 10:30:13
1833521001,User:M Waleed/sandbox,M Waleed,false,321,enwiki,2024-10-27 10:29:51
1833521016,2024 Formula Regional European Championship,Thfeeder,false,37,enwiki,2024-10-27 10:30:39
1833520801,Sam Delich,Hildreth gazzard,false,74,enwiki,2024-10-27 10:29:46
1833520902,2024 Moto2 World Championship,49.190.211.25,false,23,enwiki,2024-10-27 10:30:05
1833520919,"Puerto Rican general election, 2004",EmausBot,true,1,enwiki,2024-10-27 10:30:21
1833521004,City to Sea Bridge,210.246.38.4,false,-35,enwiki,2024-10-27 10:30:41
358002305,Bill Malley,Schelmentraum,false,36,dewiki,2024-10-27 10:30:44
1833521103,"Przemysław II, Duke of Cieszyn",Monkbot,true,3,enwiki,2024-10-27 10:31:11
1833521117,User:Bristhekid/Ryan Emanuel/Bibliography,Bristhekid,false,1,enwiki,2024-10-27 10:31:18
1833521206,Manolis Roubakis,Monkbot,true,1,enwiki,2024-10-27 10:31:54
358002318,Wilhelmine Herzlieb,Aka,false,15,dewiki,2024-10-27 10:31:09
1833521104,Al Raed FC,2403:6200:88A7:C82:6C09:4DB:D100:8A0F,false,3,enwiki,2024-10-27 10:31:12
1833521207,User:PE fans/sandbox,PE fans,false,-6630,enwiki,2024-10-27 10:31:54
1833521118,Jezersko–Solčava,Monkbot,true,1,enwiki,2024-10-27 10:31:17
1833521209,Canaman,Filipinayzd,false,33,enwiki,2024-10-27 10:31:56
358002308,Francesca Martinelli,Aka,false,15,dewiki,2024-10-27 10:30:53
1833521105,Erica Fowler,SuperJew,false,0,enwiki,2024-10-27 10:31:14
1833521119,General Tinio,TheRealBasti,false,1118,enwiki,2024-10-27 10:31:13
358002311,Liste von Schulen in Rheinland-Pfalz,Thomas Dresler,false,-2,dewiki,2024-10-27 10:30:48
358002315,Bill Malley,Schelmentraum,false,32,dewiki,2024-10-27 10:31:04
1833521110,Vlčice (Trutnov District),Monkbot,true,1,enwiki,2024-10-27 10:31:14
1833521200,Mech-X4,Amaury,false,-17,enwiki,2024-10-27 10:31:51
358002312,Signalstationen in Yorkshire,Atirador,false,1,dewiki,2024-10-27 10:30:58
358002319,Wikipedia:WikiProjekt Landkreis Lörrach/Wartung/Worklists,TaxonBota,true,12,dewiki,2024-10-27 10:31:12
1833521201,Gmina Rojewo,Kiwipete,false,-37,enwiki,2024-10-27 10:31:55
1833521210,Lone Mountain College,123.252.11.127,false,-14,enwiki,2024-10-27 10:31:59
1833521111,User talk:Anarchyte,Anarchyte,false,536,enwiki,2024-10-27 10:31:15
1833521202,Wikipedia:WikiProject Quality Article Improvement/Precious,Gerda Arendt,false,156,enwiki,2024-10-27 10:31:26
1833521212,Ghaida Rinawie Zoabi,Ghaidarz,false,-187,enwiki,2024-10-27 10:31:58
358002309,Wikipedia:WikiProjekt Kanada/Wartung/Worklists,TaxonBota,true,-304,dewiki,2024-10-27 10:30:52
358002313,Andi Weiss,Aka,false,15,dewiki,2024-10-27 10:30:59
1833521113,Total harmonic distortion,Mikhail Ryazanov,false,-35,enwiki,2024-10-27 10:31:17
1833521213,2024 Rugby League Pacific Championships,Mn1548,false,-12,enwiki,2024-10-27 10:31:55
358002310,PS Karlsruhe Lions,Zollernalb,false,-3,dewiki,2024-10-27 10:30:52
1833521100,Draft:Sara Sánchez,John B123,false,424,enwiki,2024-10-27 10:31:13
1833521114,Malay Archipelago,Bayoka55,false,-55,enwiki,2024-10-27 10:31:16
1833521203,Shabbir Jan,اگر میں نے کبھی کوئی کتاب لکھی۔,false,39,enwiki,2024-10-27 10:31:54
1833521215,Saint-Laurent-de-Cognac,Monkbot,true,1,enwiki,2024-10-27 10:31:58
358002317,PALSAR,Crazy1880,false,-24,dewiki,2024-10-27 10:31:08
1833521101,The Best American Short Stories 2023,Randykitty,false,42,enwiki,2024-10-27 10:31:13
1833521115,User:Hh1718/sandbox4,Hh1718,false,-1,enwiki,2024-10-27 10:31:18
1833521218,Michael Young (industrial designer),Cl3phact0,false,532,enwiki,2024-10-27 10:32:01
358002401,Wikipedia:WikiProjekt Frauen/Frauen in Rot/Fehlende Artikel nach Nationalität/Luxemburgerinnen,TaxonBot,true,42,dewiki,2024-10-27 10:32:24
1833521316,"Koukouli, Ioannina",Monkbot,true,1,enwiki,2024-10-27 10:32:35
358002417,Zweite Front der Alliierten gegen die Achsenmächte im Zweiten Weltkrieg,Prüm,false,18,dewiki,2024-10-27 10:32:48
358002402,Schloss Sigmaringen,2A00:79C0:75A:7200:784E:3C2E:7DBA:2C73,false,132,dewiki,2024-10-27 10:32:32
358002405,Ruperta Lichtenecker,Aka,false,15,dewiki,2024-10-27 10:32:36
1833521500,Afytos,Monkbot,true,1,enwiki,2024-10-27 10:33:24
1833521302,Sermon of Piotr Skarga,Monkbot,true,1,enwiki,2024-10-27 10:32:32
358002406,Warren M. Washington,Alfred Kiefer,false,52,dewiki,2024-10-27 10:32:38
358002413,Tanz der Teufel II – Jetzt wird noch mehr getanzt,Chris Retro,false,-33,dewiki,2024-10-27 10:32:45
1833521305,"Lights, Camera, Masala",ReshamGi,false,139,enwiki,2024-10-27 10:32:33
358002419,Wikipedia:WikiProjekt KI und Wikipedia/Team,Michael.Kramer,false,76,dewiki,2024-10-27 10:32:49
1833521502,Ed and Lorraine Warren,47.149.242.190,false,-1214,enwiki,2024-10-27 10:33:21
1833521308,User:MacronMonitor/Alerts,MacronMonitor,false,257,enwiki,2024-10-27 10:32:34
358002407,Portal:Fußball/Neue Artikel,Eastfrisian,false,16,dewiki,2024-10-27 10:32:39
358002411,Liste von tödlich verunglückten Radrennfahrern,Rz98,false,-345,dewiki,2024-10-27 10:32:41
358002414,Instrumentenlandesystem,Snn47,false,152,dewiki,2024-10-27 10:32:46
1833521309,List of recently extinct mammals,58.109.15.141,false,-223,enwiki,2024-10-27 10:32:29
358002415,Peter Steiner,2A00:20:52:99E6:A916:ED8F:F16D:15C3,false,27,dewiki,2024-10-27 10:32:46
358002404,Liste der Schiffe der Bundeswehr,Lómelinde,false,-11,dewiki,2024-10-27 10:32:33
358002409,Nekrolog Juli 2018,Jamiri,false,-8,dewiki,2024-10-27 10:32:39
358002412,Cheryl Shepard,Aka,false,15,dewiki,2024-10-27 10:32:43
358002416,Scottish League Two 2024/25,Beckenbauer89,false,-51,dewiki,2024-10-27 10:32:47
1833521400,User talk:2RDD,Dxneo,false,275,enwiki,2024-10-27 10:33:00
1833521313,UAAP Season 87,Salmonpepperrice,false,5,enwiki,2024-10-27 10:32:30
1833521403,Haryanvi cinema,Iamgadanjoga,false,762,enwiki,2024-10-27 10:33:01
1833521301,Bristly catshark,Quetzal1964,false,-38,enwiki,2024-10-27 10:32:31
1833521314,Draft:Sara Sánchez,John B123,false,32,enwiki,2024-10-27 10:32:36
358002400,Jürgen Tautz,Aka,false,15,dewiki,2024-10-27 10:32:32
1833521315,Anand family,Gotitbro,false,85,enwiki,2024-10-27 10:32:36
358002410,Castaneda GR,Cheyron,false,-141,dewiki,2024-10-27 10:32:41
1833521507,"Ferdinand Albert I, Duke of Brunswick-Wolfenbüttel-Bevern",Monkbot,true,1,enwiki,2024-10-27 10:33:27
1833521508,2024 Rugby League Pacific Championships,Mn1548,false,19,enwiki,2024-10-27 10:33:23
1833521509,Łążyn,Kiwipete,false,-85,enwiki,2024-10-27 10:33:28
1833521515,"Talk:Puerto Rican general election, 2016",EmausBot,true,1,enwiki,2024-10-27 10:33:31
1833521516,List of WWE pay-per-view and livestreaming supercards,Samifan56,false,7,enwiki,2024-10-27 10:33:25
1833521518,Mońki County,Monkbot,true,1,enwiki,2024-10-27 10:33:30
