1833538610,2024–25 FC Rostov season,Klio654,false,0,enwiki,2024-10-27 11:56:48
1833538712,Tiya: A Parrot's Journey Home,ReshamGi,false,3,enwiki,2024-10-27 11:57:19
1833538811,Tourtrol,Monkbot,true,1,enwiki,2024-10-27 11:57:54
358005704,Rolex Paris Masters 2024/Qualifikation,Catgamer,false,221,dewiki,2024-10-27 11:58:36
1833538916,Italian gunboat Ermanno Carlotto,Parsecboy,false,1,enwiki,2024-10-27 11:58:40
358005713,Phil the Beat,ChrisHardy,false,25,dewiki,2024-10-27 11:59:02
1833539006,Kolkata Derby,Kalpesh Manna 2002,false,1,enwiki,2024-10-27 11:59:07
1833539015,Saint-André-de-Roquelongue,Monkbot,true,1,enwiki,2024-10-27 11:59:13
1833539102,Military ranks of Nigeria,105.113.69.3,false,12,enwiki,2024-10-27 11:59:43
1833539114,Paradise shelduck,Charlesjsharp,false,0,enwiki,2024-10-27 11:59:47
1833539202,Guts World Tour,141.98.140.222,false,1,enwiki,2024-10-27 12:00:17
1833539316,Drisht Castle,Zerriabi,false,43,enwiki,2024-10-27 12:00:44
358005802,Rolex Paris Masters 2024/Qualifikation,Catgamer,false,224,dewiki,2024-10-27 12:01:36
1833539509,Livron-sur-Drôme,Monkbot,true,1,enwiki,2024-10-27 12:02:00
1833539605,Eastern mud turtle,Bloopityboop,false,0,enwiki,2024-10-27 12:02:41
1833539617,Yang Min-hyeok,Issue0501,false,0,enwiki,2024-10-27 12:02:47
1833539706,Monastery of Rousanou,Monkbot,true,1,enwiki,2024-10-27 12:03:21
1833538611,Anuja Patil,223.178.212.120,false,-5,enwiki,2024-10-27 11:56:51
1833538812,New Anticapitalist Party,8092hhofoooDauu4jjrr,false,684,enwiki,2024-10-27 11:57:57
358005703,Hervé Renard,Rabe77,false,432,dewiki,2024-10-27 11:58:36
1833538917,Novorossiya,El asesino92,false,267,enwiki,2024-10-27 11:58:40
358005715,10. November,Vive la France2,false,275,dewiki,2024-10-27 11:59:11
1833539016,Crayon Shin-chan: Super-Dimension! The Storm Called My Bride,Julen Artano,false,32,enwiki,2024-10-27 11:59:15
1833539103,User:Jhj27/sandbox,Jhj27,false,-1411,enwiki,2024-10-27 11:59:42
1833539115,Talk:Tram,KatVanHuis,false,303,enwiki,2024-10-27 11:59:45
1833539203,MediaWiki talk:Spam-blacklist,Thanachin,false,-501,enwiki,2024-10-27 12:00:03
1833539500,Martin Bashir,Gamapamani,false,8,enwiki,2024-10-27 12:01:57
1833539512,Lilium GmbH,MySt1919,false,0,enwiki,2024-10-27 12:02:04
358005819,Magnus Ditlev,Kuebi,false,-13,dewiki,2024-10-27 12:02:09
1833539606,User talk:The scribeman,Reh688,false,-11,enwiki,2024-10-27 12:02:44
1833539708,"Category:People from Crosby, Merseyside",Ernsanchez00,false,10,enwiki,2024-10-27 12:03:22
1833538614,Alexander Tcherepnin,Monkbot,true,1,enwiki,2024-10-27 11:56:52
1833538714,2024 Turkish Aerospace Industries headquarters attack,Vt320,false,0,enwiki,2024-10-27 11:57:17
1833538801,Kosmos 2412,Monkbot,true,1,enwiki,2024-10-27 11:57:48
1833538814,Draft:Nantram singh negi,KylieTastic,false,228,enwiki,2024-10-27 11:58:00
1833538907,Template:2024–25 Liga 2 (Indonesia) regular round,Fau Tzy,false,6,enwiki,2024-10-27 11:58:37
358005707,Chronologie des Krieges in Nahost seit 2023,LennBr,false,116,dewiki,2024-10-27 11:58:36
358005716,Steven Lorentz,Tomyiy,false,8,dewiki,2024-10-27 11:59:12
1833539104,Clermont-Ferrand,Dormskirk,false,-365,enwiki,2024-10-27 11:59:42
1833539207,Anderus maculifrons,Citation bot,true,14,enwiki,2024-10-27 12:00:20
1833539308,User talk:Gonta-Kun,FastilyBot,true,1741,enwiki,2024-10-27 12:00:37
1833539319,User talk:Norahstraycat,FastilyBot,true,1723,enwiki,2024-10-27 12:00:46
1833539412,User:GrabUp/sandbox,GrabUp,false,18,enwiki,2024-10-27 12:01:22
1833539501,Máté Bella,Tacyarg,false,-4660,enwiki,2024-10-27 12:01:56
1833539513,"Harry Clarke (footballer, born 2001)",GiantSnowman,false,-192,enwiki,2024-10-27 12:02:04
1833539608,Shafali Verma,Goodknowme,false,9,enwiki,2024-10-27 12:02:42
1833538615,2020 Supersport 300 World Championship,Ousmane0306,false,1831,enwiki,2024-10-27 11:56:49
1833538715,2025 New Zealand local elections,161.29.216.215,false,410,enwiki,2024-10-27 11:57:10
1833538816,Wikipedia:Did you know/DYK hook count,DYKHousekeepingBot,true,-1,enwiki,2024-10-27 11:58:01
1833538900,Tiya: A Parrot's Journey Home,ReshamGi,false,-2,enwiki,2024-10-27 11:58:35
1833538908,"Lussan, Gers",Monkbot,true,1,enwiki,2024-10-27 11:58:35
1833538918,Bill Masterton,142.67.106.36,false,5,enwiki,2024-10-27 11:58:41
1833539007,Japan–South Korea football rivalry,Snowflake91,false,38,enwiki,2024-10-27 11:59:11
1833539105,AWTF-80 SC,Musikgeniesser,false,92,enwiki,2024-10-27 11:59:42
1833539116,Grupo Límite,2601:406:4586:2D00:D8B9:C167:6585:690A,false,1,enwiki,2024-10-27 11:59:48
1833539206,List of 5G NR networks,217.140.201.241,false,231,enwiki,2024-10-27 12:00:03
1833539307,Le Vignau,Monkbot,true,1,enwiki,2024-10-27 12:00:38
358005803,Finch (Rapper)/Diskografie,ChrisHardy,false,-6,dewiki,2024-10-27 12:01:35
358005807,Wikipedia:Vandalismusmeldung,Sänger,false,465,dewiki,2024-10-27 12:01:48
358005815,Peregrinatio in terram sanctam,Dr. Yiming Wei,false,1205,dewiki,2024-10-27 12:02:01
1833539514,The One That You Love (album),171.241.53.65,false,5,enwiki,2024-10-27 12:02:06
1833539609,Baldwin III of Jerusalem,2001:14BA:6C24:9F00:9985:C462:CCC9:D678,false,71,enwiki,2024-10-27 12:02:43
1833539712,Tiya: A Parrot's Journey Home,ReshamGi,false,0,enwiki,2024-10-27 12:03:24
1833538600,Talk:2024 United States presidential election,Super Goku V,false,279,enwiki,2024-10-27 11:56:39
1833538616,Category:People from Halewood,Ernsanchez00,false,3,enwiki,2024-10-27 11:56:53
1833538716,Introjection (Neon Genesis Evangelion episode),TeenAngels1234,false,32,enwiki,2024-10-27 11:57:17
1833538803,2024 royal tour of Australia,Peter Ormond,false,228,enwiki,2024-10-27 11:57:49
1833538817,Wikipedia talk:WikiProject Women in Green/Meetup/7,Grnrchst,false,12,enwiki,2024-10-27 11:58:01
1833538901,User:Jhj27/sandbox,Jhj27,false,-1474,enwiki,2024-10-27 11:58:31
1833538909,Far East Organization,AnomieBOT,false,-116,enwiki,2024-10-27 11:58:37
1833539008,Lemon,Stivushka,false,-34,enwiki,2024-10-27 11:59:10
1833539106,Aussie Racing Cars,DH85868993,false,3,enwiki,2024-10-27 11:59:46
1833539208,File:24kGoldn all white.jpeg,FastilyBot,true,25,enwiki,2024-10-27 12:00:22
1833539309,User talk:Motuca,FastilyBot,true,1685,enwiki,2024-10-27 12:00:43
1833539414,Wikipedia:WikiProject Medicine/Members/Inactive,Reports bot,true,95,enwiki,2024-10-27 12:01:12
1833539504,Tiya: A Parrot's Journey Home,ReshamGi,false,40,enwiki,2024-10-27 12:02:01
1833539516,Dowgol Station,PAper GOL,false,-86,enwiki,2024-10-27 12:02:05
1833539610,Master controversies,Kailash29792,false,-9,enwiki,2024-10-27 12:02:43
1833538617,Kim Ah-young,Paper9oll,false,2412,enwiki,2024-10-27 11:56:50
1833538717,Dynasty (2024),Fistagon eyes ya,false,0,enwiki,2024-10-27 11:57:18
358005701,Anja Backhaus,Onkelkoeln,false,131,dewiki,2024-10-27 11:58:35
358005705,Benutzer:AHK/Hexenküche/Baudenkmale Sulingen,AHK,false,325,dewiki,2024-10-27 11:58:39
1833539010,Drogo of Hauteville,Vittoriobr,false,30,enwiki,2024-10-27 11:59:13
1833539109,"Maddur, Narayanpet",2409:40F0:1048:F68E:8000:0:0:0,false,312,enwiki,2024-10-27 11:59:46
1833539209,File:Ahali electoral billboard 2024.jpg,FastilyBot,true,36,enwiki,2024-10-27 12:00:23
1833539311,Tally-Syza,Monkbot,true,2,enwiki,2024-10-27 12:00:42
1833539405,Gulkevichi,Monkbot,true,1,enwiki,2024-10-27 12:01:18
358005800,Benutzer:Definitiv/wiese bawü,Definitiv,false,946,dewiki,2024-10-27 12:01:31
358005804,Instrumentenlandesystem,Uli Elch,false,-69,dewiki,2024-10-27 12:01:41
358005808,Benutzer:Aka/Fehlerlisten/Typographische Anführungszeichen/001,Dk1909,false,-1989,dewiki,2024-10-27 12:01:50
1833539505,Great cormorant,Ethmostigmus,false,18,enwiki,2024-10-27 12:01:59
1833539517,Star Wars: The Rising Storm,Mika1h,false,1119,enwiki,2024-10-27 12:02:05
1833539612,Template:Pete in Disney animation,BrookTheHumming,false,-1,enwiki,2024-10-27 12:02:46
1833538603,User:Asratulhasannahid/sandbox,Asratulhasannahid,false,53,enwiki,2024-10-27 11:56:49
1833538701,Toyota Corolla (E210),MoCars,false,86,enwiki,2024-10-27 11:57:10
1833538805,"Frederick II, Landgrave of Hesse-Homburg",Monkbot,true,2,enwiki,2024-10-27 11:57:52
1833538819,User talk:Uttrakhandhistory,KylieTastic,false,3302,enwiki,2024-10-27 11:58:00
1833538903,Talk:XNXX,Gene93k,false,-221,enwiki,2024-10-27 11:58:35
1833538910,Moschochori,Monkbot,true,1,enwiki,2024-10-27 11:58:39
1833539000,User talk:Rodger501,Bunnypranav,false,453,enwiki,2024-10-27 11:59:10
1833539011,Eastern mud turtle,Bloopityboop,false,1,enwiki,2024-10-27 11:59:11
1833539110,Smriti Mandhana,Goodknowme,false,2,enwiki,2024-10-27 11:59:44
1833539218,File:United Therapeutics logo.svg,FastilyBot,true,-8,enwiki,2024-10-27 12:00:24
1833539310,Shreyanka Patil,Goodknowme,false,-1,enwiki,2024-10-27 12:00:43
1833539406,Eastern mud turtle,Bloopityboop,false,11,enwiki,2024-10-27 12:01:18
1833539415,List of compositions by César Franck,Double Croche,false,268,enwiki,2024-10-27 12:01:24
358005810,Benutzer Diskussion:Blake Hale,Blake Hale,false,148,dewiki,2024-10-27 12:01:50
1833539506,List of current heads of government in the United Kingdom and dependencies,124.217.189.191,false,-136,enwiki,2024-10-27 12:02:01
1833539518,"Lyubitskoye, Medvensky District, Kursk Oblast",Monkbot,true,2,enwiki,2024-10-27 12:02:04
1833539613,Loudenvielle,Monkbot,true,1,enwiki,2024-10-27 12:02:43
1833538604,Eugenia (given name),Monkbot,true,2,enwiki,2024-10-27 11:56:48
1833538806,User:GrabUp/sandbox,GrabUp,false,30,enwiki,2024-10-27 11:57:53
1833538818,La Cadière-et-Cambo,Monkbot,true,1,enwiki,2024-10-27 11:57:58
1833538904,Prague Castle,Lencer,false,68,enwiki,2024-10-27 11:58:35
358005706,Coldplay/Diskografie,Lk95,false,1,dewiki,2024-10-27 11:58:38
1833539001,Bar (heraldry),Shorepine,false,9,enwiki,2024-10-27 11:59:07
358005719,Burundi,Primavera2023,false,1,dewiki,2024-10-27 11:59:12
1833539111,Kayla Jean Carter,Sunuraju,false,0,enwiki,2024-10-27 11:59:47
1833539200,Galician Railway of Archduke Charles Louis,Monkbot,true,2,enwiki,2024-10-27 12:00:20
1833539313,User talk:Stephie21,FastilyBot,true,1643,enwiki,2024-10-27 12:00:45
1833539407,Ramkumar Toppo,Super Dud,false,30,enwiki,2024-10-27 12:01:21
1833539416,Teufelsberg,Monkbot,true,1,enwiki,2024-10-27 12:01:22
358005801,Die Prinzessin auf der Erbse,Dk1909,false,-2,dewiki,2024-10-27 12:01:31
358005813,Brettspiel,Aeranthropos,false,-14,dewiki,2024-10-27 12:01:57
1833539507,Amarjeet Bhagat,Super Dud,false,4,enwiki,2024-10-27 12:02:02
358005818,OKF,2003:C3:4746:C000:58AB:131E:20E9:A365,false,82,dewiki,2024-10-27 12:02:08
1833539600,Jalamb Assembly constituency,Bruce1ee,false,0,enwiki,2024-10-27 12:02:40
1833539614,Sang Sarag,PAper GOL,false,-27,enwiki,2024-10-27 12:02:47
1833538605,Felipe Lara,Zuck28,false,88,enwiki,2024-10-27 11:56:49
1833538704,Barangaroo ferry wharf,Capenaps,false,-4,enwiki,2024-10-27 11:57:17
1833538807,Bar (heraldry),Shorepine,false,2188,enwiki,2024-10-27 11:57:49
1833538905,Girl You Know It's True (film),Cleanupbabe,false,-2,enwiki,2024-10-27 11:58:35
1833538914,Richard Clement Moody,Haliburton67,false,0,enwiki,2024-10-27 11:58:41
1833539002,Krondon,110.149.131.195,false,7,enwiki,2024-10-27 11:59:10
1833539013,Phil Lee,92.40.214.170,false,18,enwiki,2024-10-27 11:59:14
1833539112,Islamic State – Sinai Province,178.81.55.110,false,-4,enwiki,2024-10-27 11:59:46
1833539315,User talk:Keroks,FastilyBot,true,1593,enwiki,2024-10-27 12:00:44
1833539408,JioHotstar,TheOasisBay,false,-429,enwiki,2024-10-27 12:01:20
358005811,Steve Rosenberg,Andek,false,10,dewiki,2024-10-27 12:01:52
358005814,Philip Myers,Tomyiy,false,78,dewiki,2024-10-27 12:01:58
1833539508,Albert Moukheiber,Asrefaei,false,52,enwiki,2024-10-27 12:02:02
1833539601,FC Yadro Saint Petersburg,Monkbot,true,1,enwiki,2024-10-27 12:02:40
1833539615,List of tallest buildings in Brazil,JeyReydar97,false,61,enwiki,2024-10-27 12:02:45
1833538609,User talk:Orangemike,Marchjuly,false,842,enwiki,2024-10-27 11:56:50
1833538710,People's Doctor of the USSR,Monkbot,true,1,enwiki,2024-10-27 11:57:17
1833538810,2024 Liga de Ascenso Femenina (Perú),Ericbaudouin,false,16,enwiki,2024-10-27 11:57:56
1833538906,"Government Medical College, Nizamabad",Bruce1ee,false,-98,enwiki,2024-10-27 11:58:36
1833538915,Rubin Colwill,2A02:C7C:BE47:B100:D55:E08C:7D6:E641,false,4,enwiki,2024-10-27 11:58:41
358005712,Willi Hoselmann,"Herr Lehrer, ich weiß was!",false,-59,dewiki,2024-10-27 11:58:57
358005714,Benutzer Diskussion:Tohma,Tohma,false,687,dewiki,2024-10-27 11:59:03
1833539003,Tychowo,Monkbot,true,2,enwiki,2024-10-27 11:59:09
1833539014,Razor,2404:440E:272F:EE00:C54E:9730:1FD5:5FC4,false,-1,enwiki,2024-10-27 11:59:14
1833539101,Hannah Arendt Prize,Monkbot,true,1,enwiki,2024-10-27 11:59:44
1833539113,"Velika Raven, Lukovica",Monkbot,true,1,enwiki,2024-10-27 11:59:46
1833539300,Template:VOD services,CoolingGibbon,false,36,enwiki,2024-10-27 12:00:40
1833539314,Template:Mixed martial arts,Anthony Piñeiro,false,57,enwiki,2024-10-27 12:00:45
1833539410,Tiya: A Parrot's Journey Home,ReshamGi,false,37,enwiki,2024-10-27 12:01:21
358005816,Tscheburaschka,Bernd Bergmann,false,-6,dewiki,2024-10-27 12:02:02
1833539602,Japanese submarine I-72,Parsecboy,false,1,enwiki,2024-10-27 12:02:40
1833539616,User:MacronMonitor/LinkAlerts,MacronMonitor,false,269,enwiki,2024-10-27 12:02:46
1833539703,Stanisław Sosabowski,Monkbot,true,1,enwiki,2024-10-27 12:03:17
1833539808,2024 Maharashtra Legislative Assembly election,Xenonnnn,false,96,enwiki,2024-10-27 12:03:48
1833539818,User talk:UsamaSarwar,KylieTastic,false,3876,enwiki,2024-10-27 12:04:01
1833539714,Montenegrin Volunteer Corps,Monkbot,true,2,enwiki,2024-10-27 12:03:24
1833539819,User:AusLondonder/XfD log,AusLondonder,false,154,enwiki,2024-10-27 12:03:57
1833539715,List of GS1 country codes,Defusedaward,false,-26,enwiki,2024-10-27 12:03:24
1833539811,2024–25 Ekstraklasa,Skyblueshaun,false,-3,enwiki,2024-10-27 12:03:56
1833539716,Wikipedia:Conflict of interest/Noticeboard,Mandi News,false,1385,enwiki,2024-10-27 12:03:18
1833539812,User talk:ThePainkiller90,Mjroots,false,1035,enwiki,2024-10-27 12:04:00
1833539717,Alex Iwobi,GiantSnowman,false,0,enwiki,2024-10-27 12:03:24
1833539803,User:Best3000/TWA/Earth,Best3000,false,714,enwiki,2024-10-27 12:03:56
1833539813,Verteuil-d'Agenais,Monkbot,true,1,enwiki,2024-10-27 12:03:58
1833539719,User talk:MPGuy2824,Rayinde11,false,359,enwiki,2024-10-27 12:03:26
1833539805,Žihle,Monkbot,true,1,enwiki,2024-10-27 12:03:54
1833539804,Wikipedia:Categories for discussion/Speedy,AusLondonder,false,188,enwiki,2024-10-27 12:03:53
1833539814,Joo Min-kyu,Issue0501,false,0,enwiki,2024-10-27 12:03:59
1833539806,Tiya: A Parrot's Journey Home,ReshamGi,false,4,enwiki,2024-10-27 12:03:56
1833539815,Ewomazino (name),Wire723,false,-70,enwiki,2024-10-27 12:04:00
1833539816,"Berwick, Victoria",TacoManOnGod,false,42,enwiki,2024-10-27 12:03:59
1833539807,User talk:Aditya tamhankar,Nimesh9596,false,609,enwiki,2024-10-27 12:03:54
1833539817,Draft:UsamaSarwar,KylieTastic,false,86,enwiki,2024-10-27 12:04:00
1833539903,List of English words of Polish origin,Monkbot,true,1,enwiki,2024-10-27 12:04:29
358005901,Peter Robert Berry,Cheyron,false,-141,dewiki,2024-10-27 12:05:07
1833540105,Eurovision Song Contest 2025,Pdhadam,false,123,enwiki,2024-10-27 12:05:28
1833539906,Tiya: A Parrot's Journey Home,ReshamGi,false,-1,enwiki,2024-10-27 12:04:31
1833540006,The Golden Ball and Other Stories,Prairieplant,false,11,enwiki,2024-10-27 12:05:01
358005904,Full Force (Album),Engelbaet,false,1,dewiki,2024-10-27 12:05:12
358005907,Wolfgang von Gronau,Michael32710,false,4,dewiki,2024-10-27 12:05:20
1833540108,Category:Smižany,AusLondonder,false,390,enwiki,2024-10-27 12:05:34
1833539908,The French Suicide,Biohistorian15,false,313,enwiki,2024-10-27 12:04:30
1833540007,User:Jerryobject/Edit summaries,Jerryobject,false,142,enwiki,2024-10-27 12:05:01
358005908,Johanna Grothendieck,"Herr Lehrer, ich weiß was!",false,112,dewiki,2024-10-27 12:05:21
1833540107,Lok Sabha,Sreein Sreedhar,false,-6,enwiki,2024-10-27 12:05:32
1833540200,Supreme (song),Falcadore,false,11,enwiki,2024-10-27 12:06:09
1833539909,Hochkalter,PEPSI697,false,-3,enwiki,2024-10-27 12:04:30
1833540010,A1 autostrada (Poland),Monkbot,true,1,enwiki,2024-10-27 12:05:00
358005902,Benutzer:Mepherl/Einsam (Roman),Mepherl,false,273,dewiki,2024-10-27 12:05:09
358005909,Vera Int-Veen,2A02:908:1411:66A0:102D:F7FC:A7CD:2DDC,false,16,dewiki,2024-10-27 12:05:21
358005916,Cumbia & Jazz Fusion,Thomas Dresler,false,0,dewiki,2024-10-27 12:05:35
1833540201,Tavis–Cummings model,ReyHahn,false,-15,enwiki,2024-10-27 12:06:07
1833539911,Máté Bella,Tacyarg,false,56,enwiki,2024-10-27 12:04:30
1833540012,Cole Hauser,Seasider53,false,-27,enwiki,2024-10-27 12:05:03
358005905,Benutzer:Runtinger,Runtinger,false,311,dewiki,2024-10-27 12:05:14
358005911,Benutzer:Bernilein111/Eversten Holz,Bernilein111,false,189,dewiki,2024-10-27 12:05:29
358005914,Diskussion:Religion in Belgien,37.209.63.230,false,496,dewiki,2024-10-27 12:05:31
1833540116,Confederation Liberty and Independence,Monkbot,true,1,enwiki,2024-10-27 12:05:32
1833539912,User:Best3000/TWA/Earth,Best3000,false,18,enwiki,2024-10-27 12:04:34
1833540014,Wenceslaus I of Zator,Monkbot,true,1,enwiki,2024-10-27 12:05:04
358005903,Judería,92.210.50.4,false,296,dewiki,2024-10-27 12:05:11
358005912,Drenckhahn & Sudhop,Dk1909,false,0,dewiki,2024-10-27 12:05:29
358005918,Benutzer:Aka/Fehlerlisten/Typographische Anführungszeichen/002,Dk1909,false,-634,dewiki,2024-10-27 12:05:37
1833539913,Draft:Sandbox,2603:8001:C83B:E586:E4FC:D8EE:DD32:2BBD,false,42162,enwiki,2024-10-27 12:04:31
1833540001,Mission: Impossible – Dead Reckoning Part One,Barry Wom,false,-51,enwiki,2024-10-27 12:04:54
1833540015,CGTN America,Spinixster,false,0,enwiki,2024-10-27 12:05:03
358005915,Diskussion:Polytechnische Oberschule,88.64.225.171,false,79,dewiki,2024-10-27 12:05:33
1833540117,User:Thebig93,Thebig93,false,203,enwiki,2024-10-27 12:05:38
1833540203,User:Best3000,Best3000,false,35,enwiki,2024-10-27 12:06:14
1833539914,Trie-sur-Baïse,Monkbot,true,1,enwiki,2024-10-27 12:04:32
1833540002,Limoux wine,Lambiam,false,50,enwiki,2024-10-27 12:05:01
1833540102,Nesta Guinness-Walker,GiantSnowman,false,-213,enwiki,2024-10-27 12:05:32
1833540118,Wikipedia:Categories for discussion/Speedy,AusLondonder,false,210,enwiki,2024-10-27 12:05:36
1833539918,2024–25 Ekstraklasa,Skyblueshaun,false,15,enwiki,2024-10-27 12:04:32
1833540003,Siddharth Kara,Zuck28,false,43,enwiki,2024-10-27 12:05:00
1833540016,Radha Yadav,223.178.212.120,false,-31,enwiki,2024-10-27 12:05:04
1833540103,Royal Garden of Prague Castle,Lencer,false,67,enwiki,2024-10-27 12:05:32
358005919,Kraftwerk Ritom,CH ABB CMC Historiker,false,73,dewiki,2024-10-27 12:05:37
1833539919,User:PROWPLINK,Frost,false,16,enwiki,2024-10-27 12:04:36
1833540005,Maruni,112.79.113.235,false,2,enwiki,2024-10-27 12:05:01
358005900,Benutzerin:Fiona B./Tools,Fiona B.,false,134,dewiki,2024-10-27 12:05:06
358005913,Oberweier (Ettlingen),Ramona Schuck,false,-597,dewiki,2024-10-27 12:05:30
1833540104,Japanese seaplane tender Notoro,Parsecboy,false,3,enwiki,2024-10-27 12:05:32
1833540205,Ossolineum,Monkbot,true,1,enwiki,2024-10-27 12:06:12
1833540307,The Golden Ball and Other Stories,Prairieplant,false,10,enwiki,2024-10-27 12:06:47
1833540404,Hijri year,StephenMacky1,false,-4,enwiki,2024-10-27 12:07:23
1833540206,Talk:Artificial planet,Piotrus,false,792,enwiki,2024-10-27 12:06:14
1833540308,User talk:Rodger501,Rodger501,false,559,enwiki,2024-10-27 12:06:49
1833540407,2024 Elpitiya Pradeshiya Sabha election,DT Truth,false,722,enwiki,2024-10-27 12:07:23
1833540207,List of equipment of the Italian Army,Fabrice Ram,false,22,enwiki,2024-10-27 12:06:06
1833540309,Tiya: A Parrot's Journey Home,ReshamGi,false,21,enwiki,2024-10-27 12:06:48
1833540408,Template:Declared cultural properties of the Philippines,DB1729,false,105,enwiki,2024-10-27 12:07:25
1833540208,The Office PL,Mellamelina,false,1067,enwiki,2024-10-27 12:06:15
1833540310,Forced labor in Nazi concentration camps,Monkbot,true,1,enwiki,2024-10-27 12:06:47
1833540406,Ziarat Sar,PAper GOL,false,-26,enwiki,2024-10-27 12:07:25
1833540209,Wikipedia:Sandbox,Hazard-Bot,true,442,enwiki,2024-10-27 12:06:16
1833540409,"Saint John Abbey, Müstair",Monkbot,true,2,enwiki,2024-10-27 12:07:25
1833540212,Park Bo-young,2A02:810D:9500:D38:E03E:10B6:B0A7:4BC2,false,40,enwiki,2024-10-27 12:06:14
1833540312,Damascus International Airport,Martimix,false,1,enwiki,2024-10-27 12:06:49
1833540419,PUREX,151.64.73.235,false,1,enwiki,2024-10-27 12:07:28
1833540314,Pope John Paul II,Aurexify,false,2,enwiki,2024-10-27 12:06:40
1833540213,Ponsampère,Monkbot,true,1,enwiki,2024-10-27 12:06:16
1833540315,2024 Turkish Aerospace Industries headquarters attack,Battles 55,false,-415,enwiki,2024-10-27 12:06:49
1833540400,Eurovision Song Contest 1978,AnomieBOT,true,18,enwiki,2024-10-27 12:07:17
1833540214,User:Asratulhasannahid/sandbox,Asratulhasannahid,false,5,enwiki,2024-10-27 12:06:19
1833540316,Novyye Omelniki,Monkbot,true,1,enwiki,2024-10-27 12:06:51
1833540305,Tropical Storm Trami (2024),HurricaneEdgar,false,61,enwiki,2024-10-27 12:06:42
1833540317,Venezuelans,178.197.194.158,false,2,enwiki,2024-10-27 12:06:49
1833540401,Tropical Storm Trami (2024),HurricaneEdgar,false,0,enwiki,2024-10-27 12:07:18
1833540505,Wikipedia:AfC sorting/Geography/Regions/Asia/North Asia,SDZeroBot,true,-204,enwiki,2024-10-27 12:07:59
1833540517,Draft:Shri Ravishankar Maharaj Rawatpura Sarkar,RawatSerkar,false,113,enwiki,2024-10-27 12:08:00
1833540610,Russian submarine Vepr,Parsecboy,false,2,enwiki,2024-10-27 12:08:17
1833540518,List of proposed state mergers,Gorgonopsi,false,-705,enwiki,2024-10-27 12:07:46
1833540611,Wikipedia:AfC sorting/STEM/Computing,SDZeroBot,true,-210,enwiki,2024-10-27 12:08:18
1833540507,Wikipedia:AfC sorting/Culture/Biography,SDZeroBot,true,-1124,enwiki,2024-10-27 12:07:56
358006000,Kaien,Arkelin,false,585,dewiki,2024-10-27 12:08:09
1833540613,Glenn Gwynne,GiantSnowman,false,-3,enwiki,2024-10-27 12:08:17
1833540508,Wikipedia:AfC sorting/Geography/Regions/Europe/Eastern Europe,SDZeroBot,true,-10,enwiki,2024-10-27 12:07:59
1833540602,Wikipedia:AfC sorting/STEM/Chemistry,SDZeroBot,true,-9,enwiki,2024-10-27 12:08:17
1833540617,Bar (heraldry),Shorepine,false,-2,enwiki,2024-10-27 12:08:15
358006008,Atlantikwall Raversyde,Reisender.ab,false,-26,dewiki,2024-10-27 12:08:21
358006011,Benutzer:Bernilein111/Eversten Holz,Bernilein111,false,108,dewiki,2024-10-27 12:08:32
1833540509,2011 German Figure Skating Championships,Monkbot,true,1,enwiki,2024-10-27 12:07:59
1833540601,Kreis Schwerin an der Warthe,Monkbot,true,1,enwiki,2024-10-27 12:08:16
1833540618,Wikipedia:AfC sorting/Culture/Media/Software,SDZeroBot,true,-86,enwiki,2024-10-27 12:08:18
358006012,Schloss Machern,Ghostwriter123,false,417,dewiki,2024-10-27 12:08:33
1833540510,Yasuhisa Shiozaki,Dpm853,false,-2,enwiki,2024-10-27 12:07:59
358006004,Wikipedia Diskussion:WikiProjekt Österreich,Herzi Pinki,false,197,dewiki,2024-10-27 12:08:12
1833540603,Tavis–Cummings model,ReyHahn,false,-25,enwiki,2024-10-27 12:08:12
1833540619,Wikipedia:AfC sorting/Geography/Regions/Americas/South America,SDZeroBot,true,-182,enwiki,2024-10-27 12:08:19
358006013,Filmkanon,Dk1909,false,3,dewiki,2024-10-27 12:08:34
1833540513,Wikipedia:AfC sorting/History and Society/Military and warfare,SDZeroBot,true,-439,enwiki,2024-10-27 12:08:00
1833540606,User:Ikeshut2/sandbox6,Ikeshut2,false,-20,enwiki,2024-10-27 12:08:16
358006015,Benutzer:Thomas Wozniak/Bezirksverwaltung für Staatssicherheit Erfurt,Thomas Wozniak,false,81,dewiki,2024-10-27 12:08:34
1833540511,Powhatan,HolyCrocsEmperor,false,337,enwiki,2024-10-27 12:07:58
1833540608,Wikipedia:AfC sorting/STEM/Medicine & Health,SDZeroBot,true,-197,enwiki,2024-10-27 12:08:17
358006006,Jette Nietzard,Dandelo,false,679,dewiki,2024-10-27 12:08:19
1833540515,User talk:Clayvast,FireflyBot,true,802,enwiki,2024-10-27 12:08:00
1833540607,Talk:Dinapur Cantonment,LilianaUwU,false,31,enwiki,2024-10-27 12:08:17
358006009,Autoreifen,Güwy,false,-13,dewiki,2024-10-27 12:08:23
358006016,Benutzer:Definitiv/wiese bawü,Definitiv,false,159,dewiki,2024-10-27 12:08:35
1833540501,Wikipedia:AfC sorting/Geography/Regions/Asia,SDZeroBot,true,-221,enwiki,2024-10-27 12:07:58
1833540516,Wikipedia:AfC sorting/Geography/Regions/Europe/Southern Europe,SDZeroBot,true,-205,enwiki,2024-10-27 12:08:00
358006001,Benutzerin:Nicola/Lindgens Fabrik,Nicola,false,271,dewiki,2024-10-27 12:08:10
1833540609,Dinapur Cantonment,LilianaUwU,false,47,enwiki,2024-10-27 12:08:17
358006007,WTA Tour 2024,Fressbacke,false,427,dewiki,2024-10-27 12:08:16
358006010,Liste der Einheitslinienschiffe,DerwahreStinkstiefel,false,8,dewiki,2024-10-27 12:08:25
1833540700,Maksatikha,Monkbot,true,1,enwiki,2024-10-27 12:08:45
1833540810,Montaigut-sur-Save,Monkbot,true,1,enwiki,2024-10-27 12:09:29
1833540716,Moon Seon-min,Issue0501,false,0,enwiki,2024-10-27 12:08:53
1833540702,28th GLAAD Media Awards,Rzuwig,false,-1,enwiki,2024-10-27 12:08:50
1833540801,Jaynes–Cummings model,ReyHahn,false,2,enwiki,2024-10-27 12:09:21
1833540814,Draft:Oliver Stockwell,Hildreth gazzard,false,-3,enwiki,2024-10-27 12:09:33
1833540703,2024 FIA Motorsport Games GT Cup,Formula Downforce,false,4,enwiki,2024-10-27 12:08:49
1833540717,Template:Alt Vinalopó,AusLondonder,false,-58,enwiki,2024-10-27 12:08:57
1833540800,Franquevielle,Monkbot,true,1,enwiki,2024-10-27 12:09:25
1833540815,Template:Marina Alta,AusLondonder,false,-58,enwiki,2024-10-27 12:09:34
1833540704,Cuocolo Trial,DonCalo,false,58,enwiki,2024-10-27 12:08:51
1833540802,Talk:Romanization of Ukrainian,86.9.107.79,false,122,enwiki,2024-10-27 12:09:26
1833540816,Fauvillers,Monkbot,true,3,enwiki,2024-10-27 12:09:33
1833540719,"August Cieszkowski Street, Bydgoszcz",Monkbot,true,5,enwiki,2024-10-27 12:08:54
1833540803,Never Close Our Eyes,Keepcominback,false,8,enwiki,2024-10-27 12:09:26
1833540705,Draft:Marie Tomanova,KylieTastic,false,-155,enwiki,2024-10-27 12:08:52
1833540804,Talk:Earth Journalism Network,Encoded,false,313,enwiki,2024-10-27 12:09:26
1833540706,Ivan Ivanov-Vano,Monkbot,true,1,enwiki,2024-10-27 12:08:51
1833540805,Talyndzhaspirifer,Abdullah raji,false,34,enwiki,2024-10-27 12:09:29
1833540715,Shuko Aoyama,Shrug02,false,493,enwiki,2024-10-27 12:08:49
1833541005,Wikipedia:WikiProject Formula One/Related Pages,DH85868993,false,-24,enwiki,2024-10-27 12:10:29
1833541110,Template:Vinalopó Mitjà,AusLondonder,false,-58,enwiki,2024-10-27 12:11:08
1833540919,The Private Memoirs and Confessions of a Justified Sinner,Dimadick,false,52,enwiki,2024-10-27 12:10:11
358006113,Benutzer:Thomas Wozniak/Bezirksverwaltung für Staatssicherheit Neubrandenburg,Thomas Wozniak,false,97,dewiki,2024-10-27 12:10:29
1833541015,Theories of Surplus Value,Monkbot,true,1,enwiki,2024-10-27 12:10:38
1833541109,Musical theatre,دانية دروبي,false,4,enwiki,2024-10-27 12:11:03
358006106,George Biehl,Loper12321,false,19,dewiki,2024-10-27 12:10:23
1833541017,Let's Get Wellington Moving,Radiogaga1984,false,4,enwiki,2024-10-27 12:10:38
1833541113,Sadeillan,Monkbot,true,1,enwiki,2024-10-27 12:11:06
1833540904,Goofy (film series),BrookTheHumming,false,33,enwiki,2024-10-27 12:10:05
1833541019,Sal Vulcano,Leth09,false,20,enwiki,2024-10-27 12:10:39
1833541116,List of English-language book publishing companies,SeaTowns,false,28,enwiki,2024-10-27 12:11:07
358006108,Bernoulli-Prozess,Mathze,false,0,dewiki,2024-10-27 12:10:24
358006114,Promi Big Brother/Staffel 12,Lena1,false,4,dewiki,2024-10-27 12:10:29
1833541118,"Takasu, Hokkaido",Oakling,false,230,enwiki,2024-10-27 12:11:07
1833540907,Template:Comtat,AusLondonder,false,-58,enwiki,2024-10-27 12:10:08
358006100,Google Gemini,KnorkeLeon,false,253,dewiki,2024-10-27 12:10:12
358006103,Issime,Freigut,false,3,dewiki,2024-10-27 12:10:18
358006110,Dr. Martens,Rowwlf,false,8,dewiki,2024-10-27 12:10:25
1833541117,"Kilgore, Texas",No No No No Name fu,false,7,enwiki,2024-10-27 12:11:05
358006101,Hajo Meyer,Tohma,false,-104,dewiki,2024-10-27 12:10:14
358006104,Benutzer:Aka/Fehlerlisten/Typographische Anführungszeichen/002,Dk1909,false,-849,dewiki,2024-10-27 12:10:19
1833541101,Derapur Assembly constituency,Adamantine123,false,212,enwiki,2024-10-27 12:11:05
1833540908,User:LikYoutube/sandbox,LikYoutube,false,-1655,enwiki,2024-10-27 12:10:09
358006105,Vinzent (Film),2003:C6:9F30:E349:30DD:4F1E:4DA2:2808,false,20,dewiki,2024-10-27 12:10:20
358006116,"Anton Lutz (Politiker, 1921)",Silewe,false,15,dewiki,2024-10-27 12:10:30
1833541102,Popular Liberation Forces,Hamasien,false,114,enwiki,2024-10-27 12:11:07
1833540910,Pionnat,Monkbot,true,1,enwiki,2024-10-27 12:10:08
358006111,Karl Donderer,Nico308,false,253,dewiki,2024-10-27 12:10:27
1833541000,Sydney Trains A & B sets,MrActiniuM,false,5,enwiki,2024-10-27 12:10:34
1833541104,2025 U-17 Africa Cup of Nations qualification,Schnapper,false,2,enwiki,2024-10-27 12:11:04
1833541103,Akhil Bharatiya Vidyarthi Parishad,HarukaAmaranth,false,-2,enwiki,2024-10-27 12:11:06
1833541215,Ronnie Blair,GiantSnowman,false,-175,enwiki,2024-10-27 12:11:50
1833541306,Tyrrell 019,DH85868993,false,4,enwiki,2024-10-27 12:12:14
1833541410,Genisea,Monkbot,true,1,enwiki,2024-10-27 12:12:52
1833541216,Draft:ععععععه,197.37.132.70,false,104,enwiki,2024-10-27 12:11:50
358006200,Heinz Mielke (Tiermediziner),Ghostwriter123,false,0,dewiki,2024-10-27 12:11:55
1833541313,List of banks in Nigeria,SiniyaEdita,false,34,enwiki,2024-10-27 12:12:20
358006202,Marcel Hirscher,Clemens Stockner,false,29,dewiki,2024-10-27 12:11:57
358006210,Günther Serres,Silewe,false,9,dewiki,2024-10-27 12:12:14
1833541200,User:B.V.B.2025/Чек,B.V.B.2025,false,179,enwiki,2024-10-27 12:11:38
1833541217,A. R. Rahman discography,AmNaTi200,false,273,enwiki,2024-10-27 12:11:49
358006203,FreeMat,Wdwd,false,-159,dewiki,2024-10-27 12:12:04
1833541316,User:AusLondonder/XfD log,AusLondonder,false,156,enwiki,2024-10-27 12:12:17
1833541203,Apostolos Toskas,Monkbot,true,1,enwiki,2024-10-27 12:11:47
358006214,"Irresistible (Schiff, 1902)",DerwahreStinkstiefel,false,1,dewiki,2024-10-27 12:12:14
1833541400,"Załom, Goleniów County",Monkbot,true,1,enwiki,2024-10-27 12:12:49
1833541204,Carlo D'Angelo,Cavarrone,false,0,enwiki,2024-10-27 12:11:48
1833541219,Ash Riddell,4TheWynne,false,0,enwiki,2024-10-27 12:11:49
1833541317,File:Tiya Book Cover.jpg,ReshamGi,false,472,enwiki,2024-10-27 12:12:23
1833541205,Saskia Garel,Tacyarg,false,-289,enwiki,2024-10-27 12:11:48
1833541401,File:Tiya Book Cover.jpg,ReshamGi,false,13,enwiki,2024-10-27 12:12:52
1833541206,Szczecin-Dąbie Airstrip,Silverdr,false,138,enwiki,2024-10-27 12:11:48
358006218,Vorlage:Navigationsleiste Die zehn bestplatzierten irischen Tennisspielerinnen im Doppel (WTA),DonPedro71,false,-12,dewiki,2024-10-27 12:12:16
1833541405,Wikipedia:WikiProject Skepticism/Discussions,Reports bot,true,11,enwiki,2024-10-27 12:12:52
358006206,Benutzer:Afus199620/Central Bank of the Republic of Turkey Tower,Afus199620,false,159,dewiki,2024-10-27 12:12:10
1833541300,Category:People from Haydock,Ernsanchez00,false,11,enwiki,2024-10-27 12:12:19
1833541407,List of European association football families,Syvä-äksy,false,1415,enwiki,2024-10-27 12:12:38
1833541519,Asians in Germany,Monkbot,true,1,enwiki,2024-10-27 12:13:34
1833541606,Russian cruiser Zhemchug,Parsecboy,false,1,enwiki,2024-10-27 12:14:00
1833541414,Category:People from Rainford,Ernsanchez00,false,3,enwiki,2024-10-27 12:12:57
1833541501,Janoušov,Monkbot,true,1,enwiki,2024-10-27 12:13:27
1833541611,List of battles involving Georgia (country),Takashto,false,-1860,enwiki,2024-10-27 12:13:56
1833541415,"Maszkowo, Goleniów County",Monkbot,true,1,enwiki,2024-10-27 12:12:56
1833541614,The Theory of Communicative Action,Monkbot,true,1,enwiki,2024-10-27 12:14:02
1833541502,OG (2025 film),Gotitbro,false,42,enwiki,2024-10-27 12:13:28
358006300,Charles Eugène de Croÿ,Arzt aus Bern,false,159,dewiki,2024-10-27 12:14:10
1833541416,User:Actually Existing Napoleon/sandbox,Actually Existing Napoleon,false,281,enwiki,2024-10-27 12:12:58
1833541419,Beatrice Regina della Scala,Sfar13,false,169,enwiki,2024-10-27 12:12:56
1833541616,Minangkabau music,DayakSibiriak,false,23,enwiki,2024-10-27 12:14:04
1833541504,Morocco,Beefaloe,false,23,enwiki,2024-10-27 12:13:18
1833541617,Master controversies,Baffle gab1978,false,-29,enwiki,2024-10-27 12:14:04
1833541505,Deepti Sharma,223.178.212.120,false,-65,enwiki,2024-10-27 12:13:26
1833541600,Talk:Kewsong Lee,Encoded,false,530,enwiki,2024-10-27 12:13:59
1833541512,Zgierz County,Monkbot,true,1,enwiki,2024-10-27 12:13:31
1833541601,Colm Callan,Jevansen,false,45,enwiki,2024-10-27 12:14:00
1833541514,"Category:People from St Helens, Merseyside",Ernsanchez00,false,13,enwiki,2024-10-27 12:13:33
1833541602,2024–25 Liga 2 (Indonesia),Fau Tzy,false,37,enwiki,2024-10-27 12:13:44
1833541702,Barnstorm (album),2A02:A318:21A9:AD80:29BD:46D9:1379:BEC6,false,190,enwiki,2024-10-27 12:14:28
358006308,Diskussion:Quadratur des Kreises,Mabit1,false,8,dewiki,2024-10-27 12:14:18
358006311,Steve Rosenberg,Andek,false,95,dewiki,2024-10-27 12:14:21
1833541703,User:Mjroots/Articles,Mjroots,false,-3,enwiki,2024-10-27 12:14:08
1833541713,"Pujols, Lot-et-Garonne",Monkbot,true,1,enwiki,2024-10-27 12:14:32
1833541809,Picconia excelsa,Ethmostigmus,false,609,enwiki,2024-10-27 12:15:03
1833541704,Phantom (South Korean TV series),Iammelbg,false,29,enwiki,2024-10-27 12:14:28
1833541714,Template:Functions navbox,DB1729,false,34,enwiki,2024-10-27 12:14:35
1833541810,2024–25 Liga 2 (Indonesia),Fau Tzy,false,0,enwiki,2024-10-27 12:14:44
1833541705,Aquitaine,Monkbot,true,3,enwiki,2024-10-27 12:14:28
1833541716,User:ClueBot III/Detailed Indices/User talk:Awesome Aasim/Archive 27,ClueBot III,true,204,enwiki,2024-10-27 12:14:35
1833541815,"Hôtel de Ville, Saint-Étienne",Dormskirk,false,-2,enwiki,2024-10-27 12:15:05
358006301,Jeebel (Salzwedel),Bötsy,false,57,dewiki,2024-10-27 12:14:12
358006315,Wikipedia Diskussion:WikiProjekt Österreich,Maclemo,false,222,dewiki,2024-10-27 12:14:26
358006318,DJ Jeezy,KEYF MUSIC,false,619,dewiki,2024-10-27 12:14:30
1833541717,River Wey,2003:C1:770C:72E8:3C71:E774:7E67:725C,false,87,enwiki,2024-10-27 12:14:33
1833541800,Kembla Grange derailment,Fork99,false,-28,enwiki,2024-10-27 12:14:59
1833541816,Template:2024–25 Super League Greece table,Skyblueshaun,false,0,enwiki,2024-10-27 12:15:06
358006319,Garhamer (Adelsgeschlecht),Dusdia,false,16,dewiki,2024-10-27 12:14:31
1833541801,Lavardens,Monkbot,true,1,enwiki,2024-10-27 12:14:58
1833541817,Tomaras of Gwalior,Donchocolate,false,15,enwiki,2024-10-27 12:15:04
358006309,Opel Manta,Heierlon,false,2,dewiki,2024-10-27 12:14:14
358006313,Terrorangriff der Hamas auf Israel 2023,2A00:6020:49D0:3C00:BC71:EEAB:E32B:AF62,false,-1,dewiki,2024-10-27 12:14:07
358006316,Eidgenössische Volksinitiative «Für die Ausschaffung krimineller Ausländer (Ausschaffungsinitiative)»,FWS AM,false,-405,dewiki,2024-10-27 12:14:27
1833541707,Chronological summary of the 2022 Winter Olympics,2A02:AA7:4101:7B0F:389B:A99D:DE74:164D,false,0,enwiki,2024-10-27 12:14:25
1833541804,Wikipedia talk:Reliable sources/Perennial sources,DMacks,false,314,enwiki,2024-10-27 12:14:57
1833541818,"Panteleimonas, Pieria",Monkbot,true,1,enwiki,2024-10-27 12:15:05
1833541805,Los Invasores de Nuevo León,2601:406:4586:2D00:D8B9:C167:6585:690A,false,12,enwiki,2024-10-27 12:15:02
1833541819,Video game addiction,Sculture65,false,2061,enwiki,2024-10-27 12:15:02
1833541708,Colm Callan,Jevansen,false,31,enwiki,2024-10-27 12:14:32
1833541806,Tash-Chishma,Monkbot,true,2,enwiki,2024-10-27 12:15:02
358006305,Grafton Galleries,MeCorbeau,false,51,dewiki,2024-10-27 12:14:15
358006310,Wikipedia:Wartungsbausteinwettbewerb/Herbst 2024,Lómelinde,false,-5,dewiki,2024-10-27 12:14:20
1833541808,"Category:People from Eastham, Merseyside",Ernsanchez00,false,11,enwiki,2024-10-27 12:15:03
1833541905,User:ClueBot III/Detailed Indices/User talk:John123521/News/2024/10,ClueBot III,true,201,enwiki,2024-10-27 12:15:42
358006400,Benutzer:Kürschner/Pelztier3,Kürschner,false,171,dewiki,2024-10-27 12:16:15
1833542104,2024–25 Coventry City F.C. season,MrHorse1982,false,49,enwiki,2024-10-27 12:16:35
1833542012,Template:Savadkuh County,PAper GOL,false,165,enwiki,2024-10-27 12:16:15
358006416,Rob Spencer,Elrond,false,4,dewiki,2024-10-27 12:16:33
1833542107,Sheldon Riley,163.53.145.21,false,-1138,enwiki,2024-10-27 12:16:40
1833541906,Indonesia International,Zul Alfarisi,false,191,enwiki,2024-10-27 12:15:40
1833542014,Category:People from Thingwall,Ernsanchez00,false,13,enwiki,2024-10-27 12:16:15
358006413,S-chanf,Cheyron,false,11,dewiki,2024-10-27 12:16:24
1833542109,Three Witches,90.246.49.74,false,-1,enwiki,2024-10-27 12:16:41
1833541907,Osman Saleh Sabbe,Hamasien,false,-4,enwiki,2024-10-27 12:15:42
1833542019,User:MrHorse1982/sandbox3,MrHorse1982,false,894,enwiki,2024-10-27 12:15:57
1833541908,Wikipedia:Sandbox,202.7.251.116,false,-110,enwiki,2024-10-27 12:15:42
1833541912,"Salikhovo, Ishimbaysky District, Republic of Bashkortostan",Monkbot,true,2,enwiki,2024-10-27 12:15:43
358006402,Lucien Goldmann,Fritz Krischen,false,-120,dewiki,2024-10-27 12:16:18
358006405,Inflation,Dudy001,false,-1,dewiki,2024-10-27 12:16:16
358006417,ŽPCG,Flummi-2011,false,1,dewiki,2024-10-27 12:16:34
1833542110,Ghimbav,Monkbot,true,2,enwiki,2024-10-27 12:16:44
1833541900,List of people executed in the United States in 2024,NelsonLee20042020,false,15,enwiki,2024-10-27 12:15:40
1833541919,Jungdeutsche Partei,Monkbot,true,1,enwiki,2024-10-27 12:15:46
1833542111,"Atlantis, South Africa",209.203.45.113,false,0,enwiki,2024-10-27 12:16:44
1833541902,Tomaras of Gwalior,Donchocolate,false,2,enwiki,2024-10-27 12:15:39
1833542003,Bolshoye Gorodkovo,Monkbot,true,2,enwiki,2024-10-27 12:16:09
358006408,Frauenstift,RudolfinetheFree,false,319,dewiki,2024-10-27 12:16:22
358006415,Tananai,Dentalum,false,99,dewiki,2024-10-27 12:16:28
358006418,Björn Rasch,Wortulo,false,144,dewiki,2024-10-27 12:16:34
1833542100,2024 Japanese Regional Leagues,Daxion,false,14,enwiki,2024-10-27 12:16:37
1833541901,Monarchy of Papua New Guinea,Peter Ormond,false,440,enwiki,2024-10-27 12:15:38
1833542009,Christos Vasiliou,Monkbot,true,1,enwiki,2024-10-27 12:16:13
358006403,Natálie Kuxová,Matzematik,false,125,dewiki,2024-10-27 12:16:19
358006409,DJ Jeezy,VECTRONATOR,false,-619,dewiki,2024-10-27 12:16:23
1833542101,James Rael,Jevansen,false,45,enwiki,2024-10-27 12:16:41
1833541903,Sainte-Jalle,Monkbot,true,1,enwiki,2024-10-27 12:15:39
1833542011,User talk:Goodknowme,Goodknowme,false,171,enwiki,2024-10-27 12:16:13
358006410,Matte (Familienname),M2k~dewiki,false,64,dewiki,2024-10-27 12:16:23
1833542102,Eurovision Song Contest 1960,Sims2aholic8,false,16,enwiki,2024-10-27 12:16:39
1833542119,Robert Ray Scott,Fistagon eyes ya,false,572,enwiki,2024-10-27 12:16:48
1833542306,"Kurama, Uchalinsky District, Republic of Bashkortostan",Monkbot,true,2,enwiki,2024-10-27 12:17:47
1833542206,Suppasit Jongcheveevat,Malwaysandforever,false,450,enwiki,2024-10-27 12:17:06
1833542307,Draft:We Unis,Tihanh,false,152,enwiki,2024-10-27 12:17:47
1833542210,"Mereni, Constanța",Monkbot,true,5,enwiki,2024-10-27 12:17:09
1833542309,Davido,Phancee,false,26,enwiki,2024-10-27 12:17:41
1833542211,Keisuke Ogawa,2401:E180:8D80:41F:D56F:1FA1:21EE:FE11,false,-12,enwiki,2024-10-27 12:17:10
1833542212,Russian coast defense ship Admiral Seniavin,Parsecboy,false,1,enwiki,2024-10-27 12:17:10
1833542301,Fani Psatha,Monkbot,true,1,enwiki,2024-10-27 12:17:43
1833542313,Novaya Kirga,Monkbot,true,2,enwiki,2024-10-27 12:17:50
1833542214,Gasmouloi,Monkbot,true,1,enwiki,2024-10-27 12:17:12
1833542302,Lebanese Premier League,77.101.196.127,false,116,enwiki,2024-10-27 12:17:37
1833542314,"Category:People from Billingford, Breckland",Ernsanchez00,false,62,enwiki,2024-10-27 12:17:52
1833542215,Talk:Ludwig Erhard,G0dzillaboy02,false,410,enwiki,2024-10-27 12:17:10
1833542315,Keisuke Ogawa,2401:E180:8D80:41F:D56F:1FA1:21EE:FE11,false,-41,enwiki,2024-10-27 12:17:50
1833542216,2024 Chinese Champions League,Qby,false,10,enwiki,2024-10-27 12:17:01
1833542319,"Sacred Heart Parish (New Britain, Connecticut)",Monkbot,true,1,enwiki,2024-10-27 12:17:53
1833542218,User:Best3000/TWA/Earth/2,Best3000,false,238,enwiki,2024-10-27 12:17:13
1833542204,Wikipedia:Usernames for administrator attention,HBC AIV helperbot14,true,-232,enwiki,2024-10-27 12:17:08
1833542219,Tiya: A Parrot's Journey Home,ReshamGi,false,47,enwiki,2024-10-27 12:17:12
1833542304,Tiya: A Parrot's Journey Home,ReshamGi,false,-5,enwiki,2024-10-27 12:17:46
1833542418,Elements of the Philosophy of Right,Biohistorian15,false,1359,enwiki,2024-10-27 12:18:26
1833542518,Hartashen Megalithic Avenue,99.192.92.201,false,4,enwiki,2024-10-27 12:18:52
358006506,Open de France,Dabefewulu,false,5,dewiki,2024-10-27 12:19:02
1833542419,Rasad,Cplakidas,false,234,enwiki,2024-10-27 12:18:27
358006500,Renner (Familienname),Buchbibliothek,false,8,dewiki,2024-10-27 12:18:49
358006505,Sockel AM5,Redeemer,false,77,dewiki,2024-10-27 12:18:58
358006517,Privatsammlung,2600:8803:7C80:F90:D498:1481:7480:427,false,76,dewiki,2024-10-27 12:19:30
1833542401,Musical theatre,دانية دروبي,false,4,enwiki,2024-10-27 12:18:18
1833542504,Army Detachment Steiner,Monkbot,true,3,enwiki,2024-10-27 12:18:48
358006511,Ocelot,DerwahreStinkstiefel,false,42,dewiki,2024-10-27 12:19:17
1833542601,Game design,Nodicenomasters,false,16,enwiki,2024-10-27 12:19:21
1833542402,James Walsh (physician),Jevansen,false,52,enwiki,2024-10-27 12:18:20
1833542506,Sheldon Riley,163.53.145.21,false,-3804,enwiki,2024-10-27 12:18:46
1833542602,Draft:ععععععه,Chaotic Enby,false,-59,enwiki,2024-10-27 12:19:24
1833542406,Wikipedia talk:WikiProject Disambiguation,Bkonrad,false,0,enwiki,2024-10-27 12:18:22
1833542505,Urban Hymns,186.130.61.150,false,-231,enwiki,2024-10-27 12:18:39
358006507,Târgu Cărbunești,Stoschmidt,false,107,dewiki,2024-10-27 12:19:10
358006512,Wikipedia:HdM/GLAM/Teilnehmer,ZuckerundZimt,false,291,dewiki,2024-10-27 12:19:18
1833542603,User talk:197.37.132.70,Chaotic Enby,false,3598,enwiki,2024-10-27 12:19:25
1833542407,Talk:Steve Tappin,Encoded,false,313,enwiki,2024-10-27 12:18:22
1833542510,Category:People from Dereham,Ernsanchez00,false,58,enwiki,2024-10-27 12:18:50
1833542604,Category:People from Gressenhall,Ernsanchez00,false,62,enwiki,2024-10-27 12:19:25
1833542408,Template:The 80 Greatest Redskins,Left guide,false,-2440,enwiki,2024-10-27 12:18:25
1833542417,Saint Louis Billikens men's soccer,Fma12,false,-34,enwiki,2024-10-27 12:18:23
1833542511,Forgery Act 1830,Hughbe98,false,23,enwiki,2024-10-27 12:18:49
358006503,Benutzer:Bleckneuhaus/Sandkasten,Bleckneuhaus,false,471,dewiki,2024-10-27 12:18:56
1833542605,"Belkovo (settlement), Kirzhachsky District, Vladimir Oblast",Monkbot,true,1,enwiki,2024-10-27 12:19:24
1833542409,George Preece,Zawed,false,1,enwiki,2024-10-27 12:18:26
358006501,Roman- und Novellen-Schatz,Mepherl,false,19,dewiki,2024-10-27 12:18:50
1833542606,Draft:Hijack '93,Afrowriter,false,576,enwiki,2024-10-27 12:19:24
1833542410,Trams in Bern,Monkbot,true,1,enwiki,2024-10-27 12:18:23
1833542515,Polish Air Force checkerboard,Monkbot,true,1,enwiki,2024-10-27 12:18:51
358006508,WTA Guangzhou,Fressbacke,false,359,dewiki,2024-10-27 12:19:14
358006513,Oberammergau,2001:A61:43B:F501:B4C0:DF9B:D46F:FE81,false,-60,dewiki,2024-10-27 12:19:19
1833542619,Barbara Mandell,EnthusiastWorld37,false,1156,enwiki,2024-10-27 12:19:26
1833542412,Agni-V,AlbusWulfricDumbledore,false,-19,enwiki,2024-10-27 12:18:23
1833542516,"William Montagu, 1st Earl of Salisbury",KGxHeretic,false,68,enwiki,2024-10-27 12:18:51
358006514,OKF,Nolispanmo,false,-82,dewiki,2024-10-27 12:19:28
1833542700,"List of people from Newark, New Jersey",Lost in Quebec,false,5,enwiki,2024-10-27 12:19:53
1833542817,2024 Chinese Champions League,Qby,false,166,enwiki,2024-10-27 12:20:25
358006610,Beatrice Pirtac,DonPedro71,false,6,dewiki,2024-10-27 12:20:59
1833542702,Ross Jones (rugby union),Jevansen,false,52,enwiki,2024-10-27 12:19:54
1833542715,Ruy Lopez,Littl3Mermaid1,false,1,enwiki,2024-10-27 12:19:53
1833542805,Indonesia International,Zul Alfarisi,false,1,enwiki,2024-10-27 12:20:30
1833542716,Rachel Reeves,Marius1603,false,-6,enwiki,2024-10-27 12:19:56
1833542806,Draft:Boston Kitov,Qwerfjkl (bot),true,26,enwiki,2024-10-27 12:20:33
358006612,Alfa (Rapper),Dentalum,false,34,dewiki,2024-10-27 12:21:06
1833542704,Theodore Paraskevakos,Monkbot,true,1,enwiki,2024-10-27 12:19:56
1833542717,Cabeza guateada,Nortekman,false,1118,enwiki,2024-10-27 12:20:04
1833542807,User:DMacks/sandbox,DMacks,false,-1007,enwiki,2024-10-27 12:20:34
1833542705,Category:People from Hilborough,Ernsanchez00,false,61,enwiki,2024-10-27 12:19:57
1833542718,Robert Whittaker (fighter),Marty2Hotty,false,0,enwiki,2024-10-27 12:20:01
1833542808,"Syrtlanovo, Meleuzovsky District, Republic of Bashkortostan",Monkbot,true,2,enwiki,2024-10-27 12:20:33
358006602,KGB-Residentur Dresden,Thomas Wozniak,false,195,dewiki,2024-10-27 12:20:46
358006605,Wikipedia:Löschkandidaten/26. Oktober 2024,Bahnmoeller,false,574,dewiki,2024-10-27 12:20:50
358006611,Wiederaufarbeitungsanlage Wackersdorf,Wikida,false,366,dewiki,2024-10-27 12:20:59
1833542719,The Mango,Mango king the,false,162,enwiki,2024-10-27 12:20:03
1833542811,Al-Qaeda in the Sinai Peninsula,178.81.55.110,false,23,enwiki,2024-10-27 12:20:33
358006607,Liste von U-Boot-Museen,DerwahreStinkstiefel,false,16,dewiki,2024-10-27 12:20:56
1833542900,Cian Shields,58.182.137.57,false,-6,enwiki,2024-10-27 12:21:05
1833542708,Tatlembetovo,Monkbot,true,2,enwiki,2024-10-27 12:19:59
1833542800,Category:People from Quidenham,Ernsanchez00,false,60,enwiki,2024-10-27 12:20:30
1833542813,2024 Guangzhou Open – Singles,Miijumaaru,false,60,enwiki,2024-10-27 12:20:32
358006600,Mischwald (Spiel),Achim Raschka,false,702,dewiki,2024-10-27 12:20:44
1833542902,Template:Scotland women's national cricket team,DB1729,false,69,enwiki,2024-10-27 12:21:06
1833542709,Steve Tappin,Encoded,false,1369,enwiki,2024-10-27 12:19:59
1833542815,John Chortasmenos,Monkbot,true,1,enwiki,2024-10-27 12:20:36
358006608,Olympische Winterspiele 1968/Eisschnelllauf,Bingo123,false,-7,dewiki,2024-10-27 12:20:57
1833542901,Talk:Gaza Strip,Selfstudier,false,605,enwiki,2024-10-27 12:21:02
1833542714,User:AmandaNP/UAA/Time,DeltaQuadBot,true,0,enwiki,2024-10-27 12:20:03
1833542816,We Also Made History,ReshamGi,false,-3,enwiki,2024-10-27 12:20:37
358006601,Kharayeb,Eptalon,false,15,dewiki,2024-10-27 12:20:45
1833542903,Russian destroyer Leytenant Zatsarenny,Parsecboy,false,1,enwiki,2024-10-27 12:21:06
1833542701,Phillip Island,Mitch Ames,false,-4,enwiki,2024-10-27 12:19:54
1833542713,Svetlovka,Monkbot,true,1,enwiki,2024-10-27 12:20:02
1833542802,Sallebœuf,Monkbot,true,1,enwiki,2024-10-27 12:20:29
1833542908,Șchei,Monkbot,true,5,enwiki,2024-10-27 12:21:07
1833542919,Tunisia national football team results (2020–present),محمد أمين الطرابلسي,false,20,enwiki,2024-10-27 12:21:09
1833543001,Wonderland (2024 film),Iammelbg,false,-5,enwiki,2024-10-27 12:21:38
1833543016,Template:Chengdu Rongcheng F.C. squad,Dancing Hippos,false,5,enwiki,2024-10-27 12:21:42
358006613,Benutzer:Antonsusi/Turnierplan4,Antonsusi,false,-706,dewiki,2024-10-27 12:21:09
358006615,Kharayeb,Eptalon,false,-15,dewiki,2024-10-27 12:21:13
1833543002,Be Here Now (book),178.243.197.209,false,5,enwiki,2024-10-27 12:21:37
1833542910,Nuclear close calls,49.36.104.53,false,24,enwiki,2024-10-27 12:21:07
1833543003,User talk:19Arham,19Arham,false,-412,enwiki,2024-10-27 12:21:40
1833542911,2024 Seoul Open Challenger – Singles,Adamtt9,false,9,enwiki,2024-10-27 12:21:08
358006616,Olympische Winterspiele 1968/Teilnehmer (Niederlande),Bingo123,false,-7,dewiki,2024-10-27 12:21:14
1833543004,Kazi Rafiqul Alam,Chaotic Enby,false,19,enwiki,2024-10-27 12:21:40
1833542913,Category:People from Shipdham,Ernsanchez00,false,59,enwiki,2024-10-27 12:21:10
1833542915,Turismo Carretera,MSportWiki,false,12,enwiki,2024-10-27 12:21:11
1833543005,Bar (heraldry),Shorepine,false,41,enwiki,2024-10-27 12:21:37
1833542916,Roman Catholic Diocese of Oria,Monkbot,true,2,enwiki,2024-10-27 12:21:10
1833543006,Russian cruiser Diana,Parsecboy,false,1,enwiki,2024-10-27 12:21:40
1833542917,User talk:The scribeman,JBW,false,11,enwiki,2024-10-27 12:21:12
1833543012,"Repyevka, Belebeyevsky District, Republic of Bashkortostan",Monkbot,true,1,enwiki,2024-10-27 12:21:40
358006614,Garnisonskirche Hameln,AHK,false,25,dewiki,2024-10-27 12:21:12
1833543013,User talk:Rafiqul01,Chaotic Enby,false,2105,enwiki,2024-10-27 12:21:41
1833542918,Dragon,Trusername,false,-12,enwiki,2024-10-27 12:21:03
1833543014,Steve Tappin,Encoded,false,98,enwiki,2024-10-27 12:21:40
1833543102,User talk:Historyk.ok,Denniss,false,637,enwiki,2024-10-27 12:22:17
1833543103,Kenneth Horne,Fistagon eyes ya,false,4,enwiki,2024-10-27 12:22:14
1833543119,Never Can Say Goodbye,Hiddenstranger,false,11,enwiki,2024-10-27 12:22:23
358006714,Routingtabelle,Matthäus Wander,false,4,dewiki,2024-10-27 12:22:40
358006718,Wiederaufarbeitungsanlage Wackersdorf,Wikida,false,-37,dewiki,2024-10-27 12:22:41
1833543104,Apollonios of Kition,Monkbot,true,2,enwiki,2024-10-27 12:22:18
358006700,Otfried-Preußler-Gymnasium Pullach,Runtinger,false,178,dewiki,2024-10-27 12:22:32
358006711,Kharayeb,Eptalon,false,8,dewiki,2024-10-27 12:22:37
358006701,Black Panther: Wakanda Forever,RizemauTV,false,-22,dewiki,2024-10-27 12:22:31
1833543110,"Royal Route, Warsaw",Monkbot,true,1,enwiki,2024-10-27 12:22:21
358006715,Porsche 911 GT3,T.E.R.Sven,false,19,dewiki,2024-10-27 12:22:40
1833543112,Ella Lloyd,58.182.137.57,false,0,enwiki,2024-10-27 12:22:21
358006716,Edwige Belmore,Drahreg01,false,0,dewiki,2024-10-27 12:22:43
1833543101,"Augustus, Grand Duke of Oldenburg",Monkbot,true,2,enwiki,2024-10-27 12:22:14
1833543115,Wikipedia:Requested moves/Current discussions (table),RMCD bot,true,0,enwiki,2024-10-27 12:22:22
358006713,Heike Arndt,GHA Berlin,false,-8,dewiki,2024-10-27 12:22:39
358006712,BNV,Bosta,false,-130,dewiki,2024-10-27 12:22:39
358006717,Wikipedia:60 Minuten/Workshop 60 Minuten am 28. Oktober 2024,Weltenspringerin,false,136,dewiki,2024-10-27 12:22:44
1833543205,E-1027,Gawaon,false,43,enwiki,2024-10-27 12:22:55
1833543316,Indonesia International,Zul Alfarisi,false,8,enwiki,2024-10-27 12:23:39
1833543417,Moscho Tzavela,Monkbot,true,1,enwiki,2024-10-27 12:24:18
1833543204,Draft:Marie Tomanova,Wenncesslas,false,62,enwiki,2024-10-27 12:22:55
1833543305,Thomas & Friends: All Engines Go,2001:E68:545A:48AB:9CB5:4AF4:FC66:9F44,false,0,enwiki,2024-10-27 12:23:29
1833543407,Shuja al-Khwarazmi,Cplakidas,false,135,enwiki,2024-10-27 12:24:14
1833543419,Joe Gilvarry,Jevansen,false,50,enwiki,2024-10-27 12:24:18
1833543210,JioHotstar,103.175.137.79,false,28,enwiki,2024-10-27 12:22:57
1833543306,2024 Maharashtra Legislative Assembly election,Xenonnnn,false,81,enwiki,2024-10-27 12:23:32
1833543408,Littlehampton libels,Fistagon eyes ya,false,-24,enwiki,2024-10-27 12:24:13
1833543211,User:Baldheadedassassin,Baldheadedassassin,false,24,enwiki,2024-10-27 12:22:58
1833543308,Russian cruiser Almaz,Parsecboy,false,2,enwiki,2024-10-27 12:23:39
1833543409,Joe McCarthy (rugby union),Jevansen,false,50,enwiki,2024-10-27 12:24:13
1833543200,2024 Sri Lankan presidential election,QEnigma,false,-51,enwiki,2024-10-27 12:22:49
1833543213,Ae Watan Mere Watan,Gotitbro,false,370,enwiki,2024-10-27 12:22:57
1833543311,Imre Apáthi,StarDeg,false,16,enwiki,2024-10-27 12:23:40
1833543410,"Priekulė, Lithuania",Monkbot,true,1,enwiki,2024-10-27 12:24:14
1833543214,Chief sergeant,Monkbot,true,2,enwiki,2024-10-27 12:22:57
1833543411,Oakwell,81.109.18.27,false,215,enwiki,2024-10-27 12:24:16
1833543201,Podgorica pri Podtaboru,Monkbot,true,1,enwiki,2024-10-27 12:22:54
1833543215,User:The Film Creator/sandbox,The Film Creator,false,432,enwiki,2024-10-27 12:23:00
1833543412,Master controversies,Baffle gab1978,false,24,enwiki,2024-10-27 12:24:16
1833543202,Imre Apáthi,StarDeg,false,1,enwiki,2024-10-27 12:22:55
1833543301,Marla Maples,2601:C6:8300:42B0:B4D7:B183:2B82:1BEA,false,0,enwiki,2024-10-27 12:23:33
1833543314,Arfeuilles,Monkbot,true,1,enwiki,2024-10-27 12:23:38
1833543401,Opočno (Louny District),Monkbot,true,1,enwiki,2024-10-27 12:24:10
1833543413,Anthony Freda,Canary757,false,-187,enwiki,2024-10-27 12:24:17
1833543203,Proto-Malay,2001:D08:2960:15CD:1802:925:4FAA:C9B7,false,0,enwiki,2024-10-27 12:22:53
1833543303,Category:People from Thetford,Ernsanchez00,false,59,enwiki,2024-10-27 12:23:37
1833543315,The Road to Guantánamo,FloorMadeOuttaFloor,false,199,enwiki,2024-10-27 12:23:41
1833543403,"Category:People from Watton, Norfolk",Ernsanchez00,false,57,enwiki,2024-10-27 12:24:12
1833543414,Sandeep Kumar (weightlifter),59.178.245.35,false,85,enwiki,2024-10-27 12:24:17
1833543507,"San Felipe, Zambales",FILWISE,false,57,enwiki,2024-10-27 12:24:41
358006809,Benutzer:Antonsusi/Turnierplan4,Antonsusi,false,66,dewiki,2024-10-27 12:25:23
1833543615,Erika Pannwitz,Scope creep,false,-6,enwiki,2024-10-27 12:25:28
1833543509,"Pukhavichy, Minsk Region",Monkbot,true,3,enwiki,2024-10-27 12:24:46
358006805,Benutzer:Aka/Fehlerlisten/Typographische Anführungszeichen/002,Dk1909,false,-2081,dewiki,2024-10-27 12:25:17
1833543603,Hautefaye,Monkbot,true,1,enwiki,2024-10-27 12:25:22
1833543618,ABCD line,82.78.157.222,false,6,enwiki,2024-10-27 12:25:28
358006818,Zertifizierungsstelle (Digitale Zertifikate),Matthäus Wander,false,4,dewiki,2024-10-27 12:25:35
358006800,Otfried-Preußler-Gymnasium Pullach,Runtinger,false,52,dewiki,2024-10-27 12:25:07
1833543605,The Misfit of Demon King Academy,Sonic Phoenix,false,1,enwiki,2024-10-27 12:25:18
1833543619,2024 Chinese Champions League,Qby,false,-32,enwiki,2024-10-27 12:25:14
358006819,Wolfram Schmitt-Leonardy,AX29,false,1,dewiki,2024-10-27 12:25:35
358006802,Benutzer:Aka/Fehlerlisten/Typographische Anführungszeichen/Ausschluss,Dk1909,false,28,dewiki,2024-10-27 12:25:05
358006811,Bruce-Springsteen-Konzert 1988 in Ost-Berlin,Bernd Bergmann,false,423,dewiki,2024-10-27 12:25:25
1833543500,Varsey Rhododendron Sanctuary,152.58.20.170,false,-2,enwiki,2024-10-27 12:24:42
358006806,John Muncie,Phzh,false,15,dewiki,2024-10-27 12:25:18
358006812,Vidofludimus-Calcium,Benff,false,-519,dewiki,2024-10-27 12:25:25
1833543502,We Also Made History,ReshamGi,false,29,enwiki,2024-10-27 12:24:43
1833543514,Charalampos Taiganidis,Monkbot,true,1,enwiki,2024-10-27 12:24:49
358006803,Laura Hottenrott,Sprachpfleger,false,3,dewiki,2024-10-27 12:25:12
1833543607,Simon Hillary,Jevansen,false,50,enwiki,2024-10-27 12:25:25
1833543501,User:Isles of Wonderland,Isles of Wonderland,false,-26,enwiki,2024-10-27 12:24:43
1833543516,"Takasu, Hokkaido",Oakling,false,527,enwiki,2024-10-27 12:24:47
358006801,Gian Casty,Cheyron,false,-7,dewiki,2024-10-27 12:25:09
358006804,Sibylle Lewitscharoff,ChickSR,false,4,dewiki,2024-10-27 12:25:14
1833543608,Star Wars: Thrawn,Mika1h,false,-4,enwiki,2024-10-27 12:25:24
1833543503,Zhuikha,Monkbot,true,1,enwiki,2024-10-27 12:24:43
1833543515,Talk:Armin Meiwes,Gawaon,false,162,enwiki,2024-10-27 12:24:49
1833543600,Draft:Melbourne tobacco wars,GMH Melbourne,false,8,enwiki,2024-10-27 12:25:20
1833543611,Wikipedia:New pages patrol/Reports/Easy reviews,SDZeroBot,true,-309,enwiki,2024-10-27 12:25:25
1833543517,Grammatical conjugation,JWBTH,false,4,enwiki,2024-10-27 12:24:48
358006807,Kharayeb,Eptalon,false,-19,dewiki,2024-10-27 12:25:21
1833543610,Parkiet,Monkbot,true,1,enwiki,2024-10-27 12:25:26
358006816,Miguel Ángel Martín (Begriffsklärung),Dabefewulu,false,196,dewiki,2024-10-27 12:25:33
1833543519,Star Wars: Thrawn,Mika1h,false,1829,enwiki,2024-10-27 12:24:50
358006808,Arbiter,Acky69,false,136,dewiki,2024-10-27 12:25:22
1833543614,Abhishek Bachchan,2400:2413:86A0:D200:E086:4F97:B062:E9EF,false,57,enwiki,2024-10-27 12:25:18
1833543808,Pakkapon Teeraratsakul,61.6.233.62,false,1,enwiki,2024-10-27 12:26:32
1833543910,Russian ship Tsezar Kunikov,Parsecboy,false,1,enwiki,2024-10-27 12:27:07
1833543716,2024–25 Wellington Phoenix FC (A-League Women) season,SuperJew,false,-19,enwiki,2024-10-27 12:26:01
1833543800,Will Self,FatPie123,false,16,enwiki,2024-10-27 12:26:28
1833543700,Nuclear close calls,49.36.104.53,false,29,enwiki,2024-10-27 12:25:57
1833543717,The End of the World News: An Entertainment,Manbooferie,false,1,enwiki,2024-10-27 12:26:04
1833543914,Marit Auée,PiggyGull,false,1779,enwiki,2024-10-27 12:27:09
1833543701,Rakowo Piskie,Monkbot,true,1,enwiki,2024-10-27 12:25:58
1833543718,Thomas Joseph Brosnahan,Jevansen,false,50,enwiki,2024-10-27 12:26:03
1833543801,Lebanon national football team,Ali.HHNEW,false,-28,enwiki,2024-10-27 12:26:21
1833543813,Liorac-sur-Louyre,Monkbot,true,1,enwiki,2024-10-27 12:26:34
1833543900,Aphrodite,Michael Aurel,false,228,enwiki,2024-10-27 12:26:55
1833543918,User:Tom A Torstensen,Tom A Torstensen,false,1093,enwiki,2024-10-27 12:27:12
1833543703,Philippine Collective Media Corporation,Ekis2020,false,25,enwiki,2024-10-27 12:25:59
1833543814,Pasilalinic-sympathetic compass,Gustavo 0019,false,3,enwiki,2024-10-27 12:26:37
1833543903,Drogo of Hauteville,Vittoriobr,false,1346,enwiki,2024-10-27 12:27:04
1833543919,ABCD line,82.78.157.222,false,-4,enwiki,2024-10-27 12:27:11
1833543802,Strait of Baltiysk,Monkbot,true,3,enwiki,2024-10-27 12:26:31
1833543816,TheGenealogist,Keith H99,false,6,enwiki,2024-10-27 12:26:39
1833543904,Teyran,Monkbot,true,1,enwiki,2024-10-27 12:27:03
1833543706,VCU Rams men's soccer,Fma12,false,812,enwiki,2024-10-27 12:25:59
1833543803,Adnan Kassar,Asrefaei,false,137,enwiki,2024-10-27 12:26:32
1833543818,"History of Kilgore, Texas",No No No No Name fu,false,82,enwiki,2024-10-27 12:26:39
1833543906,Fred Light,217.155.107.209,false,62,enwiki,2024-10-27 12:27:05
1833543708,Wikipedia:New pages patrol/Reports/Easy reviews,SDZeroBot,true,-28,enwiki,2024-10-27 12:25:59
1833543805,We Also Made History,ReshamGi,false,8,enwiki,2024-10-27 12:26:33
1833543819,"Champagnat, Creuse",Monkbot,true,1,enwiki,2024-10-27 12:26:38
1833543907,List of Port Vale F.C. managers,Wardog98,false,0,enwiki,2024-10-27 12:27:03
1833543909,"Pelasgia, Phthiotis",Monkbot,true,1,enwiki,2024-10-27 12:27:07
1833543715,User talk:Trusername/Editnotice,Trusername,false,-27,enwiki,2024-10-27 12:26:03
1833543807,Focke-Wulf Fw 190,Denniss,false,-32,enwiki,2024-10-27 12:26:29
1833544000,Katowice International Fair,Monkbot,true,1,enwiki,2024-10-27 12:27:37
1833544117,Baltika Breweries,Haldraper,false,-168,enwiki,2024-10-27 12:28:06
1833544203,Paddy Glynn,Jevansen,false,50,enwiki,2024-10-27 12:28:31
358006907,Who Do We Think We Are,Dentalum,false,-162,dewiki,2024-10-27 12:27:37
1833544118,Concorde,Kyteto,false,-14,enwiki,2024-10-27 12:28:01
1833544201,Umm al-Banin bint Abd al-Aziz,Cplakidas,false,272,enwiki,2024-10-27 12:28:33
358006908,University of Illinois at Urbana-Champaign,VECTRONATOR,false,-9,dewiki,2024-10-27 12:27:37
1833544100,Theodora (given name),Monkbot,true,1,enwiki,2024-10-27 12:27:58
1833544204,Russian corvette Steregushchiy,Parsecboy,false,1,enwiki,2024-10-27 12:28:33
358006909,Diskussion:Universität Wien,85.127.150.166,false,202,dewiki,2024-10-27 12:27:38
358006914,Benutzer:Cimbom1991/Projekt7,Cimbom1991,false,22,dewiki,2024-10-27 12:27:43
358006917,Mike Love (Reggae Musiker),M2k~dewiki,false,29,dewiki,2024-10-27 12:27:49
1833544205,2024 ATP Challenger Tour,Adamtt9,false,1,enwiki,2024-10-27 12:28:16
358006906,Denomination (Wissenschaft),Aeranthropos,false,-4,dewiki,2024-10-27 12:27:37
358006910,Maria Anna von Sachsen (1728–1797),Boobarkee,false,-4,dewiki,2024-10-27 12:27:39
358006915,Pasqualina Perrig-Chiello,Wortulo,false,-1,dewiki,2024-10-27 12:27:45
1833544211,La Bâtie-Rolland,Monkbot,true,1,enwiki,2024-10-27 12:28:32
358006918,Duncan-Klasse (1903),DerwahreStinkstiefel,false,0,dewiki,2024-10-27 12:27:49
1833544105,2024 Italian F4 Championship,23.90.235.5,false,0,enwiki,2024-10-27 12:27:57
1833544212,Junction (ward),MRSC,false,94,enwiki,2024-10-27 12:28:31
358006901,Deutscher Sprachatlas,2A02:C7C:C89A:6C00:35E4:9F33:97B6:1366,false,8,dewiki,2024-10-27 12:27:31
358006911,Mike Love (Reggae Musiker),M2k~dewiki,false,19,dewiki,2024-10-27 12:27:40
1833544106,Livadotopi,Monkbot,true,1,enwiki,2024-10-27 12:28:01
1833544217,Ramfis Domínguez-Trujillo,Tacyarg,false,-270,enwiki,2024-10-27 12:28:34
1833544107,Thenali,Kailash29792,false,11,enwiki,2024-10-27 12:27:59
358006902,Heike Arndt,Doc.Heintz,false,10,dewiki,2024-10-27 12:27:33
1833544108,2024 Italian F4 Championship,RxxingAddict,false,155,enwiki,2024-10-27 12:27:58
1833544218,Barhath,Vedant Katyayan,false,-8,enwiki,2024-10-27 12:28:35
1833544110,Korzhavino,Monkbot,true,1,enwiki,2024-10-27 12:28:04
1833544312,Rebecca Marino,Shrug02,false,520,enwiki,2024-10-27 12:29:10
1833544416,Mark Cox (tennis),78.145.243.83,false,3,enwiki,2024-10-27 12:29:43
1833544507,User:Idoghor Melody/Articles Created,Idoghor Melody,false,174,enwiki,2024-10-27 12:30:12
1833544314,Maroussi B.C.,EliasAntonakos,false,462,enwiki,2024-10-27 12:29:12
1833544417,List of Charans,Vedant Katyayan,false,-14,enwiki,2024-10-27 12:29:44
1833544510,We Also Made History,ReshamGi,false,37,enwiki,2024-10-27 12:30:12
1833544418,Khurram Shehzad Nawaz,Fistagon eyes ya,false,24,enwiki,2024-10-27 12:29:44
1833544514,George Preece,Zawed,false,248,enwiki,2024-10-27 12:30:12
1833544318,"St. Peter Church (Cleveland, Ohio)",Monkbot,true,1,enwiki,2024-10-27 12:29:15
358007002,Benutzer:Antonsusi/Turnierplan4,Antonsusi,false,253,dewiki,2024-10-27 12:29:29
358007011,Subkortikale arteriosklerotische Enzephalopathie,2A01:E0A:E6D:C910:61B5:54BC:C052:5200,false,-1,dewiki,2024-10-27 12:29:41
358007005,"Albemarle (Schiff, 1903)",DerwahreStinkstiefel,false,31,dewiki,2024-10-27 12:29:34
1833544303,Cambon-et-Salvergues,Monkbot,true,1,enwiki,2024-10-27 12:29:08
1833544401,Template:Roger Corman,Wikidude10000,false,8,enwiki,2024-10-27 12:29:42
1833544515,Natural product,Boghog,false,463,enwiki,2024-10-27 12:30:10
1833544305,Darion Atkins,Zafer,false,167,enwiki,2024-10-27 12:29:10
358007008,Mike Love,M2k~dewiki,false,99,dewiki,2024-10-27 12:29:36
1833544403,Nuclear close calls,49.36.104.53,false,27,enwiki,2024-10-27 12:29:40
1833544500,Fred Cummings,ReyHahn,false,-4358,enwiki,2024-10-27 12:30:09
1833544516,Gadhavi (title),Vedant Katyayan,false,-27,enwiki,2024-10-27 12:30:13
1833544307,2024 Taipei OEC Open – Doubles,Adamtt9,false,343,enwiki,2024-10-27 12:29:12
358007003,DoD-Schichtenmodell,Matthäus Wander,false,4,dewiki,2024-10-27 12:29:32
358007009,Instrumentenlandesystem,Uli Elch,false,10,dewiki,2024-10-27 12:29:36
1833544404,We Also Made History,ReshamGi,false,30,enwiki,2024-10-27 12:29:42
1833544501,"William Legge, 4th Earl of Dartmouth",HandsomeFella,false,33,enwiki,2024-10-27 12:30:10
1833544517,2024 SAFF Women's Championship,অনুরাগ,false,2,enwiki,2024-10-27 12:30:11
1833544308,Poroi,Monkbot,true,1,enwiki,2024-10-27 12:29:12
1833544413,Ivan Uzhevych,Monkbot,true,3,enwiki,2024-10-27 12:29:42
1833544518,Šenčur,Monkbot,true,3,enwiki,2024-10-27 12:30:12
1833544311,Star Wars: Thrawn,Mika1h,false,32,enwiki,2024-10-27 12:29:14
358007012,Flugplatz Müritz Airpark,MarcelX42,false,1411,dewiki,2024-10-27 12:29:42
1833544601,User:Baldheadedassassin,Baldheadedassassin,false,4,enwiki,2024-10-27 12:30:38
1833544602,List of Netflix original stand-up comedy specials,Seprentyu,false,163,enwiki,2024-10-27 12:30:34
1833544713,Hartashen Megalithic Avenue,Sirfurboy,false,1,enwiki,2024-10-27 12:31:17
1833544610,The Haunted Manor,Monkbot,true,1,enwiki,2024-10-27 12:30:39
1833544716,Russian cruiser Gerzog Edinburgski,Parsecboy,false,1,enwiki,2024-10-27 12:31:18
1833544718,Miss Universe 2024,Catia108,false,2,enwiki,2024-10-27 12:31:11
1833544614,AJ Styles,Citation bot,true,-12,enwiki,2024-10-27 12:30:24
1833544700,User talk:JFHJr,Gråbergs Gråa Sång,false,286,enwiki,2024-10-27 12:31:13
1833544701,2024 Indonesian local election law protests,Tri Ardiansyah,false,-7,enwiki,2024-10-27 12:31:07
1833544616,2024 Italian F4 Championship,23.90.235.5,false,0,enwiki,2024-10-27 12:30:39
1833544617,Natural product,Boghog,false,0,enwiki,2024-10-27 12:30:40
1833544619,"Zakharkovo, Kursk Oblast",Monkbot,true,2,enwiki,2024-10-27 12:30:42
1833544710,Charmes-sur-Rhône,Monkbot,true,1,enwiki,2024-10-27 12:31:13
1833544816,Ribbit (film),2001:E68:545A:48AB:9CB5:4AF4:FC66:9F44,false,0,enwiki,2024-10-27 12:31:43
358007114,Wikipedia:WikiProjekt Fußball/Sichtung,Hgzbot,false,-1415,dewiki,2024-10-27 12:32:08
358007119,Louise de La Fayette,Dabefewulu,false,-34,dewiki,2024-10-27 12:32:13
1833544903,Niall Ó Ceallacháin,CorkMan,false,515,enwiki,2024-10-27 12:32:20
1833544915,Bolsherechensky District,Monkbot,true,1,enwiki,2024-10-27 12:32:22
1833544817,Hindu Shahi–Saffarid wars,Isles of Wonderland,false,50,enwiki,2024-10-27 12:31:44
1833544904,Ikizukuri,Casau056,false,21,enwiki,2024-10-27 12:32:21
1833544916,Talk:1 Esdras,Dimadick,false,41,enwiki,2024-10-27 12:32:23
1833544808,Saint-Genest-de-Beauzon,Monkbot,true,1,enwiki,2024-10-27 12:31:37
1833544818,Druze,Cdjp1,false,-109,enwiki,2024-10-27 12:31:34
358007106,Drniš,Nameless23,false,4,dewiki,2024-10-27 12:31:58
358007115,Portal:Tübingen/Sichtung,Hgzbot,false,-125,dewiki,2024-10-27 12:32:08
1833544905,Three-Cushion World Cup,Carambol,false,-610,enwiki,2024-10-27 12:32:12
1833544819,Nakvasino,Monkbot,true,1,enwiki,2024-10-27 12:31:45
358007107,Trachten der authentischen Trachtenträgerinnen,M2k~dewiki,false,14,dewiki,2024-10-27 12:32:00
358007112,Liste der Kulturgüter in Laupen,Uschoen,false,880,dewiki,2024-10-27 12:32:00
358007116,Portal:Bahn/Sichtung,Hgzbot,false,-309,dewiki,2024-10-27 12:32:10
1833544919,List of Bongbong Marcos 2022 presidential campaign endorsements,Nintendoswitchfan,false,683,enwiki,2024-10-27 12:32:19
1833544809,User talk:Mango king the,Knitsey,false,560,enwiki,2024-10-27 12:31:41
358007118,Kloster der Heiligen Marina,Albinfo,false,22,dewiki,2024-10-27 12:32:10
1833544918,Not Just Bikes,Leaderboard,false,-9,enwiki,2024-10-27 12:32:24
1833544810,2024 Italian F4 Championship,23.90.235.5,false,0,enwiki,2024-10-27 12:31:37
358007113,Liste von Konferenzen der Alliierten während des Zweiten Weltkriegs,5glogger,false,-34,dewiki,2024-10-27 12:32:07
1833544901,Buger,114.142.240.206,false,6,enwiki,2024-10-27 12:32:18
1833544910,Transport and General Workers' Union,Bejakyo,false,466,enwiki,2024-10-27 12:32:20
358007103,Eddy Edigin,Sandro Halank,false,8,dewiki,2024-10-27 12:31:48
358007110,Festnetz,Matthäus Wander,false,4,dewiki,2024-10-27 12:32:00
1833544911,List of medical journals,2A02:AB88:387:A80:D0C6:2720:1DC5:230C,false,0,enwiki,2024-10-27 12:32:22
358007101,Hr-Sinfonieorchester,Padarom,false,8,dewiki,2024-10-27 12:31:43
358007104,Xeno (Franchise),AX29,false,-2,dewiki,2024-10-27 12:31:41
1833544912,Draft:Marie Tomanova,Wenncesslas,false,148,enwiki,2024-10-27 12:32:22
1833544815,Module:Infobox gene/sandbox,Jmarchn,false,10,enwiki,2024-10-27 12:31:45
358007111,Wikipedia:Hauptseite/Aktuelles,Wiegels,false,5,dewiki,2024-10-27 12:32:02
1833544902,Governor of Vladimir Oblast,Monkbot,true,1,enwiki,2024-10-27 12:32:19
1833545002,Ayyappanpillai Ajayaghosh,14.139.201.213,false,49,enwiki,2024-10-27 12:32:50
1833545100,List of Bongbong Marcos 2022 presidential campaign endorsements,Nintendoswitchfan,false,0,enwiki,2024-10-27 12:33:21
1833545005,Bounty Hunters (2016 film),Iammelbg,false,-30,enwiki,2024-10-27 12:32:51
1833545006,The Countess of Corfu,Monkbot,true,1,enwiki,2024-10-27 12:32:51
1833545104,Talk:Evil Genius (TV series),WeSH 733,false,366,enwiki,2024-10-27 12:33:27
1833545007,Grupo Bryndis,2601:406:4586:2D00:D8B9:C167:6585:690A,false,-41,enwiki,2024-10-27 12:32:52
1833545108,VCU Rams men's soccer,Fma12,false,16,enwiki,2024-10-27 12:33:26
1833545009,Hugh Roe O'Donnell,SkywalkerEccleston,false,164,enwiki,2024-10-27 12:32:46
1833545111,Draft:Tyrone All-County Senior Football Leagues,Skynet2004,false,110,enwiki,2024-10-27 12:33:24
1833545011,Russian submarine Kazan (K-561),Parsecboy,false,1,enwiki,2024-10-27 12:32:53
1833545012,Nuclear close calls,49.36.104.53,false,50,enwiki,2024-10-27 12:32:52
1833545119,Big Bang Made,Iammelbg,false,-9,enwiki,2024-10-27 12:33:29
1833545018,Talk:George Preece/GA1,Zawed,false,85,enwiki,2024-10-27 12:32:55
1833545206,Polish Episcopal Conference,Monkbot,true,1,enwiki,2024-10-27 12:33:58
1833545217,"Serebryany Bor, Sakha Republic",Monkbot,true,2,enwiki,2024-10-27 12:34:01
358007210,FlowinImmO,Dentalum,false,75,dewiki,2024-10-27 12:33:48
1833545307,"Embassy of Serbia, Moscow",Monkbot,true,3,enwiki,2024-10-27 12:34:33
1833545207,User talk:Liu1126,Baldheadedassassin,false,328,enwiki,2024-10-27 12:33:59
1833545208,Nuclear close calls,49.36.104.53,false,12,enwiki,2024-10-27 12:33:57
1833545308,Template:2024–25 Liga 2 (Indonesia) regular round,Fau Tzy,false,-3,enwiki,2024-10-27 12:34:36
1833545209,Battle of Vrdi,AnomieBOT,true,18,enwiki,2024-10-27 12:33:59
1833545310,Wikipedia:New pages patrol/Reports/Easy reviews,SDZeroBot,true,0,enwiki,2024-10-27 12:34:35
1833545211,Concorde,Kyteto,false,-13,enwiki,2024-10-27 12:33:53
1833545311,User:WilliamF1two/MPs,WilliamF1two,false,1223,enwiki,2024-10-27 12:34:28
358007218,Portal:Fußball/Neue Artikel,Cimbom1991,false,41,dewiki,2024-10-27 12:33:50
1833545212,Phil Purdue,Jevansen,false,53,enwiki,2024-10-27 12:34:01
1833545313,David Luiz,Wynnsanity,false,4,enwiki,2024-10-27 12:34:32
1833545202,Scott LaValla,Jevansen,false,53,enwiki,2024-10-27 12:33:56
1833545213,Song Ki-seok,Seefooddiet,false,58,enwiki,2024-10-27 12:34:00
1833545315,"Zahrib, Zagorje ob Savi",Monkbot,true,1,enwiki,2024-10-27 12:34:36
358007219,Jesus-Christus-Statue (Berg Hatis),Chemiewikibm,false,16,dewiki,2024-10-27 12:33:51
1833545203,Picconia excelsa,Ethmostigmus,false,8,enwiki,2024-10-27 12:33:56
1833545215,Aporrectodea rosea,X4VIER.OneTap,false,88,enwiki,2024-10-27 12:34:00
1833545314,Vishnukundina Dynasty,Kautilya3,false,-76,enwiki,2024-10-27 12:34:37
1833545407,Vítkovice (Ostrava),Monkbot,true,2,enwiki,2024-10-27 12:35:10
1833545512,User:YisroelB501,YisroelB501,false,2015,enwiki,2024-10-27 12:35:38
358007305,China Open 2017 (Badminton),Florentyna,false,-25,dewiki,2024-10-27 12:35:38
358007317,Gran Risa,Voyager,false,19,dewiki,2024-10-27 12:35:57
1833545408,Vicky Vidya Ka Woh Wala Video,Ustadeditor2011,false,212,enwiki,2024-10-27 12:35:11
1833545513,Armen Adamjan,Gråbergs Gråa Sång,false,0,enwiki,2024-10-27 12:35:37
1833545409,"List of multimedia franchises originating in games, toys, and merchandise",198.176.115.233,false,63,enwiki,2024-10-27 12:35:10
1833545500,Bialystok University of Technology,Monkbot,true,1,enwiki,2024-10-27 12:35:31
1833545514,Prema Racing,Formula Downforce,false,4,enwiki,2024-10-27 12:35:26
1833545410,2024 ATP Challenger Tour,Adamtt9,false,246,enwiki,2024-10-27 12:34:42
1833545501,Tropical Storm Trami (2024),Fistagon eyes ya,false,-103,enwiki,2024-10-27 12:35:27
358007306,Bares für Rares,Abubiju,false,7,dewiki,2024-10-27 12:35:39
358007313,Korea Open 2018 (Badminton),Florentyna,false,-25,dewiki,2024-10-27 12:35:45
358007318,Benutzer:Nomen49,Nomen49,false,4,dewiki,2024-10-27 12:36:00
1833545502,Townsend v. Sain,SdkbBot,true,-5,enwiki,2024-10-27 12:35:32
1833545515,"Bani, Pangasinan",FILWISE,false,17,enwiki,2024-10-27 12:35:33
358007314,Realgymnasium (Eilenburg),Joeb07,false,5,dewiki,2024-10-27 12:35:51
358007319,Singapore Open 2018,Florentyna,false,-75,dewiki,2024-10-27 12:35:56
1833545506,The Block season 20,Notufriend,false,265,enwiki,2024-10-27 12:35:32
1833545516,Magistrate,AnomieBOT,true,18,enwiki,2024-10-27 12:35:36
358007308,Lahausen,Bötsy,false,31,dewiki,2024-10-27 12:35:44
1833545403,Niklas Kokko,Triggerbit,false,48,enwiki,2024-10-27 12:35:09
1833545508,Toll roads in Europe,Monkbot,true,4,enwiki,2024-10-27 12:35:34
358007300,Joseph T. Edgar,Snoopy1964,false,-104,dewiki,2024-10-27 12:35:39
1833545518,Mark Eden,Sammyrice,false,4,enwiki,2024-10-27 12:35:38
358007309,Korea Open 2017,Florentyna,false,-25,dewiki,2024-10-27 12:35:42
1833545404,Fortec Motorsport,Formula Downforce,false,4,enwiki,2024-10-27 12:35:04
1833545510,Pulgasari,Eiga-Kevin2,false,0,enwiki,2024-10-27 12:35:30
358007304,Benutzer:Matthias v.d. Elbe/Minardi M195,Matthias v.d. Elbe,false,57,dewiki,2024-10-27 12:35:41
358007310,Liste von Persönlichkeiten der Stadt Oslo,Voyager,false,24,dewiki,2024-10-27 12:35:45
358007316,Singapore Open 2017,Florentyna,false,-25,dewiki,2024-10-27 12:35:52
1833545405,George Washington Revolutionaries men's soccer,Fma12,false,0,enwiki,2024-10-27 12:35:10
1833545511,Daniel Tsiokas,Monkbot,true,2,enwiki,2024-10-27 12:35:37
1833545603,Eurofighter Typhoon,DazMUFC,false,-7,enwiki,2024-10-27 12:36:03
1833545612,2024 Taipei OEC Open,Adamtt9,false,1,enwiki,2024-10-27 12:36:15
1833545709,Richard Grenell,Treybien2,false,73,enwiki,2024-10-27 12:36:28
1833545618,Russian battleship Chesma (1886),Parsecboy,false,1,enwiki,2024-10-27 12:36:18
1833545710,Tropical Storm Trami (2024),HurricaneEdgar,false,654,enwiki,2024-10-27 12:36:50
1833545604,Scheler on Ressentiment,Biohistorian15,false,1334,enwiki,2024-10-27 12:36:11
1833545711,Bolinao,FILWISE,false,29,enwiki,2024-10-27 12:36:50
1833545619,Vrčice,Monkbot,true,1,enwiki,2024-10-27 12:36:18
1833545701,"History of Kilgore, Texas",No No No No Name fu,false,0,enwiki,2024-10-27 12:36:49
1833545613,User:YisroelB501,YisroelB501,false,18,enwiki,2024-10-27 12:36:17
1833545702,Talk:Citrus/GA1,Stivushka,false,4278,enwiki,2024-10-27 12:36:50
1833545600,Johan Hampus Furuhjelm,Monkbot,true,1,enwiki,2024-10-27 12:36:11
1833545606,Shuqan Rural District,Brightkingdom,false,0,enwiki,2024-10-27 12:36:14
1833545614,Serfdom in Poland,Robek,false,31,enwiki,2024-10-27 12:36:16
1833545703,Eastern Hungarians,Monkbot,true,4,enwiki,2024-10-27 12:36:50
1833545719,Saint-Hilaire-de-Lusignan,Monkbot,true,1,enwiki,2024-10-27 12:36:56
1833545601,Sue Barker,78.145.243.83,false,6,enwiki,2024-10-27 12:36:08
1833545608,First Indochina War,78.33.244.11,false,52,enwiki,2024-10-27 12:36:00
1833545602,Toyota U transmission,Musikgeniesser,false,183,enwiki,2024-10-27 12:36:12
1833545609,Naraingarh Assembly constituency,Unknown FG,false,16,enwiki,2024-10-27 12:36:13
1833545615,2024 Mexico City Grand Prix,Island92,false,2,enwiki,2024-10-27 12:36:15
1833545704,John Somers (courtier),Unoquha,false,218,enwiki,2024-10-27 12:36:51
1833545611,Oscar Milosz,Monkbot,true,2,enwiki,2024-10-27 12:36:14
1833545617,Orthodox Archdiocese of Italy,Κυριλλος,false,39,enwiki,2024-10-27 12:36:17
1833545708,"Dontsy, Kursk Oblast",Monkbot,true,2,enwiki,2024-10-27 12:36:53
1833545800,Úsov,Monkbot,true,1,enwiki,2024-10-27 12:37:23
1833545813,Three-Cushion World Cup,Carambol,false,-326,enwiki,2024-10-27 12:37:25
358007405,Lingshui China Masters 2018,Florentyna,false,5,dewiki,2024-10-27 12:37:46
358007410,DHCP Starvation Attack,Matthäus Wander,false,15,dewiki,2024-10-27 12:37:55
358007415,Der Supergaul,Rio.Negro,false,294,dewiki,2024-10-27 12:37:59
1833545902,NCAA Season 100 basketball tournaments,ChristianAries0411,false,0,enwiki,2024-10-27 12:37:59
1833546014,Gaganachari,111.92.79.142,false,-10,enwiki,2024-10-27 12:38:29
1833545801,Sandown,Coueslant,false,184,enwiki,2024-10-27 12:37:24
1833545815,History of tariffs in the United States,2A02:8440:3140:AC75:216:3EFF:FE73:DFA7,false,1836,enwiki,2024-10-27 12:37:32
358007400,Bayerischer Baseball- und Softball-Verband,Scriptorix,false,-22,dewiki,2024-10-27 12:37:47
358007406,Junioren-Badmintonasienmeisterschaft 2015,Florentyna,false,-87,dewiki,2024-10-27 12:37:42
1833545903,Algernon Sidney Gray,Simeon,false,14,enwiki,2024-10-27 12:38:00
1833546015,Row echelon form,Mathwiz2,false,105,enwiki,2024-10-27 12:38:28
1833545802,Talk:Light rail,Fork99,false,12,enwiki,2024-10-27 12:37:25
358007417,Chinese Taipei Open 2022,Florentyna,false,-50,dewiki,2024-10-27 12:37:56
1833545910,Cindy Lee (band),Paludarium,false,-21,enwiki,2024-10-27 12:38:02
1833546016,Pottel,Jayanthkumar123,false,8,enwiki,2024-10-27 12:38:30
1833545914,Malleshwaram (Bengaluru) Inscriptions and Herostones,Pluday,false,229,enwiki,2024-10-27 12:38:02
1833545805,Hartashen Megalithic Avenue,Sirfurboy,false,94,enwiki,2024-10-27 12:37:29
358007407,Kemba Nelson,Loper12321,false,262,dewiki,2024-10-27 12:37:51
358007411,Uber Cup 2022,Florentyna,false,311,dewiki,2024-10-27 12:37:53
1833545915,Street scene,Monkbot,true,1,enwiki,2024-10-27 12:38:03
1833546018,George Preece,Zawed,false,4,enwiki,2024-10-27 12:38:33
1833545806,Alexei Starobinsky,Monkbot,true,1,enwiki,2024-10-27 12:37:27
358007401,Ascocotyle,Uwe Gille,false,28,dewiki,2024-10-27 12:37:48
1833545916,Talk:Squatting in Kyrgyzstan,Mujinga,false,604,enwiki,2024-10-27 12:38:04
358007402,Ludo,2003:CB:AF42:C201:D0CD:3DE9:CDB6:8,false,-93,dewiki,2024-10-27 12:37:48
1833545900,User:Jatan umralkar/sandbox,Minorax,false,27,enwiki,2024-10-27 12:38:01
1833546019,Treble (rugby league),Mn1548,false,466,enwiki,2024-10-27 12:38:32
1833545807,GSO Stadium,Monkbot,true,1,enwiki,2024-10-27 12:37:31
358007412,Volkswagen AG,Atomiccocktail,false,702,dewiki,2024-10-27 12:37:51
1833545901,The Wild Robot,Hidden1234P,false,178,enwiki,2024-10-27 12:37:59
1833545917,Morocco,Bishonen,false,-23,enwiki,2024-10-27 12:37:52
1833546010,The Book Thief,The 64 Squares,false,3,enwiki,2024-10-27 12:38:29
1833545809,Diarmuid Mangan,Jevansen,false,54,enwiki,2024-10-27 12:37:31
358007404,Benutzer:Blobstar/Schauspieler Artikelvorbereitung,Blobstar,false,780,dewiki,2024-10-27 12:37:50
358007413,Oogenese,-haznK,false,4,dewiki,2024-10-27 12:37:58
1833545904,María Fernanda Navarro Oliva,Sherman1998,false,304,enwiki,2024-10-27 12:38:01
1833545918,Histri,62.19.101.73,false,371,enwiki,2024-10-27 12:38:03
1833545811,Category talk:Republican Party Virginia state senators,Simeon,false,36,enwiki,2024-10-27 12:37:32
358007409,Lingshui China Masters 2019,Florentyna,false,30,dewiki,2024-10-27 12:37:49
358007414,Marinestützpunkt Hohe Düne,Michael32710,false,43,dewiki,2024-10-27 12:37:58
358007419,Porsche 911 GT3,T.E.R.Sven,false,-12,dewiki,2024-10-27 12:37:59
1833546013,Vešenik,Monkbot,true,1,enwiki,2024-10-27 12:38:29
1833546117,Carl Smith (canoeing),Afernand74,false,37,enwiki,2024-10-27 12:38:53
1833546209,Whiplash (Aespa song),Rjlz1445,false,28,enwiki,2024-10-27 12:39:28
358007502,God Bless the U.S.A.,Dk1909,false,0,dewiki,2024-10-27 12:40:00
1833546118,Supernova (Aespa song),Rjlz1445,false,9,enwiki,2024-10-27 12:38:53
1833546210,James Newton Howard,2607:FA49:A140:8500:6E41:B21D:7746:EB42,false,14,enwiki,2024-10-27 12:39:26
1833546119,"James \"Little Man\" Stewart",DragonFury,false,-65,enwiki,2024-10-27 12:38:53
1833546211,Ioannis Theodoropoulos,Monkbot,true,1,enwiki,2024-10-27 12:39:29
358007500,Full Force (Album),Engelbaet,false,6,dewiki,2024-10-27 12:39:58
1833546202,George Preece,Zawed,false,1,enwiki,2024-10-27 12:39:25
1833546215,Morning Star (talk show),2001:4453:66C:D400:8D33:F85A:E4E4:132C,false,86,enwiki,2024-10-27 12:38:28
1833546214,User:Jgdc47B/sandbox,Jgdc47B,false,54,enwiki,2024-10-27 12:39:31
1833546206,Les Martres-de-Veyre,Monkbot,true,1,enwiki,2024-10-27 12:39:25
1833546217,S. Floyd Landreth,Simeon,false,14,enwiki,2024-10-27 12:39:32
1833546100,George Preece,Zawed,false,-1,enwiki,2024-10-27 12:38:53
1833546207,Template:2024–25 Liga 2 (Indonesia) regular round,Fau Tzy,false,158,enwiki,2024-10-27 12:39:28
1833546219,Vietnam women's national futsal team,Thplam2004,false,-13,enwiki,2024-10-27 12:39:31
1833546116,NCAA Season 100 basketball tournaments,ChristianAries0411,false,2,enwiki,2024-10-27 12:38:52
358007503,Alpiner Skieuropacup 2018/19,Voyager,false,181,dewiki,2024-10-27 12:39:59
1833546309,Homeboy (talk show),2001:4453:66C:D400:8D33:F85A:E4E4:132C,false,86,enwiki,2024-10-27 12:40:05
358007513,Digitaler Knoten Stuttgart,Bigbug21,false,1635,dewiki,2024-10-27 12:40:15
1833546419,User talk:31.202.71.56,Ratnahastin,false,1611,enwiki,2024-10-27 12:40:52
1833546310,Grupo Bryndis,2601:406:4586:2D00:D8B9:C167:6585:690A,false,-118,enwiki,2024-10-27 12:40:05
1833546408,Ae Watan Mere Watan,Gotitbro,false,5,enwiki,2024-10-27 12:40:45
1833546417,Cindy Jacobs,Flod logic,false,641,enwiki,2024-10-27 12:40:50
1833546300,Sharkawshchyna,Monkbot,true,4,enwiki,2024-10-27 12:40:00
1833546312,Oradour-sur-Glane,Monkbot,true,1,enwiki,2024-10-27 12:40:04
358007510,Gemeindeschule Friedrichsfelde,Primavera2023,false,1,dewiki,2024-10-27 12:40:13
1833546410,Don Brown (American football coach),121.55.229.30,false,-256,enwiki,2024-10-27 12:40:45
1833546301,User:AmandaNP/UAA/Time,DeltaQuadBot,true,0,enwiki,2024-10-27 12:40:03
358007508,Benutzer:Bernd Rohlfs/DNA-Analysen für Privatpersonen,Bernd Rohlfs,false,-102,dewiki,2024-10-27 12:40:08
358007511,Wikipedia Diskussion:Wiki Loves Monuments 2024/Deutschland/Jury,Ailura,false,56,dewiki,2024-10-27 12:40:13
358007514,Zerschlagung der Tschechoslowakei,Deproe,false,313,dewiki,2024-10-27 12:40:20
1833546412,Ambala Lok Sabha constituency,Unknown FG,false,3,enwiki,2024-10-27 12:40:46
1833546302,User:The Film Creator/sandbox,The Film Creator,false,271,enwiki,2024-10-27 12:40:03
1833546313,Simon Banza,Nukro666,false,1,enwiki,2024-10-27 12:40:06
1833546413,"Asques, Gironde",Monkbot,true,1,enwiki,2024-10-27 12:40:46
1833546303,Tony Jaa,148.252.147.176,false,35,enwiki,2024-10-27 12:40:00
1833546314,United Left (Greece),Monkbot,true,1,enwiki,2024-10-27 12:40:08
358007512,Wikipedia:Administratoren/Anfragen,Gwele kloz,false,471,dewiki,2024-10-27 12:40:13
1833546400,John Somers (courtier),Unoquha,false,111,enwiki,2024-10-27 12:40:43
358007504,Heinz Frowein,Georg Hügler,false,283,dewiki,2024-10-27 12:40:04
1833546317,Talk:Raffles' Bust,JarrahTree,false,63,enwiki,2024-10-27 12:40:10
358007515,Hannelore Kramm,XDAS123,false,2,dewiki,2024-10-27 12:40:21
358007517,Braathen,Voyager,false,-18,dewiki,2024-10-27 12:40:28
1833546401,Aristidis Kamaras,Monkbot,true,1,enwiki,2024-10-27 12:40:43
1833546414,Arjun Tendulkar,Indopug,false,-5,enwiki,2024-10-27 12:40:48
358007505,Grafton Galleries,Hydro,false,15,dewiki,2024-10-27 12:40:04
1833546316,Gabriel Kuhn,2A02:AA1:105B:9ACB:E592:ADF2:6061:30DB,false,198,enwiki,2024-10-27 12:40:09
1833546404,Supernova (Aespa song),Rjlz1445,false,-9,enwiki,2024-10-27 12:40:42
1833546415,User talk:Cmglee,Cmglee,false,132,enwiki,2024-10-27 12:40:47
1833546306,Talk:George Preece/GA1,Zawed,false,495,enwiki,2024-10-27 12:40:05
1833546318,International Socialist Alternative,Rambling Rambler,false,-1702,enwiki,2024-10-27 12:40:08
1833546405,Davey Boy Smith Jr.,Citation bot,true,22,enwiki,2024-10-27 12:40:36
1833546308,Nuclear close calls,49.36.104.53,false,6,enwiki,2024-10-27 12:40:03
358007509,Utopia (Roman),Rsk6400,false,0,dewiki,2024-10-27 12:40:10
1833546418,Anna Avdeyeva,Monkbot,true,1,enwiki,2024-10-27 12:40:50
