1833683417,Category talk:Primates of Southeast Asia,Tom.Reding,false,13,enwiki,2024-10-27 20:40:26
1833683614,Bob Hainlen,WikiOriginal-9,false,236,enwiki,2024-10-27 20:40:59
1833683711,User talk:ItsKesha,Lorry Gundersen,false,560,enwiki,2024-10-27 20:41:24
1833683416,2017 in Moldova,LucasBrown,false,99,enwiki,2024-10-27 20:40:25
1833683515,Category talk:Video games about primates,Tom.Reding,false,36,enwiki,2024-10-27 20:40:40
1833683615,Talk:Seventh-day Adventist Church,Knitsey,false,-185,enwiki,2024-10-27 20:40:59
1833683714,Mike Amesbury,Crazycomputers,false,-179,enwiki,2024-10-27 20:41:25
1833683418,Athanasios Frontistis,Monkbot,true,1,enwiki,2024-10-27 20:40:25
1833683602,2025 in Moldova,LucasBrown,false,34,enwiki,2024-10-27 20:40:55
1833683616,Dippy (London),AwerDiWeGo,false,-94,enwiki,2024-10-27 20:40:59
1833683719,Stelio Frati,Lestocq,false,34,enwiki,2024-10-27 20:41:27
1833683504,John Mystacon,Monkbot,true,1,enwiki,2024-10-27 20:40:37
1833683516,Talk:Peruri 88,AnomieBOT,true,239,enwiki,2024-10-27 20:40:41
1833683617,John Lydon,Citation bot,true,109,enwiki,2024-10-27 20:40:55
1833683502,Joe Barral,Red Director,false,12,enwiki,2024-10-27 20:40:37
1833683517,Jeff Berry (Ku Klux Klan),Lightiggy,false,-22,enwiki,2024-10-27 20:40:41
1833683604,Category talk:Rodents by common name,Tom.Reding,false,36,enwiki,2024-10-27 20:40:57
1833683619,"Semyonovskoye, Kirzhachsky District, Vladimir Oblast",Monkbot,true,1,enwiki,2024-10-27 20:40:59
1833683700,Magpasikat,Itsmaaark,false,228,enwiki,2024-10-27 20:41:15
1833683800,The Cranberries,FMSky,false,-25,enwiki,2024-10-27 20:41:39
1833683506,Cracking Up (1977 film),2600:8805:5208:5100:F50D:68B2:BFAC:D11F,false,-140,enwiki,2024-10-27 20:40:37
1833683518,"Boleslaus II, Duke of Bohemia",Monkbot,true,2,enwiki,2024-10-27 20:40:40
1833683605,Princess Elisabeth of Saxe-Altenburg (1865–1927),Monkbot,true,2,enwiki,2024-10-27 20:40:56
1833683701,Pak Jong-ran,SmartyPants22,false,191,enwiki,2024-10-27 20:41:23
1833683815,Category talk:Rodents of North Africa,Tom.Reding,false,36,enwiki,2024-10-27 20:41:47
1833683507,"Kilgore, Texas",No No No No Name fu,false,-4,enwiki,2024-10-27 20:40:35
1833683606,Charles Bergonzi,Red Director,false,14,enwiki,2024-10-27 20:40:57
1833683702,South Korea women's national football team,Davemck,false,-15,enwiki,2024-10-27 20:41:16
1833683904,Cleethorpes,Ehrenkater,false,-209,enwiki,2024-10-27 20:42:11
1833683510,Church of England,2A00:23C6:F389:B301:E151:2E41:C5C1:80BC,false,3,enwiki,2024-10-27 20:40:32
1833683607,Patna Pirates,Vikas Sethia,false,85,enwiki,2024-10-27 20:40:56
1833683817,Jean-Pierre Borro,Red Director,false,12,enwiki,2024-10-27 20:41:47
1833683905,Lucas Catarina,Red Director,false,12,enwiki,2024-10-27 20:42:11
1833683509,2021 in Moldova,LucasBrown,false,99,enwiki,2024-10-27 20:40:38
1833683612,User:Spiderone/CSD log,Spiderone,false,136,enwiki,2024-10-27 20:39:47
1833683707,Eric-Louis Bessi,Red Director,false,12,enwiki,2024-10-27 20:41:23
1833683906,Butyl nitrite,Minihaa,false,-3,enwiki,2024-10-27 20:42:11
1833683613,Korean Cultural Centers,76.88.55.135,false,0,enwiki,2024-10-27 20:40:57
1833683710,Category talk:Rodents of Flores,Tom.Reding,false,36,enwiki,2024-10-27 20:41:25
1833683907,2025 AFC U-17 Asian Cup qualification,HiddenFace101,false,368,enwiki,2024-10-27 20:42:07
1833683908,1995 (disambiguation),Jameboy,false,91,enwiki,2024-10-27 20:42:14
1833683909,Hector Tyndale,Dwkaminski,false,38,enwiki,2024-10-27 20:42:14
1833684003,Talk:Tornadoes of 2023,ClueBot III,true,-581,enwiki,2024-10-27 20:42:32
358026213,Arthur Johannes Scholz,Jü,false,2,dewiki,2024-10-27 20:42:41
358026217,Geldwechsler,Dieringer63,false,-8,dewiki,2024-10-27 20:42:43
1833684107,Category talk:Mammals of Guinea-Bissau,Tom.Reding,false,24,enwiki,2024-10-27 20:42:50
1833684202,Gas Gas EC,Cdw1952,false,-3,enwiki,2024-10-27 20:43:15
1833683911,2024–25 Russian First League,Geregen2,false,154,enwiki,2024-10-27 20:42:12
1833684004,White House Communications Director,EJSpaich,false,68,enwiki,2024-10-27 20:42:30
358026208,Meister der Wunder von Mariazell,Dieringer63,false,10,dewiki,2024-10-27 20:42:39
1833684110,Jean-Pierre Crovetto,Red Director,false,12,enwiki,2024-10-27 20:42:49
1833684205,2011 in Monaco,LucasBrown,false,43,enwiki,2024-10-27 20:43:14
1833683912,Wikipedia:Sandbox,Hazard-Bot,true,442,enwiki,2024-10-27 20:42:15
358026202,Schlacht bei Guinegate (1479),Dieringer63,false,-499,dewiki,2024-10-27 20:42:34
358026218,Liste der Kulturdenkmale in Chemnitz-Ebersdorf,Lguenth1,false,182,dewiki,2024-10-27 20:42:42
1833684111,Nicholas Opiyo,Edward Bednar,false,2,enwiki,2024-10-27 20:42:50
1833684208,User talk:Skjoldbro,Bellkass02,false,824,enwiki,2024-10-27 20:43:16
1833683913,Category talk:Rodents of Thailand,Tom.Reding,false,36,enwiki,2024-10-27 20:42:15
1833684019,2024–25 Queen of the South F.C. season,Rusty1111,false,107,enwiki,2024-10-27 20:42:30
358026204,Steirische Reimchronik,Dieringer63,false,4,dewiki,2024-10-27 20:42:36
358026209,Liste der Schraubenkopfantriebe,Andrew Pertsev,false,-21,dewiki,2024-10-27 20:42:35
358026219,Georg Reinhard (Ortenburg),Dieringer63,false,2,dewiki,2024-10-27 20:42:45
1833684101,International Communist League (Fourth Internationalist),Rambling Rambler,false,-4,enwiki,2024-10-27 20:42:46
1833684112,2005 in Monaco,LucasBrown,false,43,enwiki,2024-10-27 20:42:49
1833684209,Alexandre Devissi,Red Director,false,14,enwiki,2024-10-27 20:43:16
1833683914,MarkAir,66.58.216.117,false,23,enwiki,2024-10-27 20:42:13
1833684103,Seal of Oklahoma,174.65.93.112,false,173,enwiki,2024-10-27 20:42:47
1833684210,Category talk:Mammals of Nigeria,Tom.Reding,false,24,enwiki,2024-10-27 20:43:18
1833683915,Filip Đuričić,AzErDerok,false,0,enwiki,2024-10-27 20:42:14
358026200,Albert I. (Görz),Dieringer63,false,15,dewiki,2024-10-27 20:42:32
358026215,Nordkirchener Hof,JWBE,false,-5,dewiki,2024-10-27 20:42:43
1833684113,2024–25 Auroraliiga season,Spitzmauskc,false,882,enwiki,2024-10-27 20:42:47
1833684211,2012 in Monaco,LucasBrown,false,43,enwiki,2024-10-27 20:43:17
1833684000,Category talk:Mammals described in 1921,Tom.Reding,false,24,enwiki,2024-10-27 20:42:32
358026211,Benutzer Diskussion:Wassermaus,Antonsusi,false,438,dewiki,2024-10-27 20:42:36
1833684118,Baruipur subdivision,Jeet Dev,false,0,enwiki,2024-10-27 20:42:48
1833684001,Spartacist League of Britain,Rambling Rambler,false,-8351,enwiki,2024-10-27 20:42:31
358026203,Antonius Gratiadei,Dieringer63,false,9,dewiki,2024-10-27 20:42:35
358026212,Wikipedia Diskussion:WikiProjekt KI und Wikipedia,Karsten11,false,201,dewiki,2024-10-27 20:42:40
358026216,Campo Santo Teutonico,Dieringer63,false,7,dewiki,2024-10-27 20:42:42
1833684104,Talk:Svetlana Zhakupova,AnomieBOT,true,40,enwiki,2024-10-27 20:42:49
1833684200,C Line (Los Angeles Metro),Tv's emory,false,-221,enwiki,2024-10-27 20:43:11
1833684002,Rodeo Rock,Davemck,false,-20,enwiki,2024-10-27 20:42:32
358026205,Ernst von Graben,Dieringer63,false,54,dewiki,2024-10-27 20:42:38
1833684201,Category talk:Mammals of Niger,Tom.Reding,false,24,enwiki,2024-10-27 20:43:14
358026201,Wikipedia:Vandalismusmeldung,SlartibErtfass der bertige,false,422,dewiki,2024-10-27 20:42:31
358026206,Louise Otto-Peters,Wheeke,false,35,dewiki,2024-10-27 20:42:38
1833684105,User talk:Sir MemeGod,Sir MemeGod,false,297,enwiki,2024-10-27 20:42:41
1833684217,Jio,CommanderOfIndus,false,205,enwiki,2024-10-27 20:43:14
1833684410,Category talk:Mantodea of Oceania,Tom.Reding,false,25,enwiki,2024-10-27 20:43:53
1833684419,2024 Spanish Motocross Championship,Marko15UK,false,298,enwiki,2024-10-27 20:43:52
1833684513,Zhang Shan,SmartyPants22,false,82,enwiki,2024-10-27 20:44:14
1833684411,Simon Abkarian,2A02:8429:8184:6401:9527:7CAD:C602:5D5C,false,0,enwiki,2024-10-27 20:43:52
1833684500,List of community radio stations in the United States,Allreet,false,94,enwiki,2024-10-27 20:44:12
1833684218,2024 Japanese general election,Faustino Sojo,false,0,enwiki,2024-10-27 20:43:15
1833684401,"Shoot for the Stars, Aim for the Moon",Kneetoks,false,573,enwiki,2024-10-27 20:43:43
1833684402,Gerald Solomon,RandomUserGuy1738,false,68,enwiki,2024-10-27 20:43:47
1833684413,Wikipedia talk:Administrator recall,Fanfanboy,false,382,enwiki,2024-10-27 20:43:52
1833684403,Zodiac Killer,DisturbedTim90,false,354,enwiki,2024-10-27 20:43:45
1833684412,1930 FIFA World Cup,200.68.163.99,false,-1,enwiki,2024-10-27 20:43:47
1833684503,Behind the Mist,67.40.202.59,false,0,enwiki,2024-10-27 20:44:13
1833684300,Category talk:Marsupial cell lines,Tom.Reding,false,24,enwiki,2024-10-27 20:43:39
1833684407,2022 in Monaco,LucasBrown,false,43,enwiki,2024-10-27 20:43:50
1833684414,Suisun Bay Reserve Fleet,Huntster,false,-46,enwiki,2024-10-27 20:43:53
1833684504,Roy Elonzo Davis,Lightiggy,false,-38,enwiki,2024-10-27 20:44:09
1833684307,Ravi Pandit,Kiran891,false,-62,enwiki,2024-10-27 20:43:38
1833684505,Template talk:Canadian federal election maps,Tom.Reding,false,21,enwiki,2024-10-27 20:44:14
1833684314,User talk:Mudroslov,The9Man,false,857,enwiki,2024-10-27 20:43:37
1833684416,2023 in Monaco,LucasBrown,false,43,enwiki,2024-10-27 20:43:53
1833684508,Connor Davies,Robinson Drinkald,false,14,enwiki,2024-10-27 20:44:14
1833684408,Wei Ning,SmartyPants22,false,82,enwiki,2024-10-27 20:43:52
1833684417,Behind the Mist,67.40.202.59,false,0,enwiki,2024-10-27 20:43:53
1833684509,Atomic Puppet,24.185.193.12,false,-16,enwiki,2024-10-27 20:44:10
1833684409,Sabrah light tank,121.74.168.187,false,-28,enwiki,2024-10-27 20:43:50
1833684418,Julian Trevelyan (pianist),Grimes2,false,221,enwiki,2024-10-27 20:43:55
1833684510,We Lived for Estonia,Bearcat,false,6,enwiki,2024-10-27 20:44:14
1833684514,2024 Maharashtra Legislative Assembly election,Kalpesh Manna 2002,false,377,enwiki,2024-10-27 20:44:05
1833684607,My New Boss Is Goofy,SimonLagann,false,231,enwiki,2024-10-27 20:44:31
358026308,Geschichte Oberösterreichs,Dieringer63,false,3199,dewiki,2024-10-27 20:44:47
358026314,Röhrenempfänger,Mabit1,false,49,dewiki,2024-10-27 20:44:59
1833684712,Françoise de Longwy,Kansas Bear,false,-605,enwiki,2024-10-27 20:45:00
1833684515,Edgar Ray Killen,Lightiggy,false,-38,enwiki,2024-10-27 20:44:13
1833684608,Hector Tyndale,Dwkaminski,false,32,enwiki,2024-10-27 20:44:33
358026311,Lungenqualle,Jü,false,0,dewiki,2024-10-27 20:44:57
1833684704,2020 in Mongolia,LucasBrown,false,99,enwiki,2024-10-27 20:44:58
1833684713,Yigal Amir,ItsNotGoingToHappen,false,5,enwiki,2024-10-27 20:44:58
1833684609,Pierre Marsan (sport shooter),Red Director,false,14,enwiki,2024-10-27 20:44:32
358026305,51 Eridani b,Antonsusi,false,-3,dewiki,2024-10-27 20:44:46
1833684705,Robert Shelton (Ku Klux Klan),Lightiggy,false,-38,enwiki,2024-10-27 20:44:58
1833684715,Shayla Beesley,BikBos66,false,233,enwiki,2024-10-27 20:45:00
358026319,Vorlage:Revert-Statistik,Revert-Statistik,true,0,dewiki,2024-10-27 20:45:14
1833684614,Category talk:Ethnic maps,Tom.Reding,false,21,enwiki,2024-10-27 20:44:35
1833684706,User talk:ScottishFinnishRadish,Yamla,false,437,enwiki,2024-10-27 20:44:58
1833684718,Kilgore News Herald,No No No No Name fu,false,117,enwiki,2024-10-27 20:45:01
358026316,Johann Gerhard von Druffel,JWBE,false,-7,dewiki,2024-10-27 20:45:08
1833684615,Mike Amesbury,Crazycomputers,false,-80,enwiki,2024-10-27 20:44:34
1833684700,Safa Kabir,Fwullah,false,78,enwiki,2024-10-27 20:44:56
358026315,Martin Kastler,ChickSR,false,36,dewiki,2024-10-27 20:44:59
1833684719,Draft:Manuel Custódia,2001:8A0:67EC:D400:2C42:7FCA:69AA:8D43,false,3,enwiki,2024-10-27 20:45:00
358026317,Wikipedia:Vandalismusmeldung,Alrael,false,369,dewiki,2024-10-27 20:45:06
1833684701,Utah State University,TaffyPuller1832,false,-60,enwiki,2024-10-27 20:44:51
1833684707,Atomic Puppet,24.185.193.12,false,-5,enwiki,2024-10-27 20:44:56
358026318,Wikipedia:WikiProjekt Frauen/Frauen in Rot/Fehlende Artikel nach Tätigkeit/Eisschnellläuferinnen,TaxonBot,true,-1461,dewiki,2024-10-27 20:44:54
1833684618,1937 in Mongolia,LucasBrown,false,99,enwiki,2024-10-27 20:44:36
358026301,Ritzefeld-Gymnasium Stolberg,ArthurMcGill,false,1499,dewiki,2024-10-27 20:44:44
358026309,Grangie,R*elation,false,60,dewiki,2024-10-27 20:44:51
1833684702,Kim Min-ji (sport shooter),SmartyPants22,false,82,enwiki,2024-10-27 20:44:57
1833684709,Charles Humphrey Atherton,Citation bot,true,-1,enwiki,2024-10-27 20:44:58
1833684603,Zhang Shan,SmartyPants22,false,0,enwiki,2024-10-27 20:44:30
1833684619,MKUltra,2A0A:EF40:C9:E901:50A:2BF2:AAEC:DF84,false,-3,enwiki,2024-10-27 20:44:34
358026310,Bindenuhu,Earwig,false,287,dewiki,2024-10-27 20:44:56
358026312,Fußball-Bundesliga/Rekorde,LegoFCB,false,0,dewiki,2024-10-27 20:44:12
1833684710,Category talk:Indiana maps,Tom.Reding,false,-10,enwiki,2024-10-27 20:45:00
1833684604,Category talk:Delaware maps,Tom.Reding,false,-10,enwiki,2024-10-27 20:44:32
358026302,Barbra Streisand (Lied),YGO24895,false,1801,dewiki,2024-10-27 20:44:44
358026313,Wikipedia:Miniaturenwettbewerb,TaxonBot,true,0,dewiki,2024-10-27 20:44:58
1833684708,Suman Indori,Avish773,false,460,enwiki,2024-10-27 20:45:00
1833684606,Talk:Phoenician people,RowanElder,false,293,enwiki,2024-10-27 20:44:27
358026307,Portal Diskussion:Auto und Motorrad,Spurzem,false,551,dewiki,2024-10-27 20:44:48
1833684703,User talk:Chewings72/Archive 29,Lowercase sigmabot III,true,908,enwiki,2024-10-27 20:44:55
1833684711,Tom Cruise,FlightTime,false,0,enwiki,2024-10-27 20:44:55
1833684809,2024–25 Auroraliiga season,Spitzmauskc,false,0,enwiki,2024-10-27 20:45:19
1833684905,Category talk:Maps of Canada,Tom.Reding,false,-3,enwiki,2024-10-27 20:45:45
1833684916,Michael M. Levy,Obeseshady,false,772,enwiki,2024-10-27 20:45:49
1833684810,List of From episodes,HonorTheKing,false,-1,enwiki,2024-10-27 20:45:22
1833684906,2024–25 Ukrainian Premier League,Spaniel2020,false,2,enwiki,2024-10-27 20:45:43
1833684918,Pierre de Vos,169.0.141.250,false,564,enwiki,2024-10-27 20:45:47
1833684811,Jeanne Trevor,LarstonMarston,false,0,enwiki,2024-10-27 20:45:23
1833684907,2024 Louisville Cardinals football team,Torlek,false,-209,enwiki,2024-10-27 20:45:44
1833684801,User:Chchcheckit/common.js,Chchcheckit,false,1060,enwiki,2024-10-27 20:45:19
1833684812,Category talk:Lists of maps,Tom.Reding,false,21,enwiki,2024-10-27 20:45:24
1833684908,2024 U23 World Wrestling Championships – Men's freestyle 57 kg,Pehlivanmeydani,false,1325,enwiki,2024-10-27 20:45:45
1833684802,Olga Danilović,Sashona,false,145,enwiki,2024-10-27 20:45:13
1833684813,Aquaman (film),2A02:C7C:B561:6200:AC6D:BB93:7DAB:D031,false,-11,enwiki,2024-10-27 20:45:15
1833684911,Twee pop,Donald Albury,false,-42,enwiki,2024-10-27 20:45:46
1833684816,Lemon,Stivushka,false,21,enwiki,2024-10-27 20:45:21
1833684912,HDMI,Knitsey,false,-27,enwiki,2024-10-27 20:45:37
1833684803,John E. Sweeney,RandomUserGuy1738,false,36,enwiki,2024-10-27 20:45:18
1833684817,Antony Noghès,Red Director,false,55,enwiki,2024-10-27 20:45:25
1833684913,Draft:CEERS2 588,82.79.145.44,false,16,enwiki,2024-10-27 20:45:47
1833685013,Wikipedia:New pages patrol/Reports/Easy reviews,SDZeroBot,true,0,enwiki,2024-10-27 20:46:03
1833684804,Category talk:Lipschitz maps,Tom.Reding,false,21,enwiki,2024-10-27 20:45:21
1833684818,Wikipedia:Community portal/Open tasks,SuggestBot,false,29,enwiki,2024-10-27 20:45:26
1833684901,User:Moondragon21/Biographies,Moondragon21,false,21,enwiki,2024-10-27 20:45:25
1833684914,Category talk:Maps of China,Tom.Reding,false,11,enwiki,2024-10-27 20:45:49
1833684805,One Piece (2023 TV series),Editor190000,false,32,enwiki,2024-10-27 20:45:12
1833684902,NCAA Division I FBS independent schools,Fma12,false,448,enwiki,2024-10-27 20:45:43
1833684915,2011 in Montenegro,LucasBrown,false,99,enwiki,2024-10-27 20:45:48
1833684806,Alexandre-Athenase Noghès,Red Director,false,14,enwiki,2024-10-27 20:45:21
1833684819,Rabee al-Madkhali,DeCausa,false,-33,enwiki,2024-10-27 20:45:25
1833684904,2001 in the Federal Republic of Yugoslavia,LucasBrown,false,99,enwiki,2024-10-27 20:45:44
1833684917,Tom Cruise,FlightTime,false,30,enwiki,2024-10-27 20:45:43
1833685111,Cockroaches in popular culture,Reify-tech,false,25,enwiki,2024-10-27 20:46:25
1833685219,The Last Man Out (tv series 1962),Jean-de-Nivelle,false,92,enwiki,2024-10-27 20:46:43
1833685112,Karolyn Grimes,67.150.117.113,false,9,enwiki,2024-10-27 20:46:23
1833685113,Wikipedia:New pages patrol/Reports/Easy reviews,SDZeroBot,true,390,enwiki,2024-10-27 20:46:25
1833685200,Claude Rossi,Red Director,false,12,enwiki,2024-10-27 20:46:38
1833685201,Lukáš Štetina,2A02:AB04:3A2:A600:D27:FE8B:543A:8733,false,0,enwiki,2024-10-27 20:46:39
1833685101,Grand 1894 Opera House,Oldsanfelipe2,false,-159,enwiki,2024-10-27 20:46:22
1833685115,Ethel Cain,TIKTOKBIEPBOEP,false,325,enwiki,2024-10-27 20:46:24
1833685103,Maurice Revelli,Red Director,false,12,enwiki,2024-10-27 20:46:22
1833685114,The Undertaker,Winditaround,false,-6,enwiki,2024-10-27 20:46:17
1833685203,E. G. Daily,Doomdorm64,false,36,enwiki,2024-10-27 20:46:39
1833685105,Category talk:Maps of Ireland,Tom.Reding,false,21,enwiki,2024-10-27 20:46:24
1833685116,John R. Klauder,Jsulon,false,50,enwiki,2024-10-27 20:46:26
1833685205,Bon Scott,FMSky,false,-20,enwiki,2024-10-27 20:46:38
1833685106,Marco Beltrami,151.251.249.125,false,2,enwiki,2024-10-27 20:46:22
1833685207,Category talk:Maps of Mexico,Tom.Reding,false,21,enwiki,2024-10-27 20:46:41
1833685108,2025 in Montenegro,LucasBrown,false,38,enwiki,2024-10-27 20:46:23
1833685119,Socialist Resistance,Rambling Rambler,false,-9819,enwiki,2024-10-27 20:46:26
1833685215,Talk:Phillips Exeter Academy,Namelessposter,false,466,enwiki,2024-10-27 20:46:40
1833685110,RAF Wildenrath,Maarten.020,false,59,enwiki,2024-10-27 20:46:23
1833685218,John McCormick (producer),IndigoSalisbury,false,4372,enwiki,2024-10-27 20:46:41
1833685300,PAOK FC,Titika384,false,2,enwiki,2024-10-27 20:46:51
1833685314,Category:People from Rushden,Ernsanchez00,false,9,enwiki,2024-10-27 20:47:03
1833685417,Category:People from Tansor,Ernsanchez00,false,16,enwiki,2024-10-27 20:47:29
1833685301,User:AmandaNP/unblock table,DeltaQuadBot,true,-159,enwiki,2024-10-27 20:47:01
1833685317,2019 in Morocco,LucasBrown,false,99,enwiki,2024-10-27 20:47:02
1833685402,Wikipedia:Requests for page protection/Increase,Mattythewhite,false,355,enwiki,2024-10-27 20:47:25
1833685419,Jen Buczkowski,136.33.72.17,false,-510,enwiki,2024-10-27 20:47:28
1833685304,Humiston family murders,2603:8080:F900:10C8:61B7:3316:C28:5FBB,false,-1,enwiki,2024-10-27 20:47:01
1833685313,Gravitational singularity,Badger151,false,107,enwiki,2024-10-27 20:47:01
1833685405,ISU Grand Prix of Figure Skating,Hyperion82,false,42,enwiki,2024-10-27 20:47:17
1833685305,Reconstruction (1995 film),Bearcat,false,-36,enwiki,2024-10-27 20:47:01
1833685404,2024 American Athletic Conference football season,David Matoushek,false,7,enwiki,2024-10-27 20:47:23
1833685406,Category talk:Maps of Tasmania,Tom.Reding,false,16,enwiki,2024-10-27 20:47:27
1833685307,Category talk:Maps of Republika Srpska,Tom.Reding,false,21,enwiki,2024-10-27 20:47:02
1833685407,David Tomatis,Red Director,false,12,enwiki,2024-10-27 20:47:26
1833685309,Talk:Global business track,OpalYosutebito,false,8,enwiki,2024-10-27 20:47:03
1833685409,Ohio University Russ College of Engineering and Technology,Sapienna,false,-1,enwiki,2024-10-27 20:47:27
1833685308,"List of men's footballers with 1,000 or more official appearances",Lorry Gundersen,false,30,enwiki,2024-10-27 20:46:49
1833685412,2025 in Morocco,LucasBrown,false,30,enwiki,2024-10-27 20:47:26
1833685415,Talk:Global Centurion,OpalYosutebito,false,6,enwiki,2024-10-27 20:47:29
1833685400,2024–25 Galatasaray S.K. (men's volleyball) season,Ozanozan,false,128,enwiki,2024-10-27 20:47:23
1833685416,Template:Social groups of Gujarat,Chariotrider555,false,19,enwiki,2024-10-27 20:47:29
1833685609,Talk:Sigma complex,Minihaa,false,35,enwiki,2024-10-27 20:47:59
358026405,Estadio GNP Seguros,Niels Nielsen,false,3,dewiki,2024-10-27 20:48:23
1833685719,Park Dae-hun,SmartyPants22,false,208,enwiki,2024-10-27 20:48:28
358026409,Die Linke Berlin,2003:EA:D717:D6E:92D:A0D3:23AF:FE1E,false,-18,dewiki,2024-10-27 20:48:35
1833685614,Samuel Bowers,Lightiggy,false,-38,enwiki,2024-10-27 20:47:59
358026403,Tream,IWL04,false,0,dewiki,2024-10-27 20:48:18
1833685706,Talk:Landmark Worldwide,Polygnotus,false,943,enwiki,2024-10-27 20:48:19
1833685509,Deva Cassel,193.242.214.5,false,-6,enwiki,2024-10-27 20:47:50
1833685615,2024–25 Liverpool F.C. season,81.102.141.5,false,0,enwiki,2024-10-27 20:47:48
358026400,Gregor Franz Hradetzky,Silewe,false,51,dewiki,2024-10-27 20:48:13
1833685708,RJ Hampshire,BD2412,false,-6,enwiki,2024-10-27 20:48:24
1833685512,User talk:~delta,ClueBot III,true,-1470,enwiki,2024-10-27 20:47:50
1833685616,Albert Vigna,Red Director,false,14,enwiki,2024-10-27 20:48:01
358026404,Hunting-Clan Air Transport,Phzh,false,-9,dewiki,2024-10-27 20:48:20
1833685707,2024 in Mozambique,LucasBrown,false,99,enwiki,2024-10-27 20:48:23
1833685519,Totem tennis,Jpbowen,false,192,enwiki,2024-10-27 20:47:49
1833685618,Template:Body roundness index/sandbox/bmi.css,Uwappa,false,26,enwiki,2024-10-27 20:48:03
1833685711,Cacharel,MainlyTwelve,false,4,enwiki,2024-10-27 20:48:24
1833685601,Talk:Global Change Game,OpalYosutebito,false,5,enwiki,2024-10-27 20:47:58
1833685619,Category talk:Maryland Transit Administration line maps,Tom.Reding,false,21,enwiki,2024-10-27 20:48:02
358026407,Bliestal Kliniken,Jü,false,1,dewiki,2024-10-27 20:48:27
358026410,Insektensterben,KaiMartin,false,8,dewiki,2024-10-27 20:48:36
1833685603,List of community radio stations in the United States,Allreet,false,201,enwiki,2024-10-27 20:47:57
1833685702,User:ClueBot III/Detailed Indices/User talk:~delta/Archives/2024/September,ClueBot III,true,503,enwiki,2024-10-27 20:48:23
1833685715,2011 in Mozambique,LucasBrown,false,99,enwiki,2024-10-27 20:48:26
358026408,Münstersche Armee,JWBE,false,-3,dewiki,2024-10-27 20:48:31
1833685602,Tropical Storm Fay (2020),Shmego,false,-54,enwiki,2024-10-27 20:47:54
1833685703,Dylan Quercia,Willthacheerleader18,false,-1,enwiki,2024-10-27 20:48:23
1833685716,Category talk:Nebraska maps,Tom.Reding,false,-8,enwiki,2024-10-27 20:48:27
1833685604,The Human Centipede 2 (Full Sequence),64.98.89.61,false,35,enwiki,2024-10-27 20:47:55
1833685705,Medchal Assembly constituency,InterstellarGamer12321,false,42,enwiki,2024-10-27 20:48:18
1833685717,Talk:Global Shares,OpalYosutebito,false,9,enwiki,2024-10-27 20:48:28
1833685605,Category talk:Maps on coins,Tom.Reding,false,21,enwiki,2024-10-27 20:47:59
1833685704,Category talk:National Football League team maps,Tom.Reding,false,21,enwiki,2024-10-27 20:48:23
1833685718,Protection of the Holy Virgin Mary Orthodox Church,Barrettsprivateers,false,600,enwiki,2024-10-27 20:48:27
358026413,Berthelsdorf,32X,false,37,dewiki,2024-10-27 20:48:43
1833685804,Category talk:PATH (rail system) maps,Tom.Reding,false,21,enwiki,2024-10-27 20:48:51
358026418,Wilhelm Kutscher,2A02:3037:312:4149:C87A:6CFF:FE26:A013,false,4,dewiki,2024-10-27 20:49:01
1833685913,Carthago delenda est,Koopinator,false,-109,enwiki,2024-10-27 20:49:21
1833685805,Clock,2A0A:EF40:C9:E901:50A:2BF2:AAEC:DF84,false,17,enwiki,2024-10-27 20:48:48
1833685900,List of governors of Edo State,Vanderwaalforces,false,3,enwiki,2024-10-27 20:49:17
1833686008,Gordon W. Lloyd,35.2.49.207,false,77,enwiki,2024-10-27 20:49:36
1833685806,Saints and Sinners (short story collection),Significa liberdade,false,25,enwiki,2024-10-27 20:48:51
1833685901,Category talk:Ukraine regional maps,Tom.Reding,false,21,enwiki,2024-10-27 20:49:19
1833685915,London Central Elementary High School,WhisperToMe,false,5,enwiki,2024-10-27 20:49:21
1833686009,Category talk:Wyoming maps,Tom.Reding,false,21,enwiki,2024-10-27 20:49:37
1833685807,Steve Moore (ice hockey),Stevemooregoat,false,-287,enwiki,2024-10-27 20:48:51
1833685902,Politics of New York City,Middleground1,false,630,enwiki,2024-10-27 20:49:18
1833685916,RAF Andreas,BD2412,false,-1,enwiki,2024-10-27 20:49:20
1833686010,Iranian nationalism,Vif12vf,false,25,enwiki,2024-10-27 20:49:35
358026416,Homosexualität im modernen Sport,Matteo da Torino,false,-9,dewiki,2024-10-27 20:48:47
1833685810,Charlotte Jones Anderson,92.236.42.158,false,-446,enwiki,2024-10-27 20:48:51
1833685903,Min and Bill,38.42.34.32,false,-22,enwiki,2024-10-27 20:49:21
1833685917,User:Willthacheerleader18,Willthacheerleader18,false,20,enwiki,2024-10-27 20:49:22
1833686018,Bernhard Raab,125.163.243.71,false,-15,enwiki,2024-10-27 20:49:38
358026414,Wikipedia Diskussion:Wiki Loves Monuments 2024/Deutschland/Jury,Ailura,false,109,dewiki,2024-10-27 20:48:45
1833685811,Kudumbasree Travels,MrLinkinPark333,false,-63,enwiki,2024-10-27 20:48:52
1833685904,User:Nigel Ish/Sandbox HMS Lucifer (1915),Nigel Ish,false,517,enwiki,2024-10-27 20:49:19
1833685918,Constantine Samuel Rafinesque,Citation bot,true,48,enwiki,2024-10-27 20:49:21
1833686019,Template talk:Duality and spaces of linear maps,Tom.Reding,false,21,enwiki,2024-10-27 20:49:40
1833685800,User talk:Sir MemeGod,Sir MemeGod,false,1,enwiki,2024-10-27 20:48:42
1833685817,Talk:GrandPad,OpalYosutebito,false,4,enwiki,2024-10-27 20:48:55
1833685905,Wikipedia:Categories for discussion/Log/2024 October 24,RevelationDirect,false,175,enwiki,2024-10-27 20:49:19
1833686001,1982 FIFA World Cup qualification (AFC and OFC),2A0C:5A84:670F:D100:F0F1:84B4:885D:BED7,false,-4,enwiki,2024-10-27 20:49:28
358026415,Benutzer:EricSabell72/Eurotop Keuken-Arkel,EricSabell72,false,154,dewiki,2024-10-27 20:48:47
1833685801,2024–25 Super League Greece,176.58.192.7,false,3,enwiki,2024-10-27 20:48:44
1833685816,Category talk:Pennsylvania maps,Tom.Reding,false,-3,enwiki,2024-10-27 20:48:55
358026419,Benutzer:EricSabell72/Eurotop Keuken-Arkel,EricSabell72,false,-14,dewiki,2024-10-27 20:49:06
1833685908,Octavio Brunetti,Edward Bednar,false,2,enwiki,2024-10-27 20:49:20
1833686002,Georges Lemaître,Eb.hoop2,false,125,enwiki,2024-10-27 20:49:34
1833685802,Milan Corryn,2A02:AB04:3A2:A600:D27:FE8B:543A:8733,false,0,enwiki,2024-10-27 20:48:50
1833685818,Therese Sjögran,A bit iffy,false,112,enwiki,2024-10-27 20:48:51
1833685914,Talk:Grandsire,OpalYosutebito,false,6,enwiki,2024-10-27 20:49:21
1833686007,Spectrum Brands,Codehydro,false,-33,enwiki,2024-10-27 20:49:37
1833685803,Heather Beers,BikBos66,false,-2,enwiki,2024-10-27 20:48:50
358026417,Leerzug,PhiH,false,-1094,dewiki,2024-10-27 20:48:56
1833685912,Northlane,78.150.132.40,false,-10,enwiki,2024-10-27 20:49:19
1833686105,Category talk:Cnidarians of Hawaii,Tom.Reding,false,28,enwiki,2024-10-27 20:50:05
1833686116,2024–25 Russian First League,Geregen2,false,53,enwiki,2024-10-27 20:50:07
1833686212,Legislative Chamber of Uzbekistan,85.31.250.202,false,-28,enwiki,2024-10-27 20:50:27
1833686107,List of companies of South Africa,197.221.102.21,false,-7,enwiki,2024-10-27 20:50:04
1833686118,Category talk:Cnidarians of the Atlantic Ocean,Tom.Reding,false,28,enwiki,2024-10-27 20:50:08
1833686211,Anthony Perkins,Moe1810,false,36,enwiki,2024-10-27 20:50:24
1833686108,Perak Island,Hongqilim,false,0,enwiki,2024-10-27 20:50:05
1833686213,Avro Lancaster,CambridgeBayWeather,false,38,enwiki,2024-10-27 20:50:26
1833686109,2024 Miami Hurricanes football team,Mjeims,false,0,enwiki,2024-10-27 20:50:05
1833686214,Jakub Paur,2A02:AB04:3A2:A600:D27:FE8B:543A:8733,false,0,enwiki,2024-10-27 20:50:30
1833686111,"Kherson electoral district (Russian Constituent Assembly election, 1917)",Soman,false,844,enwiki,2024-10-27 20:50:06
1833686204,Myles Lewis-Skelly,Arsenal1973,false,-2,enwiki,2024-10-27 20:50:27
1833686218,Utah State University,TaffyPuller1832,false,32,enwiki,2024-10-27 20:50:25
1833686112,List of awards and nominations received by Natalia Oreiro,Pichpich,false,113,enwiki,2024-10-27 20:50:06
1833686205,Elden Ring,2601:47:1:9C20:BC54:4E25:8B05:5BD5,false,63,enwiki,2024-10-27 20:50:22
1833686101,Zoonosis,Ira Leviton,false,-39,enwiki,2024-10-27 20:49:59
1833686115,User:Middleground1/sandbox,Middleground1,false,-5631,enwiki,2024-10-27 20:50:06
1833686206,Jason Dawe (presenter),Haymrsapceman,false,69,enwiki,2024-10-27 20:50:28
1833686103,College football national championships in NCAA Division I FBS,Jeff in CA,false,4,enwiki,2024-10-27 20:49:42
1833686113,Draft:Seunghan,RachelTensions,false,2054,enwiki,2024-10-27 20:50:05
1833686207,International Committee of the Fourth International,Rambling Rambler,false,-4,enwiki,2024-10-27 20:50:27
1833686104,NCAA Division I FBS independent schools,Fma12,false,9,enwiki,2024-10-27 20:50:03
1833686114,World Trade Center in popular culture,Moxmarco,false,154,enwiki,2024-10-27 20:50:05
1833686208,Category talk:Crustaceans of Australia,Tom.Reding,false,28,enwiki,2024-10-27 20:50:29
1833686106,Talk:Ashkenormativity,SineBot,true,257,enwiki,2024-10-27 20:50:05
1833686209,2024–25 Queen of the South F.C. season,Rusty1111,false,300,enwiki,2024-10-27 20:50:25
1833686400,List of candies,85.237.234.49,false,-45,enwiki,2024-10-27 20:51:19
1833686515,History of Kyiv,Nederlandse Leeuw,false,-33,enwiki,2024-10-27 20:51:41
1833686514,Martin Šulek,2A02:AB04:3A2:A600:D27:FE8B:543A:8733,false,0,enwiki,2024-10-27 20:51:43
1833686302,Category talk:Crustaceans of the Atlantic Ocean,Tom.Reding,false,28,enwiki,2024-10-27 20:50:58
1833686405,Ibo Aslan,Acratopotes,false,146,enwiki,2024-10-27 20:51:24
1833686501,Alberto del Canto,Morogris,false,-34,enwiki,2024-10-27 20:51:39
1833686516,Roman Amoyan,Simeon,false,12,enwiki,2024-10-27 20:51:42
1833686306,List of acts of the Parliament of Great Britain from 1772,Hughbe98,false,56,enwiki,2024-10-27 20:50:49
1833686504,Tum Dena Saath Mera,Gotitbro,false,217,enwiki,2024-10-27 20:51:40
1833686517,Category talk:It's Showtime (kickboxing),Tom.Reding,false,15,enwiki,2024-10-27 20:51:43
1833686307,Template:Alternative metal,Donald Albury,false,1,enwiki,2024-10-27 20:50:58
1833686415,Category talk:Starfish by year of formal description,Tom.Reding,false,28,enwiki,2024-10-27 20:51:26
1833686508,User:Zachary CMB/sandbox,Zachary CMB,false,9,enwiki,2024-10-27 20:51:39
1833686308,Kurdish Freedom and Democracy Alliance,Braganza,false,47,enwiki,2024-10-27 20:50:58
1833686416,User talk:Rosiestep,Gerda Arendt,false,450,enwiki,2024-10-27 20:51:25
1833686509,Down with Israel,Koopinator,false,31,enwiki,2024-10-27 20:51:39
1833686309,New York Museum of Science and Industry,Bernanke's Crossbow,false,360,enwiki,2024-10-27 20:50:59
1833686417,Wikipedia:Wiki Ed/University of Washington/Building Successful Online Communities (Fall 2024),Betty Cohn,false,27,enwiki,2024-10-27 20:51:26
1833686510,Belvallette Frères,Neptun22,false,94,enwiki,2024-10-27 20:51:41
1833686419,2017 Supersport World Championship,Kaltenmeyer,false,1,enwiki,2024-10-27 20:51:23
1833686512,Bigg Boss (Telugu TV series) season 8,Raghavmadival01,false,21,enwiki,2024-10-27 20:51:38
1833686311,Talk:Grantsmart,OpalYosutebito,false,10,enwiki,2024-10-27 20:51:00
1833686513,Template:College football,Fma12,false,66,enwiki,2024-10-27 20:51:42
1833686401,2024 Georgian parliamentary election,Brat Forelli,false,0,enwiki,2024-10-27 20:51:17
1833686519,User talk:Airplaneman,Airplaneman,false,404,enwiki,2024-10-27 20:51:41
358026505,Benutzer:Roehrensee/Baustelle 6,Roehrensee,false,600,dewiki,2024-10-27 20:51:50
358026509,Wikipedia:Vandalismusmeldung,Schotterebene,false,205,dewiki,2024-10-27 20:51:57
1833686613,Interior with a Child Feeding a Parrot,Jane & the Angels,false,5,enwiki,2024-10-27 20:52:04
1833686703,History of Jerusalem,Lionel Messi Lover,false,1,enwiki,2024-10-27 20:52:23
1833686713,Toketee Falls,2603:6080:8007:A7C6:339F:5AF1:879:8F4F,false,-65,enwiki,2024-10-27 20:52:30
358026506,Liste der Kulturdenkmale in Chemnitz-Altchemnitz,Lguenth1,false,-40,dewiki,2024-10-27 20:51:47
358026510,Wikipedia Diskussion:Wiki Loves Monuments 2024/Deutschland/Jury,Ailura,false,83,dewiki,2024-10-27 20:51:58
1833686614,"St Mary's Christian Brothers' Grammar School, Belfast",The Banner,false,-169,enwiki,2024-10-27 20:52:02
358026507,Tierpark Berlin,Earwig,false,-13,dewiki,2024-10-27 20:51:52
1833686705,Wikipedia:Requested moves/Current discussions,RMCD bot,true,-635,enwiki,2024-10-27 20:52:23
1833686716,Chanteurs masqués,Maskedman111,false,371,enwiki,2024-10-27 20:52:29
358026511,Diskussion:Creedence Clearwater Revival,Oderaberüber,false,213,dewiki,2024-10-27 20:51:59
1833686619,Tajik Canadians,Bukboy35,false,-300,enwiki,2024-10-27 20:52:05
1833686717,Wikipedia:Requested moves/Current discussions (alt),RMCD bot,true,-636,enwiki,2024-10-27 20:52:26
1833686707,Wikipedia:Dashboard/Requested moves,RMCD bot,true,-136,enwiki,2024-10-27 20:52:28
1833686718,Wikipedia:Requested moves/Current discussions (table),RMCD bot,true,-254,enwiki,2024-10-27 20:52:29
358026503,Deutsche Rennslalom-Meisterschaft,Bb-slalom,false,276,dewiki,2024-10-27 20:51:48
358026512,Benutzer Diskussion:Emergency doc,Emergency doc,false,214,dewiki,2024-10-27 20:52:01
358026504,Diskussion:Philip Nitschke,SignaturBot,false,47,dewiki,2024-10-27 20:51:49
358026508,Cioma Schönhaus,RexCalibur,false,-2,dewiki,2024-10-27 20:51:57
1833686604,Wikipedia talk:WikiProject Plants/Stub to Start drive,Eewilson,false,750,enwiki,2024-10-27 20:52:03
1833686708,Category talk:Archery in France,Tom.Reding,false,29,enwiki,2024-10-27 20:52:29
1833686605,Friesland Porzellan,Matthiaspaul,false,-52,enwiki,2024-10-27 20:52:01
1833686709,Talk:Goldsworthy Productions,OpalYosutebito,false,8,enwiki,2024-10-27 20:52:29
1833686608,User:Davidgoodheart/sandbox,Davidgoodheart,false,86,enwiki,2024-10-27 20:52:03
1833686700,Talk:France in the Eurovision Song Contest 1957,Spleennn,false,612,enwiki,2024-10-27 20:52:26
1833686710,Erik Daniel,2A02:AB04:3A2:A600:D27:FE8B:543A:8733,false,-4,enwiki,2024-10-27 20:52:29
1833686611,Category talk:Kickboxing in Scotland,Tom.Reding,false,44,enwiki,2024-10-27 20:52:04
1833686711,Saw IV,2603:6080:3200:47E4:8830:6CF7:9273:930A,false,-19,enwiki,2024-10-27 20:52:29
1833686807,Vojtěch Kubista,2A02:AB04:3A2:A600:D27:FE8B:543A:8733,false,0,enwiki,2024-10-27 20:52:53
1833686808,Category talk:Asian Fencing Championships,Tom.Reding,false,29,enwiki,2024-10-27 20:52:53
1833686913,Talk:Gordoon,OpalYosutebito,false,8,enwiki,2024-10-27 20:53:22
1833686809,2024 Japanese general election,2A02:6B67:E700:800:B999:E82E:DD3E:9112,false,9,enwiki,2024-10-27 20:52:49
1833686900,Template talk:Archery at the 2014 Summer Youth Olympics,Tom.Reding,false,29,enwiki,2024-10-27 20:53:18
1833686813,User talk:Graham87,Dilettante,false,1080,enwiki,2024-10-27 20:52:53
1833686901,49th Legislature of the Chamber of Deputies of Uruguay,Moondragon21,false,632,enwiki,2024-10-27 20:53:18
1833686917,Britney Spears videography,LoverReps,false,274,enwiki,2024-10-27 20:53:19
1833686816,Mohammed bin Salman,185.107.105.168,false,2,enwiki,2024-10-27 20:52:47
1833686904,Short film,Bearcat,false,497,enwiki,2024-10-27 20:53:19
1833686918,Wikipedia:Reference desk/Computing,Music Air BB,false,-5,enwiki,2024-10-27 20:53:24
1833686919,2024 Tel Aviv truck attack,ForsythiaJo,false,43,enwiki,2024-10-27 20:53:24
1833686907,Mike Amesbury,Eastwood Park and strabane,false,16,enwiki,2024-10-27 20:53:19
1833686804,Talk:GOMS,OpalYosutebito,false,5,enwiki,2024-10-27 20:52:53
1833686806,Marko Livaja,Gpsallas,false,1,enwiki,2024-10-27 20:52:50
1833686909,Wikipedia:Articles for deletion/List of songs that retell a work of literature,Mushy Yank,false,571,enwiki,2024-10-27 20:53:21
1833686805,Corpse Bride,2600:6C63:6DF0:F7B0:38BF:D87A:71BC:A3B2,false,21,enwiki,2024-10-27 20:52:51
1833686911,Category talk:Classical fencing,Tom.Reding,false,30,enwiki,2024-10-27 20:53:21
1833687007,User:Davidgoodheart/sandbox,Davidgoodheart,false,1,enwiki,2024-10-27 20:53:49
358026605,HC Kometa Brno,Kaisehr74,false,29,dewiki,2024-10-27 20:54:14
358026609,Adrian Warburton,Aka,false,19,dewiki,2024-10-27 20:54:18
1833687107,Steve Moore (ice hockey),Stevemooregoat,false,287,enwiki,2024-10-27 20:54:19
1833687006,Canadair Sabre,CambridgeBayWeather,false,38,enwiki,2024-10-27 20:53:47
358026602,Benutzer:Eisenbahnbrücke,Eisenbahnbrücke,false,1,dewiki,2024-10-27 20:54:06
1833687108,Template:Admin recall notice/AN,Dilettante,false,-2,enwiki,2024-10-27 20:54:21
1833687110,Janak Dhruw,Davidindia,false,51,enwiki,2024-10-27 20:54:21
1833687016,User:MacronMonitor/LinkAlerts,MacronMonitor,false,295,enwiki,2024-10-27 20:53:48
358026603,Bob Love,Aka,false,14,dewiki,2024-10-27 20:54:09
358026607,Marie Christine Giuliani,213.142.97.99,false,-36,dewiki,2024-10-27 20:54:15
1833687101,Calcutta Historical Society,Greatesteverliveth,false,-8,enwiki,2024-10-27 20:54:18
1833687111,Category talk:Fencing competitions in Azerbaijan,Tom.Reding,false,29,enwiki,2024-10-27 20:54:21
1833687017,Manneken Pis,81.246.19.211,false,3,enwiki,2024-10-27 20:53:44
358026601,Mordanschlag von Hamburg-Billbrook,Bernhard Diener,false,-18,dewiki,2024-10-27 20:54:00
1833687100,Corydiidae,Junsik1223,false,52,enwiki,2024-10-27 20:54:17
1833687018,Louis Beam,Lightiggy,false,-38,enwiki,2024-10-27 20:53:47
358026608,Liste der politischen Parteien in Deutschland,ShannonBlack84,false,260,dewiki,2024-10-27 20:54:11
1833687103,2024–25 Lexington SC season,HavanaHeat,false,13,enwiki,2024-10-27 20:54:16
1833687019,Category talk:Fencing at the 2014 Summer Youth Olympics,Tom.Reding,false,29,enwiki,2024-10-27 20:53:50
1833687104,User talk:Advance512,Selfstudier,false,357,enwiki,2024-10-27 20:54:19
1833687002,Busan,Retro,false,-4,enwiki,2024-10-27 20:53:42
1833687105,Wikipedia:Wiki Ed/University of Washington/Building Successful Online Communities (Fall 2024),Betty Cohn,false,31,enwiki,2024-10-27 20:54:20
1833687003,Mega Spilaio,Trappist the monk,false,-17,enwiki,2024-10-27 20:53:48
358026610,Wikipedia:Redaktion Altertum/Römischer Limes/Dakischer Limes,Hartmann Linge,false,26,dewiki,2024-10-27 20:54:20
1833687005,Talk:The Gossamer Project,OpalYosutebito,false,5,enwiki,2024-10-27 20:53:49
1833687106,Talk:Monty Bennett,Llll5032,false,362,enwiki,2024-10-27 20:54:17
1833687115,Starmer ministry,Darrenisback232,false,0,enwiki,2024-10-27 20:54:18
358026618,Diskussion:Mord (Deutschland),62.198.140.3,false,515,dewiki,2024-10-27 20:54:27
1833687203,2024–25 Inter Milan season,Chorus Guy,false,401,enwiki,2024-10-27 20:54:49
358026611,Henry John Carter,Aka,false,15,dewiki,2024-10-27 20:54:23
358026619,Liste der Kulturdenkmale in Bad Lausick,Lguenth1,false,-20,dewiki,2024-10-27 20:54:24
1833687209,User:S0091/AfC log,S0091,false,122,enwiki,2024-10-27 20:54:47
1833687118,Phillips Exeter Academy,Namelessposter,false,37,enwiki,2024-10-27 20:54:17
1833687119,2024–25 Inter Milan season,Chorus Guy,false,225,enwiki,2024-10-27 20:54:11
1833687211,Dulles International Airport,The Banner,false,62,enwiki,2024-10-27 20:54:47
1833687212,Category talk:Fencing competitions in Mexico,Tom.Reding,false,29,enwiki,2024-10-27 20:54:49
1833687213,Make Some Noise (film),Bearcat,false,-24,enwiki,2024-10-27 20:54:52
358026614,Johann Jacob Siebenfreund,Brettchenweber,false,12,dewiki,2024-10-27 20:54:25
1833687200,Romain Franco,Robinson Drinkald,false,-63,enwiki,2024-10-27 20:54:49
1833687215,Blattidae,Junsik1223,false,54,enwiki,2024-10-27 20:54:50
1833687201,Template:Pop rock,Donald Albury,false,37,enwiki,2024-10-27 20:54:49
1833687216,2016 European Athletics Championships – Women's long jump,Jennypedia,false,306,enwiki,2024-10-27 20:54:48
1833687202,Kenan Yıldız,ReaperSox,false,0,enwiki,2024-10-27 20:54:49
1833687204,Rhythm Sangwan,SmartyPants22,false,-129,enwiki,2024-10-27 20:54:50
1833687301,Kharvi,Kharvigoa,false,28,enwiki,2024-10-27 20:55:15
1833687313,2025 AFC U-17 Asian Cup,Schnapper,false,-83,enwiki,2024-10-27 20:55:18
1833687302,Alexander Stewart (singer),CWFoxFan,false,169,enwiki,2024-10-27 20:55:16
1833687317,Kenan Yıldız,ReaperSox,false,0,enwiki,2024-10-27 20:55:18
1833687303,D'eux,Androl,false,-2,enwiki,2024-10-27 20:55:12
1833687319,Jakub Kiwior,Arsenal1973,false,1,enwiki,2024-10-27 20:55:17
1833687304,Bruce Lee: The Lost Interview,Bearcat,false,12,enwiki,2024-10-27 20:55:16
1833687305,User talk:Andrevan,Valjean,false,774,enwiki,2024-10-27 20:55:16
1833687306,"Tamworth railway station, New South Wales",NSW TrainLink,false,20,enwiki,2024-10-27 20:55:16
1833687308,Category talk:Fencing competitions in Switzerland,Tom.Reding,false,29,enwiki,2024-10-27 20:55:17
1833687309,How Awful About Allan,Moe1810,false,31,enwiki,2024-10-27 20:55:17
1833687400,Category talk:Fencing competitions in the United Kingdom,Tom.Reding,false,29,enwiki,2024-10-27 20:55:38
1833687310,Talk:Tamilaga Vettri Kazhagam,Thebiguglyalien,false,660,enwiki,2024-10-27 20:55:17
1833687300,User:AlH42/sandbox3,AlH42,false,-548,enwiki,2024-10-27 20:55:16
1833687311,Template:2024–25 3. Liga table,Kante4,false,0,enwiki,2024-10-27 20:55:18
1833687402,Rajshahi,Cerium4B,false,64,enwiki,2024-10-27 20:55:35
1833687404,Conseil scolaire public du Nord-Est de l'Ontario,208.96.84.121,false,148,enwiki,2024-10-27 20:55:39
1833687416,Category talk:Fencing images,Tom.Reding,false,29,enwiki,2024-10-27 20:55:42
1833687506,"Draft:Lewis family of Van, Glamorganshire",Demosthenes1999,false,61,enwiki,2024-10-27 20:56:07
1833687419,Calcutta Historical Society,Greatesteverliveth,false,-173,enwiki,2024-10-27 20:55:44
1833687507,Barwaha,Davemck,false,-12,enwiki,2024-10-27 20:56:09
1833687407,2024–25 Bundesliga,Kante4,false,0,enwiki,2024-10-27 20:55:37
1833687508,Mutsuhiro Watanabe,2401:7400:4022:A21F:91C2:4D03:333F:CE9B,false,30,enwiki,2024-10-27 20:56:08
1833687409,Sheikh Waqas Akram,Titan2456,false,200,enwiki,2024-10-27 20:55:38
1833687500,Communist Party of Tajikistan,85.31.250.202,false,1,enwiki,2024-10-27 20:56:03
1833687501,South Island Main Trunk Railway,115.69.185.180,false,-8,enwiki,2024-10-27 20:56:05
1833687510,Tom Cruise,Chirpy-slirpy-BURPY,false,2,enwiki,2024-10-27 20:56:05
1833687502,Termite,Junsik1223,false,14,enwiki,2024-10-27 20:55:59
1833687509,Category:People from Cottesbrooke,Ernsanchez00,false,22,enwiki,2024-10-27 20:56:10
1833687410,Elden Ring,Fathoms Below,false,-63,enwiki,2024-10-27 20:55:35
1833687504,Conseil scolaire public du Nord-Est de l'Ontario,208.96.84.121,false,2,enwiki,2024-10-27 20:56:07
1833687411,YouTube Kids,Liu1126,false,14,enwiki,2024-10-27 20:55:39
1833687505,2024–25 Juventus FC season,Island92,false,0,enwiki,2024-10-27 20:56:00
1833687516,2021–22 United States network television schedule,2603:7000:4E3E:7004:FBFC:6F93:E8BC:77C7,false,-15,enwiki,2024-10-27 20:56:04
358026700,Marko Simsa,Aka,false,15,dewiki,2024-10-27 20:56:29
1833687415,Omari Hutchinson,81.246.19.211,false,28,enwiki,2024-10-27 20:55:40
1833687518,Darragh Canavan,2A00:23C8:A2CE:1201:1907:86C:AF9E:7127,false,0,enwiki,2024-10-27 20:56:11
358026701,Hermann Markl,Johann Nepomuk,false,298,dewiki,2024-10-27 20:56:31
358026706,Irama,Aka,false,15,dewiki,2024-10-27 20:56:44
358026718,Burschenschaft Arminia Würzburg,Alrael,false,44,dewiki,2024-10-27 20:57:11
1833687617,Mutsuhiro Watanabe,2401:7400:4022:A21F:91C2:4D03:333F:CE9B,false,2,enwiki,2024-10-27 20:56:44
1833687618,PCGamingWiki,Yeeno,false,1,enwiki,2024-10-27 20:56:44
1833687619,User talk:Koshchki123/Archive 3,ClueBot III,true,6697,enwiki,2024-10-27 20:56:45
358026717,Benutzer Diskussion:Sturmauge,Känguru1890,false,1343,dewiki,2024-10-27 20:57:09
358026710,Aldo Vergano,Aka,false,16,dewiki,2024-10-27 20:56:54
358026714,Wout van Aert,Nicola,false,683,dewiki,2024-10-27 20:57:03
1833687700,Nilofar Bakhtiar,92.16.24.8,false,11,enwiki,2024-10-27 20:57:12
358026715,Vorlage:Navigationsleiste Bahnradweltmeisterschaften,Rz98,false,18,dewiki,2024-10-27 20:57:06
1833687701,2024 Mérida Open – Singles,Yimingbao,false,8,enwiki,2024-10-27 20:57:11
358026702,Cahn-Ingold-Prelog-Konvention,Kreuz Elf,false,138,dewiki,2024-10-27 20:56:33
1833687607,SDSS 1624+00,Citation bot,true,23,enwiki,2024-10-27 20:56:40
358026709,Almut Wagner,Seemannssonntag,false,6,dewiki,2024-10-27 20:56:51
358026711,Liste der Kulturdenkmale in Großbothen,Lguenth1,false,0,dewiki,2024-10-27 20:56:55
358026716,Fred Stauffer,Hadi,false,109,dewiki,2024-10-27 20:57:07
358026719,Jeep Avenger,Alexander-93,false,460,dewiki,2024-10-27 20:57:13
358026704,Schülerforschungszentrum Nordhessen,80.69.195.106,false,-1,dewiki,2024-10-27 20:56:37
358026705,Lindsey Shaw,Aka,false,15,dewiki,2024-10-27 20:56:41
1833687613,"The Cenotaph, Whitehall",HeyElliott,false,99,enwiki,2024-10-27 20:56:43
1833687711,The Cenotaph,HeyElliott,false,-7,enwiki,2024-10-27 20:57:07
358026703,"Wikipedia:Kandidaturen von Artikeln, Listen und Portalen",Dioskorides,false,308,dewiki,2024-10-27 20:56:35
1833687615,Fifth generation,Michaelofg,false,-1,enwiki,2024-10-27 20:56:44
1833687811,Talk:Gosset graph,OpalYosutebito,false,8,enwiki,2024-10-27 20:57:43
1833687812,Aryan Republican Army,Regulov,false,1,enwiki,2024-10-27 20:57:42
1833687813,Mathieu Scalet,Gpsallas,false,4,enwiki,2024-10-27 20:57:43
1833687814,User talk:ZigGibson,S0091,false,4382,enwiki,2024-10-27 20:57:43
1833687817,Draft:Alan (Zig) St Clair Gibson,S0091,false,215,enwiki,2024-10-27 20:57:43
1833687818,User talk:Jannatulbaqi,Canopica391,false,552,enwiki,2024-10-27 20:57:44
1833687802,Billy McFarland,GreenC,false,-572,enwiki,2024-10-27 20:57:39
1833687819,2004–05 Gillingham F.C. season,ChrisTheDude,false,161,enwiki,2024-10-27 20:57:43
1833687804,Template:International youth basketball (Women),Maiō T.,false,-14,enwiki,2024-10-27 20:57:42
1833687806,European route E6,82.173.160.29,false,18,enwiki,2024-10-27 20:57:40
1833687808,Talk:Phoenician people,RowanElder,false,308,enwiki,2024-10-27 20:57:37
1833687904,Will Reed,2A00:23C5:7424:4901:ECEE:29E2:2809:76FC,false,-88,enwiki,2024-10-27 20:58:13
1833688007,Calcutta Historical Society,Greatesteverliveth,false,6,enwiki,2024-10-27 20:58:43
1833687903,"Sister, Sister (TV series)",Browning13,false,57,enwiki,2024-10-27 20:58:11
1833687906,Teo Shun Xie,SmartyPants22,false,163,enwiki,2024-10-27 20:58:13
1833688008,Yasutaka Hinoi,95.147.122.119,false,1,enwiki,2024-10-27 20:58:43
1833687907,Calcutta Historical Society,Greatesteverliveth,false,-171,enwiki,2024-10-27 20:58:14
1833688009,Kozhikode International Airport,AnomieBOT,true,180,enwiki,2024-10-27 20:58:39
1833688015,Safa Kabir,Fwullah,false,118,enwiki,2024-10-27 20:58:43
1833687913,"Limbé, Cameroon",Colman2000,false,-21,enwiki,2024-10-27 20:58:15
1833688000,Al-Yazdiah,Katharineamy,false,-3,enwiki,2024-10-27 20:58:40
1833688016,Tirupati Airport,AnomieBOT,true,36,enwiki,2024-10-27 20:58:42
1833687900,Wikipedia:In the news/Candidates,TheCorriynial,false,159,enwiki,2024-10-27 20:58:01
1833687917,Talk:Gotstyle,OpalYosutebito,false,9,enwiki,2024-10-27 20:58:17
1833688001,Special Unit Golubovi,Prololololol,false,22,enwiki,2024-10-27 20:58:40
1833688017,Interior with a Man Reading a Letter and a Woman Sewing,Jane & the Angels,false,-6,enwiki,2024-10-27 20:58:44
1833687919,User talk:Stivushka,Stivushka,false,113,enwiki,2024-10-27 20:58:16
1833688002,Sergio Oliva,Shishir9218,false,15,enwiki,2024-10-27 20:58:40
1833688018,Shirin Towfigh,ForsythiaJo,false,299,enwiki,2024-10-27 20:58:44
1833687901,Al-Yazdiah,Katharineamy,false,18,enwiki,2024-10-27 20:58:12
1833687918,RAF Chedburgh,BD2412,false,3,enwiki,2024-10-27 20:58:16
1833688003,Fast ferry scandal,Cremastra,false,159,enwiki,2024-10-27 20:58:41
1833688019,Monmouthshire,Jpbowen,false,9,enwiki,2024-10-27 20:58:40
1833687902,Glasat na Bulgaria season 11,Volknerbat,false,19,enwiki,2024-10-27 20:58:12
1833688004,Seacoast defense in the United States,2601:14D:4B80:1950:6D08:D9AA:1B05:55BF,false,230,enwiki,2024-10-27 20:58:37
1833688101,Vangjel Dule,62.74.24.232,false,-14,enwiki,2024-10-27 20:59:06
1833688216,Skoropadsky family,2A02:810D:BC40:2D4:142F:817F:AE42:F3FF,false,-29,enwiki,2024-10-27 20:59:33
1833688217,2024 U23 World Wrestling Championships – Men's freestyle 57 kg,223.178.212.120,false,-9,enwiki,2024-10-27 20:59:32
1833688103,Indian Idol (Hindi TV series),2409:4060:200:B372:0:0:13C1:8B0,false,-1,enwiki,2024-10-27 20:59:02
1833688202,"Church of Holy Trinity, Minsk",Monkbot,true,1,enwiki,2024-10-27 20:59:29
1833688104,Anupamaa,Avish773,false,16,enwiki,2024-10-27 20:59:04
1833688205,Oral gospel traditions,Silverfish2024,false,199,enwiki,2024-10-27 20:59:30
1833688105,Jess Carter,Lionjr16,false,323,enwiki,2024-10-27 20:59:04
1833688203,Cooks Wharf,Starklinson,false,97,enwiki,2024-10-27 20:59:28
1833688209,Six Flags Over Georgia,24.179.74.160,false,-3,enwiki,2024-10-27 20:59:29
1833688210,Eva Vlaardingerbroek,FMSky,false,-1,enwiki,2024-10-27 20:59:31
1833688109,2024 U23 World Wrestling Championships,223.178.212.120,false,-11,enwiki,2024-10-27 20:59:02
1833688208,User talk:Papasfritas574733,JalenBarks,false,885,enwiki,2024-10-27 20:59:31
1833688212,Draft:Diary of a Wimpy Kid: Hot Mess (2),JalenBarks,false,68,enwiki,2024-10-27 20:59:31
1833688100,2025 World Women's Handball Championship – European qualification,Kante4,false,17,enwiki,2024-10-27 20:59:05
1833688215,Hoshi Wo Miru Hito,OpalYosutebito,false,38,enwiki,2024-10-27 20:59:32
1833688304,Axel Kaiser,2800:200:ED80:1A0:F5B1:B489:EDCB:D430,false,-35,enwiki,2024-10-27 20:59:58
358026815,Daniele Negroni,Niels Nielsen,false,57,dewiki,2024-10-27 21:00:09
1833688412,Glasat na Bulgaria season 11,Volknerbat,false,-50,enwiki,2024-10-27 21:00:21
358026808,Wikipedia:Redaktion Biologie/Bestimmung/Archiv/024,AnRo0002,false,10,dewiki,2024-10-27 20:59:48
358026816,Wikipedia:Vandalismusmeldung/Archiv/2024/10/27,TaxonBot,true,3601,dewiki,2024-10-27 21:00:11
358026809,Wout van Aert,Nicola,false,113,dewiki,2024-10-27 20:59:56
1833688401,Deolinda Rodrigues,Yue,false,-23,enwiki,2024-10-27 21:00:18
1833688413,Wojciech Stawowy,KibolLP,false,1188,enwiki,2024-10-27 21:00:21
358026803,Benutzer:He3nry/Gata Cattana,He3nry,false,23,dewiki,2024-10-27 20:59:54
1833688315,Migraine,Citation bot,true,-71,enwiki,2024-10-27 20:59:53
358026814,Paraense Transportes Aéreos,Uli Elch,false,0,dewiki,2024-10-27 21:00:09
1833688414,Talk:Yosef Abramowitz,Rfl0216,false,-6,enwiki,2024-10-27 21:00:23
358026805,Bitschlupf,Acky69,false,56,dewiki,2024-10-27 20:59:58
1833688316,Category:Members of the Chamber of Representatives of Uruguay,Moondragon21,false,51,enwiki,2024-10-27 21:00:00
1833688404,Superettan,Ho-ju-96,false,10,enwiki,2024-10-27 21:00:17
1833688415,Wikipedia:Articles for deletion/Celestial (Ed Sheeran song),Pokelego999,false,1,enwiki,2024-10-27 21:00:24
1833688317,User:Du Macedo/sandbox,Du Macedo,false,2719,enwiki,2024-10-27 20:59:46
358026818,Trzemeszno,Buntwasser,false,168,dewiki,2024-10-27 21:00:13
1833688407,Russians in Finland,85.206.172.230,false,-1,enwiki,2024-10-27 21:00:19
1833688416,Jay O'Brien (ice hockey),Joeykai,false,-31,enwiki,2024-10-27 21:00:22
1833688319,Chipaque Formation,Monkbot,true,1,enwiki,2024-10-27 20:59:58
358026813,Wikipedia:Vandalismusmeldung,TaxonBot,true,-3601,dewiki,2024-10-27 21:00:05
1833688408,Completing the square,Jacobolus,false,8,enwiki,2024-10-27 21:00:18
1833688417,User:DreamRimmer bot/Redirects.json,DreamRimmer bot,true,1439,enwiki,2024-10-27 21:00:25
358026806,Benutzer:Mariusowitsch/Gemäldegalerie,Mariusowitsch,false,6,dewiki,2024-10-27 20:59:58
358026810,Deutsch-myanmarische Beziehungen,YMS,false,-16,dewiki,2024-10-27 21:00:01
358026819,Euromünzen,Jed,false,-247,dewiki,2024-10-27 21:00:12
1833688409,Talk:Spencer Cox,Aidan9382-Bot,true,-13,enwiki,2024-10-27 21:00:20
358026804,Hoppingen,Bergleschieber107,false,-56,dewiki,2024-10-27 20:59:54
1833688410,List of Kolkata Presidencians,2409:40E6:4:719F:8000:0:0:0,false,1,enwiki,2024-10-27 21:00:21
358026807,ATP Challenger Brest,Siebenschläferchen,false,-5,dewiki,2024-10-27 20:59:58
358026812,Vorlage:Revert-Statistik,Revert-Statistik,true,0,dewiki,2024-10-27 21:00:04
1833688411,Mohammed Burhanuddin I,Monkbot,true,1,enwiki,2024-10-27 21:00:21
1833688504,Talk:Government risk,OpalYosutebito,false,9,enwiki,2024-10-27 21:00:38
1833688605,Landolfo Caracciolo,RandomuserX1,false,12,enwiki,2024-10-27 21:01:11
1833688509,Toast,208.95.237.74,false,0,enwiki,2024-10-27 21:00:39
1833688606,Yada Yada Hi Dharmasya,DareshMohan,false,18,enwiki,2024-10-27 21:01:12
1833688510,Talk:List of cryptids,Carlstak,false,186,enwiki,2024-10-27 21:00:37
1833688607,Mohammed Salem Al-Enazi,Monkbot,true,1,enwiki,2024-10-27 21:01:11
1833688511,Osnabrück Land,Monkbot,true,1,enwiki,2024-10-27 21:00:39
1833688608,User talk:86.22.237.122,Mattythewhite,false,940,enwiki,2024-10-27 21:01:13
1833688513,Talk:Champia novae-zelandiae,Ira Leviton,false,-12,enwiki,2024-10-27 21:00:40
1833688512,Province of Maryland,184.152.68.190,false,-6,enwiki,2024-10-27 21:00:37
1833688516,2024–25 Premier League,TheRowdyruffBoys,false,-26,enwiki,2024-10-27 21:00:36
1833688600,Stephen Dorff,Twixister,false,52,enwiki,2024-10-27 21:01:10
1833688612,List of Billboard 200 number-one albums of 2024,Lk95,false,559,enwiki,2024-10-27 21:01:13
1833688500,Athina Rachel Tsangari,186.204.57.244,false,-7,enwiki,2024-10-27 21:00:36
1833688517,Mikael Ishak,Gpsallas,false,1,enwiki,2024-10-27 21:00:38
1833688603,Template:Martin Luther King Jr. sidebar,Wabbuh,false,-9,enwiki,2024-10-27 21:01:12
1833688614,Yukihiro Doi,Monkbot,true,1,enwiki,2024-10-27 21:01:15
1833688604,Ponce de Leon Springs State Park,Dope Kicks Clean,false,-3,enwiki,2024-10-27 21:01:07
1833688617,Joe Regalbuto,98.123.38.211,false,35,enwiki,2024-10-27 21:01:17
1833688503,2024 U23 World Wrestling Championships – Men's freestyle 57 kg,223.178.212.120,false,-9,enwiki,2024-10-27 21:00:35
1833688708,Prophethood (Ahmadiyya),Monkbot,true,2,enwiki,2024-10-27 21:01:42
1833688801,Houston Dash,FMSky,false,-1,enwiki,2024-10-27 21:02:04
1833688718,2024 Japanese general election,2A02:6B67:E700:800:B999:E82E:DD3E:9112,false,446,enwiki,2024-10-27 21:01:42
1833688802,My Brother's Wife,Monkbot,true,1,enwiki,2024-10-27 21:02:08
1833688700,Mateusz Wdowiak,Gpsallas,false,4,enwiki,2024-10-27 21:01:38
1833688803,Phoenician people,Andrevan,false,44,enwiki,2024-10-27 21:02:04
1833688709,Israel at the 1972 Summer Olympics,CRussG,false,10,enwiki,2024-10-27 21:01:43
1833688804,Chance Perdomo,2A0D:3344:160:3910:5D98:57FD:2801:6D92,false,3,enwiki,2024-10-27 21:02:06
1833688701,Navojoa Airport,Monkbot,true,1,enwiki,2024-10-27 21:01:39
1833688806,Kayla Sims,2001:1C08:78D:D700:CD2F:3F72:7DE4:4ED4,false,-1,enwiki,2024-10-27 21:02:08
1833688808,Nancy Metcalf,Kaltenmeyer,false,254,enwiki,2024-10-27 21:02:09
1833688702,A Ballads,SBelle90047,false,-134,enwiki,2024-10-27 21:01:39
1833688713,Wikipedia:Spoiler,Jlwoodwa,false,-10,enwiki,2024-10-27 21:01:45
1833688809,Semporna (federal constituency),Naam0912,false,0,enwiki,2024-10-27 21:02:08
1833688704,1909 in China,Kevin9217,false,24,enwiki,2024-10-27 21:01:40
1833688716,Candarave Province,Monkbot,true,1,enwiki,2024-10-27 21:01:44
1833688800,Seisho Maru,Monkbot,true,1,enwiki,2024-10-27 21:02:04
1833688810,Chak 69 EB Ugroo,103.120.117.142,false,20,enwiki,2024-10-27 21:02:09
1833688706,Talk:Phoenician people,RowanElder,false,311,enwiki,2024-10-27 21:01:37
1833688717,A Very Flattened Christmas,Theys York,false,49,enwiki,2024-10-27 21:01:46
1833688814,Soul Stirring,Monkbot,true,1,enwiki,2024-10-27 21:02:10
1833688707,Dan Castello,EssNS,false,-14,enwiki,2024-10-27 21:01:43
1833688819,Nguyen Ngoc Bich,Theroadislong,false,59,enwiki,2024-10-27 21:02:10
1833688906,Marvin Senger,Gpsallas,false,5,enwiki,2024-10-27 21:02:37
358026914,Gusti Pichler,Aka,false,15,dewiki,2024-10-27 21:03:02
1833688908,Tony Rackauckas,Regulov,false,1,enwiki,2024-10-27 21:02:38
358026910,Portal:Frauen/Biografien/Statistik von Filmschaffenden,TaxonBot,true,0,dewiki,2024-10-27 21:02:52
358026904,Bernhard Britz,Spürnase2013,false,6,dewiki,2024-10-27 21:02:39
358026906,Gustavo Alejandro Montini,Aka,false,14,dewiki,2024-10-27 21:02:42
1833688912,William Beavers,Simeon,false,14,enwiki,2024-10-27 21:02:38
358026907,Benutzer:YGO24895/AfM,YGO24895,false,66,dewiki,2024-10-27 21:02:31
358026901,Musso (Rapper),2003:FB:6701:D100:95B5:3A31:7F11:6C52,false,24,dewiki,2024-10-27 21:02:36
1833688913,Survivor (Vanessa Williams album),Raquiolinha,false,0,enwiki,2024-10-27 21:02:39
358026908,Janelle Monáe,Tymo35,false,0,dewiki,2024-10-27 21:02:47
358026902,Benutzer:Ernsts/Philaster,Ernsts,false,702,dewiki,2024-10-27 21:02:36
1833688915,Miory District,Monkbot,true,2,enwiki,2024-10-27 21:02:38
358026900,Björn Bjarnason,Aka,false,15,dewiki,2024-10-27 21:02:32
1833688900,The Dumping Ground series 10,2A02:C7C:9002:2B00:1576:5305:C8DA:8F65,false,35,enwiki,2024-10-27 21:02:36
1833688914,User talk:SDZeroBot,SD0001,false,214,enwiki,2024-10-27 21:02:37
358026912,Tanja Hüberli,Indi Ann Summer,false,3,dewiki,2024-10-27 21:02:59
1833688901,Muiris Ó Fithcheallaigh,RandomuserX1,false,12,enwiki,2024-10-27 21:02:36
1833688917,Free trade agreements of the United Kingdom,2001:4958:27FD:BD01:5AE5:6241:E027:444F,false,41,enwiki,2024-10-27 21:02:36
358026909,Ștefan Foriș,Aka,false,15,dewiki,2024-10-27 21:02:52
358026911,Benutzer:Mariusowitsch/Gemäldegalerie,Mariusowitsch,false,24,dewiki,2024-10-27 21:02:55
358026913,Barbara Dane,Mop66,false,180,dewiki,2024-10-27 21:02:59
1833688902,BMW 5 Series (G30),Boulette982,false,-1,enwiki,2024-10-27 21:02:35
358026905,Internationale Filmfestspiele von Cannes,Phzh,false,16,dewiki,2024-10-27 21:02:41
1833688904,Paraguayan Olympic Committee,Monkbot,true,1,enwiki,2024-10-27 21:02:36
1833688918,Chance Perdomo,2A0D:3344:160:3910:5D98:57FD:2801:6D92,false,1,enwiki,2024-10-27 21:02:38
358026917,Marc Merger,Aka,false,15,dewiki,2024-10-27 21:03:11
1833689019,MC Serch,70.171.98.174,false,1,enwiki,2024-10-27 21:03:11
1833689112,User:DarkNight0917,DarkNight0917,false,57,enwiki,2024-10-27 21:03:41
358026915,Blaue Zone (Demographie),Liebeheimat,false,-126,dewiki,2024-10-27 21:03:04
1833689002,Abortion in Lithuania,AnomieBOT,false,188,enwiki,2024-10-27 21:03:10
1833689119,List of members of the Real Academia Española,Artegia,false,6,enwiki,2024-10-27 21:03:42
1833689003,Zoonosis,Citation bot,true,-164,enwiki,2024-10-27 21:03:06
1833689006,Melvyn Lorenzen,2401:7400:C000:3:0:0:0:103A,false,0,enwiki,2024-10-27 21:03:11
1833689100,Polish Armed Forces in the East (1914–1920),Kevin9217,false,20,enwiki,2024-10-27 21:03:39
358026916,Diskussion:Gesättigte Fettsäuren,Kreuz Elf,false,259,dewiki,2024-10-27 21:03:09
1833689004,June Hudson,BraveSpider13,false,-1,enwiki,2024-10-27 21:03:11
1833689102,Wikipedia:Requests for page protection/Archive/2024/10,Cyberbot I,true,3184,enwiki,2024-10-27 21:02:36
1833689005,Peter of Aquila,RandomuserX1,false,12,enwiki,2024-10-27 21:03:10
1833689101,Kedah,Hongqilim,false,0,enwiki,2024-10-27 21:03:37
1833689010,Akiko Sekiwa,Monkbot,true,2,enwiki,2024-10-27 21:03:11
1833689011,Nâzım Hikmet,176.58.196.60,false,0,enwiki,2024-10-27 21:03:09
1833689105,Basil Germond,Oronsay,false,31,enwiki,2024-10-27 21:03:40
1833689000,Algeria men's national ice hockey team,Monkbot,true,1,enwiki,2024-10-27 21:03:07
1833689012,Alan Harper (American football),Kelliecharging,false,3,enwiki,2024-10-27 21:03:12
1833689106,Grampa vs. Sexual Inadequacy,Pallettown,false,115,enwiki,2024-10-27 21:03:40
1833689001,Luxembourg women's national football team,DB1985,false,3,enwiki,2024-10-27 21:03:07
1833689018,Adrián Dalmau,Gpsallas,false,-2,enwiki,2024-10-27 21:03:12
1833689107,Valaichchenai railway station,Monkbot,true,2,enwiki,2024-10-27 21:03:40
1833689204,Belgian Open (tennis),Tennishistory1877,false,4,enwiki,2024-10-27 21:03:59
1833689218,"Baraki, Algiers",Monkbot,true,1,enwiki,2024-10-27 21:04:05
1833689316,Iryna Maiseyenka,Monkbot,true,1,enwiki,2024-10-27 21:04:32
1833689403,Rivas Department,MiguelRamirez77,false,798,enwiki,2024-10-27 21:04:55
1833689205,Oleg Gaidukevich,Monkbot,true,2,enwiki,2024-10-27 21:04:03
1833689219,Hans-Dieter Brüchert,Simeon,false,12,enwiki,2024-10-27 21:04:06
1833689318,College football national championships in NCAA Division I FBS,Jeff in CA,false,288,enwiki,2024-10-27 21:04:15
1833689410,Vladislav Borisenko,Monkbot,true,2,enwiki,2024-10-27 21:04:57
1833689206,Ceux de la Libération,RockviewLove,false,1362,enwiki,2024-10-27 21:04:02
1833689306,Draft:Ben Wrather,Bdub44,false,650,enwiki,2024-10-27 21:04:28
1833689411,User:Motacilla/Library,Motacilla,false,0,enwiki,2024-10-27 21:04:50
1833689207,Basil Germond,Oronsay,false,23,enwiki,2024-10-27 21:04:04
1833689413,Wikipedia:Articles for deletion/Women's U21 Three Nations Cup 2024,Geschichte,false,156,enwiki,2024-10-27 21:04:59
1833689309,Anastasiya Prokopenko,Monkbot,true,1,enwiki,2024-10-27 21:04:30
1833689415,Alexander Stewart (singer),CWFoxFan,false,362,enwiki,2024-10-27 21:05:01
1833689417,User:Valentinenba97/sandbox,Valentinenba97,false,-70,enwiki,2024-10-27 21:05:01
1833689208,David Amess,82.9.124.21,false,-215,enwiki,2024-10-27 21:03:59
1833689310,Sins of the Father,Swinub,false,-82,enwiki,2024-10-27 21:04:32
1833689418,Taniec z Gwiazdami season 14,91.230.122.199,false,-49,enwiki,2024-10-27 21:04:58
1833689200,2024 European Championship (darts),188.146.153.204,false,21,enwiki,2024-10-27 21:04:00
1833689209,Modern Family season 1,8.24.180.214,false,-103,enwiki,2024-10-27 21:03:58
1833689312,Anthony Perkins,Moe1810,false,-2,enwiki,2024-10-27 21:04:28
1833689201,John Somers (courtier),Unoquha,false,103,enwiki,2024-10-27 21:04:03
1833689211,List of acts of the Parliament of Ireland to 1690,Hughbe98,false,73,enwiki,2024-10-27 21:03:57
1833689313,Kyle Larson,SelavkaS2073,false,-737,enwiki,2024-10-27 21:04:25
1833689400,Miryalaguda Assembly constituency,InterstellarGamer12321,false,-25,enwiki,2024-10-27 21:04:55
1833689202,Vladimir Issachenko,SmartyPants22,false,166,enwiki,2024-10-27 21:04:02
1833689213,2024–25 United Rugby Championship,SchumiUCD,false,741,enwiki,2024-10-27 21:04:00
1833689314,Janak Dhruw,Davidindia,false,-6,enwiki,2024-10-27 21:04:33
1833689402,Draft:Natori (singer),Monkbot,true,1,enwiki,2024-10-27 21:04:55
1833689604,Steve Garvey,Purplebackpack89,false,289,enwiki,2024-10-27 21:05:52
1833689509,Morality in Islam,80.251.233.229,false,1,enwiki,2024-10-27 21:05:24
1833689606,Ethel Cain,CatchMe,false,22,enwiki,2024-10-27 21:05:54
358027001,Wikipedia:WikiProjekt Gambia,Atamari,false,-23,dewiki,2024-10-27 21:05:59
1833689510,Unofficial Football World Championships,190.62.83.81,false,0,enwiki,2024-10-27 21:05:26
1833689607,Aerostar,Carguychris,false,6,enwiki,2024-10-27 21:05:56
358027002,Alberto Ginastera,Toolittle,false,4,dewiki,2024-10-27 21:06:08
1833689500,Phillips Exeter Academy,GuardianH,false,-204,enwiki,2024-10-27 21:05:19
1833689612,Luke Woodhouse,LBLM9253,false,238,enwiki,2024-10-27 21:05:56
1833689501,User talk:Bungle,Bungle,false,-1086,enwiki,2024-10-27 21:05:23
1833689511,Sottevast V2 bunker,Monkbot,true,1,enwiki,2024-10-27 21:05:26
1833689502,Template talk:Sticky header,George Ho,false,158,enwiki,2024-10-27 21:05:26
1833689512,AVA (English singer),Wikisteveb4,false,93,enwiki,2024-10-27 21:05:29
1833689613,22 Short Films About Springfield,Pallettown,false,115,enwiki,2024-10-27 21:05:56
1833689513,List of state leaders in the 20th century (1951–2000),Tahc,false,965,enwiki,2024-10-27 21:05:23
1833689615,"File talk:Gavin Hamilton - Coriolanus Act V, Scene III edit2.jpg",Ira Leviton,false,-9,enwiki,2024-10-27 21:05:57
1833689503,Elizabeth May,Quebec99,false,-479,enwiki,2024-10-27 21:05:23
1833689614,37th Division (United Kingdom),Rickfive,false,-3,enwiki,2024-10-27 21:05:56
358027000,Wellenbrust-Fischuhu,Earwig,false,-113,dewiki,2024-10-27 21:06:05
358027003,Konservative Partei Japans,Brettchenweber,false,1,dewiki,2024-10-27 21:06:09
1833689504,User:Iamsteve69420/tinpo,Iamsteve69420,false,37,enwiki,2024-10-27 21:05:27
1833689514,Bastelstunde,Pichpich,false,119,enwiki,2024-10-27 21:05:30
1833689616,Sudden Impact,TheDutchArchivist,false,22,enwiki,2024-10-27 21:05:56
1833689506,Frank O'Connor International Short Story Award,Significa liberdade,false,437,enwiki,2024-10-27 21:05:25
1833689515,Sabawi Ibrahim al-Tikriti,Monkbot,true,1,enwiki,2024-10-27 21:05:29
1833689603,Wikipedia:Articles for deletion/Zhongli (Genshin Impact) (2nd nomination),Geschichte,false,1715,enwiki,2024-10-27 21:05:55
1833689617,2001 New York Jets season,Kelliecharging,false,7,enwiki,2024-10-27 21:05:56
1833689709,Deolinda Rodrigues,Yue,false,-3,enwiki,2024-10-27 21:06:18
1833689802,Rangpur,Cerium4B,false,31,enwiki,2024-10-27 21:06:39
1833689819,List of Spidey and His Amazing Friends episodes,115.189.88.115,false,3,enwiki,2024-10-27 21:06:42
1833689712,"Art Co., Ltd",One-Winged Devil,false,63,enwiki,2024-10-27 21:06:19
1833689713,Patronymic,193.237.166.119,false,12,enwiki,2024-10-27 21:06:14
358027007,Luke Woodhouse,Bemmbixx,false,48,dewiki,2024-10-27 21:06:23
358027013,Johannes XXIII. (Gegenpapst),2A01:599:303:34F2:19C7:8B04:5BD:A8DB,false,-6,dewiki,2024-10-27 21:06:26
1833689804,List of discontinued Guinness World Records,Schwede66,false,-200,enwiki,2024-10-27 21:06:40
1833689701,List of Haruhi Suzumiya light novels,Monkbot,true,2,enwiki,2024-10-27 21:06:14
1833689714,Civil Guard (Peru),Monkbot,true,12,enwiki,2024-10-27 21:06:18
1833689805,Andrei Stepanchuk,Monkbot,true,1,enwiki,2024-10-27 21:06:40
1833689704,South Sudan men's national basketball team,محمد أمين الطرابلسي,false,40,enwiki,2024-10-27 21:06:14
1833689716,Kai Budde,24.247.123.16,false,117,enwiki,2024-10-27 21:06:19
358027008,Henrik Klingenberg,Aka,false,15,dewiki,2024-10-27 21:06:23
358027017,Diskussion:Zimmerwalder Konferenz,188.106.17.77,false,387,dewiki,2024-10-27 21:06:38
1833689806,User:Temerarius,Temerarius,false,1246,enwiki,2024-10-27 21:06:21
1833689706,Psych 2: Lassie Come Home,Canday27,false,1046,enwiki,2024-10-27 21:06:16
358027005,Benutzer:Ch ivk/Baustelle2,Ch ivk,false,-1481,dewiki,2024-10-27 21:06:21
358027009,Judas Priest,M4rtin alskjd,false,1476,dewiki,2024-10-27 21:06:22
358027014,Liste von Trägern des Bundesverdienstkreuzes am Bande,Asperatus,false,54,dewiki,2024-10-27 21:06:26
1833689810,List of community radio stations in the United States,Allreet,false,1,enwiki,2024-10-27 21:06:42
358027004,Wikipedia:Lesenswerte Artikel/Neu,Elfabso,false,-39,dewiki,2024-10-27 21:06:14
1833689705,Mahmood Haji,SmartyPants22,false,237,enwiki,2024-10-27 21:06:17
1833689800,Bahía Portete massacre,Monkbot,true,1,enwiki,2024-10-27 21:06:36
1833689812,Miracles (Hawk Nelson album),I dream of horses,false,28,enwiki,2024-10-27 21:06:42
1833689707,Jim Mueller,107.161.229.86,false,0,enwiki,2024-10-27 21:06:18
358027006,René Deltgen,Jossi2,false,-25,dewiki,2024-10-27 21:06:22
358027010,Frank McSherry,2A04:EE41:3:4317:743A:3A:F718:C643,false,-1,dewiki,2024-10-27 21:06:25
1833689801,Bayreuth (electoral district),Moondragon21,false,-9,enwiki,2024-10-27 21:06:36
1833689814,Old Grodno Castle,Monkbot,true,1,enwiki,2024-10-27 21:06:43
1833689708,Mudhole Assembly constituency,InterstellarGamer12321,false,3,enwiki,2024-10-27 21:06:18
358027018,Musikjahr 2017,Bernd Winnig,false,435,dewiki,2024-10-27 21:06:35
1833689818,Nikki Danielle Moore,Davemck,false,-24,enwiki,2024-10-27 21:06:45
1833689710,2004–05 Gillingham F.C. season,ChrisTheDude,false,436,enwiki,2024-10-27 21:06:17
358027011,Rafael Cansinos Assens,Aka,false,15,dewiki,2024-10-27 21:06:25
358027019,Rolf Gysin,Aka,false,15,dewiki,2024-10-27 21:06:39
1833689817,User:Iamsteve69420/tinpo,Iamsteve69420,false,15,enwiki,2024-10-27 21:06:45
1833690003,Varsity Victory Volunteers,Monkbot,true,1,enwiki,2024-10-27 21:07:27
1833690005,Major League Baseball uniforms,ChrisP2K5,false,46,enwiki,2024-10-27 21:07:27
1833690007,The Loud House (franchise),SelavkaS2073,false,-1054,enwiki,2024-10-27 21:07:26
1833690008,Cady Noland,19h00s,false,36,enwiki,2024-10-27 21:07:24
1833689905,Mike Amesbury,Ivanhardybirt,false,52,enwiki,2024-10-27 21:07:05
1833689909,Tomáš Chorý,Gpsallas,false,-1,enwiki,2024-10-27 21:07:06
1833690015,Rodney Hicks,2603:6081:1A01:4879:4827:3AE4:FB8E:8C39,false,1,enwiki,2024-10-27 21:07:29
1833690100,Coinage Offences Act 1832,Hughbe98,false,15012,enwiki,2024-10-27 21:07:45
1833689916,2024 Japanese general election,212.79.110.147,false,137,enwiki,2024-10-27 21:07:00
1833690018,2024 Japanese general election,Joshuagaming12,false,4,enwiki,2024-10-27 21:07:27
1833690000,2024 U23 World Wrestling Championships – Men's freestyle 70 kg,223.178.212.120,false,-11,enwiki,2024-10-27 21:07:25
1833690002,User talk:AntiDionysius,AntiDionysius,false,-513,enwiki,2024-10-27 21:07:26
1833690004,User talk:125.23.99.178,FireflyBot,true,743,enwiki,2024-10-27 21:07:28
1833690104,Strzmiele,Monkbot,true,1,enwiki,2024-10-27 21:07:49
1833690116,Haripur District,Farazhusaynakhter,false,15,enwiki,2024-10-27 21:07:52
1833690303,Artyom Dylevsky,Monkbot,true,2,enwiki,2024-10-27 21:08:48
1833690106,Olesya Stefanko,Andriyrussu,false,17,enwiki,2024-10-27 21:07:51
1833690213,Jan Hieronimowicz Chodkiewicz,Monkbot,true,2,enwiki,2024-10-27 21:08:26
1833690305,Kempegowda International Airport,The Banner,false,258,enwiki,2024-10-27 21:08:46
1833690307,South Sudan men's national basketball team,محمد أمين الطرابلسي,false,108,enwiki,2024-10-27 21:08:50
1833690110,Pyotr Klimuk,Monkbot,true,2,enwiki,2024-10-27 21:07:52
1833690202,Syarhey Irha,Monkbot,true,2,enwiki,2024-10-27 21:08:23
1833690215,Flight of the Aquanaut,Bearcat,false,12,enwiki,2024-10-27 21:08:29
1833690204,Éric Rohmer,AlsoWukai,false,-18,enwiki,2024-10-27 21:08:21
1833690111,User:Hippocampusx101/be bold,Hippocampusx101,false,4,enwiki,2024-10-27 21:07:54
1833690206,Android (operating system),Blausonorisch,false,33,enwiki,2024-10-27 21:08:13
1833690114,Ada and Aberen,2A04:CEC0:1926:E62C:0:31:8BE6:EE01,false,-807,enwiki,2024-10-27 21:07:53
1833690211,Ayodhya Airport,AnomieBOT,true,72,enwiki,2024-10-27 21:08:23
1833690300,Party for Freedom,Dajasj,false,-767,enwiki,2024-10-27 21:08:44
1833690115,Emma Kremer,DB1985,false,3,enwiki,2024-10-27 21:07:54
1833690212,Jemima Kirke,Mariiiii1988,false,-61,enwiki,2024-10-27 21:08:26
1833690308,Secrets of the Heart (film),Monkbot,true,1,enwiki,2024-10-27 21:08:51
358027105,Lina Jacques-Sébastien,Aka,false,15,dewiki,2024-10-27 21:09:07
1833690311,Borja Sainz,Canary757,false,2,enwiki,2024-10-27 21:08:54
1833690313,"\"&\"",Fuddle,false,18,enwiki,2024-10-27 21:08:55
358027103,Gliese 876 e,Antonsusi,false,-2,dewiki,2024-10-27 21:09:05
1833690315,"Kherson electoral district (Russian Constituent Assembly election, 1917)",Soman,false,166,enwiki,2024-10-27 21:08:55
1833690316,List of hypermarkets,Cyfal,false,1,enwiki,2024-10-27 21:08:54
1833690319,Punta de Teno Lighthouse,Monkbot,true,1,enwiki,2024-10-27 21:08:54
358027100,Diskussion:Systemkamera,Elrond,false,389,dewiki,2024-10-27 21:09:01
358027101,Juan Orozco,Toolittle,false,4,dewiki,2024-10-27 21:09:02
358027107,Gliese 876 d,Antonsusi,false,-2,dewiki,2024-10-27 21:09:09
358027109,Fischuhu,Earwig,false,321,dewiki,2024-10-27 21:09:11
358027116,Federico Mayor Zaragoza,Aka,false,15,dewiki,2024-10-27 21:09:25
1833690418,Category:Songs written by Steven Page,Sahaib,false,10,enwiki,2024-10-27 21:09:31
1833690406,Template:Sticky header/testcases,Timeshifter,false,3,enwiki,2024-10-27 21:09:26
358027117,Wikipedia:Fragen zur Wikipedia,Sanandros,false,32,dewiki,2024-10-27 21:09:31
1833690407,Canimals,Porotu,false,45,enwiki,2024-10-27 21:09:25
1833690510,User:AlexNewArtBot/ArchitectureSearchResult,InceptionBot,true,4010,enwiki,2024-10-27 21:09:42
1833690613,Category talk:Fencing in Austria,Tom.Reding,false,29,enwiki,2024-10-27 21:10:16
1833690408,The Lifetimes Tour,Fuddle,false,36,enwiki,2024-10-27 21:09:26
1833690513,Japanese Brazilians,Xuxo,false,-5372,enwiki,2024-10-27 21:09:46
1833690616,Philippines's 4th senatorial district,Monkbot,true,1,enwiki,2024-10-27 21:10:15
358027115,Jaak Gabriëls,Aka,false,15,dewiki,2024-10-27 21:09:22
1833690409,Mike Easler,Chewsterchew,false,561,enwiki,2024-10-27 21:09:26
1833690514,Atlanta Gladiators,Joeykai,false,0,enwiki,2024-10-27 21:09:47
1833690600,The Prince (upcoming film),Fuddle,false,44,enwiki,2024-10-27 21:10:12
358027112,Diskussion:René Deltgen,Jossi2,false,420,dewiki,2024-10-27 21:09:17
1833690411,Divriği Great Mosque and Hospital,Chidgk1,false,33,enwiki,2024-10-27 21:09:25
1833690517,Scottish Fantasy,Monkbot,true,1,enwiki,2024-10-27 21:09:47
1833690413,Suresh Premachandran,Monkbot,true,1,enwiki,2024-10-27 21:09:27
1833690518,Overdrive,188.193.32.143,false,53,enwiki,2024-10-27 21:09:50
1833690602,Magdy Tolba,Monkbot,true,1,enwiki,2024-10-27 21:10:12
1833690414,Theodore Frelinghuysen,Benjamin.P.L,false,4,enwiki,2024-10-27 21:09:28
358027119,Linnart Mäll,Aka,false,15,dewiki,2024-10-27 21:09:35
1833690605,Talk:List of Formula One constructor records,Eurohunter,false,34,enwiki,2024-10-27 21:10:14
358027113,Alain Gomis,Aka,false,15,dewiki,2024-10-27 21:09:18
1833690401,User talk:Abolfazlnasrollahzadeh,Abolfazlnasrollahzadeh,false,361,enwiki,2024-10-27 21:09:25
1833690415,Category:Religious festivals in Israel,Досвітній морок,false,-41,enwiki,2024-10-27 21:09:30
1833690604,Iron Sword War Memorial Day,אקסינו,false,0,enwiki,2024-10-27 21:10:14
1833690402,Andrei Aramnau,Monkbot,true,1,enwiki,2024-10-27 21:09:22
1833690416,Enrôlés de Force,Monkbot,true,2,enwiki,2024-10-27 21:09:30
1833690603,Category:Military personnel from Ivano-Frankivsk Oblast,Andriyrussu,false,-14,enwiki,2024-10-27 21:10:15
1833690704,Abdullah Baybaşin,Acratopotes,false,-25,enwiki,2024-10-27 21:10:37
1833690718,Wikipedia:WikiProject Women in Red/Meetup/318,Penny Richards,false,67,enwiki,2024-10-27 21:10:38
1833690810,Ministry of Labour and Foreign Employment,Monkbot,true,2,enwiki,2024-10-27 21:11:04
1833690719,Template:Israel–Hamas war casualties,Shushugah,false,-64,enwiki,2024-10-27 21:10:40
1833690800,This Is My Life (1952 film),Monkbot,true,1,enwiki,2024-10-27 21:11:00
1833690812,Mumak,Duckmather,false,13,enwiki,2024-10-27 21:11:07
1833690706,Newbury Street,Reify-tech,false,3,enwiki,2024-10-27 21:10:37
1833690801,Category talk:Fencing in Italy,Tom.Reding,false,27,enwiki,2024-10-27 21:11:02
1833690813,Category:Venezuelan rum,RevelationDirect,false,356,enwiki,2024-10-27 21:11:07
1833690707,Patronymic,Estar8806,false,-58,enwiki,2024-10-27 21:10:36
1833690802,Anna Sorokin,AlsoWukai,false,-6,enwiki,2024-10-27 21:10:59
1833690814,Template:Oklahoma City Blue current roster,Koolcatz34,false,167,enwiki,2024-10-27 21:11:07
1833690709,Laura Miller (footballer),DB1985,false,3,enwiki,2024-10-27 21:10:39
1833690805,List of empires,Kayfos,false,157,enwiki,2024-10-27 21:11:00
1833690815,User talk:Tavantius,Demosthenes1999,false,334,enwiki,2024-10-27 21:11:07
1833690710,Gukesh Dommaraju,Annh07,false,0,enwiki,2024-10-27 21:10:38
1833690714,1989 Football Championship of the Belarusian SSR,Monkbot,true,2,enwiki,2024-10-27 21:10:39
1833690806,Wikipedia:Administrator recall/Graham87,Maddy from Celeste,false,268,enwiki,2024-10-27 21:11:04
1833690700,Wikipedia:In the news/Candidates,Scu ba,false,528,enwiki,2024-10-27 21:10:31
1833690807,Category talk:Fencing in Ivory Coast,Tom.Reding,false,29,enwiki,2024-10-27 21:11:05
1833690702,Category talk:Fencing in Croatia,Tom.Reding,false,29,enwiki,2024-10-27 21:10:37
1833690715,2024–25 Jordanian Pro League,Momi79,false,3,enwiki,2024-10-27 21:10:38
1833690809,User:Gulbaba5/sandbox,Gulbaba5,false,1,enwiki,2024-10-27 21:11:06
1833690703,Akio Nakajima,Monkbot,true,1,enwiki,2024-10-27 21:10:36
1833690716,Category talk:Fencing in Denmark,Tom.Reding,false,29,enwiki,2024-10-27 21:10:41
1833690808,Raphinha,Iggy the Swan,false,10,enwiki,2024-10-27 21:11:04
1833690911,Draft:Peppa Pig (season 6),84.67.147.23,false,0,enwiki,2024-10-27 21:11:30
1833691008,York,149.50.20.232,false,-74,enwiki,2024-10-27 21:11:46
1833690912,Radical evil,Monkbot,true,1,enwiki,2024-10-27 21:11:28
1833691009,Hatim Belal,Tshak13,false,0,enwiki,2024-10-27 21:11:54
1833690913,Wikipedia:Administrator recall/Graham87,Daniel,false,246,enwiki,2024-10-27 21:11:30
1833691011,Category talk:Fencing in South Korea,Tom.Reding,false,29,enwiki,2024-10-27 21:11:54
1833690914,Category talk:Fencing in Poland,Tom.Reding,false,29,enwiki,2024-10-27 21:11:30
1833691013,Atsumi Yashima,Monkbot,true,1,enwiki,2024-10-27 21:11:53
358027200,Diskussion:Angela Hübner,Carolus requiescat,false,591,dewiki,2024-10-27 21:12:07
358027201,Benutzer:RudolfSimon/Artikelentwurf1,RudolfSimon,false,4764,dewiki,2024-10-27 21:12:15
1833691014,Wikipedia:In the news/Candidates,Scu ba,false,392,enwiki,2024-10-27 21:11:44
358027202,Opel Insignia B,Alexander-93,false,-49,dewiki,2024-10-27 21:12:13
1833690917,Talk:List of centibillionaires,Bradtem,false,0,enwiki,2024-10-27 21:11:31
1833691000,Ellis Bevan,2A00:23C5:7424:4901:ECEE:29E2:2809:76FC,false,16,enwiki,2024-10-27 21:11:51
358027203,Ilse Göritz,M2k~dewiki,false,1,dewiki,2024-10-27 21:12:16
1833690919,Cleveland sports curse,Alielmi1207,false,0,enwiki,2024-10-27 21:11:29
1833691002,Talk:Massacres of Poles in Volhynia and Eastern Galicia,Antandrus,false,-630,enwiki,2024-10-27 21:11:50
1833690907,Hiromitsu Miura,Monkbot,true,1,enwiki,2024-10-27 21:11:26
1833691004,Bani Khalid Emirate,Monkbot,true,1,enwiki,2024-10-27 21:11:50
1833691015,Darbhanga Lok Sabha constituency,2409:40E4:205A:F6FC:4038:8BFF:FE44:EE06,false,9,enwiki,2024-10-27 21:11:55
1833690908,Resurrection (1943 film),Lord Cornwallis,false,671,enwiki,2024-10-27 21:11:28
1833691005,A Man on the Inside,Fuddle,false,37,enwiki,2024-10-27 21:11:51
1833691017,England–Wales border,Editor account 2222,false,31,enwiki,2024-10-27 21:11:52
1833690910,Wikipedia:Good articles/Sports and recreation,DepressedPer,false,13,enwiki,2024-10-27 21:11:22
1833691007,The Mojos,Haymrsapceman,false,215,enwiki,2024-10-27 21:11:52
1833691019,Reading Royals,Joeykai,false,-3,enwiki,2024-10-27 21:11:55
358027208,Ludwig Ramdohr,Grissef,false,21,dewiki,2024-10-27 21:12:21
358027219,Siegfried Kracauer,Baekemm,false,28,dewiki,2024-10-27 21:12:34
1833691214,Public holidays in Uruguay,2806:2F0:5261:FA56:FD1B:9CB8:F2A8:3D38,false,10,enwiki,2024-10-27 21:12:51
1833691111,Nicholas Alexander Chavez,27.6.222.186,false,25,enwiki,2024-10-27 21:12:21
1833691216,Kepler space telescope,Askeuhd,false,5937,enwiki,2024-10-27 21:12:43
358027205,Anton Huiskes,Aka,false,19,dewiki,2024-10-27 21:12:18
1833691112,Iraqis in Germany,Monkbot,true,1,enwiki,2024-10-27 21:12:20
1833691218,Tell Shihab,Monkbot,true,1,enwiki,2024-10-27 21:12:49
1833691100,Papaloapan River,Monkbot,true,1,enwiki,2024-10-27 21:12:17
1833691114,User:Hphan2625,Hphan2625,false,0,enwiki,2024-10-27 21:12:22
1833691200,British Overseas Territories,83.106.141.48,false,9,enwiki,2024-10-27 21:12:42
1833691101,Category talk:Fencing in Zambia,Tom.Reding,false,29,enwiki,2024-10-27 21:12:19
1833691116,Category talk:Fencing in the Czech Republic,Tom.Reding,false,29,enwiki,2024-10-27 21:12:22
1833691102,Cuisine of Jerusalem,PeleYoetz,false,-15,enwiki,2024-10-27 21:12:18
1833691117,Draft:叶倾城,Wldpsdsyz,false,59,enwiki,2024-10-27 21:12:23
1833691202,Australia 2022 FIFA World Cup bid,Cyfal,false,1,enwiki,2024-10-27 21:12:47
1833691103,Renato Steffen,194.230.147.55,false,37,enwiki,2024-10-27 21:12:16
1833691118,Qualified immunity,Dwo,false,-4,enwiki,2024-10-27 21:12:21
358027218,Turia Pitt,Aka,false,12,dewiki,2024-10-27 21:12:32
1833691207,Ellis Bevan,2A00:23C5:7424:4901:ECEE:29E2:2809:76FC,false,24,enwiki,2024-10-27 21:12:49
1833691104,Category:People from Leyburn,Ernsanchez00,false,8,enwiki,2024-10-27 21:12:20
1833691208,Joana Lourenco Magalhães,DB1985,false,3,enwiki,2024-10-27 21:12:50
1833691105,2018 European Athletics Championships – Women's 4 × 400 metres relay,Jennypedia,false,2,enwiki,2024-10-27 21:12:16
358027214,S-Bahn Stuttgart,Bigbug21,false,634,dewiki,2024-10-27 21:12:26
1833691211,Predictions of Facebook's end,Duckmather,false,-14,enwiki,2024-10-27 21:12:50
1833691110,United Netherlands (organization),131.174.224.203,false,-28,enwiki,2024-10-27 21:12:21
358027215,Ilse Göritz,M2k~dewiki,false,3,dewiki,2024-10-27 21:12:31
1833691213,Category talk:Harvard Crimson fencing,Tom.Reding,false,29,enwiki,2024-10-27 21:12:51
1833691316,Category talk:International fencing competitions hosted by Poland,Tom.Reding,false,29,enwiki,2024-10-27 21:13:19
1833691409,Oklahoma City Comets,NatureBoyMD,false,0,enwiki,2024-10-27 21:13:40
1833691317,Draft:叶倾城,Wldpsdsyz,false,2,enwiki,2024-10-27 21:13:20
1833691301,Category talk:International fencing competitions hosted by Lebanon,Tom.Reding,false,29,enwiki,2024-10-27 21:13:15
1833691303,Brigitte Rohde,Simeon,false,12,enwiki,2024-10-27 21:13:15
1833691413,Jana Schmidt,Simeon,false,12,enwiki,2024-10-27 21:13:45
1833691307,Portal:Current events/2024 October 27,31.221.173.231,false,120,enwiki,2024-10-27 21:13:18
1833691400,Nicholas Krgovich,BlueboyLINY,false,11,enwiki,2024-10-27 21:13:41
1833691414,Disappearance of Henry Borynski,Davidgoodheart,false,3,enwiki,2024-10-27 21:13:45
1833691305,Talk:Delyth Evans,DepressedPer,false,-13,enwiki,2024-10-27 21:13:17
1833691403,Borel–Cantelli lemma,Ba1r2,false,1691,enwiki,2024-10-27 21:13:41
1833691415,The Crane,Bearcat,false,0,enwiki,2024-10-27 21:13:46
1833691309,Kwesi Amissah-Arthur,DaSupremo,false,53,enwiki,2024-10-27 21:13:15
1833691405,The Last Smoker,Monkbot,true,1,enwiki,2024-10-27 21:13:42
1833691416,Johann Nepomuk Wilczek,Monkbot,true,1,enwiki,2024-10-27 21:13:45
1833691312,Hariti,Monkbot,true,1,enwiki,2024-10-27 21:13:16
1833691406,Category talk:International wrestling competitions hosted by Pakistan,Tom.Reding,false,29,enwiki,2024-10-27 21:13:43
1833691417,Category talk:International wrestling competitions hosted by Peru,Tom.Reding,false,29,enwiki,2024-10-27 21:13:47
1833691314,The Bear season 2,Fuddle,false,35,enwiki,2024-10-27 21:13:15
1833691407,Ngo Dinh Diem,42.117.235.126,false,288,enwiki,2024-10-27 21:13:40
1833691418,Alconbury Middle High School,AnomieBOT,true,18,enwiki,2024-10-27 21:13:46
1833691313,De gustibus non est disputandum,Aadirulez8,false,-31,enwiki,2024-10-27 21:13:19
1833691408,British Overseas Territories,Estar8806,false,-9,enwiki,2024-10-27 21:13:39
1833691419,Category:People from Middleham,Ernsanchez00,false,8,enwiki,2024-10-27 21:13:48
1833691518,Life Thru A Lens,Sahaib,false,31,enwiki,2024-10-27 21:14:13
1833691602,User:InceptionBot/NewPageSearch/Cuisine/log,InceptionBot,true,1336,enwiki,2024-10-27 21:14:34
1833691519,Kayts Divisional Council,Monkbot,true,1,enwiki,2024-10-27 21:14:13
1833691500,Masato (kickboxer),46.103.47.70,false,2,enwiki,2024-10-27 21:14:09
1833691605,Ramona Kapheim,Simeon,false,12,enwiki,2024-10-27 21:14:33
1833691503,International nonproprietary name,Vrodilla,false,-154,enwiki,2024-10-27 21:14:09
1833691608,"Palace Hotel, Tokyo",Monkbot,true,3,enwiki,2024-10-27 21:14:33
1833691505,Category talk:Judo in Bangladesh,Tom.Reding,false,18,enwiki,2024-10-27 21:14:11
1833691609,Talk:Medieval architecture,DevenVennera,false,36,enwiki,2024-10-27 21:14:33
1833691504,Venom (2018 film),Voicebox64,false,440,enwiki,2024-10-27 21:14:05
1833691506,Behrang Stesen,Monkbot,true,1,enwiki,2024-10-27 21:14:09
1833691612,Arsenal F.C.,Ericoides,false,1,enwiki,2024-10-27 21:14:27
1833691615,Pilibail Yamunakka,DareshMohan,false,-11,enwiki,2024-10-27 21:14:35
1833691513,Arjun Erigaisi,Annh07,false,-4,enwiki,2024-10-27 21:14:11
1833691601,Category:People from Daventry,Ernsanchez00,false,9,enwiki,2024-10-27 21:14:34
1833691618,Wikipedia:Wiki Ed/University of Richmond/ARTH 212-02 Medieval European Art (Fall 2024),DevenVennera,false,27,enwiki,2024-10-27 21:14:36
1833691515,Template:1930 Oklahoma Junior College Conference football standings,Jweiss11,false,1,enwiki,2024-10-27 21:14:13
1833691600,Talk:Gun show loophole,Garnet Moss,false,538,enwiki,2024-10-27 21:14:26
1833691619,Category talk:Judo in the Philippines,Tom.Reding,false,29,enwiki,2024-10-27 21:14:36
1833691810,Divriği Great Mosque and Hospital,Chidgk1,false,7,enwiki,2024-10-27 21:15:14
1833691714,Biofile,Katharineamy,false,12,enwiki,2024-10-27 21:14:58
1833691811,Theatre of West Pomerania,Monkbot,true,1,enwiki,2024-10-27 21:15:16
1833691715,Boonie Bears,2601:408:C000:9CA0:4FC0:B5E7:F89C:A404,false,1,enwiki,2024-10-27 21:14:58
1833691812,I Love the '70s: Volume 2,76.39.122.54,false,25407,enwiki,2024-10-27 21:15:12
1833691700,Synk: Parallel Line (single album),PepeBonus,false,-5,enwiki,2024-10-27 21:14:53
1833691716,Montenegrin nobility,KnezCG,false,672,enwiki,2024-10-27 21:14:57
1833691814,Nicholas Alexander Chavez,Estar8806,false,-25,enwiki,2024-10-27 21:15:17
358027307,Juan Francisco de la Bodega y Quadra,Aka,false,15,dewiki,2024-10-27 21:15:28
1833691702,Isabel Albert,DB1985,false,3,enwiki,2024-10-27 21:14:55
1833691717,T. S. Ramasamy Pillai,Monkbot,true,1,enwiki,2024-10-27 21:14:58
1833691813,Half marathon,KnowledgeIsPower9281,false,17,enwiki,2024-10-27 21:15:17
358027306,Wikipedia Diskussion:Hauptseite/Schon gewusst,Elfabso,false,-2,dewiki,2024-10-27 21:15:18
1833691703,Life through a Lens,Sahaib,false,47,enwiki,2024-10-27 21:14:56
1833691815,Darbhanga Lok Sabha constituency,2409:40E4:205A:F6FC:4038:8BFF:FE44:EE06,false,-3,enwiki,2024-10-27 21:15:17
358027304,Karl Iro,Aka,false,16,dewiki,2024-10-27 21:15:21
358027301,Susanne Häber,Aka,false,14,dewiki,2024-10-27 21:15:13
1833691816,Category talk:Martial arts of Hakka origins,Tom.Reding,false,29,enwiki,2024-10-27 21:15:18
1833691706,User:ACanOfWombats/sandbox/2,ACanOfWombats,false,24,enwiki,2024-10-27 21:14:57
1833691817,Pierre de Vos,169.0.141.250,false,1337,enwiki,2024-10-27 21:15:16
1833691707,Cape Froward,Monkbot,true,1,enwiki,2024-10-27 21:14:55
1833691711,Category talk:Martial arts in Kiribati,Tom.Reding,false,29,enwiki,2024-10-27 21:14:57
1833691805,Draft:List of portraits in the United States House of Representatives collection,Sir MemeGod,false,93,enwiki,2024-10-27 21:15:11
