1833645015,The Bloodline (professional wrestling),Modus touch,false,1,enwiki,2024-10-27 18:36:19
1833645111,Snus,204.111.114.168,false,1,enwiki,2024-10-27 18:36:36
1833645219,League of Legends World Championship,2804:D55:5818:FC00:3564:92BA:CFE0:A210,false,12,enwiki,2024-10-27 18:36:56
1833645316,Barwaha,Maywe46,false,-2,enwiki,2024-10-27 18:37:20
1833645400,Speed Zone,5.11.98.199,false,49,enwiki,2024-10-27 18:37:39
1833645418,BRICS,Egm4313.s12,false,9,enwiki,2024-10-27 18:37:35
1833645507,Blord,Elohothedon,false,894,enwiki,2024-10-27 18:37:56
358021216,Walter Drück,Puzzlestein,false,1,dewiki,2024-10-27 18:38:02
1833645602,Draft:List of portraits in the United States House of Representatives collection,Sir MemeGod,false,232,enwiki,2024-10-27 18:38:14
1833645617,"High School No. 1, Bydgoszcz",Monkbot,true,2,enwiki,2024-10-27 18:38:22
1833645705,Rangiya,SpeedyBlaster,false,219,enwiki,2024-10-27 18:38:38
1833645800,Frumușeni,Monkbot,true,2,enwiki,2024-10-27 18:38:55
1833645016,"Jill, Uncredited",Espngeek,false,223,enwiki,2024-10-27 18:36:22
1833645112,Talk:Frederick P. Rose,Cewbot,true,0,enwiki,2024-10-27 18:36:38
1833645202,User:Cyberbot I/AfD report,Cyberbot I,true,67,enwiki,2024-10-27 18:36:54
1833645401,Sirarakhong Hathei chilli,Vivo78,false,0,enwiki,2024-10-27 18:37:40
1833645508,Talk:Sonic Arts Union,Cewbot,true,0,enwiki,2024-10-27 18:37:56
1833645603,German School Jakarta,Monkbot,true,4,enwiki,2024-10-27 18:38:19
1833645618,League of Legends World Championship,2804:D55:5818:FC00:3564:92BA:CFE0:A210,false,0,enwiki,2024-10-27 18:38:21
1833645706,User talk:Paras8,Liz,false,1158,enwiki,2024-10-27 18:38:41
1833645801,Rodeo Rock,BoyTheKingCanDance,false,29,enwiki,2024-10-27 18:38:57
1833645017,"Oak Ridge, Louisiana",Book Pidgeon,false,11,enwiki,2024-10-27 18:36:22
1833645114,2024 ATP Challenger Tour,Adamtt9,false,42,enwiki,2024-10-27 18:36:20
1833645203,Within You Without You,TheUser225!,false,1,enwiki,2024-10-27 18:36:48
1833645300,2015 in Bangladesh,180.148.212.139,false,11,enwiki,2024-10-27 18:37:15
1833645318,Tommaso Dolabella,Monkbot,true,1,enwiki,2024-10-27 18:37:21
1833645509,Pakistan Movement,81.79.42.201,false,2,enwiki,2024-10-27 18:37:50
1833645619,Talk:Philippe Wolfers,Cewbot,true,0,enwiki,2024-10-27 18:38:23
1833645707,Talk:Ludwig Danzer,Cewbot,true,0,enwiki,2024-10-27 18:38:41
1833645813,Wikipedia:Requests for page protection/Increase,Myrealnamm,false,422,enwiki,2024-10-27 18:38:59
1833645018,Charles George Gordon,Magherbin,false,-1,enwiki,2024-10-27 18:36:19
1833645204,Polish–Czech Friendship Trail,Monkbot,true,9,enwiki,2024-10-27 18:36:54
1833645301,Caoimhín Kelleher,Mattythewhite,false,256,enwiki,2024-10-27 18:37:15
1833645402,Milan Đurić,ReaperSox,false,13,enwiki,2024-10-27 18:37:39
1833645510,Hrib pri Rožnem Dolu,Monkbot,true,1,enwiki,2024-10-27 18:37:56
1833645605,Talk:Wild Ones (band),Cewbot,true,0,enwiki,2024-10-27 18:38:20
1833645616,Wikipedia:WikiProject Articles for creation/Help desk,182.184.208.70,false,144,enwiki,2024-10-27 18:38:14
1833645708,2025 AFC U-17 Asian Cup qualification,Weathermania5,false,-12,enwiki,2024-10-27 18:38:35
1833645814,Talk:Adolf Schoyer,Cewbot,true,0,enwiki,2024-10-27 18:38:59
1833645019,Talk:Sunlightsquare,Cewbot,true,0,enwiki,2024-10-27 18:36:23
1833645115,2025 AFC U-17 Asian Cup qualification,182.2.164.182,false,3,enwiki,2024-10-27 18:36:27
1833645205,Anton Vidokle,BilletsMauves,false,0,enwiki,2024-10-27 18:36:55
1833645302,Talk:Reda Seyam,Cewbot,true,0,enwiki,2024-10-27 18:37:17
1833645403,The 100 most prominent Serbs,Bis-Serjetà?,false,34,enwiki,2024-10-27 18:37:40
358021202,Football Brainrot,M2k~dewiki,false,209,dewiki,2024-10-27 18:37:58
1833645709,Brézilhac,Monkbot,true,1,enwiki,2024-10-27 18:38:39
1833645815,List of United States Army four-star generals,SuperWIKI,false,28,enwiki,2024-10-27 18:38:54
1833645116,"Viktor I, Duke of Ratibor",Monkbot,true,4,enwiki,2024-10-27 18:36:38
1833645209,Maple syrup urine disease,Ozzie10aaaa,false,6,enwiki,2024-10-27 18:36:55
1833645303,Yadah (musician),Gratefulking,false,-141,enwiki,2024-10-27 18:37:17
1833645404,Jairam Kumar Mahato,I dream of horses,false,97,enwiki,2024-10-27 18:37:41
1833645517,King Gimp,Bearcat,false,-37,enwiki,2024-10-27 18:37:58
1833645606,Maple syrup urine disease,Ozzie10aaaa,false,6,enwiki,2024-10-27 18:38:20
1833645710,Strepsils,Horizon206,false,104,enwiki,2024-10-27 18:38:41
1833645816,Momères,Monkbot,true,1,enwiki,2024-10-27 18:38:59
1833645117,CT Special Forces: Fire for Effect,BilletsMauves,false,0,enwiki,2024-10-27 18:36:40
1833645210,Talk:François Vergult,Cewbot,true,-1,enwiki,2024-10-27 18:36:56
1833645305,Spyros Pomonis,Monkbot,true,1,enwiki,2024-10-27 18:37:17
1833645405,Talk:Robert Howard (Irish swimmer),Cewbot,true,0,enwiki,2024-10-27 18:37:41
1833645519,Talk:Sunrise (German band),Cewbot,true,0,enwiki,2024-10-27 18:37:59
358021219,51 Eridani b,Manha28,false,-2,dewiki,2024-10-27 18:38:05
1833645607,User:Cbl62/2007-09,Cbl62,false,-154,enwiki,2024-10-27 18:38:15
1833645716,Timeline of the Israel–Hamas war (27 September 2024 – present),Borgenland,false,-273,enwiki,2024-10-27 18:38:21
1833645819,Richard Carpenter (musician),8086-PC,false,4,enwiki,2024-10-27 18:39:00
1833645100,2024 Toray Pan Pacific Open,2601:243:2601:C70:6EAC:2691:E4E7:AAB6,false,0,enwiki,2024-10-27 18:36:34
1833645212,User talk:Kaizako10,Kaizako10,false,-4,enwiki,2024-10-27 18:36:56
1833645308,Saducismus Triumphatus,Antiochean 000,false,199,enwiki,2024-10-27 18:37:19
1833645406,Dortmund Airport,Pmbma,false,65,enwiki,2024-10-27 18:37:39
1833645717,User:Taurussun,Taurussun,false,361,enwiki,2024-10-27 18:38:44
1833645105,File:Danger Unlimited.png,TAnthony,false,50,enwiki,2024-10-27 18:36:37
1833645216,Vicky Vidya Ka Woh Wala Video,Crazycomputers,false,114,enwiki,2024-10-27 18:36:56
1833645312,Princess Charlotte of Wales (born 2015),MSincccc,false,1,enwiki,2024-10-27 18:37:17
1833645416,User:Surfmaster23/sandbox,Surfmaster23,false,2525,enwiki,2024-10-27 18:37:43
1833645718,AVA (English singer),Wikisteveb4,false,273,enwiki,2024-10-27 18:38:43
1833645109,Talk:Hurricane Kristy (2024),Drdpw,false,601,enwiki,2024-10-27 18:36:39
1833645218,Oleksandra Skoropadska,37.4.230.101,false,0,enwiki,2024-10-27 18:36:57
1833645315,Talk:List of Nigerian women academics,Cewbot,true,0,enwiki,2024-10-27 18:37:20
1833645417,User:Taurussun,Taurussun,false,385,enwiki,2024-10-27 18:37:44
1833645500,Bex Fowler,146.199.140.26,false,-17,enwiki,2024-10-27 18:37:54
358021215,91. Internationale Sechstagefahrt,Lómelinde,false,-5,dewiki,2024-10-27 18:37:59
1833645610,Jeffrey Donovan,74.140.51.41,false,-43,enwiki,2024-10-27 18:38:20
1833645700,Gordon Chan Kum Tong,Robinson Drinkald,false,3,enwiki,2024-10-27 18:38:40
1833645908,Rajput,LukeEmily,false,-3495,enwiki,2024-10-27 18:39:09
358021302,"MÁV-Baureihe 330,9",Hattori 15,false,-58,dewiki,2024-10-27 18:39:23
1833646019,Boussan,Monkbot,true,1,enwiki,2024-10-27 18:39:36
1833646102,Talk:Health of Basshunter,Cewbot,true,0,enwiki,2024-10-27 18:39:53
1833646118,Reggatta de Blanc (instrumental),HGP7,false,798,enwiki,2024-10-27 18:39:56
1833646211,User:Joeypike2021,Joeypike2021,false,11,enwiki,2024-10-27 18:40:15
1833645910,Talk:Christopher Massingberd,Cewbot,true,0,enwiki,2024-10-27 18:39:17
358021305,Emil Nikel,M2k~dewiki,false,41,dewiki,2024-10-27 18:39:24
358021310,Meret Forster,95.90.196.103,false,13,dewiki,2024-10-27 18:39:27
1833646005,Talk:James McDowall,Cewbot,true,-7,enwiki,2024-10-27 18:39:35
1833646213,Eulogy Recordings,Graywalls,false,-676,enwiki,2024-10-27 18:40:15
1833645911,Top Chef Canada season 10,PKT,false,2,enwiki,2024-10-27 18:39:16
358021304,Nippon Ishin no Kai (2012–2014),VECTRONATOR,false,2,dewiki,2024-10-27 18:39:23
1833646003,Blord,Elohothedon,false,0,enwiki,2024-10-27 18:39:35
1833646105,Giorgos Kyriakopoulos,ReaperSox,false,0,enwiki,2024-10-27 18:39:53
1833646202,Talk:Matthew Russell (priest),Cewbot,true,0,enwiki,2024-10-27 18:40:14
1833646215,Novosemyonovka,Monkbot,true,1,enwiki,2024-10-27 18:40:16
1833645914,Benjamin Bonzi,Llaffineur,false,30,enwiki,2024-10-27 18:39:15
358021312,Tibet,Serols,false,-76,dewiki,2024-10-27 18:39:25
1833646007,String Quartet No. 21 (Mozart),77.69.150.238,false,9,enwiki,2024-10-27 18:39:36
1833646204,List of common misconceptions,Steinbach,false,1,enwiki,2024-10-27 18:39:56
1833645916,Green Party of Michigan,Vif12vf,false,-34,enwiki,2024-10-27 18:39:17
358021313,"MÁV-Baureihe 330,9",Hattori 15,false,-43,dewiki,2024-10-27 18:39:29
1833646014,Clean Power Plan,Seananony,false,-718,enwiki,2024-10-27 18:39:35
1833646106,Template:Joachim Dyrholm Franck,Musicvevo881,false,188,enwiki,2024-10-27 18:39:55
1833646206,MPL Indonesia,Mwwv,false,0,enwiki,2024-10-27 18:40:15
1833646217,Talk:Grace Wong Kit-cheng,Cewbot,true,0,enwiki,2024-10-27 18:40:17
1833646015,AVA (English singer),Wikisteveb4,false,36,enwiki,2024-10-27 18:39:37
1833646112,French submarine Sfax,Monkbot,true,1,enwiki,2024-10-27 18:39:52
1833646208,Hong Kong Red Cross,CosmLearner,false,4,enwiki,2024-10-27 18:40:13
1833646218,Talk:Cerna Gora,Bot1058,true,-63,enwiki,2024-10-27 18:40:17
1833645917,Jamie Lloyd (director),2603:7000:6500:7115:A879:46A1:CA5F:8959,false,0,enwiki,2024-10-27 18:39:17
1833646016,Eyewitness (1999 film),Bearcat,false,-1,enwiki,2024-10-27 18:39:37
1833646113,Pamir Mountains,PakEditor,false,19,enwiki,2024-10-27 18:39:53
1833646219,Draft:JoeFos,I dream of horses,false,66,enwiki,2024-10-27 18:40:17
1833645919,Talk:Born to Run,Jazzfan777,false,295,enwiki,2024-10-27 18:39:18
1833646114,Bohemian Forest,24.144.186.55,false,-7,enwiki,2024-10-27 18:39:54
1833646209,Pak-Arab Refinery,2404:3100:1C04:3C70:78F1:DAFF:FE97:7AC,false,-12,enwiki,2024-10-27 18:40:14
1833645904,String Quartet No. 23 (Mozart),ClueBot NG,false,-32,enwiki,2024-10-27 18:39:16
358021301,Wikipedia:Redaktion Film und Fernsehen/Glashütte/After the Hunt (Film),IgorCalzone1,false,119,dewiki,2024-10-27 18:39:23
1833646017,Talk:Momoh Conteh,Cewbot,true,-1,enwiki,2024-10-27 18:39:38
1833646117,List of FC Schalke 04 players,BundesBerti,false,1,enwiki,2024-10-27 18:39:46
1833646210,Draft:Moe Dimanche,KylieTastic,false,-705,enwiki,2024-10-27 18:40:15
1833645906,Roland Perusse,Saralicia,false,2,enwiki,2024-10-27 18:39:16
358021317,Jules Bloch,Wandervogel,false,501,dewiki,2024-10-27 18:39:32
1833646001,Giorgos Kyriakopoulos,ReaperSox,false,0,enwiki,2024-10-27 18:39:33
1833646018,User talk:StrangerGaplow,BangladeshiEditorInSylhet,false,214,enwiki,2024-10-27 18:39:39
1833646101,2024 Pan Continental Curling Championships,TracyFleuryFan,false,-20,enwiki,2024-10-27 18:39:46
1833646119,Talk:Daniel Pesut,Cewbot,true,12,enwiki,2024-10-27 18:39:56
1833646308,Draft:List of Horrid Henry characters,84.67.147.23,false,2,enwiki,2024-10-27 18:40:35
1833646401,File:Fantastic Case.png,TAnthony,false,50,enwiki,2024-10-27 18:40:53
1833646506,Samuel Bury,TheCatCollective,false,-3,enwiki,2024-10-27 18:41:14
1833646309,35th SS-Police Grenadier Division,Monkbot,true,1,enwiki,2024-10-27 18:40:35
1833646403,Symphony No. 35 (Mozart),77.69.150.238,false,7,enwiki,2024-10-27 18:40:53
1833646507,Head East,RockNWrite82,false,30,enwiki,2024-10-27 18:41:12
1833646600,Our Flag Means Death,Churrisimo,false,409,enwiki,2024-10-27 18:41:19
1833646310,Talk:Abū 'Amr al-Ḥasan ibn 'Alī ibn Ghassān al-Shākir al-Baṣrī,Cewbot,true,19,enwiki,2024-10-27 18:40:35
1833646509,2024 Toray Pan Pacific Open – Singles,ComeradeAlex,false,-84,enwiki,2024-10-27 18:41:11
1833646603,2024 Skate Canada International,Bgsu98,false,14,enwiki,2024-10-27 18:41:26
358021408,Buchtienia,BotBln,false,491,dewiki,2024-10-27 18:40:35
358021411,Benutzer:Asakura Akira/Baustelle/Ergebnisse der japanischen Abgeordnetenhauswahl 202x,Asakura Akira,false,388,dewiki,2024-10-27 18:40:35
358021414,Hohenhausen,Der blaue Reiter kehrt zurück,false,1,dewiki,2024-10-27 18:40:42
1833646410,◀️,Gorobay,false,-19,enwiki,2024-10-27 18:40:55
1833646510,Tokyo Monorail 10000 series,Nyamo Kurosawa,false,678,enwiki,2024-10-27 18:41:14
1833646604,Draft:List of portraits in the United States House of Representatives collection,Sir MemeGod,false,438,enwiki,2024-10-27 18:41:21
1833646311,Mandibulofacial dysostosis-microcephaly syndrome,Ozzie10aaaa,false,1363,enwiki,2024-10-27 18:40:35
358021416,WNBA Finals MVP Award,Wikappe,false,-51,dewiki,2024-10-27 18:40:43
358021418,Modul:Wahlkreise/Liste,Zukunft99,false,-134,dewiki,2024-10-27 18:40:47
1833646512,Talk:Nicolas Blies and Stéphane Hueber-Blies,Cewbot,true,2,enwiki,2024-10-27 18:41:14
1833646606,Gaudi (musician),84.9.14.254,false,475,enwiki,2024-10-27 18:41:27
1833646312,Victória Borges,FloweringDagwood,false,0,enwiki,2024-10-27 18:40:35
1833646411,Mandibulofacial dysostosis-microcephaly syndrome,Ozzie10aaaa,false,-20,enwiki,2024-10-27 18:40:54
1833646513,Forgery Act 1830,Hughbe98,false,42760,enwiki,2024-10-27 18:41:08
1833646607,Talk:Hemming O. Oien,Cewbot,true,-1,enwiki,2024-10-27 18:41:29
1833646313,William Forbes Marshall,Jharris48,false,81,enwiki,2024-10-27 18:40:35
1833646608,The Last Laugh (1924 film),Monkbot,true,1,enwiki,2024-10-27 18:41:29
1833646314,Presidents of the Hunterian Society,Whispyhistory,false,50,enwiki,2024-10-27 18:40:36
1833646315,AVA (English singer),Wikisteveb4,false,49,enwiki,2024-10-27 18:40:35
1833646400,Stardew Valley,Filedelinkerbot,true,-116,enwiki,2024-10-27 18:40:49
358021403,Lebenya Nkoka,Loper12321,false,56,dewiki,2024-10-27 18:40:29
1833646306,Air India,CommanderOfIndus,false,-48,enwiki,2024-10-27 18:40:26
1833646402,Talk:Daniel Munkombwe,Cewbot,true,-16,enwiki,2024-10-27 18:40:53
1833646505,2024–25 SVNS,Sports7s,false,-18,enwiki,2024-10-27 18:41:13
1833646610,San Francisco housing shortage,Earlsofsandwich,false,85,enwiki,2024-10-27 18:41:29
1833646803,Vidouze,Monkbot,true,1,enwiki,2024-10-27 18:42:03
1833646818,User:LiamKorda/sandbox,LiamKorda,false,64,enwiki,2024-10-27 18:42:03
358021512,Celo & Abdi/Diskografie,2.204.231.207,false,1,dewiki,2024-10-27 18:42:34
1833646707,Talk:Tyler Hagan,Cewbot,true,0,enwiki,2024-10-27 18:41:47
1833646804,Talk:Jekalyn Carr,Cewbot,true,-11,enwiki,2024-10-27 18:42:05
1833646816,⤵️,Gorobay,false,-19,enwiki,2024-10-27 18:42:09
1833646614,List of College GameDay (football TV program) locations,Red0ctober22,false,24,enwiki,2024-10-27 18:41:12
1833646807,Talk:Comus,Sweetpool50,false,555,enwiki,2024-10-27 18:42:06
1833646819,2025 AFC U-17 Asian Cup,2001:EE0:1A45:D5AD:A1AB:D5E:29F2:147D,false,-12,enwiki,2024-10-27 18:42:08
358021506,Benutzer:MYR67/Artikelwerkstatt Stefan Arczyński,MYR67,false,1,dewiki,2024-10-27 18:42:28
1833646615,"Tall, Tan, and Terrific",Citation bot,true,22,enwiki,2024-10-27 18:41:31
1833646709,Kyo Kusanagi,Tintor2,false,-1,enwiki,2024-10-27 18:41:44
1833646808,SIM card,2601:98B:8001:82D0:619B:FB74:3A9E:C651,false,1,enwiki,2024-10-27 18:42:02
1833646901,Remplin Palace,Ipflo,false,0,enwiki,2024-10-27 18:42:23
358021507,Zwangsdisputation von Tortosa,92.210.50.4,false,145,dewiki,2024-10-27 18:42:29
358021511,Stadtpark Chemnitz,44Pinguine,false,1,dewiki,2024-10-27 18:42:33
1833646618,Humberto Akʼabal,2800:98:1901:8BDD:89C:792D:3728:631C,false,64,enwiki,2024-10-27 18:41:32
1833646711,Cats (1998 film),Uriahheep228,false,49,enwiki,2024-10-27 18:41:46
1833646812,The Voice UK,Wikisteveb4,false,0,enwiki,2024-10-27 18:42:04
1833646616,Jared Walsh,Red Director,false,73,enwiki,2024-10-27 18:41:31
1833646713,"Charshi Hamam, Mytilene",Monkbot,true,1,enwiki,2024-10-27 18:41:48
1833646814,Monastery of St. John the Baptist (Meteora),Monkbot,true,1,enwiki,2024-10-27 18:42:07
358021501,Motorsport,Sokrates 399,false,6,dewiki,2024-10-27 18:42:24
1833646718,Parnall Heck,Kafash 1989,false,40,enwiki,2024-10-27 18:41:48
358021503,Generation Z,83.215.110.56,false,0,dewiki,2024-10-27 18:42:26
358021509,Liste der Baudenkmäler im Kölner Stadtteil Neustadt-Nord,Raymond,false,44,dewiki,2024-10-27 18:42:11
1833646700,Squash at the 2015 Pan American Games – Women's singles,Ya nsuka,false,29,enwiki,2024-10-27 18:41:45
1833646719,2024 Toray Pan Pacific Open – Doubles,ComeradeAlex,false,-6,enwiki,2024-10-27 18:41:47
1833646800,Sirarakhong Hathei chilli,BoyTheKingCanDance,false,29,enwiki,2024-10-27 18:42:03
1833646815,Cole Palmer,Chelsdog,false,1,enwiki,2024-10-27 18:42:02
1833646703,"Kamenka, Kamensky District, Voronezh Oblast",Monkbot,true,1,enwiki,2024-10-27 18:41:44
1833646817,Talk:Farook Shamsher,Cewbot,true,-37,enwiki,2024-10-27 18:42:08
358021510,Diskussion:Alice Weidel,2001:9E8:167C:CE00:4CE5:186E:90D7:15BA,false,257,dewiki,2024-10-27 18:42:29
1833647003,User:Coenicorn,Coenicorn,false,8,enwiki,2024-10-27 18:42:39
1833647018,User talk:79.46.155.30,79.46.155.30,false,683,enwiki,2024-10-27 18:42:42
1833647108,Westwood Boulevard,Coolcaesar,false,7,enwiki,2024-10-27 18:42:58
1833647004,Talk:Dan Lancaster,Cewbot,true,-35,enwiki,2024-10-27 18:42:38
1833647016,Hermit crab,TheTechnician27,false,-625,enwiki,2024-10-27 18:42:39
1833647109,Category:Animated films set in hell,Dimadick,false,37,enwiki,2024-10-27 18:42:59
1833647200,File:Gravity Rush screenshot.jpg,Gabldotink,false,39,enwiki,2024-10-27 18:43:16
1833647006,Kolosovsky District,Monkbot,true,1,enwiki,2024-10-27 18:42:37
1833647019,Rassokhi,Monkbot,true,1,enwiki,2024-10-27 18:42:41
1833647115,Rangiya,SpeedyBlaster,false,47,enwiki,2024-10-27 18:42:57
1833647201,Talk:Colin Derrick,Rfl0216,false,149,enwiki,2024-10-27 18:43:16
1833647007,The Voice UK,Wikisteveb4,false,25,enwiki,2024-10-27 18:42:35
358021514,Emil Nikel,Wamito,false,-1,dewiki,2024-10-27 18:42:41
358021518,Liste der höchsten Hochhäuser der Welt,Afus199620,false,8,dewiki,2024-10-27 18:42:45
1833647116,Talk:A. Visanio Johnson,Cewbot,true,-7,enwiki,2024-10-27 18:42:59
1833647202,Lee Know,RDWolfgang,false,-11,enwiki,2024-10-27 18:43:13
1833647008,2024–25 ISU Grand Prix of Figure Skating,Bgsu98,false,90,enwiki,2024-10-27 18:42:34
1833647117,Cristian Pache,Red Director,false,114,enwiki,2024-10-27 18:42:59
1833647010,R.P. Sharma Institute of Technology,BD2412,false,6,enwiki,2024-10-27 18:42:39
358021515,Schriftsteller der Generation 1948,Der gut zu tanzen weiß,false,-91,dewiki,2024-10-27 18:42:43
1833647101,R.S.C. Anderlecht,BD2412,false,2,enwiki,2024-10-27 18:42:49
1833647118,User:Bilingual24!/template,Bilingual24!,false,805,enwiki,2024-10-27 18:43:00
1833647204,Nova Scotia House of Assembly,Chajusong,false,-9,enwiki,2024-10-27 18:43:14
1833647309,Talk:Tenant screening,Cewbot,true,2,enwiki,2024-10-27 18:43:29
1833647011,Birmingham Small Arms Company,JamesKnowsJames,false,-28,enwiki,2024-10-27 18:42:37
358021516,A1689-zD1,2A02:8071:6042:2E00:2480:B1D7:113B:7249,false,2,dewiki,2024-10-27 18:42:43
1833647103,Talk:Tom Götze,Cewbot,true,-19,enwiki,2024-10-27 18:42:56
1833647215,File:House of a Thousand.png,TAnthony,false,50,enwiki,2024-10-27 18:43:17
1833647313,Francillon-sur-Roubion,Monkbot,true,1,enwiki,2024-10-27 18:43:28
1833647012,2024 Washington State Cougars football team,RWSEALANY,false,-14,enwiki,2024-10-27 18:42:39
1833647104,Roméo Lavia,Chelsdog,false,0,enwiki,2024-10-27 18:42:54
1833647119,2024 ITF Women's World Tennis Tour (October–December),Markthewords85,false,-15,enwiki,2024-10-27 18:42:51
1833647216,2024 Pacific typhoon season,Borgenland,false,18,enwiki,2024-10-27 18:43:09
1833647314,2024 Washington State Cougars football team,RWSEALANY,false,6,enwiki,2024-10-27 18:43:29
1833647013,User:TedColes/sandbox2,TedColes,false,4170,enwiki,2024-10-27 18:42:40
1833647105,"The Cenotaph, Penang",HundenvonPenang,false,-58,enwiki,2024-10-27 18:42:57
1833647017,Talk:Robert J. Luck,Cewbot,true,-27,enwiki,2024-10-27 18:42:41
358021517,LOL: Last One Laughing,Serols,false,-2,dewiki,2024-10-27 18:42:41
1833647106,Anton Putsila,Monkbot,true,2,enwiki,2024-10-27 18:42:57
1833647218,Talk:Colm Hogan,Cewbot,true,-40,enwiki,2024-10-27 18:43:17
1833647402,Progress Chapter 172: Werewolves Of London,JeyReydar97,false,5,enwiki,2024-10-27 18:43:50
1833647518,Sardar Hasnain Bahadar Dreshak,Annh07,false,-93,enwiki,2024-10-27 18:44:11
1833647404,Hamburg Uprising,Monkbot,true,1,enwiki,2024-10-27 18:43:49
1833647613,Venom: The Last Dance,DamienEditor13,false,-2,enwiki,2024-10-27 18:44:28
1833647405,File:It's Never Too Late to Mend.png,TAnthony,false,50,enwiki,2024-10-27 18:43:51
1833647519,"David Robson (footballer, born 2002)",Joelsmith34,false,0,enwiki,2024-10-27 18:44:10
1833647617,Indigenous peoples in Colombia,Shabazz31091,false,8,enwiki,2024-10-27 18:44:25
1833647407,Luis Robert Jr.,Red Director,false,78,enwiki,2024-10-27 18:43:51
1833647618,Philip Segal,Romomusicfan,false,92,enwiki,2024-10-27 18:44:31
1833647408,Talk:Colin Derrick,Rfl0216,false,1,enwiki,2024-10-27 18:43:52
1833647603,Joe Johnston,2A02:C7C:5153:5600:61B5:6D64:ABD0:B800,false,0,enwiki,2024-10-27 18:44:29
1833647619,2024 in the Philippines,Borgenland,false,18,enwiki,2024-10-27 18:44:21
1833647604,File:Long dark teatimes of the soul cast and crew.jpg,TAnthony,false,-1,enwiki,2024-10-27 18:44:30
1833647416,Indian Idol (Hindi TV series) season 15,Harshvardhan 1427,false,11,enwiki,2024-10-27 18:43:52
1833647507,Stanisław Maczek,Monkbot,true,2,enwiki,2024-10-27 18:44:09
1833647606,Pharmaceutical Association of Mauritius,Rumaanah,false,-11,enwiki,2024-10-27 18:44:30
1833647415,Remplin Palace,Ipflo,false,81,enwiki,2024-10-27 18:43:53
1833647511,2023 AFC Asian Cup,42.1.70.92,false,81,enwiki,2024-10-27 18:43:46
1833647601,Defence Research and Development Organisation,Rvsingh12,false,216,enwiki,2024-10-27 18:44:25
1833647401,File talk:Dunrobin Castle -Sutherland -Scotland-26May2008 (2).jpg,Cewbot,true,-2,enwiki,2024-10-27 18:43:50
1833647514,Ayanbadejo,Tunde Akangbe,false,41,enwiki,2024-10-27 18:44:11
1833647609,"Raush, Davlekanovsky District, Republic of Bashkortostan",Monkbot,true,2,enwiki,2024-10-27 18:44:30
1833647403,Template talk:ISO 639 name,Trappist the monk,false,620,enwiki,2024-10-27 18:43:50
1833647516,Talk:Keisha Anderson,Cewbot,true,0,enwiki,2024-10-27 18:44:11
1833647610,↔️,Gorobay,false,-19,enwiki,2024-10-27 18:44:31
1833647704,Disciple (Christianity),2A00:23C6:F389:B301:E151:2E41:C5C1:80BC,false,27,enwiki,2024-10-27 18:44:51
1833647805,2006 United States House of Representatives elections in Nebraska,Aaronw1109,false,-9,enwiki,2024-10-27 18:45:11
1833647918,Boys Playing Soldiers,Doomhope,false,37,enwiki,2024-10-27 18:45:35
1833647705,Capdrot,Monkbot,true,1,enwiki,2024-10-27 18:44:50
358021602,Petershagen,Gesetzesfreak,false,5,dewiki,2024-10-27 18:45:06
1833647806,Verkhnebelsky,Monkbot,true,1,enwiki,2024-10-27 18:45:13
358021619,Patrick Lambertz,Smycoels,false,2171,dewiki,2024-10-27 18:45:27
1833647807,Ali Khan Jadoon,2001:8F8:1361:554F:E9:263F:D5AF:B7A,false,60,enwiki,2024-10-27 18:45:13
358021618,Benutzer:Mark McWire/Lesezeichen Schienenverkehr,Mark McWire,false,26,dewiki,2024-10-27 18:45:28
1833647712,List of Guatemalan records in athletics,84.110.108.62,false,1795,enwiki,2024-10-27 18:44:51
358021603,Vorlage:Revert-Statistik,Revert-Statistik,true,0,dewiki,2024-10-27 18:45:09
1833647808,2025 Mitsui Fudosan Cup,BoyTheKingCanDance,false,37,enwiki,2024-10-27 18:45:14
1833647901,Draft talk:We Unis,Cewbot,true,0,enwiki,2024-10-27 18:45:33
1833647713,Draft talk:Santana exmachine,Cewbot,true,-51,enwiki,2024-10-27 18:44:53
1833647810,User talk:Rschen7754,Lowercase sigmabot III,true,-3612,enwiki,2024-10-27 18:45:14
358021611,Liste der Lokomotiven und Triebwagen der kkStB,Hattori 15,false,0,dewiki,2024-10-27 18:45:17
1833647905,Caubeyres,Monkbot,true,1,enwiki,2024-10-27 18:45:31
1833647714,Nexstar Media Group,107.178.28.209,false,-1,enwiki,2024-10-27 18:44:49
1833647813,Draft talk:Neshe,Cewbot,true,0,enwiki,2024-10-27 18:45:15
358021614,Grevesmühlen,Seelower,false,-1,dewiki,2024-10-27 18:45:21
358021616,Nekrolog 1496,M2k~dewiki,false,71,dewiki,2024-10-27 18:45:25
1833647910,Karan Wahi,Zuck28,false,4,enwiki,2024-10-27 18:45:31
1833647716,Ranger Suárez,Red Director,false,-13,enwiki,2024-10-27 18:44:54
358021604,Benutzer:Robertk9410/Artikelentwurf5,Robertk9410,false,143,dewiki,2024-10-27 18:45:06
1833647800,Draft talk:Eamwit,Cewbot,true,-107,enwiki,2024-10-27 18:45:12
1833647814,Naucratius,Monkbot,true,1,enwiki,2024-10-27 18:45:16
1833647914,Joseph Petrosino,DonCalo,false,345,enwiki,2024-10-27 18:45:34
1833647700,"Greenwood Academy, Dreghorn",Arjayay,false,-4,enwiki,2024-10-27 18:44:51
1833647719,Georgios Skliros,Monkbot,true,1,enwiki,2024-10-27 18:44:54
1833647801,User talk:Rschen7754/Archive 50,Lowercase sigmabot III,true,3612,enwiki,2024-10-27 18:45:12
1833647817,User:DreamRimmer bot/Redirects.json,DreamRimmer bot,true,97,enwiki,2024-10-27 18:45:17
1833647915,Draft talk:Kyle Fortune,Cewbot,true,0,enwiki,2024-10-27 18:45:36
1833647702,Patrick Trueman,146.199.140.26,false,12,enwiki,2024-10-27 18:44:51
358021600,Portal:Fußball/Neue Artikel,Eastfrisian,false,39,dewiki,2024-10-27 18:45:08
1833647803,Oleksandra Skoropadska,37.4.230.101,false,6,enwiki,2024-10-27 18:45:12
1833647917,Andreas Papandreou,A.Cython,false,-11,enwiki,2024-10-27 18:45:33
1833647703,Venom: The Last Dance,TropicAces,false,0,enwiki,2024-10-27 18:44:49
1833647802,Talk:Taiwan Travel Permit,GoldWitness,false,546,enwiki,2024-10-27 18:45:13
358021615,Tigerstaaten,Pakwesi,false,-12,dewiki,2024-10-27 18:45:24
1833647919,"Ronja, the Robber's Daughter (2024 TV series)",Tmvde,false,0,enwiki,2024-10-27 18:45:35
1833648013,Atkins diet,Highresheadphones,false,13,enwiki,2024-10-27 18:45:49
1833648117,Wikipedia:Wiki Ed/Carnegie Mellon University/'Crazy' Linguistically Rich Asian Languages (Fall 2024),Tarraw,false,-23,enwiki,2024-10-27 18:46:18
1833648015,2025 AFC U-17 Asian Cup qualification,HiddenFace101,false,240,enwiki,2024-10-27 18:45:44
1833648016,Christian Democracy (Greece),Monkbot,true,2,enwiki,2024-10-27 18:45:50
1833648018,Shalishuka,Edasf,false,93,enwiki,2024-10-27 18:45:50
1833648100,Zeylanechinorhynchus,Mattximus,false,-78,enwiki,2024-10-27 18:46:15
1833648106,Russian Missile Troops and Artillery,Monkbot,true,1,enwiki,2024-10-27 18:46:15
1833648110,Draft talk:Béla Darányi,Cewbot,true,-19,enwiki,2024-10-27 18:46:17
1833648001,Talk:Taiwan Travel Permit,GoldWitness,false,15,enwiki,2024-10-27 18:45:50
1833648111,Ali Asghar Khan (Pakistani politician),Annh07,false,-60,enwiki,2024-10-27 18:46:16
1833648012,Talk:S2 impact,Cewbot,true,21,enwiki,2024-10-27 18:45:50
1833648113,2024–25 Danish Superliga,SunnyTango,false,0,enwiki,2024-10-27 18:46:15
1833648214,Illinois Route 116,208.59.242.53,false,-16,enwiki,2024-10-27 18:46:29
1833648314,User:GrabUp/sandbox,GrabUp,false,91,enwiki,2024-10-27 18:46:44
1833648415,"Beto (footballer, born 1998)",41.246.129.147,false,-16,enwiki,2024-10-27 18:47:03
1833648514,R3 expressway (Slovakia),BD2412,false,6,enwiki,2024-10-27 18:47:27
358021703,Wikipedia:Löschkandidaten/27. Oktober 2024,Mary Joanna,false,177,dewiki,2024-10-27 18:46:52
358021706,Ostasien,Pakwesi,false,-12,dewiki,2024-10-27 18:46:56
358021718,Never Gonna Give You Up,ChrisHardy,false,1462,dewiki,2024-10-27 18:47:05
1833648515,Ben Caldecott,Sallywait,false,122,enwiki,2024-10-27 18:47:29
1833648317,Talk:Brendan Keogh (coach),Cewbot,true,-9,enwiki,2024-10-27 18:46:44
1833648416,List of Canadian electoral districts (2003–2013),Masterhatch,false,30,enwiki,2024-10-27 18:47:06
1833648516,Talk:Ahmed Shageef,Cewbot,true,-10,enwiki,2024-10-27 18:47:29
358021700,Violator,Dentalum,false,-8,dewiki,2024-10-27 18:46:50
358021708,Benutzer:Ben Nevis/Testseite,Ben Nevis,false,-9,dewiki,2024-10-27 18:46:58
1833648408,Snus,TerpyNugs,false,63,enwiki,2024-10-27 18:47:02
1833648417,Clement Zablocki,Di (they-them),false,7,enwiki,2024-10-27 18:47:03
1833648517,Template:Foreign relations of Ukraine,ClareWhitePlane,false,42,enwiki,2024-10-27 18:47:29
358021701,Liste der Lokomotiv- und Triebwagenbaureihen der MÁV,Hattori 15,false,0,dewiki,2024-10-27 18:46:48
1833648409,Garuda Purana,Guruprasadhaa,false,0,enwiki,2024-10-27 18:47:02
1833648502,Talk:Rey (Star Wars),Sangdeboeuf,false,8,enwiki,2024-10-27 18:47:24
1833648518,Mikael Egill Ellertsson,ReaperSox,false,94,enwiki,2024-10-27 18:47:28
358021713,"MÁV-Baureihe 323,9",Hattori 15,false,20,dewiki,2024-10-27 18:47:05
1833648503,Saint-Frichoux,Monkbot,true,1,enwiki,2024-10-27 18:47:23
1833648519,"Catherine of Austria, Queen of Poland",Monkbot,true,2,enwiki,2024-10-27 18:47:27
358021702,Benutzer Diskussion:AscompSoftware,DCB,false,59,dewiki,2024-10-27 18:46:52
1833648410,Nika Soon-Shiong,MainlyTwelve,false,8,enwiki,2024-10-27 18:47:04
1833648302,Tweenies,2A06:5902:441A:7700:F4C3:A1EF:FA94:49C2,false,-1,enwiki,2024-10-27 18:46:42
1833648411,Brain (disambiguation),2A00:23C8:179D:DE01:3905:574D:F30C:F442,false,8,enwiki,2024-10-27 18:47:05
1833648504,Impact of the COVID-19 pandemic on American sports broadcasting,Desmond Hobson,false,115,enwiki,2024-10-27 18:47:22
1833648304,Forgery Act 1830,Hughbe98,false,13,enwiki,2024-10-27 18:46:39
1833648412,Talk:Bella Clara Ventura,Cewbot,true,-10,enwiki,2024-10-27 18:47:05
1833648506,Talk:List of male doubles tennis players,Cewbot,true,-20,enwiki,2024-10-27 18:47:26
1833648313,Rangiya,SpeedyBlaster,false,232,enwiki,2024-10-27 18:46:41
358021710,Schloss Versailles,Equord,false,176,dewiki,2024-10-27 18:46:59
1833648413,Završe pri Grobelnem,Monkbot,true,2,enwiki,2024-10-27 18:47:04
1833648602,Trip Tucker,160.2.211.214,false,224,enwiki,2024-10-27 18:47:46
1833648707,Battles of Lanckorona,Monkbot,true,3,enwiki,2024-10-27 18:48:11
1833648801,Rsayevo,Monkbot,true,2,enwiki,2024-10-27 18:48:33
1833648901,Téthieu,Monkbot,true,1,enwiki,2024-10-27 18:48:53
1833648604,Don't Move (2024 film),CANthony0125,false,-19,enwiki,2024-10-27 18:47:47
1833648618,"Ronja, the Robber's Daughter (2024 TV series)",Tmvde,false,-51,enwiki,2024-10-27 18:47:49
1833648803,2025 AFC U-17 Asian Cup qualification,HiddenFace101,false,-5,enwiki,2024-10-27 18:48:28
1833648815,Blord,Elohothedon,false,58,enwiki,2024-10-27 18:48:36
1833648902,Henry Flesher Bland,Mhockey,false,35,enwiki,2024-10-27 18:48:54
1833648919,Marshall and Ross Von Erich,Imdeadinside12,false,98,enwiki,2024-10-27 18:48:58
1833648605,Teliu,Monkbot,true,2,enwiki,2024-10-27 18:47:47
1833648708,User:GrabUp/sandbox,GrabUp,false,347,enwiki,2024-10-27 18:48:13
1833648805,Draft talk:Yamb (game),BGA Player,false,542,enwiki,2024-10-27 18:48:35
1833648903,Talk:Highest averages method,Glide08,false,-1,enwiki,2024-10-27 18:48:54
1833648606,User:ClueBot III/Detailed Indices/User talk:Ingenuity/Archive 11,ClueBot III,true,591,enwiki,2024-10-27 18:47:49
1833648709,2024 Guangzhou Open – Singles,ComeradeAlex,false,-90,enwiki,2024-10-27 18:48:10
1833648806,Family Guy season 22,74.102.32.247,false,-66,enwiki,2024-10-27 18:48:34
1833648816,RMCS (film),BD2412,false,1,enwiki,2024-10-27 18:48:37
1833648607,Mikael Egill Ellertsson,ReaperSox,false,-4,enwiki,2024-10-27 18:47:47
1833648710,Wikipedia:List of Wikipedians by featured article nominations,Rick Bot,true,53,enwiki,2024-10-27 18:47:51
1833648819,"Malyutina, Kursk Oblast",Monkbot,true,2,enwiki,2024-10-27 18:48:36
1833648908,Talk:Allison Tait,Cewbot,true,-10,enwiki,2024-10-27 18:48:56
1833648610,RMIT Design Hub,BD2412,false,1,enwiki,2024-10-27 18:47:47
1833648711,Kenni Burns,Erik255,false,0,enwiki,2024-10-27 18:48:13
1833648807,2025 Mitsui Fudosan Cup,Kiyume1990,false,0,enwiki,2024-10-27 18:48:35
1833648907,Offences Against the Person Act 1828,Hughbe98,false,31,enwiki,2024-10-27 18:48:54
1833648611,Broom,Julián Alvarez Torresilla,false,-3,enwiki,2024-10-27 18:47:48
1833648700,Timeline of the Sasanian Empire,Kafash 1989,false,11,enwiki,2024-10-27 18:48:10
1833648712,Talk:Cath Crowley,Cewbot,true,-10,enwiki,2024-10-27 18:48:14
1833648808,Maria Stromberger,BorgQueen,false,-2,enwiki,2024-10-27 18:48:34
1833648911,User talk:ZxxZxxZ,HouseBlaster,false,619,enwiki,2024-10-27 18:48:51
1833648614,Ruggero Pasquarelli,AcostaS3222,false,0,enwiki,2024-10-27 18:47:48
1833648701,Talk:Anna Sixtová,Cewbot,true,-11,enwiki,2024-10-27 18:48:11
1833648714,IV Cavalry Corps (German Empire),Monkbot,true,1,enwiki,2024-10-27 18:48:14
1833648809,Talk:Annabelle Lindsay,Cewbot,true,-10,enwiki,2024-10-27 18:48:35
1833648912,Woody Vasulka,Reify-tech,false,0,enwiki,2024-10-27 18:48:57
1833648600,Talk:Cecilia Wollmann,Cewbot,true,-12,enwiki,2024-10-27 18:47:47
1833648616,Asian Netball Championships,Abishe,false,80,enwiki,2024-10-27 18:47:48
1833648703,Khajoor Pe Atke,Sid95Q,false,40,enwiki,2024-10-27 18:48:10
1833648713,Alejandro Balde,Lubo-Iv-95,false,0,enwiki,2024-10-27 18:48:13
1833648914,User:HouseBlaster/XfD log,HouseBlaster,false,446,enwiki,2024-10-27 18:48:54
1833648601,Shahram Khan Tarakai,Ahmadbhattiswabi,false,117,enwiki,2024-10-27 18:47:46
1833648617,Rubycon (album),Nectar3,false,0,enwiki,2024-10-27 18:47:49
1833648704,Cedric Nunn,2600:100C:B25C:1DB4:F8C5:C232:CD4:3E2F,false,75,enwiki,2024-10-27 18:48:10
1833648900,Phaedra (album),Nectar3,false,0,enwiki,2024-10-27 18:48:54
1833649011,Talk:CLG Na Rossa,Cewbot,true,-12,enwiki,2024-10-27 18:49:20
1833649101,Talk:Ben Wilkinson (poet),Cewbot,true,-10,enwiki,2024-10-27 18:49:44
1833649119,Talk:Andrea Stolowitz,Cewbot,true,-11,enwiki,2024-10-27 18:49:50
1833649000,"Dani García (footballer, born 1990)",78.87.103.233,false,0,enwiki,2024-10-27 18:49:13
1833649016,Eliah Drinkwitz,Erik255,false,0,enwiki,2024-10-27 18:49:20
358021814,Liste der ältesten verstorbenen prominenten Menschen,MYR67,false,0,dewiki,2024-10-27 18:49:21
358021819,Sekundarschule am Biegerpark,Berita,false,1217,dewiki,2024-10-27 18:49:28
1833649102,Zlatko Dalić,Mattythewhite,false,3,enwiki,2024-10-27 18:49:39
1833649001,Template:Uruguayan elections,Fadesga,false,26,enwiki,2024-10-27 18:49:16
1833649019,Chart Pattana Party (2007),Preime TH,false,136,enwiki,2024-10-27 18:49:21
1833649002,Talk:ALYPH,Cewbot,true,-9,enwiki,2024-10-27 18:49:17
1833649104,Cedric Nunn,Crazycomputers,false,-75,enwiki,2024-10-27 18:49:42
1833649003,User:Joeykai/college,Joeykai,false,7,enwiki,2024-10-27 18:49:17
1833649105,Wilhelm Rediess,Monkbot,true,1,enwiki,2024-10-27 18:49:45
1833649004,X International Chopin Piano Competition,Monkbot,true,1,enwiki,2024-10-27 18:49:16
358021812,Internationaux Féminins de la Vienne 2024,Tosinban,false,39,dewiki,2024-10-27 18:49:22
358021816,Wiederaufarbeitungsanlage Wackersdorf,Wikida,false,138,dewiki,2024-10-27 18:49:25
1833649106,4th Engineer Regiment (Italy),Arjayay,false,-4,enwiki,2024-10-27 18:49:45
358021804,Wikipedia:Relevanzcheck,Tmv23,false,336,dewiki,2024-10-27 18:49:09
1833649005,List of Liberian records in athletics,Xymph,false,-85,enwiki,2024-10-27 18:49:16
1833649109,Nikolai Chernov,Saralicia,false,-2,enwiki,2024-10-27 18:49:46
1833649009,Galalaukiai,Monkbot,true,1,enwiki,2024-10-27 18:49:19
1833649111,Talk:Charles Williams (film director),Cewbot,true,-10,enwiki,2024-10-27 18:49:47
358021807,Kommunistische Partei Chinas,Furfur,false,-104,dewiki,2024-10-27 18:49:13
1833649008,Talk:Franklin eBookMan,OpalYosutebito,false,9,enwiki,2024-10-27 18:49:19
358021818,Attentat auf Alfred Herrhausen,NiTenIchiRyu,false,124,dewiki,2024-10-27 18:49:28
1833649117,"Polish Theatre, Bydgoszcz",Monkbot,true,6,enwiki,2024-10-27 18:49:48
1833649010,New England Compounding Center,24.61.196.115,false,0,enwiki,2024-10-27 18:49:19
1833649118,Wikipedia:File copyright tags/Free licenses,2806:108E:21:87EF:32B0:66D6:1155:AFA1,false,-98,enwiki,2024-10-27 18:49:50
1833649213,1975 Polish speedway season,Monkbot,true,1,enwiki,2024-10-27 18:50:06
1833649311,Plosovo,Monkbot,true,2,enwiki,2024-10-27 18:50:26
1833649402,Athletics Federation of Guinea-Bissau,Kafash 1989,false,43,enwiki,2024-10-27 18:50:38
1833649508,Kingsbury Wood,BoyTheKingCanDance,false,37,enwiki,2024-10-27 18:51:02
1833649216,Mister Maker,2A00:23C8:BBD:301:B5:522C:FED8:B952,false,4,enwiki,2024-10-27 18:50:02
1833649312,Gaudi (musician),84.9.14.254,false,31,enwiki,2024-10-27 18:50:26
1833649406,Aero Trasporti Italiani Flight 327,SignorPignolini,false,17,enwiki,2024-10-27 18:50:40
1833649512,Damon Wayans Jr.,98.123.38.211,false,60,enwiki,2024-10-27 18:51:03
1833649201,Michael Oliver (referee),2A10:D582:7F33:0:91D:5557:169A:ABD6,false,2,enwiki,2024-10-27 18:50:05
1833649217,Beate Finckh,2003:C6:9F30:E366:E4B7:FC4F:B93E:E417,false,11,enwiki,2024-10-27 18:50:09
1833649407,Devin Adair,I dream of horses,false,198,enwiki,2024-10-27 18:50:40
1833649514,Assembly of Nobles (Sweden),WikiGuff,false,55,enwiki,2024-10-27 18:51:04
1833649313,Talk:Cass Review,LokiTheLiar,false,595,enwiki,2024-10-27 18:50:18
1833649408,Pennes-le-Sec,Monkbot,true,1,enwiki,2024-10-27 18:50:38
1833649300,Dimitri Terzakis,Monkbot,true,1,enwiki,2024-10-27 18:50:23
1833649314,Draft:Raf-saperra,Sahyy771,false,77,enwiki,2024-10-27 18:50:27
1833649409,Talk:Brazil,Bruce leverett,false,-156,enwiki,2024-10-27 18:50:40
1833649517,Stefanos Voskaridis,Monkbot,true,1,enwiki,2024-10-27 18:51:04
1833649205,Talk:The Free Association,OpalYosutebito,false,4,enwiki,2024-10-27 18:50:05
1833649301,Talk:Bacinte Osman,Cewbot,true,-1,enwiki,2024-10-27 18:50:23
1833649206,Crazy Jane,Orenburg1,false,0,enwiki,2024-10-27 18:50:08
1833649308,Tahmid Bhuiyan Tamim,Onel5969,false,-6,enwiki,2024-10-27 18:50:24
1833649410,Talk:Colette Irwin-Knott,Cewbot,true,-12,enwiki,2024-10-27 18:50:41
1833649500,Humberto Akʼabal,Ricardo JOSUE loez,false,27,enwiki,2024-10-27 18:51:01
1833649208,Talk:Blondey McCoy,Cewbot,true,-10,enwiki,2024-10-27 18:50:05
1833649309,User:ClueBot III/Detailed Indices/User talk:Kazamzam/Archives/4,ClueBot III,true,629,enwiki,2024-10-27 18:50:26
1833649411,Charlie Cotton (2014 character),146.199.140.26,false,-4,enwiki,2024-10-27 18:50:40
1833649501,Kevin Zeroli,ReaperSox,false,0,enwiki,2024-10-27 18:51:00
1833649210,Talk:Alison Young (legal scholar),Cewbot,true,-4,enwiki,2024-10-27 18:50:08
1833649502,"Brda, Slovenj Gradec",Monkbot,true,1,enwiki,2024-10-27 18:51:01
1833649310,Talk:Achintya Nilsen,Cewbot,true,16,enwiki,2024-10-27 18:50:26
1833649400,Claudia Butenuth,2003:C6:9F30:E366:E4B7:FC4F:B93E:E417,false,11,enwiki,2024-10-27 18:50:39
1833649506,Talk:Graciela Piñeiro,Cewbot,true,-12,enwiki,2024-10-27 18:51:02
1833649607,Category talk:Polish painters,Simeon,false,73,enwiki,2024-10-27 18:51:21
1833649703,Talk:Alice Kahn,Cewbot,true,-46,enwiki,2024-10-27 18:51:41
1833649615,"Suzan, France",Monkbot,true,1,enwiki,2024-10-27 18:51:21
1833649708,Assembly of Nobles (Sweden),WikiGuff,false,83,enwiki,2024-10-27 18:51:42
358021905,Liste umbenannter Städte in Aserbaidschan,Wheeke,false,86,dewiki,2024-10-27 18:51:18
1833649616,Template:Foreign relations of Italy,ClareWhitePlane,false,40,enwiki,2024-10-27 18:51:23
358021912,Men Without Hats,Felkel1982,false,123,dewiki,2024-10-27 18:51:31
358021915,Diskussion:Konferenz von Évian,2003:C2:EF21:5900:3838:EAC3:47F8:8426,false,582,dewiki,2024-10-27 18:51:39
1833649711,Grêmio Novorizontino,Thedarksideofbread,false,-13,enwiki,2024-10-27 18:51:40
1833649618,Kidnapping of the Bibas family,Hanay,false,214,enwiki,2024-10-27 18:51:22
358021911,Augsburger Propheten-Fenster,Reinhard Dietrich,false,286,dewiki,2024-10-27 18:51:31
358021918,Benutzer Diskussion:Zyronical,Ankermast,false,3773,dewiki,2024-10-27 18:51:44
1833649715,Talk:Alkhali Bangoura,Cewbot,true,-11,enwiki,2024-10-27 18:51:44
358021910,Grevesmühlen,Seelower,false,25,dewiki,2024-10-27 18:51:27
358021914,Benutzer:Asakura Akira/Baustelle/Ergebnisse der japanischen Abgeordnetenhauswahl 202x,Asakura Akira,false,-44,dewiki,2024-10-27 18:51:31
1833649718,Talk:Rey (Star Wars),Sangdeboeuf,false,25,enwiki,2024-10-27 18:51:43
1833649800,Talk:Mordechai Schlein,The Blue Rider,false,-4,enwiki,2024-10-27 18:51:55
358021900,FC Bayern München/Namen und Zahlen,2003:CA:B728:DE00:9939:B369:C4DF:C035,false,9,dewiki,2024-10-27 18:51:01
358021902,Kategorie:Walter-Scott-Verfilmung,Koyaanis,false,14,dewiki,2024-10-27 18:51:15
358021908,Cembalokonzert in g-Moll,Motmel,false,1,dewiki,2024-10-27 18:51:19
1833649601,List of Canadian electoral districts (1996–2003),Masterhatch,false,101,enwiki,2024-10-27 18:51:21
1833649719,User talk:Theleekycauldron,Theleekycauldron,false,163,enwiki,2024-10-27 18:51:43
1833649804,Offences Against the Person Act 1828,Hughbe98,false,-1,enwiki,2024-10-27 18:51:54
358021903,Satyu Yamaguti,M2k~dewiki,false,0,dewiki,2024-10-27 18:51:16
1833649600,"George Curzon, 1st Marquess Curzon of Kedleston",Cloptonson,false,-2,enwiki,2024-10-27 18:51:16
358021909,Wikipedia:Wartungsbausteinwettbewerb/Frühling 2010/Auswertung,Lómelinde,false,2164,dewiki,2024-10-27 18:51:23
1833649700,Tomb of Sidi Bel Kacem,R Prazeres,false,3,enwiki,2024-10-27 18:51:40
1833649805,"Ronja, the Robber's Daughter (2024 TV series)",Tmvde,false,-40,enwiki,2024-10-27 18:51:55
358021904,Nordbüscheleule,2A02:810B:4229:2A00:D8BC:EDDB:B803:F9B6,false,106,dewiki,2024-10-27 18:51:16
1833649602,Demeter,Michael Aurel,false,429,enwiki,2024-10-27 18:51:18
1833649701,List of political parties in the United States,206.223.193.5,false,-12,enwiki,2024-10-27 18:51:33
1833649806,Talk:Argnesa Rexhepi,Cewbot,true,7,enwiki,2024-10-27 18:51:56
1833649905,Talk:Abdelkarim Fergat,Cewbot,true,-11,enwiki,2024-10-27 18:52:11
1833650004,Roman Geszlecht,KibolLP,false,1595,enwiki,2024-10-27 18:52:31
1833650107,Draft:Ella Watson,I dream of horses,false,-46,enwiki,2024-10-27 18:52:41
1833649907,Wikipedia:Reference desk/Entertainment,Viennese Waltz,false,-1722,enwiki,2024-10-27 18:52:11
1833650005,Nikola Vaptsarov,Lightiggy,false,33,enwiki,2024-10-27 18:52:32
1833650109,Magpie,46.109.241.172,false,18,enwiki,2024-10-27 18:52:40
1833650210,List of current airships in the United States,ZLEA,false,-118,enwiki,2024-10-27 18:53:04
1833649912,Mister Maker,2A00:23C8:BBD:301:B5:522C:FED8:B952,false,0,enwiki,2024-10-27 18:52:10
1833650006,"People's Party (Thailand, 2024)",Preime TH,false,229,enwiki,2024-10-27 18:52:32
1833650111,Criminal Statutes (Ireland) Repeal Act 1828,Hughbe98,false,1,enwiki,2024-10-27 18:52:41
1833650216,Snowflake Inc.,Kentuckyfriedtucker,false,30,enwiki,2024-10-27 18:53:05
1833649913,Template:Malaysian historical architectures and sites,HundenvonPenang,false,-36,enwiki,2024-10-27 18:52:13
1833650007,Bourran,Monkbot,true,1,enwiki,2024-10-27 18:52:31
1833650112,Talk:Arte Quartett,Cewbot,true,-9,enwiki,2024-10-27 18:52:44
1833650200,User talk:Music Air BB,Liz,false,1229,enwiki,2024-10-27 18:53:01
1833650217,Talk:Andy Stevenson,Cewbot,true,-10,enwiki,2024-10-27 18:53:05
1833649917,"Gaobu, Guangdong",HKRailEnthusiast,false,-54,enwiki,2024-10-27 18:52:09
1833650008,Justin Wilcox (American football),Erik255,false,0,enwiki,2024-10-27 18:52:32
1833650114,2024–25 Olympique Lyonnais season,Thplam2004,false,26,enwiki,2024-10-27 18:52:39
1833650219,Hin Bus Depot,HundenvonPenang,false,85,enwiki,2024-10-27 18:53:03
1833650012,List of Detroit Lions starting quarterbacks,Alexanderthgr8,false,0,enwiki,2024-10-27 18:52:31
1833650117,User:Jgdc47B/sandbox,Jgdc47B,false,450,enwiki,2024-10-27 18:52:45
1833650201,Blitz (2024 film),195.180.29.56,false,33,enwiki,2024-10-27 18:52:59
1833649919,Romani people in Austria,Monkbot,true,1,enwiki,2024-10-27 18:52:12
1833650015,Ibbas,RobertJohnson35,false,2069,enwiki,2024-10-27 18:52:34
1833650202,Lee Harvey Oswald,Wabbuh,false,-71,enwiki,2024-10-27 18:52:57
1833649901,User:Guywelch2000/sandbox,Guywelch2000,false,41,enwiki,2024-10-27 18:52:11
1833650002,User:Guywelch2000/sandbox,Guywelch2000,false,31,enwiki,2024-10-27 18:52:32
1833650103,Mio Momono,89.136.44.148,false,409,enwiki,2024-10-27 18:52:41
1833650205,Talk:Aled Brewerton,Cewbot,true,-24,enwiki,2024-10-27 18:53:02
1833649904,Historical rankings of presidents of the United States,Flyedit32,false,-8,enwiki,2024-10-27 18:52:00
1833650003,Talk:Chuck Mead,Cewbot,true,-12,enwiki,2024-10-27 18:52:32
1833650206,Sudines,Monkbot,true,1,enwiki,2024-10-27 18:53:02
1833650304,Jordan Cockeram,Myrealnamm,false,862,enwiki,2024-10-27 18:53:18
1833650319,Draft:Im a Celebrity: Extra Camp (series 21),86.1.217.237,false,-6,enwiki,2024-10-27 18:53:21
1833650405,Utah State University,TaffyPuller1832,false,-327,enwiki,2024-10-27 18:53:30
1833650417,Frenkie de Jong,Lubo-Iv-95,false,1,enwiki,2024-10-27 18:53:35
1833650512,1976 Tangshan earthquake,Lovewhatyoudo,false,1751,enwiki,2024-10-27 18:53:40
1833650611,Camp Kinser,WhisperToMe,false,64,enwiki,2024-10-27 18:54:05
1833650309,Mike Amesbury,Mattythewhite,false,-27,enwiki,2024-10-27 18:53:16
1833650406,Hume Football Netball League,Justin Kelly,false,39,enwiki,2024-10-27 18:53:30
1833650418,Rospuda,Monkbot,true,1,enwiki,2024-10-27 18:53:37
1833650513,Louey,Monkbot,true,1,enwiki,2024-10-27 18:53:46
358022017,Liste von Persönlichkeiten der Stadt Essen,MYR67,false,67,dewiki,2024-10-27 18:53:56
1833650615,Category talk:Railway stations in Kasaragod district,1.39.116.225,false,134,enwiki,2024-10-27 18:54:07
1833650311,"George Curzon, 1st Marquess Curzon of Kedleston",Cloptonson,false,-1,enwiki,2024-10-27 18:53:14
1833650408,Roxy Mitchell,146.199.140.26,false,0,enwiki,2024-10-27 18:53:35
1833650516,Rachiine,Hamasien,false,41,enwiki,2024-10-27 18:53:48
1833650617,Talk:Annemarie Heite,Cewbot,true,9,enwiki,2024-10-27 18:54:08
1833650407,Wikipedia:Administrators' noticeboard,SuperMarioMan,false,1667,enwiki,2024-10-27 18:53:32
358022013,Solingen,KFSc,false,82,dewiki,2024-10-27 18:53:41
1833650616,La Penne-sur-l'Ouvèze,Monkbot,true,1,enwiki,2024-10-27 18:54:06
1833650312,"Gaobu, Guangdong",HKRailEnthusiast,false,19,enwiki,2024-10-27 18:53:18
1833650409,"India House, Penang",HundenvonPenang,false,49,enwiki,2024-10-27 18:53:35
358022014,WNBA Defensive Player of the Year Award,Wikappe,false,299,dewiki,2024-10-27 18:53:49
1833650605,Talk:Alfredo Willemsens,Cewbot,true,-11,enwiki,2024-10-27 18:54:05
1833650618,Leandro Arpinati,Lightiggy,false,37,enwiki,2024-10-27 18:54:08
1833650314,Category talk:Polish women painters,Simeon,false,51,enwiki,2024-10-27 18:53:20
358022003,Franz Seraphin von Kuefstein,Manha28,false,46,dewiki,2024-10-27 18:53:32
1833650410,Miss Universe 2013,Sciencefish,false,-19,enwiki,2024-10-27 18:53:32
1833650606,List of Malawian records in athletics,Xymph,false,-20,enwiki,2024-10-27 18:54:03
1833650619,Nordic Capital,2804:18:1120:A0DE:1802:4F2A:D6FD:3DE9,false,-1,enwiki,2024-10-27 18:54:08
1833650301,Vladimir Mikhaylov (football),Monkbot,true,1,enwiki,2024-10-27 18:53:17
1833650315,Sopho Gelovani,80.62.117.151,false,-59,enwiki,2024-10-27 18:53:18
1833650412,Talk:Captain Phasma,Sangdeboeuf,false,402,enwiki,2024-10-27 18:53:36
1833650500,Draft:Im a Celebrity: Extra Camp (series 21),86.1.217.237,false,6,enwiki,2024-10-27 18:53:45
358022015,The Day of the Jackal,Frank Sonnenkind,false,139,dewiki,2024-10-27 18:53:55
1833650607,Joseph Lister,Elinruby,false,-22,enwiki,2024-10-27 18:53:45
1833650300,Malay Archipelago,DervotNum4,false,-8,enwiki,2024-10-27 18:53:17
1833650403,Talk:Cícero Ramalho,Cewbot,true,9,enwiki,2024-10-27 18:53:35
358022009,Vorlage:Turnierplan12-ohne-Byes,Antonsusi,false,-396,dewiki,2024-10-27 18:53:38
1833650503,Tanmoy Bhattacharya,IamSouravBiswas2000,false,-22,enwiki,2024-10-27 18:53:45
358022018,Shūgiin-Wahl 2024,BernwardAurelian,false,0,dewiki,2024-10-27 18:53:59
1833650608,2024–25 Campeonato de Portugal,Secretaria,false,4,enwiki,2024-10-27 18:54:03
1833650302,Crazy Jane,Orenburg1,false,1,enwiki,2024-10-27 18:53:18
1833650317,Color in Chinese culture,151.68.78.71,false,-45,enwiki,2024-10-27 18:53:19
358022005,Portal:Sachsen/Projekt:Kulturdenkmale/ID ungültig/bearbeitet,Lguenth1,false,81,dewiki,2024-10-27 18:53:33
358022008,Liste von Jazzmusikern/N,Freimut Bahlo,false,23,dewiki,2024-10-27 18:53:36
1833650416,User talk:Titan(moon)003,Titan(moon)003,false,179,enwiki,2024-10-27 18:53:38
1833650506,Ram Chiang,Soveryvivid,false,-10,enwiki,2024-10-27 18:53:45
358022016,Ari Fleischer,Phzh,false,-6,dewiki,2024-10-27 18:53:56
1833650609,Atthaya Thitikul,Zefr,false,-1,enwiki,2024-10-27 18:54:04
1833650303,Robert Lyons Marshall,Jharris48,false,63,enwiki,2024-10-27 18:53:18
1833650316,List of accidents and incidents involving commercial aircraft,SignorPignolini,false,258,enwiki,2024-10-27 18:53:18
1833650402,Donald Trump,Niggle1892,false,3,enwiki,2024-10-27 18:53:17
358022010,FIA-Formel-3-Meisterschaft 2025,Florian100100,false,40,dewiki,2024-10-27 18:53:36
358022011,Philosophisches Jahrbuch,Zarakas2000,false,12,dewiki,2024-10-27 18:53:40
1833650511,Talk:Albeneir,Cewbot,true,-11,enwiki,2024-10-27 18:53:47
358022019,Wikipedia:Jungwikipedianer/JWP-Willkommen,Ankermast,false,-2,dewiki,2024-10-27 18:54:01
1833650610,Jules Koundé,Lubo-Iv-95,false,0,enwiki,2024-10-27 18:54:05
1833650811,Montgaillard-sur-Save,Monkbot,true,1,enwiki,2024-10-27 18:54:40
1833650904,List of Ghanaian politicians,154.160.4.140,false,1,enwiki,2024-10-27 18:54:54
1833650700,1960 New York Yankees season,24.101.112.71,false,2646,enwiki,2024-10-27 18:54:16
1833650813,Yurika Oka,89.136.44.148,false,547,enwiki,2024-10-27 18:54:40
1833651006,Draft:I'm a Celebrity: The Daily Drop (British series 20),Qwerfjkl (bot),true,26,enwiki,2024-10-27 18:55:16
1833650704,Proto-Malay,DervotNum4,false,0,enwiki,2024-10-27 18:54:21
1833650819,SAFF Women's Championship,Lancepark,false,16,enwiki,2024-10-27 18:54:41
1833650918,Talk:Erin Tierney,Cewbot,true,-10,enwiki,2024-10-27 18:54:56
1833650706,List of Arizona Cardinals starting quarterbacks,Alexanderthgr8,false,0,enwiki,2024-10-27 18:54:19
1833650919,The Silent Men,Սահակ,false,4,enwiki,2024-10-27 18:54:57
1833651008,University of Malaya,Filedelinkerbot,true,-31,enwiki,2024-10-27 18:55:11
1833650710,Kevin Noble Maillard,RockRiverTree,false,239,enwiki,2024-10-27 18:54:22
1833651009,Christianization of Poland,Monkbot,true,2,enwiki,2024-10-27 18:55:15
1833650711,Draft talk:Ernst Johansson,Cewbot,true,-19,enwiki,2024-10-27 18:54:23
1833651011,Zinc,Pi bot,true,105,enwiki,2024-10-27 18:55:00
1833650712,Lamastre,Monkbot,true,1,enwiki,2024-10-27 18:54:20
1833650804,Robert Lyons Marshall,Jharris48,false,-4,enwiki,2024-10-27 18:54:41
1833651012,Draft:Kentucky v. Stincer,Lethargilistic,false,-1793,enwiki,2024-10-27 18:55:17
1833650715,Jacqueline Lamba,Mistico Dois,false,-1,enwiki,2024-10-27 18:54:23
1833650805,Aruna (Hinduism),Guruprasadhaa,false,-2,enwiki,2024-10-27 18:54:40
1833651014,Talk:Dominik Kafka,Cewbot,true,-11,enwiki,2024-10-27 18:55:17
1833650808,Talk:Eugeniusz Waszkiewicz,Cewbot,true,-16,enwiki,2024-10-27 18:54:41
1833650900,List of United States Army four-star generals,SuperWIKI,false,4,enwiki,2024-10-27 18:54:48
1833650812,John Somers (courtier),Unoquha,false,1,enwiki,2024-10-27 18:54:42
1833650901,List of Miami Dolphins starting quarterbacks,Alexanderthgr8,false,0,enwiki,2024-10-27 18:54:51
1833651206,Society of Petroleum Engineers,102.91.93.101,false,-5,enwiki,2024-10-27 18:55:44
1833651417,Kent Anderson (American football),Joyous!,false,-21,enwiki,2024-10-27 18:56:11
1833651100,"Lachapelle, Lot-et-Garonne",Monkbot,true,1,enwiki,2024-10-27 18:55:29
1833651314,Kimberly Jessup,Fbageajn,false,0,enwiki,2024-10-27 18:55:59
1833651418,M83 (band),SnivyLink2,false,-4,enwiki,2024-10-27 18:56:11
1833651106,User:Hirdden/sandbox,Hirdden,false,32,enwiki,2024-10-27 18:55:32
1833651212,List of Cincinnati Bengals starting quarterbacks,Alexanderthgr8,false,0,enwiki,2024-10-27 18:55:46
1833651300,ARY News,2001:8F8:1361:554F:E9:263F:D5AF:B7A,false,8,enwiki,2024-10-27 18:55:55
1833651318,Talk:Erma Sulistianingsih,Cewbot,true,-12,enwiki,2024-10-27 18:55:59
1833651501,Australian Signals Directorate,Idiosincrático,false,-902,enwiki,2024-10-27 18:56:23
1833651108,Talk:Freya Wilcox,Cewbot,true,-22,enwiki,2024-10-27 18:55:32
1833651218,For the Beauty of the Earth,Wrbodine,false,0,enwiki,2024-10-27 18:55:46
1833651302,Verkhneye Abdryashevo,Monkbot,true,2,enwiki,2024-10-27 18:55:57
1833651317,Davis Formation,Klbrain,false,-44,enwiki,2024-10-27 18:55:58
1833651407,Neelu (disambiguation),Gotitbro,false,1,enwiki,2024-10-27 18:56:10
1833651503,Talk:Daniela Wagner,Cewbot,true,-24,enwiki,2024-10-27 18:56:26
1833651111,Frank Booth (swimmer),Dcw2003,false,94,enwiki,2024-10-27 18:55:33
1833651303,2024 Uruguayan constitutional referendum on social security,Fadesga,false,513,enwiki,2024-10-27 18:55:57
1833651319,Danielle Jones (EastEnders),146.199.140.26,false,12,enwiki,2024-10-27 18:55:59
1833651408,Phoenix discography,Ss112,false,0,enwiki,2024-10-27 18:56:09
1833651506,Simos Krassas,Monkbot,true,1,enwiki,2024-10-27 18:56:25
1833651112,"Rozovsky, Volgograd Oblast",Monkbot,true,1,enwiki,2024-10-27 18:55:33
1833651305,Ludwik Konarzewski,Simeon,false,14,enwiki,2024-10-27 18:55:57
1833651411,List of mechanical keyboards,Xose.vazquez,false,-3,enwiki,2024-10-27 18:56:10
1833651510,Švitrigaila,Lord Ruffy98,false,13,enwiki,2024-10-27 18:56:26
1833651113,User:Peter I. Vardy/sandbox,Peter I. Vardy,false,919,enwiki,2024-10-27 18:55:33
1833651201,BAV 485,BilletsMauves,false,40,enwiki,2024-10-27 18:55:45
1833651306,Draft:Kevin Trudeau's Global Information Network (GIN),Grad0507,false,-6,enwiki,2024-10-27 18:55:57
1833651413,Eymeux,Monkbot,true,1,enwiki,2024-10-27 18:56:09
1833651514,2025 ICC Champions Trophy,2400:ADCC:11C:200:8D1B:D8D3:9FAB:5981,false,15,enwiki,2024-10-27 18:56:25
1833651114,Miracles (Hawk Nelson album),2604:3D09:147F:4600:0:0:0:93F8,false,2645,enwiki,2024-10-27 18:55:34
1833651202,User talk:Sandeepbarnwal 9559,Sandeepbarnwal 9559,false,836,enwiki,2024-10-27 18:55:46
1833651307,User:YoungGirlA,YoungGirlA,false,18,enwiki,2024-10-27 18:55:59
1833651414,2024–25 LKL season,Konepe123,false,-13,enwiki,2024-10-27 18:56:03
1833651516,Edward Gibbon,Primaryspace,false,-2,enwiki,2024-10-27 18:56:24
1833651118,2024–25 Moldovan Super Liga,Lionel141,false,0,enwiki,2024-10-27 18:55:33
1833651203,Ralegaon Assembly constituency,Nizar786,false,13,enwiki,2024-10-27 18:55:43
1833651308,HSBC Building (Penang),HundenvonPenang,false,49,enwiki,2024-10-27 18:55:57
1833651415,Talk:Enea Scala,Cewbot,true,-10,enwiki,2024-10-27 18:56:11
1833651119,Jargalan District,Brightkingdom,false,130,enwiki,2024-10-27 18:55:34
1833651312,Vuelta a Guatemala,2800:484:3684:9F00:7985:1D5A:17D6:E7E6,false,41,enwiki,2024-10-27 18:55:58
1833651416,User:Orenburg1/sandbox,Orenburg1,false,-9,enwiki,2024-10-27 18:56:12
1833651519,Wikipedia talk:Vital articles/Level/4/Archive 78,Lowercase sigmabot III,true,2242,enwiki,2024-10-27 18:56:25
1833651612,Talk:Dese'Rae L. Stage,Cewbot,true,10,enwiki,2024-10-27 18:56:44
1833651717,Monastery of Saint Stephen (Meteora),Monkbot,true,1,enwiki,2024-10-27 18:57:01
1833651801,Johannes Hoff Thorup,Saintandy7,false,0,enwiki,2024-10-27 18:57:16
1833651611,The Importance of Being Icelandic,Bearcat,false,-1,enwiki,2024-10-27 18:56:44
1833651718,Magpie,71.255.91.27,false,-3832,enwiki,2024-10-27 18:57:00
1833651802,Sainte-Thérence,Monkbot,true,1,enwiki,2024-10-27 18:57:14
1833651908,PZL W-3 Sokół,Monkbot,true,1,enwiki,2024-10-27 18:57:29
1833651614,Martinsville Speedway,Apeiro94,false,2897,enwiki,2024-10-27 18:56:43
358022100,Hessenlöwe (Kassel),YPS,false,49,dewiki,2024-10-27 18:56:54
1833651909,Talk:Đinh Phương Thành,Cewbot,true,-14,enwiki,2024-10-27 18:57:32
1833651616,Stuart Campbell (blogger),Reverend Stuart Campbell,false,-1593,enwiki,2024-10-27 18:56:43
1833651816,Talk:Tropical Storm Trami (2024),Borgenland,false,367,enwiki,2024-10-27 18:57:16
1833651617,Dan Lissvik,Information Records,false,1996,enwiki,2024-10-27 18:56:45
358022103,Benutzer Diskussion:Lustiger seth,HerrZog,false,52,dewiki,2024-10-27 18:56:57
1833651817,Talk:Dimitrios Koutivas,Cewbot,true,-11,enwiki,2024-10-27 18:57:17
1833651900,User:Surfmaster23/sandbox,Surfmaster23,false,1244,enwiki,2024-10-27 18:57:31
1833651911,Diary of a Wimpy Kid: Dog Days (novel),Skibidi sigma aplha rizzler,false,-3949,enwiki,2024-10-27 18:57:33
358022104,Georgischer Traum,Erledigungs,false,767,dewiki,2024-10-27 18:56:59
358022106,Blade (Angekündigter Film),Marcus Cyron,false,0,dewiki,2024-10-27 18:57:01
1833651818,Vitamin C (song),TarotSport1,false,16,enwiki,2024-10-27 18:57:17
1833651904,Mahvash disease,Ozzie10aaaa,false,-590,enwiki,2024-10-27 18:57:31
1833651709,Talk:Donald Fear,Cewbot,true,5,enwiki,2024-10-27 18:56:59
1833651819,Lai Lok-yi,Soveryvivid,false,8,enwiki,2024-10-27 18:57:17
1833651710,2024–25 Norwich City F.C. season,Samuel J Walker,false,0,enwiki,2024-10-27 18:56:53
358022107,AirTran Airways,Uli Elch,false,-10,dewiki,2024-10-27 18:57:04
1833651906,Talk:Suburban Rail Loop East,OpalYosutebito,false,9,enwiki,2024-10-27 18:57:32
1833651602,Letter on Humanism,Monkbot,true,1,enwiki,2024-10-27 18:56:44
358022102,Benutzer:Asakura Akira/Baustelle/Ergebnisse der japanischen Abgeordnetenhauswahl 202x,Asakura Akira,false,41,dewiki,2024-10-27 18:56:53
1833651711,User:Hirdden/sandbox,Hirdden,false,185,enwiki,2024-10-27 18:56:58
1833651600,Lala Mnatsakanyan,BilletsMauves,false,0,enwiki,2024-10-27 18:56:43
1833651712,European Super League,Chrism,false,4,enwiki,2024-10-27 18:56:55
358022108,Benutzer:CamelBot/maintenance list/categories of the dead,CamelBot,true,55,dewiki,2024-10-27 18:57:03
1833651907,I'm a Celebrity: Extra Camp,Fort esc,false,185,enwiki,2024-10-27 18:57:32
1833652019,Archaeological Museum of Delos,Monkbot,true,1,enwiki,2024-10-27 18:57:48
1833652104,Gwen Stefani discography,Carbrera,false,426,enwiki,2024-10-27 18:58:03
1833652107,ARY Qtv,2001:8F8:1361:554F:E9:263F:D5AF:B7A,false,1,enwiki,2024-10-27 18:58:06
1833652106,Freddie Freeman,Spanneraol,false,1649,enwiki,2024-10-27 18:58:03
1833652108,Cornhole,Ahsanrbaloch,false,390,enwiki,2024-10-27 18:58:07
1833652200,2024–25 Olympique Lyonnais season,Thplam2004,false,197,enwiki,2024-10-27 18:58:19
1833652110,Talk:Frühling Rijsdijk,Cewbot,true,-11,enwiki,2024-10-27 18:58:08
1833652204,Governor of Stavropol Krai,Monkbot,true,1,enwiki,2024-10-27 18:58:24
1833652007,Talk:Elīna Vihrova,Cewbot,true,-9,enwiki,2024-10-27 18:57:47
1833652111,Ludwik Misky,Simeon,false,14,enwiki,2024-10-27 18:58:08
1833652006,Central place theory,47.42.28.78,false,106,enwiki,2024-10-27 18:57:47
1833652112,2024–25 Serie D,Angelo.romano,false,0,enwiki,2024-10-27 18:58:07
1833652219,Maple syrup urine disease,AnomieBOT,true,108,enwiki,2024-10-27 18:58:23
1833652012,Zefiryn Ćwikliński,Simeon,false,14,enwiki,2024-10-27 18:57:47
1833652100,Flora Chan,Soveryvivid,false,8,enwiki,2024-10-27 18:58:06
1833652114,Talk:Goatman (urban legend),2601:404:D081:E640:2952:275E:9092:96F,false,152,enwiki,2024-10-27 18:58:09
1833652013,Jake Tago,Robinson Drinkald,false,246,enwiki,2024-10-27 18:57:48
1833652103,Miolles,Monkbot,true,1,enwiki,2024-10-27 18:58:05
1833652116,Bryant Vincent,Erik255,false,0,enwiki,2024-10-27 18:58:08
1833652016,Davide Bartesaghi,177.240.107.57,false,0,enwiki,2024-10-27 18:57:47
1833652105,Paul Toll,Fbageajn,false,2,enwiki,2024-10-27 18:58:08
1833652118,Elon Musk,Countercheck,false,229,enwiki,2024-10-27 18:57:49
1833652316,Kasper Hjulmand,Mattythewhite,false,3,enwiki,2024-10-27 18:58:39
1833652401,Northern Bank robbery,Mujinga,false,0,enwiki,2024-10-27 18:58:50
1833652419,Eternals (comics),2603:8000:E300:19FA:CB01:B661:D9C0:FBC,false,87,enwiki,2024-10-27 18:58:52
1833652505,Bachelor of Computing,142.126.100.236,false,-185,enwiki,2024-10-27 18:59:08
1833652319,"Talk:Fábio (footballer, born 1939)",Cewbot,true,-11,enwiki,2024-10-27 18:58:41
1833652403,Alexis Mac Allister,2A02:C7C:5692:C00:E1BB:7F73:3D3A:F8C6,false,0,enwiki,2024-10-27 18:58:43
358022206,RENFE-Baureihe 107,Hattori 15,false,3,dewiki,2024-10-27 18:59:04
1833652507,Butch Jones,Erik255,false,1,enwiki,2024-10-27 18:59:05
358022214,Hallenradsport-Weltmeisterschaften,Rz98,false,-148,dewiki,2024-10-27 18:59:11
1833652712,Armenian Philharmonic Orchestra,Kafash 1989,false,27,enwiki,2024-10-27 18:59:42
1833652318,Chezelle,Monkbot,true,1,enwiki,2024-10-27 18:58:39
358022208,Nippon Ishin no Kai (2016–),VECTRONATOR,false,0,dewiki,2024-10-27 18:59:08
1833652602,Talk:Pakistan Tehreek-e-Insaf,Titan2456,false,220,enwiki,2024-10-27 18:59:20
1833652717,Sérénac,Monkbot,true,1,enwiki,2024-10-27 18:59:42
1833652406,Talk:Venom: The Last Dance,Speakfor23,false,734,enwiki,2024-10-27 18:58:52
358022209,Hals-Nasen-Ohren-Heilkunde,Glewe,false,2503,dewiki,2024-10-27 18:59:07
1833652609,Hans Schimpf,Monkbot,true,2,enwiki,2024-10-27 18:59:25
1833652719,Kygo discography,Ss112,false,-1,enwiki,2024-10-27 18:59:41
1833652411,Izack Tago,Robinson Drinkald,false,147,enwiki,2024-10-27 18:58:52
358022205,Dispositionsindex,Jwdietrich2,false,8,dewiki,2024-10-27 18:59:03
1833652510,"Talk:Jhon Mosquera (footballer, born 1990)",Cewbot,true,-11,enwiki,2024-10-27 18:59:08
358022218,Bengalische Tempel,ArnoldBetten,false,32,dewiki,2024-10-27 18:59:15
1833652612,User:Dicklyon/2024 move log,Dicklyon,false,1094,enwiki,2024-10-27 18:59:25
1833652300,Suburban Rail Loop,OpalYosutebito,false,-40,enwiki,2024-10-27 18:58:35
1833652413,Talk:Jiří Kratochvil,Cewbot,true,-14,enwiki,2024-10-27 18:58:53
1833652511,L. D. Reynolds,Monkbot,true,1,enwiki,2024-10-27 18:59:06
1833652613,Hatton Gospels,Citation bot,true,133,enwiki,2024-10-27 18:59:26
1833652412,Costas Soukoulis,Monkbot,true,1,enwiki,2024-10-27 18:58:52
1833652516,Allan Mason (cricketer),Mhockey,false,3,enwiki,2024-10-27 18:59:09
358022216,Benutzer:Robertk9410/Artikelentwurf5,Robertk9410,false,153,dewiki,2024-10-27 18:59:10
1833652615,Hana Zagorová,Clariniie,false,-17,enwiki,2024-10-27 18:59:25
1833652308,Sheaf cohomology,Klbrain,false,-52,enwiki,2024-10-27 18:58:37
358022213,Stefan Arczyński,MYR67,false,-69,dewiki,2024-10-27 18:59:11
1833652617,Weekend Rebels,Phantom Oficiall,false,95,enwiki,2024-10-27 18:59:26
1833652700,Talk:Alistra inanga,Plantdrew,false,47,enwiki,2024-10-27 18:59:42
1833652314,List of Canadian electoral districts (1976–1987),Masterhatch,false,101,enwiki,2024-10-27 18:58:40
1833652414,SAFF Women's Championship,Lancepark,false,82,enwiki,2024-10-27 18:58:52
1833652500,Ray Mabus,Techoliver298,false,52,enwiki,2024-10-27 18:59:00
1833652618,Draft talk:Harold Bartlett,Cewbot,true,-19,enwiki,2024-10-27 18:59:26
1833652315,Talk:Daffodil Polytechnic Institute,103.42.228.119,false,140,enwiki,2024-10-27 18:58:40
1833652402,User:ClueBot III/Detailed Indices/User talk:Ixtal/Archives/2024/September,ClueBot III,true,680,enwiki,2024-10-27 18:58:52
1833652415,Robert Lyons Marshall,BoyTheKingCanDance,false,100,enwiki,2024-10-27 18:58:55
1833652501,Dickinson Branch Library,2600:100E:B0CA:DAC4:BDCB:D84B:23D1:1ED9,false,-29,enwiki,2024-10-27 18:59:07
1833652619,List of international prime ministerial trips made by Lawrence Wong,Zhengkai08,false,318,enwiki,2024-10-27 18:59:26
1833652701,Draft talk:John Goodwin (sport shooter),Cewbot,true,-19,enwiki,2024-10-27 18:59:41
1833652911,Endofa,Jasmin Jonathan,false,51,enwiki,2024-10-27 19:00:21
1833652805,Christian supremacy,130.209.119.157,false,-1,enwiki,2024-10-27 19:00:00
1833652912,Crested oropendola,Mattximus,false,-250,enwiki,2024-10-27 19:00:21
1833652807,Color in Chinese culture,151.68.78.71,false,238,enwiki,2024-10-27 18:59:59
1833652913,Yo no creo en los hombres,Thisanivadix,false,6,enwiki,2024-10-27 19:00:20
1833652810,User:AmandaNP/UAA/Time,DeltaQuadBot,true,0,enwiki,2024-10-27 19:00:03
1833652900,User talk:Reading Beans/Archives/2024/October,ClueBot III,true,8363,enwiki,2024-10-27 19:00:19
1833652918,User:CalmonTellechea/sandbox,CalmonTellechea,false,447,enwiki,2024-10-27 19:00:21
1833652811,"Bishopscroft, Ranmoor",Keith D,false,78,enwiki,2024-10-27 19:00:02
1833652905,Sermenevo,Monkbot,true,2,enwiki,2024-10-27 19:00:19
1833652919,Northern Bank robbery,Mujinga,false,56,enwiki,2024-10-27 19:00:22
1833652809,Wikipedia:Sandbox,Cyberbot I,true,-5054,enwiki,2024-10-27 19:00:02
1833652908,User talk:Reading Beans,ClueBot III,true,-8364,enwiki,2024-10-27 19:00:20
1833652812,Robert Lyons Marshall,BoyTheKingCanDance,false,23,enwiki,2024-10-27 19:00:03
1833652906,User:Kenzie208/sandbox,Kenzie208,false,652,enwiki,2024-10-27 19:00:20
1833652813,Belgium–Ireland relations,ClareWhitePlane,false,1289,enwiki,2024-10-27 19:00:01
1833652907,Matthijs de Ligt,TheRowdyruffBoys,false,0,enwiki,2024-10-27 19:00:16
1833652814,2024 U23 World Wrestling Championships – Men's freestyle 97 kg,82.125.187.127,false,142,enwiki,2024-10-27 19:00:01
1833652909,Talk:Irina Lukomskaya,Cewbot,true,-10,enwiki,2024-10-27 19:00:20
1833652817,Giorgos Lillikas,Monkbot,true,1,enwiki,2024-10-27 19:00:02
1833653103,Deine Mariner,Robinson Drinkald,false,18,enwiki,2024-10-27 19:00:54
1833653117,2024–25 Persian Gulf Pro League,5.234.214.242,false,88,enwiki,2024-10-27 19:00:53
1833653212,Brandon Noble,2601:281:D700:75C0:646F:6DDF:A668:EB93,false,14,enwiki,2024-10-27 19:01:14
1833653303,Wikipedia:Third opinion,Crazycomputers,false,1106,enwiki,2024-10-27 19:01:34
358022311,Thamrin Nine,Zollernalb,false,2,dewiki,2024-10-27 19:01:40
1833653404,Liberal Democratic Party (Japan),2607:FEA8:2D43:D700:AC2B:A899:5E1E:C6E7,false,0,enwiki,2024-10-27 19:01:51
1833653007,Michał Gorstkin-Wywiórski,Simeon,false,14,enwiki,2024-10-27 19:00:39
1833653104,SAFF Women's Championship,Lancepark,false,50,enwiki,2024-10-27 19:00:54
358022300,Tatort: Der Wald steht schwarz und schweiget,Peter Gröbner,false,8,dewiki,2024-10-27 19:01:12
1833653211,2024–25 Croatian Football League,Skyblueshaun,false,26,enwiki,2024-10-27 19:01:14
1833653304,Rupi Kaur,98.45.209.39,false,238,enwiki,2024-10-27 19:01:29
1833653406,Talk:Venom: The Last Dance,Speakfor23,false,387,enwiki,2024-10-27 19:01:56
1833653008,User:Smasongarrison/XfD log,Smasongarrison,false,478,enwiki,2024-10-27 19:00:34
1833653105,Ganesh Acharya,Bandwagon98,false,65,enwiki,2024-10-27 19:00:54
358022303,"Diskussion:Mein Schiff 1 (Schiff, 2018)",Emergency doc,false,305,dewiki,2024-10-27 19:01:16
358022305,Liste von Persönlichkeiten der Stadt Donezk,Scholless,false,62,dewiki,2024-10-27 19:01:19
358022308,Junge Welt,Tohma,false,-566,dewiki,2024-10-27 19:01:31
1833653305,2024 WDF calendar,2A0C:B381:506:F00:BC8F:814E:D5F8:80A8,false,0,enwiki,2024-10-27 19:01:23
358022312,Franz Uhle-Wettler,JuTe CLZ,false,3,dewiki,2024-10-27 19:01:40
1833653407,Northern Bank robbery,Mujinga,false,40,enwiki,2024-10-27 19:01:56
1833653009,Zacharoula Karyami,Monkbot,true,1,enwiki,2024-10-27 19:00:39
1833653106,Category:Films set in summer camps,4meter4,false,30,enwiki,2024-10-27 19:00:56
1833653200,2024 Baltimore Ravens season,Astros1962,false,0,enwiki,2024-10-27 19:01:10
358022304,Tannengraben,The-Digit,false,181,dewiki,2024-10-27 19:01:16
1833653307,Anton Christoforidis,Monkbot,true,1,enwiki,2024-10-27 19:01:33
1833653408,2024 British Academy Television Awards,EnthusiastWorld37,false,4,enwiki,2024-10-27 19:01:56
1833653014,Augusto Liverani,Lightiggy,false,37,enwiki,2024-10-27 19:00:39
1833653110,Tommy Conway,2A02:C7C:4C7A:E900:7D2F:BABE:CB6A:74DB,false,-9,enwiki,2024-10-27 19:00:55
1833653201,List of Ultratop 50 number-one singles of 2024,Ss112,false,235,enwiki,2024-10-27 19:01:11
1833653214,Maria Kollia-Tsaroucha,Monkbot,true,1,enwiki,2024-10-27 19:01:15
1833653309,Talk:Joel Dufter,Cewbot,true,-11,enwiki,2024-10-27 19:01:35
358022315,Diskussion:St.-Jakobs-Kirche (Frankfurt am Main),Gpapke,false,1734,dewiki,2024-10-27 19:01:44
358022318,Metamorkid,Karl Gruber,false,-14,dewiki,2024-10-27 19:01:47
1833653410,Mike Norvell,Erik255,false,0,enwiki,2024-10-27 19:01:55
1833653016,Talk:Gabrielle Louise McIntyre,Cewbot,true,-22,enwiki,2024-10-27 19:00:41
1833653113,Mehdi Nafti,Fbageajn,false,4,enwiki,2024-10-27 19:00:52
1833653205,Szeptycki family,Monkbot,true,2,enwiki,2024-10-27 19:01:12
1833653215,Mehdi Nafti,Joyous!,false,2,enwiki,2024-10-27 19:01:10
358022306,Lambeau Field,Sokrates 399,false,6,dewiki,2024-10-27 19:01:22
1833653312,2024–25 Croatian Football League,Skyblueshaun,false,31,enwiki,2024-10-27 19:01:35
358022313,Wikipedia:Wartungsbausteinwettbewerb/Sommer 2017/Editnotice,Lómelinde,false,-28,dewiki,2024-10-27 19:01:42
358022317,Barzi,M2k~dewiki,false,197,dewiki,2024-10-27 19:01:47
1833653411,All Saints (TV series),Missclaireallen,false,50,enwiki,2024-10-27 19:01:53
1833653017,Talk:Turkey,Kowal2701,false,348,enwiki,2024-10-27 19:00:32
1833653100,User:Wainuiomartian/sandbox2,Wainuiomartian,false,181,enwiki,2024-10-27 19:00:54
1833653115,Mas-de-Londres,Monkbot,true,1,enwiki,2024-10-27 19:00:54
358022302,Özcan Arkoç,Josef J. Jarosch,false,1,dewiki,2024-10-27 19:01:12
1833653216,Draft:Kevin Trudeau's Global Information Network (GIN),Grad0507,false,-14,enwiki,2024-10-27 19:01:15
1833653316,Flags of British India,71.191.236.13,false,22,enwiki,2024-10-27 19:01:35
358022319,Buch (Familienname),Proxy,false,67,dewiki,2024-10-27 19:01:48
1833653412,Talk:Joaquim Silva e Luna,Cewbot,true,-11,enwiki,2024-10-27 19:01:57
1833653018,Director of National Intelligence,Klbrain,false,-95,enwiki,2024-10-27 19:00:39
1833653116,Stephen Robinson (footballer),Saintandy7,false,0,enwiki,2024-10-27 19:00:55
1833653207,Talk:Jennifer Sadler,Cewbot,true,-10,enwiki,2024-10-27 19:01:14
1833653219,Mystus vittatus,Mattximus,false,254,enwiki,2024-10-27 19:01:16
358022307,Liste von Festungen,176.6.129.83,false,26,dewiki,2024-10-27 19:01:21
1833653101,Charles Roedelbronn,MoviesandTelevisionFan,false,41,enwiki,2024-10-27 19:00:53
1833653119,Talk:Kamil Tobiáš,Cewbot,true,-11,enwiki,2024-10-27 19:00:56
1833653208,Stefan Filipkiewicz,Simeon,false,14,enwiki,2024-10-27 19:01:15
1833653302,Talk:Gopal R,Cewbot,true,-9,enwiki,2024-10-27 19:01:32
358022314,Wiederaufarbeitungsanlage Wackersdorf,Wikida,false,-83,dewiki,2024-10-27 19:01:40
358022316,Christine Neugebauer-Maresch,Erbsenesche,false,20,dewiki,2024-10-27 19:01:46
1833653002,Talk:Jakub Přichystal,Cewbot,true,-11,enwiki,2024-10-27 19:00:38
1833653019,Azərbaycan marşı,Moroike,false,142,enwiki,2024-10-27 19:00:41
1833653118,Lorenzo Chierici,Lightiggy,false,37,enwiki,2024-10-27 19:00:55
1833653209,Nicky Jam discography,Muhandes,false,1021,enwiki,2024-10-27 19:01:12
358022310,Wikipedia:Vandalismusmeldung,Nicola,false,250,dewiki,2024-10-27 19:01:33
1833653401,Polish Red Cross,Monkbot,true,1,enwiki,2024-10-27 19:01:52
1833653413,Gurban Gurbanov,Saintandy7,false,0,enwiki,2024-10-27 19:01:56
1833653514,2024–25 Celtic F.C. season,2A02:C7C:182F:1100:E971:76A0:1882:E8F2,false,0,enwiki,2024-10-27 19:02:10
1833653414,Wikipedia:Categories for discussion/Log/2024 October 27,Smasongarrison,false,180,enwiki,2024-10-27 19:01:58
1833653415,Danny Röhl,Mattythewhite,false,241,enwiki,2024-10-27 19:01:58
1833653416,Draft:2021 Japanese general election in Kinki,ギルディアス156世,false,-60,enwiki,2024-10-27 19:01:49
1833653419,List of NASCAR tracks,Mark McWire,false,349,enwiki,2024-10-27 19:01:57
1833653418,Aleksandar Ranđelović,2A06:63C1:9007:FA00:51AE:FBDE:D82D:950A,false,202,enwiki,2024-10-27 19:01:59
1833653504,Chiba (city),SeijiFujii,false,22,enwiki,2024-10-27 19:02:10
1833653501,London Stansted Airport,2A02:C7C:DA3C:CE00:58F1:633C:CE04:F1C1,false,-25,enwiki,2024-10-27 19:02:04
1833653509,2024 Pacific typhoon season,Borgenland,false,412,enwiki,2024-10-27 19:02:06
1833653511,John Hauck,Jjoseph1610,false,-1,enwiki,2024-10-27 19:02:13
1833653611,Neal Brown,Erik255,false,0,enwiki,2024-10-27 19:02:27
1833653714,Pharmaceutical Association of Mauritius,Rumaanah,false,158,enwiki,2024-10-27 19:02:48
1833653811,Talk:Kathiuska Domínguez,Cewbot,true,-12,enwiki,2024-10-27 19:03:06
1833653910,John Albion Andrew,Alien333,false,-14,enwiki,2024-10-27 19:03:21
1833654100,Beating Hearts,CRussG,false,-40,enwiki,2024-10-27 19:03:47
1833653613,Draft:Tropical Storm Kong-rey (2024),LemonJuiceIsSour,false,6,enwiki,2024-10-27 19:02:29
1833653716,Victor Lindelöf,TheRowdyruffBoys,false,0,enwiki,2024-10-27 19:02:45
1833653812,User talk:Bilby/Archive 19,Lowercase sigmabot III,true,908,enwiki,2024-10-27 19:03:06
1833653911,Leroy Griffith,Nuitetjour,false,359,enwiki,2024-10-27 19:03:16
358022400,Pierre Werner,Sokrates 399,false,6,dewiki,2024-10-27 19:03:46
1833654106,File:Amanda Shaw – Good Southern Girl.jpg,B-bot,true,50,enwiki,2024-10-27 19:03:49
1833653615,The Doll People,Arjayay,false,-3,enwiki,2024-10-27 19:02:30
1833653717,Bouteilles-Saint-Sébastien,Monkbot,true,1,enwiki,2024-10-27 19:02:45
1833653813,KLM fleet,64.253.215.212,false,108,enwiki,2024-10-27 19:03:06
1833653913,"Brousse, Puy-de-Dôme",Monkbot,true,1,enwiki,2024-10-27 19:03:20
358022403,Damaris Godínez,Chivista,false,-1,dewiki,2024-10-27 19:03:50
1833653614,Linnaean Herbarium,Esculenta,false,1042,enwiki,2024-10-27 19:02:29
1833653703,Talk:Kiki Petrosino,Cewbot,true,-10,enwiki,2024-10-27 19:02:45
1833653718,Luke McCowan,86.31.124.62,false,0,enwiki,2024-10-27 19:02:48
1833653814,Mariupol State University,BilletsMauves,false,4,enwiki,2024-10-27 19:03:07
1833653917,Dracopristis,Fossiladder13,false,419,enwiki,2024-10-27 19:03:20
1833654114,Talk:Hilton Gerônimo,Cewbot,true,-11,enwiki,2024-10-27 19:03:51
1833653600,MPL Indonesia,82.174.144.31,false,592,enwiki,2024-10-27 19:02:27
1833653616,Jairam Kumar Mahato,106.215.87.1,false,28,enwiki,2024-10-27 19:02:30
1833653704,User:Dumelow/Carlton Colville Scouts Memorial,Dumelow,false,471,enwiki,2024-10-27 19:02:45
1833653719,Roman Catholic Diocese of Saint Petersburg,Arjayay,false,-3,enwiki,2024-10-27 19:02:48
1833653819,User talk:Bilby,Lowercase sigmabot III,true,-908,enwiki,2024-10-27 19:03:08
1833654116,Mafia Mamma,193.242.214.5,false,0,enwiki,2024-10-27 19:03:51
1833653601,Talk:Rajput,LukeEmily,false,2566,enwiki,2024-10-27 19:02:22
1833653617,Mike McGlinchey (offensive lineman),Yankees10,false,-26,enwiki,2024-10-27 19:02:29
1833653705,Agnipravesham,Vanamonde93,false,19,enwiki,2024-10-27 19:02:44
1833653806,Sergey Sirotkin,Mb2437,false,11,enwiki,2024-10-27 19:03:03
358022401,Thamalakane,Dominik aus Wien,false,8,dewiki,2024-10-27 19:03:47
1833654117,Elke Hanel-Torsch,185.104.138.44,false,57,enwiki,2024-10-27 19:03:49
1833653607,Ram Mandir,Vanamonde93,false,19,enwiki,2024-10-27 19:02:21
1833653707,Ayanbadejo,Tunde Akangbe,false,-5,enwiki,2024-10-27 19:02:46
1833653807,2024 Japanese general election,2A02:6B67:E700:800:B999:E82E:DD3E:9112,false,-52,enwiki,2024-10-27 19:03:02
1833653901,Leydig cell hypoplasia,Ozzie10aaaa,false,-208,enwiki,2024-10-27 19:03:19
1833654118,War (U2 album),HGP7,false,4,enwiki,2024-10-27 19:03:49
1833653608,Krakivs'ki Visti,BilletsMauves,false,0,enwiki,2024-10-27 19:02:28
1833653710,John Hyman (philosopher),Roastedbeanz1,false,12,enwiki,2024-10-27 19:02:46
1833653808,Critical Incident,Missclaireallen,false,34,enwiki,2024-10-27 19:03:05
1833653906,List of highest-grossing Indian Bengali films,BhikhariInformer,false,-30,enwiki,2024-10-27 19:03:18
1833654119,Nicky Jam discography,Muhandes,false,-19,enwiki,2024-10-27 19:03:49
1833653609,Dmitri Volkogonov,Monkbot,true,1,enwiki,2024-10-27 19:02:27
1833653713,Newsboys discography,TMD East-West,false,0,enwiki,2024-10-27 19:02:43
1833653810,"Polish Theatre, Warsaw",Monkbot,true,1,enwiki,2024-10-27 19:03:06
1833653907,Xiaomi SU7,毕明明,false,0,enwiki,2024-10-27 19:03:18
1833654005,Talk:Giorgios Kaidatzis,Cewbot,true,-11,enwiki,2024-10-27 19:03:36
1833653610,ACC Emerging Teams Asia Cup,103.151.74.142,false,6,enwiki,2024-10-27 19:02:27
1833653715,Talk:Günter Breitzke,Cewbot,true,-9,enwiki,2024-10-27 19:02:48
1833653809,Noussair Mazraoui,TheRowdyruffBoys,false,0,enwiki,2024-10-27 19:03:05
1833653908,Talk:Jørn Terndrup,Cewbot,true,-12,enwiki,2024-10-27 19:03:21
358022402,Wolfowitz-Doktrin,Gabel1960,false,-2,dewiki,2024-10-27 19:03:48
1833654203,Salles-la-Source,Monkbot,true,1,enwiki,2024-10-27 19:04:02
1833654309,Liam Scales,2A02:C7C:D03C:AA00:2128:A858:DC5:FAFC,false,0,enwiki,2024-10-27 19:04:21
1833654510,Talk:Hannes Wagner,Cewbot,true,-16,enwiki,2024-10-27 19:05:00
1833654609,Nate Powell,RockRiverTree,false,923,enwiki,2024-10-27 19:05:16
1833654207,User talk:Devotchka,Z1720,false,466,enwiki,2024-10-27 19:04:04
1833654310,Wikipedia talk:WikiProject Greece,Z1720,false,466,enwiki,2024-10-27 19:04:23
1833654408,Draft:The X Factor (UK series 13),Wbm1058,false,-5,enwiki,2024-10-27 19:04:42
1833654509,User:GrabUp/External Links Remover.js,GrabUp,false,-111,enwiki,2024-10-27 19:05:01
1833654610,Passport Act of 1920,Jphill19,false,962,enwiki,2024-10-27 19:05:17
358022411,Kulkwitzer See,Sokrates 399,false,6,dewiki,2024-10-27 19:04:05
1833654312,Talk:Kayleigh Chetcuti,Cewbot,true,7,enwiki,2024-10-27 19:04:24
1833654409,Mike Amesbury,2A00:23C8:4F2B:EA00:A46E:C6A4:7A6A:3B22,false,10,enwiki,2024-10-27 19:04:40
1833654501,Uherský Brod shooting,192.249.3.253,false,-51,enwiki,2024-10-27 19:04:58
1833654511,Wing-Man,Xfansd,false,-2,enwiki,2024-10-27 19:05:00
1833654208,Talk:Stoicism,Z1720,false,186,enwiki,2024-10-27 19:04:04
358022413,Cembalokonzert in g-Moll,Motmel,false,95,dewiki,2024-10-27 19:04:10
1833654410,Draft talk:Julian De La Chica (2),Cewbot,true,-44,enwiki,2024-10-27 19:04:42
1833654500,Wikipedia talk:WikiProject Politics,Z1720,false,466,enwiki,2024-10-27 19:04:57
1833654615,Dono (film),CRussG,false,55,enwiki,2024-10-27 19:05:19
358022406,Tomokazu Harimoto,Thorwyn,false,118,dewiki,2024-10-27 19:03:56
1833654211,User:Wainuiomartian/sandbox2,Wainuiomartian,false,-61,enwiki,2024-10-27 19:04:06
358022418,Irene Wosikowski,Pyaet,false,22,dewiki,2024-10-27 19:04:18
1833654411,Maximilien Robespierre,ToBeFree,false,-38,enwiki,2024-10-27 19:04:26
1833654502,Robert Levy (physician),Psychologist Guy,false,8,enwiki,2024-10-27 19:04:59
1833654512,Love Comes,8086-PC,false,-15,enwiki,2024-10-27 19:05:01
1833654616,Talk:Geospace Technologies,OpalYosutebito,false,9,enwiki,2024-10-27 19:05:20
358022410,Wikipedia:Wartungsbausteinwettbewerb/Sommer 2022/Editnotice,Lómelinde,false,-30,dewiki,2024-10-27 19:04:04
1833654212,Talk:Kim Hazlett,Cewbot,true,1,enwiki,2024-10-27 19:04:06
1833654412,Talk:Sulcus (neuroanatomy),Iztwoz,false,1099,enwiki,2024-10-27 19:04:42
1833654503,Pikeliai,Monkbot,true,2,enwiki,2024-10-27 19:04:58
1833654514,2024 Indianapolis Colts season,Astros1962,false,-26,enwiki,2024-10-27 19:04:58
1833654600,Wikipedia:WikiProject Deletion sorting/United Kingdom,Bearcat,false,52,enwiki,2024-10-27 19:05:09
1833654618,Talk:Jhon Eduard Murillo Romana,Cewbot,true,-11,enwiki,2024-10-27 19:05:21
1833654214,Kyriacos Kyriacou,Monkbot,true,1,enwiki,2024-10-27 19:04:06
1833654301,Roman currency,BorgQueen,false,327,enwiki,2024-10-27 19:04:20
1833654413,I'm a Celebrity: Extra Camp,Fort esc,false,27,enwiki,2024-10-27 19:04:43
1833654505,2025 Mitsui Fudosan Cup,Kiyume1990,false,102,enwiki,2024-10-27 19:05:00
1833654517,"Lisitsyno, Vladimir Oblast",Monkbot,true,1,enwiki,2024-10-27 19:05:01
1833654601,The Eras Tour,Medxvo,false,1,enwiki,2024-10-27 19:05:09
358022407,Hilmar Thate,Warburg1866,false,-20,dewiki,2024-10-27 19:03:57
1833654215,"Sibylla, Queen of Jerusalem",Arjayay,false,-3,enwiki,2024-10-27 19:04:05
1833654302,Template:2024–25 Super League Greece table,Skyblueshaun,false,26,enwiki,2024-10-27 19:04:23
1833654417,2024–25 ISU Grand Prix of Figure Skating,Bgsu98,false,622,enwiki,2024-10-27 19:04:39
1833654506,Color in Chinese culture,151.68.78.71,false,224,enwiki,2024-10-27 19:04:59
1833654602,Wikipedia talk:Edit summary legend,Jeffrey Obadaya,false,171,enwiki,2024-10-27 19:05:16
358022412,Thamrin Nine,Zollernalb,false,-20,dewiki,2024-10-27 19:04:07
358022414,Benutzer:Rolf-Dresden/Baustelle 9,Rolf-Dresden,false,-65,dewiki,2024-10-27 19:04:15
1833654303,National Marine Park of Zakynthos,Monkbot,true,1,enwiki,2024-10-27 19:04:22
1833654404,Term of office,Rofraja,false,162,enwiki,2024-10-27 19:04:38
1833654418,Leukocyte adhesion deficiency-1,Ozzie10aaaa,false,6,enwiki,2024-10-27 19:04:43
1833654508,Wikipedia:New pages patrol/Reports/Easy reviews,SDZeroBot,true,34,enwiki,2024-10-27 19:04:58
1833654603,Theophylact Botaneiates,Monkbot,true,1,enwiki,2024-10-27 19:05:17
358022408,Hermann Winnefeld,Marcus Cyron,false,-16,dewiki,2024-10-27 19:03:58
1833654201,User talk:İnan öze,Liz,false,908,enwiki,2024-10-27 19:04:05
358022416,Benutzer:Ernsts/Philaster,Ernsts,false,50,dewiki,2024-10-27 19:04:16
1833654304,Utah State University,TaffyPuller1832,false,-238,enwiki,2024-10-27 19:04:17
1833654406,Jasimuddin Rahmani,Perseus69,false,-103,enwiki,2024-10-27 19:04:40
1833654507,User:Orenburg1/sandbox,Orenburg1,false,9,enwiki,2024-10-27 19:05:00
1833654604,Talk:Jhon Eduard Murillo Romaña,Cewbot,true,-11,enwiki,2024-10-27 19:05:18
1833654706,2024 Pan Continental Curling Championships,TracyFleuryFan,false,-22,enwiki,2024-10-27 19:05:27
358022501,Wikipedia:Vandalismusmeldung,Sumeor 29567,false,53,dewiki,2024-10-27 19:05:40
1833654803,Talk:Jeremiah Shongwe,Cewbot,true,-32,enwiki,2024-10-27 19:05:54
1833654913,Silvano Vos,177.240.107.57,false,-36,enwiki,2024-10-27 19:06:13
1833654804,2024–25 Celtic F.C. season,2A02:C7C:182F:1100:E971:76A0:1882:E8F2,false,271,enwiki,2024-10-27 19:05:50
358022519,Mosche Schamir,Der gut zu tanzen weiß,false,392,dewiki,2024-10-27 19:06:05
1833654915,Talk:Geobrowsing,OpalYosutebito,false,9,enwiki,2024-10-27 19:06:15
358022504,Benutzer Diskussion:Alabasterstein/Archiv/2024,TaxonBot,true,528,dewiki,2024-10-27 19:05:36
358022506,Walfriede Schmitt,Sokrates 399,false,6,dewiki,2024-10-27 19:05:45
358022515,Benutzer:AHK/Hexenküche/Baudenkmale Sulingen,AHK,false,-252,dewiki,2024-10-27 19:05:54
358022516,Barzi,M2k~dewiki,false,122,dewiki,2024-10-27 19:06:03
1833654916,Talk:Khatun of Bukhara,Cewbot,true,-10,enwiki,2024-10-27 19:06:15
1833654700,Draft:Haute Couture (EP),Random86,false,8,enwiki,2024-10-27 19:05:32
1833654708,Campeonato Brasiliense,200.174.198.187,false,-206,enwiki,2024-10-27 19:05:34
358022503,Bündnis Sahra Wagenknecht,Chaddy,false,-23,dewiki,2024-10-27 19:05:38
358022512,Benutzer:Rolf-Dresden/Baustelle 9,Rolf-Dresden,false,23,dewiki,2024-10-27 19:05:50
1833654812,2025 AFC U-17 Asian Cup qualification,Conam-san,false,12,enwiki,2024-10-27 19:05:46
1833654900,Courtney Vandersloot,WOWyerrr,false,472,enwiki,2024-10-27 19:06:08
1833654917,Wikipedia:Articles for deletion/Desserts (film),Bearcat,false,-2,enwiki,2024-10-27 19:06:16
1833654702,Wikipedia:New pages patrol/Reports/Easy reviews,SDZeroBot,true,0,enwiki,2024-10-27 19:05:31
1833654711,Peru women's national football team,ScavengerRx9,false,42,enwiki,2024-10-27 19:05:29
1833654813,Druze power struggle (1658–1667),181.1.191.140,false,6,enwiki,2024-10-27 19:05:55
1833654902,Joseph Lister,Elinruby,false,1,enwiki,2024-10-27 19:05:57
1833654918,Panagiotis Katsiaros,Monkbot,true,1,enwiki,2024-10-27 19:06:15
1833654703,Talk:Karla Šabašov,Cewbot,true,6,enwiki,2024-10-27 19:05:33
1833654815,Aftab Iqbal,2001:8F8:1361:554F:E9:263F:D5AF:B7A,false,-16,enwiki,2024-10-27 19:05:55
358022517,Gleuel,Sokrates 399,false,18,dewiki,2024-10-27 19:06:03
1833654903,Talk:Taiwan Travel Permit,GoldWitness,false,14,enwiki,2024-10-27 19:06:13
1833654701,List of The Saint episodes,DMc75771,false,1,enwiki,2024-10-27 19:05:30
1833654713,Talk:Hussein Sharafeddine,Cewbot,true,-36,enwiki,2024-10-27 19:05:36
1833654816,User talk:Sergecross73,Timur9008,false,276,enwiki,2024-10-27 19:05:56
1833654907,User:Paleface Jack/The Texas Chain Saw Massacre,Paleface Jack,false,-14,enwiki,2024-10-27 19:06:01
1833654704,User:SuperWIKI/sandbox4,SuperWIKI,false,3920,enwiki,2024-10-27 19:05:29
1833654818,Talk:Jillian Bam,Cewbot,true,8,enwiki,2024-10-27 19:05:57
358022518,Bauwerke in Bockenheim,Gpapke,false,51,dewiki,2024-10-27 19:05:55
1833654705,Będzin County,Monkbot,true,1,enwiki,2024-10-27 19:05:32
1833654714,Karasyovka,Monkbot,true,1,enwiki,2024-10-27 19:05:35
1833654800,Talk:Geomessaging,OpalYosutebito,false,8,enwiki,2024-10-27 19:05:54
1833654817,Hegyeshalom,Monkbot,true,1,enwiki,2024-10-27 19:05:55
1833654911,Julianne Hough,2607:F750:6452:5700:8DD3:D83E:DFD0:DA24,false,-527,enwiki,2024-10-27 19:06:09
1833654719,William Critchlow Harris,Roastedbeanz1,false,14,enwiki,2024-10-27 19:05:36
358022500,Wikipedia:Wartungsbausteinwettbewerb/Sommer 2020/Editnotice,Lómelinde,false,-30,dewiki,2024-10-27 19:05:42
1833654801,The Eras Tour,Medxvo,false,-12,enwiki,2024-10-27 19:05:45
1833654819,2024–25 Azerbaijan Premier League,Skyblueshaun,false,-22,enwiki,2024-10-27 19:05:54
1833654912,Shefqet Vërlaci,Lightiggy,false,-65,enwiki,2024-10-27 19:06:12
