1833431702,Talk:Luca Szűcs,Wizardman,false,19,enwiki,2024-10-27 03:40:08
1833431801,2024–25 Los Angeles Clippers season,爨龘龘,false,82,enwiki,2024-10-27 03:40:24
1833431705,Edward Ormerod,Avocado,false,60,enwiki,2024-10-27 03:40:07
1833431810,User:WP 1.0 bot/Tables/Project/Solar System,WP 1.0 bot,true,0,enwiki,2024-10-27 03:40:29
357994619,Wikipedia:Löschkandidaten/24. Oktober 2024,92.210.50.4,false,332,dewiki,2024-10-27 03:40:52
1833431707,Frenkie de Jong,2804:7F0:BB41:157C:A0ED:77C2:E0BC:75BC,false,0,enwiki,2024-10-27 03:40:00
1833431811,"2022 Bend, Oregon shooting",Redennce,false,0,enwiki,2024-10-27 03:40:29
1833431708,Draft talk:Frederick Douglas Williams (lawyer),TheTechnician27,false,2001,enwiki,2024-10-27 03:40:08
1833431812,Iron Man's armor,2600:1702:5609:5C00:2958:80C:4F8:FB6F,false,6,enwiki,2024-10-27 03:40:28
357994608,Zoe Saldana,2A02:8388:4501:1F80:48B3:4287:2291:9D68,false,8,dewiki,2024-10-27 03:40:33
357994613,Warenhaus Stefan Esders,Nicthurne,false,301,dewiki,2024-10-27 03:40:37
1833431713,Wikipedia:Version 1.0 Editorial Team/Southern California articles by quality log,WP 1.0 bot,true,-3425,enwiki,2024-10-27 03:40:10
1833431813,Cozumel International Airport,45.65.191.15,false,-49,enwiki,2024-10-27 03:40:28
1833431714,H2X,57.138.148.198,false,1,enwiki,2024-10-27 03:40:09
1833431814,Talk:Luigi Cini,Wizardman,false,19,enwiki,2024-10-27 03:40:29
357994609,Benutzer:Peteremueller/Spielwiese,Peteremueller,false,15,dewiki,2024-10-27 03:40:35
357994614,Jacques Mathivat,GT1976,false,-27,dewiki,2024-10-27 03:40:44
1833431909,Sibirtsevo,Monkbot,true,1,enwiki,2024-10-27 03:40:47
1833431716,Nur ibn Mujahid,2C0F:FE38:2406:DEA4:1:0:78C:DDB1,false,-1029,enwiki,2024-10-27 03:40:09
1833431815,Kot pri Ribnici,Monkbot,true,1,enwiki,2024-10-27 03:40:28
357994615,Kategorie:Person (Russische Föderation),Chaddy,false,0,dewiki,2024-10-27 03:40:44
1833431914,Talk:Matěj Havran,Wizardman,false,21,enwiki,2024-10-27 03:40:48
1833431816,File:Logo of the Elections Department of Singapore.svg,Minorax,false,-240,enwiki,2024-10-27 03:40:30
1833431915,Maegan Cottone,62.74.24.174,false,-2,enwiki,2024-10-27 03:40:48
1833431817,List of Mutya ng Pilipinas titleholders,2600:1700:8400:15A0:C51C:CF4A:34A1:5CE7,false,272,enwiki,2024-10-27 03:40:29
357994610,Jacques Combault,GT1976,false,-27,dewiki,2024-10-27 03:40:36
357994617,Michel Placidi,GT1976,false,-27,dewiki,2024-10-27 03:40:51
1833432002,Talk:Matheus Morgatto,Wizardman,false,25,enwiki,2024-10-27 03:41:05
1833432202,Echinos,Monkbot,true,2,enwiki,2024-10-27 03:41:48
1833432005,User:WP 1.0 bot/Tables/Project/Spaceflight,WP 1.0 bot,true,-270,enwiki,2024-10-27 03:41:05
1833432101,Culture of Thiruvananthapuram,2409:40F3:11:402E:8000:0:0:0,false,16,enwiki,2024-10-27 03:41:24
1833432203,User:WP 1.0 bot/Tables/Project/Statistics,WP 1.0 bot,true,0,enwiki,2024-10-27 03:41:50
1833432419,Isserteaux,Monkbot,true,1,enwiki,2024-10-27 03:42:23
1833432006,Jördis Steinegger,Monkbot,true,1,enwiki,2024-10-27 03:41:04
1833432100,Template:New York Giants roster navbox,Jrooster49,false,0,enwiki,2024-10-27 03:41:26
1833432205,Talk:Maximilian Weinzierl,Wizardman,false,29,enwiki,2024-10-27 03:41:52
1833432300,Adelaide Oval,2406:2D40:4760:4110:E0F5:2748:ADEC:ABC9,false,4,enwiki,2024-10-27 03:41:55
1833432007,Tervel Dlagnev,Citation bot,true,21,enwiki,2024-10-27 03:41:05
1833432103,2025 AFC U-17 Asian Cup qualification,114.10.65.52,false,0,enwiki,2024-10-27 03:41:14
1833432206,Ron Silk,Finn Shipley,false,10,enwiki,2024-10-27 03:41:50
1833432302,Jo So-ang,Seefooddiet,false,-12,enwiki,2024-10-27 03:42:07
1833432402,Maria al-Qibtiyya,Citation bot,true,23,enwiki,2024-10-27 03:42:22
1833432011,Paulson Adebo,Red Director,false,30,enwiki,2024-10-27 03:41:06
1833432109,Brussels Elementary High School,WhisperToMe,false,243,enwiki,2024-10-27 03:41:27
1833432207,Len Peak Oval,Mediocre.marsupial,false,238,enwiki,2024-10-27 03:41:51
1833432304,Seroshtanov,Monkbot,true,1,enwiki,2024-10-27 03:42:08
1833432409,Talk:Trishuli River,Commander Keane,false,159,enwiki,2024-10-27 03:42:24
1833432018,Mino (miniseries),2003:C6:9F30:E349:30DD:4F1E:4DA2:2808,false,117,enwiki,2024-10-27 03:41:08
1833432111,Wikipedia:Version 1.0 Editorial Team/Stanford University articles by quality log,WP 1.0 bot,true,-663,enwiki,2024-10-27 03:41:27
1833432211,Wikipedia:Version 1.0 Editorial Team/Sumo articles by quality log,WP 1.0 bot,true,-488,enwiki,2024-10-27 03:41:53
1833432308,British Purchasing Commission,Naraht,false,-1,enwiki,2024-10-27 03:42:09
1833432410,Boogie Basham,Jrooster49,false,99,enwiki,2024-10-27 03:42:23
1833432113,Treaty of Polyanovka,Monkbot,true,2,enwiki,2024-10-27 03:41:26
1833432215,"List of mayors of Chattanooga, Tennessee",184.174.132.253,false,5,enwiki,2024-10-27 03:41:51
1833432413,2024 Phoenix Rising FC season,GrouchoPython,false,251,enwiki,2024-10-27 03:42:19
1833432117,Indian locomotive class WDG-4,Stephan Leeds,false,-58,enwiki,2024-10-27 03:41:27
1833432416,Wikipedia:Version 1.0 Editorial Team/Sri Lanka articles by quality log,WP 1.0 bot,true,-4378,enwiki,2024-10-27 03:42:24
1833432000,United States women's national under-17 soccer team,125.181.190.223,false,5,enwiki,2024-10-27 03:40:57
1833432417,Crown Oaks,LESHAIGH,false,-5,enwiki,2024-10-27 03:42:24
1833432418,Talk:Moshe Korsia,Wizardman,false,21,enwiki,2024-10-27 03:42:25
1833432506,Wikipedia:Version 1.0 Editorial Team/Systems articles by quality log,WP 1.0 bot,true,-5344,enwiki,2024-10-27 03:42:42
1833432610,Patrick Emerling,Finn Shipley,false,10,enwiki,2024-10-27 03:42:59
1833432509,Margaret Fay Shaw,Citation bot,true,-2,enwiki,2024-10-27 03:42:42
1833432617,Cross River Rail,WikiWanderer261,false,6,enwiki,2024-10-27 03:43:01
1833432507,User talk:2600:1700:5300:36B0:4104:5F64:E1C2:7213,HMSLavender,false,-1,enwiki,2024-10-27 03:42:43
1833432618,Talk:Mufutau Gbadamosi Esuwoye II,Wizardman,false,43,enwiki,2024-10-27 03:43:03
1833432508,2024 Lahore college rape,Spiralwidget,false,-53,enwiki,2024-10-27 03:42:42
1833432619,"Nicolaus Copernicus Monument, Warsaw",Monkbot,true,1,enwiki,2024-10-27 03:43:02
1833432500,Wikipedia talk:Manual of Style/Capital letters,SMcCandlish,false,4035,enwiki,2024-10-27 03:42:39
1833432515,User:WP 1.0 bot/Tables/Project/Systems,WP 1.0 bot,true,0,enwiki,2024-10-27 03:42:44
1833432517,Vitamin C (song),Pooryorick22,false,-2,enwiki,2024-10-27 03:42:43
1833432602,Sex and gender differences in autism,Mitch Ames,false,1,enwiki,2024-10-27 03:42:57
1833432502,Lanberry,62.74.24.174,false,-11,enwiki,2024-10-27 03:42:40
1833432519,Armon Watts,Jrooster49,false,45,enwiki,2024-10-27 03:42:44
1833432601,Jun Hee-kyung,Seefooddiet,false,64,enwiki,2024-10-27 03:42:58
1833432504,"Beržytė, Kėdainiai",Monkbot,true,1,enwiki,2024-10-27 03:42:40
1833432606,"Spirovo, Spirovsky District, Tver Oblast",Monkbot,true,1,enwiki,2024-10-27 03:42:58
1833432503,Talk:Moulaye Ahmed Boubacar,Wizardman,false,31,enwiki,2024-10-27 03:42:41
1833432607,Ustad Tafu,Editrite!,false,4,enwiki,2024-10-27 03:43:00
1833432611,2014 Ohio gubernatorial election,Indylover2010,false,27,enwiki,2024-10-27 03:42:57
1833433016,Template:Politics of Sri Lanka,QEnigma,false,0,enwiki,2024-10-27 03:44:04
1833432700,2024 North Dakota State Bison football team,Natethegreat4226,false,1,enwiki,2024-10-27 03:43:16
1833432716,Draft:Biggest lawsuit against usa police,Tidergamer789,false,-88,enwiki,2024-10-27 03:43:23
1833433017,2014 Ohio gubernatorial election,Indylover2010,false,49,enwiki,2024-10-27 03:44:00
1833432706,Suvarnabhumi Airport,Metrosfan,false,-51,enwiki,2024-10-27 03:43:11
1833433018,Arnayon,Monkbot,true,1,enwiki,2024-10-27 03:44:03
1833432709,Wikipedia:Version 1.0 Editorial Team/Switzerland articles by quality log,WP 1.0 bot,true,-2114,enwiki,2024-10-27 03:43:19
1833432707,La Chapelle-aux-Saints,Monkbot,true,1,enwiki,2024-10-27 03:43:18
1833432900,Private Peaceful,2A06:5900:A35:F600:EC29:8640:75A4:1EDB,false,-1,enwiki,2024-10-27 03:43:49
1833432708,Eurorunner,Stephan Leeds,false,10,enwiki,2024-10-27 03:43:20
1833432805,Javorjev Dol,Monkbot,true,1,enwiki,2024-10-27 03:43:35
1833432906,Billy Lothridge,Red Director,false,191,enwiki,2024-10-27 03:43:50
1833432806,User:WP 1.0 bot/Tables/Project/Spain,WP 1.0 bot,true,0,enwiki,2024-10-27 03:43:37
1833432910,Effects of Hurricane Katrina in the Southeastern United States,Hurricanehink,false,113,enwiki,2024-10-27 03:43:50
1833432710,Conor Dwyer,Citation bot,true,70,enwiki,2024-10-27 03:43:17
1833432813,André Courrèges,Colibri1,false,236,enwiki,2024-10-27 03:43:38
1833432911,Wikipedia:Version 1.0 Editorial Team/Tamil Nadu articles by quality log,WP 1.0 bot,true,-10995,enwiki,2024-10-27 03:43:52
1833433007,Talk:Mushfiq Hasan,Wizardman,false,22,enwiki,2024-10-27 03:44:03
1833432711,2025 AFC U-17 Asian Cup qualification,2001:44C8:4446:7117:C19:F305:75FA:9FC,false,-1,enwiki,2024-10-27 03:43:08
1833432919,"A Man of Two Faces: A Memoir, A History, A Memorial",Phibeatrice,false,-64,enwiki,2024-10-27 03:43:51
1833433013,Wikipedia:Version 1.0 Editorial Team/Telecommunications articles by quality log,WP 1.0 bot,true,-555,enwiki,2024-10-27 03:44:05
1833432714,User:WP 1.0 bot/Tables/Project/Switzerland,WP 1.0 bot,true,0,enwiki,2024-10-27 03:43:21
1833432819,Draft:Biggest lawsuit against usa police,Tidergamer789,false,-1,enwiki,2024-10-27 03:43:40
1833432918,List of Mutya ng Pilipinas titleholders,2600:1700:8400:15A0:C51C:CF4A:34A1:5CE7,false,83,enwiki,2024-10-27 03:43:51
1833433015,Pepper Potts,2600:1702:5609:5C00:2958:80C:4F8:FB6F,false,-30,enwiki,2024-10-27 03:44:03
1833433101,Wikipedia:Version 1.0 Editorial Team/Television stations articles by quality log,WP 1.0 bot,true,-17156,enwiki,2024-10-27 03:44:19
1833433100,User talk:Rschen7754,Rschen7754,false,45,enwiki,2024-10-27 03:44:19
1833433103,My Guardian Debil,Blakegripling ph,false,76,enwiki,2024-10-27 03:44:20
1833433113,User:WP 1.0 bot/Tables/Project/Television stations,WP 1.0 bot,true,-2,enwiki,2024-10-27 03:44:20
1833433118,Wikipedia:Version 1.0 Editorial Team/Textile Arts articles by quality log,WP 1.0 bot,true,-269,enwiki,2024-10-27 03:44:22
1833433212,Jeongnyeon: The Star Is Born,Marchrain13,false,273,enwiki,2024-10-27 03:44:39
1833433213,Governance Center for Public Policies,Alexjos1858,false,-943,enwiki,2024-10-27 03:44:40
1833433214,Emily Bratti,Stevencocoboy,false,84,enwiki,2024-10-27 03:44:40
1833433216,Nicolette Fernandes,Citation bot,true,-2,enwiki,2024-10-27 03:44:41
1833433217,Kithara,12.75.128.22,false,9,enwiki,2024-10-27 03:44:39
1833433215,"Avèze, Puy-de-Dôme",Monkbot,true,1,enwiki,2024-10-27 03:44:39
1833433205,"Bakhcha, Sharansky District, Republic of Bashkortostan",Monkbot,true,2,enwiki,2024-10-27 03:44:36
1833433211,2014 Ohio gubernatorial election,Indylover2010,false,29,enwiki,2024-10-27 03:44:35
1833433303,User:ClueBot III/Indices/Talk:David Winters (choreographer),ClueBot III,true,24,enwiki,2024-10-27 03:44:55
1833433302,Pop-culture tourism,Apoxyomenus,false,1512,enwiki,2024-10-27 03:44:54
1833433304,List of Mutya ng Pilipinas titleholders,2600:1700:8400:15A0:C51C:CF4A:34A1:5CE7,false,83,enwiki,2024-10-27 03:44:54
1833433308,Chrysocheir,Monkbot,true,1,enwiki,2024-10-27 03:44:55
1833433311,2025 AFC U-17 Asian Cup qualification,114.10.65.52,false,0,enwiki,2024-10-27 03:44:44
1833433312,2024 FIFAe World Cup featuring Rocket League,IntMaMis,false,320,enwiki,2024-10-27 03:44:56
1833433319,WordGirl season 8,Stephen McKeever,false,100,enwiki,2024-10-27 03:44:57
1833433414,User:QQ2NFLD/2025 CONCACAF U-17 Men's Qualifiers,QQ2NFLD,false,294,enwiki,2024-10-27 03:45:11
1833433512,Not Like Us,2A00:23C8:168F:BB01:387A:B7DA:616E:3F77,false,-2,enwiki,2024-10-27 03:45:22
1833433603,Brussels Elementary High School,WhisperToMe,false,-46,enwiki,2024-10-27 03:45:47
1833433709,Riverine Flotilla of the Polish Navy,Monkbot,true,1,enwiki,2024-10-27 03:46:06
1833433417,Lezoux,Monkbot,true,1,enwiki,2024-10-27 03:45:10
1833433605,Category:Edwardian architecture in the United Kingdom,Rangasyd,false,61,enwiki,2024-10-27 03:45:47
1833433708,Over the Top Wrestling,Fwaig,false,0,enwiki,2024-10-27 03:46:03
1833433403,User:WP 1.0 bot/Tables/Project/Thunderstorm and tornado,WP 1.0 bot,true,0,enwiki,2024-10-27 03:45:11
1833433517,List of Mutya ng Pilipinas titleholders,2600:1700:8400:15A0:C51C:CF4A:34A1:5CE7,false,118,enwiki,2024-10-27 03:45:32
1833433604,2024 Mexico City Grand Prix,Dusty Kelpie,false,58,enwiki,2024-10-27 03:45:44
1833433408,Richard of Rupecanina,Citation bot,true,27,enwiki,2024-10-27 03:45:12
1833433518,A Beautiful Mind (film),2601:603:167F:3F50:FD25:70AF:D4A0:8F90,false,-139,enwiki,2024-10-27 03:45:27
1833433610,Wikipedia:Version 1.0 Editorial Team/Toronto articles by quality log,WP 1.0 bot,true,-683,enwiki,2024-10-27 03:45:48
1833433406,Talk:Lee Miller/Archive 1,Graham87,false,1894,enwiki,2024-10-27 03:45:12
1833433612,"When She Starts, Look Out (1926 film)",Monkbot,true,1,enwiki,2024-10-27 03:45:48
1833433409,Salvador Quiroz,Lord Cornwallis,false,49,enwiki,2024-10-27 03:45:12
1833433616,Kayla Thornton,Mariacricket,false,477,enwiki,2024-10-27 03:45:49
1833433410,Talk:Narek Oganian,Wizardman,false,22,enwiki,2024-10-27 03:45:13
1833433503,NGC 6956,Loooke,false,347,enwiki,2024-10-27 03:45:29
1833433619,Wikipedia:Version 1.0 Editorial Team/Trade articles by quality log,WP 1.0 bot,true,204,enwiki,2024-10-27 03:45:51
1833433411,Nick Vannett,Red Director,false,0,enwiki,2024-10-27 03:45:11
1833433504,Daeqwon Plowden,Koolcatz34,false,441,enwiki,2024-10-27 03:45:29
1833433413,Viet Thanh Nguyen,Phibeatrice,false,105,enwiki,2024-10-27 03:45:09
1833433508,User:WP 1.0 bot/Tables/Project/Tonga,WP 1.0 bot,true,89,enwiki,2024-10-27 03:45:30
1833433601,User:WP 1.0 bot/Tables/Project/Toronto,WP 1.0 bot,true,0,enwiki,2024-10-27 03:45:46
1833433700,List of Mutya ng Pilipinas titleholders,2600:1700:8400:15A0:C51C:CF4A:34A1:5CE7,false,83,enwiki,2024-10-27 03:46:05
1833433507,Knights of the Golden Eagle,Rublamb,false,439,enwiki,2024-10-27 03:45:29
1833433600,Rock festival,RazorJackal,false,25,enwiki,2024-10-27 03:45:42
1833433706,Neurophysiology,ShelfSkewed,false,-27,enwiki,2024-10-27 03:46:05
1833433904,"Iford, East Sussex",Myasuda,false,1,enwiki,2024-10-27 03:46:34
1833434002,Wikipedia:Version 1.0 Editorial Team/U.S. city street articles by quality log,WP 1.0 bot,true,444,enwiki,2024-10-27 03:46:57
1833434217,Steve Hart,Mitch Ames,false,-4,enwiki,2024-10-27 03:47:39
357994704,Diskussion:Lebensreform/Archiv/1,TaxonBot,true,1789,dewiki,2024-10-27 03:47:45
1833433909,Guts World Tour,Skywatcher68,false,-2374,enwiki,2024-10-27 03:46:33
1833434003,Kayla Thornton,Mariacricket,false,2,enwiki,2024-10-27 03:46:55
1833434103,Marotiri,BigBullfrog,false,5,enwiki,2024-10-27 03:47:09
1833434216,King Richard III Visitor Centre,Kmccook,false,22,enwiki,2024-10-27 03:47:39
357994706,Schwarzenberg am Böhmerwald,Chester100rot,false,3,dewiki,2024-10-27 03:47:47
1833433801,Elon Musk,Ergzay,false,1621,enwiki,2024-10-27 03:46:06
1833434005,Usyelyub,Monkbot,true,3,enwiki,2024-10-27 03:46:56
1833434105,Wikipedia:Version 1.0 Editorial Team/U.S. counties articles by quality log,WP 1.0 bot,true,572,enwiki,2024-10-27 03:47:12
1833434203,Milovice (Břeclav District),Monkbot,true,1,enwiki,2024-10-27 03:47:34
1833434219,Wikipedia:Version 1.0 Editorial Team/UK road transport articles by quality log,WP 1.0 bot,true,-4636,enwiki,2024-10-27 03:47:40
1833433800,Starozhilovsky District,Monkbot,true,1,enwiki,2024-10-27 03:46:18
1833433910,"Yeşilhisar, Hocalar",Monkbot,true,1,enwiki,2024-10-27 03:46:35
1833434008,Jeri Taylor,Rusted AutoParts,false,27,enwiki,2024-10-27 03:46:57
1833434109,Draft:Ilker Furat,Heathbar1981,false,3,enwiki,2024-10-27 03:47:11
1833434205,La Llorona,Iliukwaaydeniwikq,false,44,enwiki,2024-10-27 03:47:33
1833433802,1985 Rapel Lake earthquake,Dawnseeker2000,false,-6,enwiki,2024-10-27 03:46:20
1833433911,Over the Top Wrestling,Fwaig,false,0,enwiki,2024-10-27 03:46:34
1833434013,Talk:Natachai Boonprasert,Wizardman,false,29,enwiki,2024-10-27 03:46:58
1833434112,Émilie Fournel,Citation bot,true,24,enwiki,2024-10-27 03:47:12
1833434207,Category:Ministry of Transportation and Communications (Taiwan),RevelationDirect,false,38,enwiki,2024-10-27 03:47:38
357994700,Benutzer:Peteremueller/Spielwiese,Peteremueller,false,60,dewiki,2024-10-27 03:47:40
1833433807,Guilty (Ayumi Hamasaki album),SBelle90047,false,125,enwiki,2024-10-27 03:46:17
1833433915,Wikipedia:Requests for page protection/Increase,Daniel Quinlan,false,347,enwiki,2024-10-27 03:46:37
1833434015,User:WP 1.0 bot/Tables/Project/U.S. city street,WP 1.0 bot,true,-103,enwiki,2024-10-27 03:46:58
1833434113,Sâncel,Monkbot,true,2,enwiki,2024-10-27 03:47:11
1833434206,User talk:Σ,Nurg,false,587,enwiki,2024-10-27 03:47:37
1833433809,Wikipedia:Version 1.0 Editorial Team/Texas articles by quality log,WP 1.0 bot,true,-322,enwiki,2024-10-27 03:46:20
1833433916,"Edward Curzon, 6th Earl Howe",Unfriendnow,false,590,enwiki,2024-10-27 03:46:36
1833434116,Kimmy Repond,Clemkr,false,-1,enwiki,2024-10-27 03:47:13
1833434208,2018 Ohio gubernatorial election,Indylover2010,false,28,enwiki,2024-10-27 03:47:30
357994701,Herbert Kupfer,GT1976,false,-26,dewiki,2024-10-27 03:47:42
357994707,Diskussion:Nordniederfränkisch,MicBy67,false,3,dewiki,2024-10-27 03:47:50
1833433808,Natakamani,97.116.160.235,false,19,enwiki,2024-10-27 03:46:21
1833433917,User talk:SeanaTimothy/sandbox,SeanaTimothy,false,284,enwiki,2024-10-27 03:46:39
1833434117,User:WP 1.0 bot/Tables/Project/U.S. counties,WP 1.0 bot,true,0,enwiki,2024-10-27 03:47:13
1833434209,"A Man of Two Faces: A Memoir, A History, A Memorial",Phibeatrice,false,12,enwiki,2024-10-27 03:47:37
357994702,Diskussion:Lebensreform,TaxonBot,true,-1789,dewiki,2024-10-27 03:47:43
357994708,Jean Muller,GT1976,false,-27,dewiki,2024-10-27 03:47:50
1833433810,User talk:SeanaTimothy/sandbox,SeanaTimothy,false,105,enwiki,2024-10-27 03:46:22
1833433902,Talk:Nandamuri Mohana Krishna,Wizardman,false,33,enwiki,2024-10-27 03:46:35
1833434119,Wrigley Field,73.247.126.233,false,1,enwiki,2024-10-27 03:47:08
1833434214,Jack Sammoutis,Monkbot,true,1,enwiki,2024-10-27 03:47:37
1833433811,User:WP 1.0 bot/Tables/Project/Texas,WP 1.0 bot,true,-98,enwiki,2024-10-27 03:46:22
1833433905,Wikipedia:Version 1.0 Editorial Team/Trucks articles by quality log,WP 1.0 bot,true,-407,enwiki,2024-10-27 03:46:36
1833434001,Template:Tricyclics,76.174.0.57,false,37,enwiki,2024-10-27 03:46:56
1833434213,List of equipment of the Portuguese Army,Tm,false,586,enwiki,2024-10-27 03:47:31
357994705,Kasimir und Karoline,Magiers,false,-39,dewiki,2024-10-27 03:47:47
1833434306,2018 Ohio gubernatorial election,Indylover2010,false,45,enwiki,2024-10-27 03:47:48
1833434317,Wikipedia:Version 1.0 Editorial Team/Underwater diving articles by quality log,WP 1.0 bot,true,494,enwiki,2024-10-27 03:47:59
1833434409,Wikipedia:Version 1.0 Editorial Team/United States Constitution articles by quality log,WP 1.0 bot,true,-948,enwiki,2024-10-27 03:48:17
1833434616,Hirohito,Chuckles987,false,71,enwiki,2024-10-27 03:48:48
1833434305,Template:South Bay Lakers current roster,Intruder007,false,-7,enwiki,2024-10-27 03:47:57
1833434316,Tasos Kourakis,Monkbot,true,1,enwiki,2024-10-27 03:47:58
1833434410,2024 North Texas SC season,Logan Z Man 2022!,false,69,enwiki,2024-10-27 03:48:13
1833434600,Trams in Dessau,Monkbot,true,1,enwiki,2024-10-27 03:48:53
357994710,Charles Fox (Ingenieur),GT1976,false,-27,dewiki,2024-10-27 03:47:57
357994713,Samuel Brown (Bauingenieur),GT1976,false,-27,dewiki,2024-10-27 03:48:05
1833434414,2024 Empress's Cup,Family27390,false,0,enwiki,2024-10-27 03:48:16
1833434602,Wikipedia:Version 1.0 Editorial Team/University of California articles by quality log,WP 1.0 bot,true,-1724,enwiki,2024-10-27 03:48:55
1833434308,Lalalala (song),HMSLavender,false,644,enwiki,2024-10-27 03:47:55
357994712,Douglas Santos,Seeler09,false,-9,dewiki,2024-10-27 03:48:00
357994715,Portal:Deutsches Kaiserreich/Neue Artikel,TaxonBota,true,46,dewiki,2024-10-27 03:48:11
1833434415,Susana Guízar,Lord Cornwallis,false,49,enwiki,2024-10-27 03:48:18
357994718,Jean Résal,GT1976,false,-27,dewiki,2024-10-27 03:48:22
1833434604,List of Mutya ng Pilipinas titleholders,2600:1700:8400:15A0:C51C:CF4A:34A1:5CE7,false,35,enwiki,2024-10-27 03:48:55
1833434309,Talk:Broda Otto Barnes,Jonesey95,false,-79,enwiki,2024-10-27 03:47:55
1833434400,Delta Goodrem,2404:4408:7A60:2200:BC37:68AC:FBEF:4A2F,false,202,enwiki,2024-10-27 03:48:10
1833434417,User:MacronMonitor/Alerts,MacronMonitor,false,233,enwiki,2024-10-27 03:48:17
1833434501,Template:Santa Cruz Warriors current roster,Intruder007,false,37,enwiki,2024-10-27 03:48:40
1833434605,2025 U.S. Open Cup qualification,Demt1298,false,352,enwiki,2024-10-27 03:48:52
1833434700,2018 Ohio gubernatorial election,Indylover2010,false,50,enwiki,2024-10-27 03:48:55
1833434800,DRAKON,Monkbot,true,2,enwiki,2024-10-27 03:49:18
1833434310,Banne,Monkbot,true,1,enwiki,2024-10-27 03:47:54
1833434401,Moureuille,Monkbot,true,1,enwiki,2024-10-27 03:48:12
1833434418,Moonlite,Sc2353,false,52,enwiki,2024-10-27 03:48:17
1833434505,User talk:Doc James,Uwappa,false,3518,enwiki,2024-10-27 03:48:39
1833434606,Adam Froese,Citation bot,true,16,enwiki,2024-10-27 03:48:54
1833434704,Chasteaux,Monkbot,true,1,enwiki,2024-10-27 03:49:03
1833434803,Drogo of Hauteville,Citation bot,true,-80,enwiki,2024-10-27 03:49:19
1833434300,Rock festival,RazorJackal,false,26,enwiki,2024-10-27 03:47:51
1833434312,Talk:Grammatical particle,Apocheir,false,-235,enwiki,2024-10-27 03:47:57
1833434403,Canadian Pacific Air Lines Flight 402,2601:547:CA01:A2A0:60DD:37F7:E203:1439,false,1,enwiki,2024-10-27 03:48:11
1833434507,Wikipedia:Version 1.0 Editorial Team/Turkey articles by quality log,WP 1.0 bot,true,-98235,enwiki,2024-10-27 03:48:39
1833434607,Wikipedia:Version 1.0 Editorial Team/University of North Carolina at Chapel Hill articles by quality log,WP 1.0 bot,true,-401,enwiki,2024-10-27 03:48:56
1833434706,Wikipedia:Version 1.0 Editorial Team/United States History articles by quality log,WP 1.0 bot,true,3397,enwiki,2024-10-27 03:49:06
1833434301,David Becker,Vmavanti,false,-300,enwiki,2024-10-27 03:47:55
1833434313,User:WP 1.0 bot/Tables/Project/Underwater diving,WP 1.0 bot,true,0,enwiki,2024-10-27 03:47:58
1833434404,User talk:Abdullahzahin,Kirham,false,1357,enwiki,2024-10-27 03:48:16
1833434508,User:WP 1.0 bot/Tables/Project/Turkey,WP 1.0 bot,true,0,enwiki,2024-10-27 03:48:40
1833434613,Governance Center for Public Policies,Alexjos1858,false,55,enwiki,2024-10-27 03:48:56
1833434713,Lalalala (song),75.83.246.20,false,-3078,enwiki,2024-10-27 03:49:02
1833434814,User:WP 1.0 bot/Tables/Project/University of Oxford (colleges),WP 1.0 bot,true,0,enwiki,2024-10-27 03:49:22
1833434302,Elon Musk,Horse Eye's Back,false,-1621,enwiki,2024-10-27 03:47:41
1833434314,Yaroslava Mahuchikh,Globallycz,false,20,enwiki,2024-10-27 03:47:50
1833434405,2018 Ohio gubernatorial election,Indylover2010,false,49,enwiki,2024-10-27 03:48:07
1833434510,2007 Davis Cup Americas Zone Group III,PE fans,false,765,enwiki,2024-10-27 03:48:38
1833434612,Princeton Independent School District,RtXC1,false,217,enwiki,2024-10-27 03:48:56
1833434715,Joseph B. Campbell,Macho delta588,false,0,enwiki,2024-10-27 03:49:07
1833434813,List of colleges and universities in the Philippines,Oloddin,false,4,enwiki,2024-10-27 03:49:15
1833434303,Wikipedia:Version 1.0 Editorial Team/U.S. Congress articles by quality log,WP 1.0 bot,true,-2860,enwiki,2024-10-27 03:47:57
1833434315,Amarpal Maurya,Adamantine123,false,436,enwiki,2024-10-27 03:47:57
357994716,Jean-Rodolphe Perronet,GT1976,false,-27,dewiki,2024-10-27 03:48:16
1833434614,Union of Jewish Religious Communities in Poland,Monkbot,true,1,enwiki,2024-10-27 03:48:56
1833434815,Sara García,Lord Cornwallis,false,67,enwiki,2024-10-27 03:49:20
1833435116,Manuel Esperón,Lord Cornwallis,false,49,enwiki,2024-10-27 03:50:15
1833435214,User talk:SeanaTimothy/sandbox,SeanaTimothy,false,332,enwiki,2024-10-27 03:50:37
1833435117,Snow White (1987 film),72.50.16.189,false,6,enwiki,2024-10-27 03:50:15
1833435216,Emily Chan,Stevencocoboy,false,0,enwiki,2024-10-27 03:50:36
1833435118,Kithara,12.75.128.22,false,26,enwiki,2024-10-27 03:50:13
1833435219,Euler's laws of motion,MrLinkinPark333,false,-2,enwiki,2024-10-27 03:50:37
1833435000,The Children of Leningradsky,Monkbot,true,1,enwiki,2024-10-27 03:49:51
1833435001,Travis Henry,Red Director,false,10,enwiki,2024-10-27 03:49:51
1833435201,Amanishakheto,97.116.160.235,false,4,enwiki,2024-10-27 03:50:33
1833434900,Papo Colo,70.20.215.75,false,130,enwiki,2024-10-27 03:49:38
1833435006,User:SuperHero2010WMW/sandbox,SuperHero2010WMW,false,15718,enwiki,2024-10-27 03:49:54
1833435202,Wrocław–Szczecin railway,Monkbot,true,7,enwiki,2024-10-27 03:50:32
1833434903,List of University of Oregon alumni,CaptainAngus,false,608,enwiki,2024-10-27 03:49:29
1833435007,User:WP 1.0 bot/Tables/Project/Vatican City,WP 1.0 bot,true,0,enwiki,2024-10-27 03:49:53
1833435206,2026 FIFA World Cup qualification – CAF Group E,JalenBarks,false,55,enwiki,2024-10-27 03:50:32
1833435304,Potential re-accession of the United Kingdom to the European Union,Stv59,false,4,enwiki,2024-10-27 03:50:47
1833434906,Maximilian Voloshin,Monkbot,true,1,enwiki,2024-10-27 03:49:39
1833435012,User:WP 1.0 bot/Tables/Project/Veganism and Vegetarianism,WP 1.0 bot,true,0,enwiki,2024-10-27 03:49:55
1833435101,Ismail al-Faruqi,DrunkenJoe,false,1,enwiki,2024-10-27 03:50:09
1833435210,Geovany Quenda,2001:8A0:683C:4F00:476:5751:DDAF:1C8,false,-1,enwiki,2024-10-27 03:50:36
1833435305,User:WP 1.0 bot/Tables/Project/Victoria,WP 1.0 bot,true,0,enwiki,2024-10-27 03:50:51
1833434909,Kang Boo-ja,Seefooddiet,false,0,enwiki,2024-10-27 03:49:38
1833435016,Tuyash,Monkbot,true,2,enwiki,2024-10-27 03:49:54
1833435102,Wschowa County,Monkbot,true,1,enwiki,2024-10-27 03:50:10
1833435211,"Pokrovka, Naumovsky Selsoviet, Sterlitamaksky District, Republic of Bashkortostan",Monkbot,true,1,enwiki,2024-10-27 03:50:35
1833435307,Template:Element-symbol-to-oxidation-state-data/doc,Johnjbarton,false,867,enwiki,2024-10-27 03:50:51
1833434919,2026 FIFA World Cup qualification – CONCACAF second round,MRB16th,false,-8,enwiki,2024-10-27 03:49:36
1833435114,User:WP 1.0 bot/Tables/Project/United States military history,WP 1.0 bot,true,0,enwiki,2024-10-27 03:50:15
1833435213,Steven Sims,Red Director,false,29,enwiki,2024-10-27 03:50:36
1833435314,Tkay Maidza,Laterthanyouthink,false,426,enwiki,2024-10-27 03:50:52
1833435710,Kozhikode South,2409:40F3:11:402E:8000:0:0:0,false,-15,enwiki,2024-10-27 03:51:53
1833435804,User:JaGa/Short leaderboard,DPL bot,true,0,enwiki,2024-10-27 03:52:08
1833435711,User:WP 1.0 bot/Tables/Project/Virginia,WP 1.0 bot,true,-104,enwiki,2024-10-27 03:51:55
1833435807,Wikipedia:Version 1.0 Editorial Team/Weaponry articles by quality log,WP 1.0 bot,true,871,enwiki,2024-10-27 03:52:07
1833435403,Sahel,Herostratus,false,-7,enwiki,2024-10-27 03:51:04
1833435500,Launeddas,Jacqke,false,98,enwiki,2024-10-27 03:51:24
1833435601,States and territories of Australia,Muaza Husni,false,1,enwiki,2024-10-27 03:51:33
1833435712,List of Mexican films of 1942,Lord Cornwallis,false,148,enwiki,2024-10-27 03:51:55
1833435813,List of Mutya ng Pilipinas titleholders,2600:1700:8400:15A0:C51C:CF4A:34A1:5CE7,false,83,enwiki,2024-10-27 03:52:08
1833435406,List of Solar System objects by size,2600:1702:4630:1390:C327:3607:F7AC:CF3E,false,4,enwiki,2024-10-27 03:50:52
1833435501,Nicholas Frederic Brady,Suite1408,false,42,enwiki,2024-10-27 03:51:24
1833435605,Ba 'Alawiyya,Oloddin,false,29,enwiki,2024-10-27 03:51:37
1833435717,Jean Louis de la Croix,Pinkpollyanna,false,41,enwiki,2024-10-27 03:51:56
1833435814,Sinarka,Monkbot,true,1,enwiki,2024-10-27 03:52:05
1833435410,Talk:Cambodia,HMSLavender,false,-119,enwiki,2024-10-27 03:51:04
1833435511,"Leon County, Florida",Patapsco913,false,682,enwiki,2024-10-27 03:51:22
1833435607,Wikipedia:Version 1.0 Editorial Team/Vital articles by quality log,WP 1.0 bot,true,-161150,enwiki,2024-10-27 03:51:10
1833435718,Nicholas Frederic Brady,Suite1408,false,45,enwiki,2024-10-27 03:51:57
1833435411,American Champion Sprint Horse,Avocado,false,63,enwiki,2024-10-27 03:51:06
1833435515,Anthony Sesely,Finn Shipley,false,3,enwiki,2024-10-27 03:51:25
1833435608,Dipi Rebecchi,120.22.135.168,false,5,enwiki,2024-10-27 03:51:35
1833435413,Afghan Breakdown,Monkbot,true,1,enwiki,2024-10-27 03:51:06
1833435516,Matale Electoral District,Geoarthouse1124,false,48,enwiki,2024-10-27 03:51:24
1833435610,Wikipedia:Version 1.0 Editorial Team/Volleyball articles by quality log,WP 1.0 bot,true,-5929,enwiki,2024-10-27 03:51:39
1833435414,Completing the square,Jacobolus,false,-2,enwiki,2024-10-27 03:51:05
1833435517,Katë language,Kwékwlos,false,384,enwiki,2024-10-27 03:51:25
1833435613,Talk:Kid Yugi,Wizardman,false,40,enwiki,2024-10-27 03:51:40
1833435417,Steven Sims,Red Director,false,44,enwiki,2024-10-27 03:51:07
1833435705,Patraki,Monkbot,true,1,enwiki,2024-10-27 03:51:53
1833435801,Haikou Meilan International Airport,Metrosfan,false,-25,enwiki,2024-10-27 03:52:01
1833435901,Pampalarama Dam,TiMike,false,44,enwiki,2024-10-27 03:52:24
1833435914,User:WP 1.0 bot/Tables/Project/Visual arts,WP 1.0 bot,true,0,enwiki,2024-10-27 03:52:25
1833436013,Template talk:Element-symbol-to-oxidation-state-data,Johnjbarton,false,257,enwiki,2024-10-27 03:52:45
1833436106,Sabarat,Monkbot,true,1,enwiki,2024-10-27 03:53:05
1833436213,Munster/Dyer Main Street station,OrdinaryScarlett,false,30,enwiki,2024-10-27 03:53:32
1833436418,Wikipedia:Version 1.0 Editorial Team/WNBA articles by quality log,WP 1.0 bot,true,-2861,enwiki,2024-10-27 03:54:05
1833436014,Tapp Tarock,Monkbot,true,2,enwiki,2024-10-27 03:52:45
1833436107,Microlophus barringtonensis,Myasuda,false,0,enwiki,2024-10-27 03:53:08
1833436216,Chicuelo (bullfighter),Kelisi,false,58,enwiki,2024-10-27 03:53:33
1833435916,Battle of Pressburg,Monkbot,true,3,enwiki,2024-10-27 03:52:24
1833436016,Psychological impact of climate change,Matthewpalmer03,false,117,enwiki,2024-10-27 03:52:44
1833436111,Template:Tricyclics,76.174.0.57,false,0,enwiki,2024-10-27 03:53:09
1833436114,Wikipedia:Version 1.0 Editorial Team/West Virginia articles by quality log,WP 1.0 bot,true,-5774,enwiki,2024-10-27 03:53:10
1833436218,User:WP 1.0 bot/Tables/Project/WikiProject Gloucestershire,WP 1.0 bot,true,-118,enwiki,2024-10-27 03:53:34
1833436115,Wikipedia:Picture of the day/Unused,Cowboygilbert,false,-191,enwiki,2024-10-27 03:53:09
1833436200,Category:Water wells in India,Family27390,false,11,enwiki,2024-10-27 03:53:30
1833436219,Draft:Rihivi,MangoMusician777,false,111,enwiki,2024-10-27 03:53:34
1833436116,Shestakovskaya,Monkbot,true,1,enwiki,2024-10-27 03:53:09
1833436205,Esteban Huertas,ThaddeusOrlando55,false,24,enwiki,2024-10-27 03:53:30
1833436304,Wikipedia:Version 1.0 Editorial Team/WikiProject Trains in Japan articles by quality log,WP 1.0 bot,true,436,enwiki,2024-10-27 03:53:51
1833436000,Congress of Gniezno,Monkbot,true,2,enwiki,2024-10-27 03:52:42
1833436117,List of current female world boxing champions,Noah Walshe,false,-12,enwiki,2024-10-27 03:53:09
1833436208,Avowed,184.171.159.148,false,32,enwiki,2024-10-27 03:53:31
1833436302,Category:Diesel-hydraulic locomotives of Australia,Stephan Leeds,false,373,enwiki,2024-10-27 03:53:51
1833436001,Wikipedia:Version 1.0 Editorial Team/Weather articles by quality log,WP 1.0 bot,true,6637,enwiki,2024-10-27 03:52:43
1833436100,Kang Yong-suk,Seefooddiet,false,58,enwiki,2024-10-27 03:53:05
1833436118,Mermaids and Rascals,77.49.96.186,false,14,enwiki,2024-10-27 03:53:10
1833436209,Laboule,Monkbot,true,1,enwiki,2024-10-27 03:53:28
1833436309,Beyoncé,Chuckles987,false,-25,enwiki,2024-10-27 03:53:32
1833436004,Wikipedia:Requested moves/Current discussions (table),RMCD bot,true,0,enwiki,2024-10-27 03:52:43
1833436103,Wikipedia:Version 1.0 Editorial Team/Wikipedia articles by quality log,WP 1.0 bot,true,-1514,enwiki,2024-10-27 03:53:08
1833436210,List of awards and nominations received by SZA,2601:85:C600:9B70:4758:FCA5:3819:EFAE,false,1,enwiki,2024-10-27 03:53:28
1833436317,Klenčí pod Čerchovem,Monkbot,true,1,enwiki,2024-10-27 03:53:49
1833436411,Category:Diesel-hydraulic locomotives of the Philippines,Stephan Leeds,false,379,enwiki,2024-10-27 03:54:04
1833436007,2007 Davis Cup Americas Zone Group III,PE fans,false,752,enwiki,2024-10-27 03:52:41
1833436105,Talk:Elon Musk,Ergzay,false,174,enwiki,2024-10-27 03:52:57
1833436212,Wikipedia:Version 1.0 Editorial Team/WikiProject Gloucestershire articles by quality log,WP 1.0 bot,true,470,enwiki,2024-10-27 03:53:33
1833436410,Wikipedia:Teahouse,Walter Tau,false,280,enwiki,2024-10-27 03:54:01
1833436614,Wikipedia:Version 1.0 Editorial Team/Video game articles by quality log,WP 1.0 bot,true,-7974,enwiki,2024-10-27 03:54:29
1833436704,Oscar Jay,Pinkpollyanna,false,60,enwiki,2024-10-27 03:54:48
1833436714,Belfast City Hall,Rangasyd,false,22,enwiki,2024-10-27 03:54:48
1833436913,Wikipedia:Version 1.0 Editorial Team/Women scientists articles by quality log,WP 1.0 bot,true,-120,enwiki,2024-10-27 03:55:32
1833437017,Citrus rootstock,2601:183:4101:1290:A74B:D5C4:198:E9A3,false,1,enwiki,2024-10-27 03:56:00
1833437117,Smalltown Boy,190.68.151.91,false,81,enwiki,2024-10-27 03:56:22
1833436502,User:WP 1.0 bot/Tables/Project/Women in Business,WP 1.0 bot,true,0,enwiki,2024-10-27 03:54:17
1833436616,Wikipedia:Version 1.0 Editorial Team/Women in Religion articles by quality log,WP 1.0 bot,true,-666,enwiki,2024-10-27 03:54:30
1833436703,Eastern Air Lines,ElvisFan1967,false,0,enwiki,2024-10-27 03:54:45
1833436715,Namba (clothing),SimLibrarian,false,1,enwiki,2024-10-27 03:54:51
1833436802,"User:DoctorWho42/Sci Fi Channel, 29 September 1992",DoctorWho42,false,586,enwiki,2024-10-27 03:55:11
1833436915,Costas Georgiou,Monkbot,true,1,enwiki,2024-10-27 03:55:30
1833437018,Wikipedia:Articles for deletion/Blake Alma (numismatist) (2nd nomination),MolecularPilot,false,1500,enwiki,2024-10-27 03:56:01
1833437215,Miriam Hopkins,2600:4041:57B1:3E00:993E:65E2:8638:1E89,false,558,enwiki,2024-10-27 03:56:43
1833436507,Saint-Maurice-de-Cazevieille,Monkbot,true,1,enwiki,2024-10-27 03:54:15
1833436615,Potential enlargement of the European Union,Stv59,false,6,enwiki,2024-10-27 03:54:20
1833436716,User:Joan arden murray/sandbox,Joan arden murray,false,45,enwiki,2024-10-27 03:54:51
1833436804,Daniel Braverman,Red Director,false,85,enwiki,2024-10-27 03:55:11
1833436917,Wikipedia:Version 1.0 Editorial Team/Women's ice hockey articles by quality log,WP 1.0 bot,true,-1015,enwiki,2024-10-27 03:55:33
1833437100,User:Joan arden murray/sandbox,Joan arden murray,false,2,enwiki,2024-10-27 03:56:22
1833437216,Joe Exotic,ClueBot NG,false,7,enwiki,2024-10-27 03:56:39
1833436508,One half,77.82.11.178,false,18,enwiki,2024-10-27 03:54:17
1833436617,Association football,I'm not perfect but I'm almost,false,-4,enwiki,2024-10-27 03:54:24
1833436706,Kim Byong-joon,Seefooddiet,false,7,enwiki,2024-10-27 03:54:46
1833436717,Sharanbash-Knyazevo,Monkbot,true,2,enwiki,2024-10-27 03:54:50
1833436807,Category:Taiwanese sailors,RevelationDirect,false,-48,enwiki,2024-10-27 03:55:12
1833436900,2024 Calgary Stampeders season,GoodDay,false,6,enwiki,2024-10-27 03:55:28
1833436916,Japan,Nikkimaria,false,-234,enwiki,2024-10-27 03:55:21
1833437000,"Head, Clara and Maria",2607:FEA8:53D9:CC00:B184:ABC8:668:11A0,false,24,enwiki,2024-10-27 03:55:53
1833437102,Chuvalkipovo,Monkbot,true,2,enwiki,2024-10-27 03:56:20
1833437218,Wikipedia:Version 1.0 Editorial Team/Yemen articles by quality log,WP 1.0 bot,true,-361,enwiki,2024-10-27 03:56:45
1833436510,Wikipedia:Version 1.0 Editorial Team/Women in Business articles by quality log,WP 1.0 bot,true,1003,enwiki,2024-10-27 03:54:19
1833436618,My Leopold (1955 film),Monkbot,true,1,enwiki,2024-10-27 03:54:29
1833436707,Caroline Dolehide,Sashona,false,304,enwiki,2024-10-27 03:54:43
1833436718,User:WP 1.0 bot/Tables/Project/Women's cricket,WP 1.0 bot,true,0,enwiki,2024-10-27 03:54:52
1833436808,Gdańsk Bridge,Monkbot,true,1,enwiki,2024-10-27 03:55:11
1833436901,Insect Fear Film Festival,Lineshue,false,123,enwiki,2024-10-27 03:55:29
1833437005,List of Bakuage Sentai Boonboomger characters,35.134.24.120,false,49,enwiki,2024-10-27 03:55:55
1833437105,User:WP 1.0 bot/Tables/Project/Women's football,WP 1.0 bot,true,0,enwiki,2024-10-27 03:56:23
1833437217,Gymnesian Islands,Monkbot,true,7,enwiki,2024-10-27 03:56:44
1833436511,Xenarthra,T g7,false,114,enwiki,2024-10-27 03:54:15
1833436619,Computer program,Timhowardriley,false,-12,enwiki,2024-10-27 03:54:27
1833436708,Cồn Cỏ district,HuynhTuanVi,false,322,enwiki,2024-10-27 03:54:47
1833436815,Category:Water wells in the United States,Family27390,false,11,enwiki,2024-10-27 03:55:13
1833436906,Ryan Tepera,2603:8001:3400:E8AE:79DC:CFCB:A461:EA5B,false,-1,enwiki,2024-10-27 03:55:27
1833437007,Rufous-bellied kookaburra,JJ Harrison,false,9,enwiki,2024-10-27 03:55:56
1833437111,Joris Delle,Lepricavark,false,-2,enwiki,2024-10-27 03:56:24
1833437219,Category:Diesel-hydraulic locomotives of France,Stephan Leeds,false,2,enwiki,2024-10-27 03:56:46
1833436514,Talk:Stress (mechanics),MrLinkinPark333,false,142,enwiki,2024-10-27 03:54:19
1833436709,"Montgaillard, Aude",Monkbot,true,1,enwiki,2024-10-27 03:54:46
1833436907,2025 New Zealand local elections,TheLoyalOrder,false,84,enwiki,2024-10-27 03:55:24
1833437009,User talk:Fritzmann2002,Danielpinklypink,false,267,enwiki,2024-10-27 03:55:55
1833437112,Wikipedia:Version 1.0 Editorial Team/Writing system articles by quality log,WP 1.0 bot,true,-834,enwiki,2024-10-27 03:56:26
1833436515,1808 Vermont gubernatorial election,ZackCarns,false,0,enwiki,2024-10-27 03:54:19
1833436605,Dream Boy (musical),Quebec99,false,-324,enwiki,2024-10-27 03:54:24
1833436710,Bound for Glory (2024),I Am Awesome 061796,false,1,enwiki,2024-10-27 03:54:48
1833436909,User:WP 1.0 bot/Tables/Project/Women scientists,WP 1.0 bot,true,0,enwiki,2024-10-27 03:55:30
1833437010,Štrbské pleso,Monkbot,true,3,enwiki,2024-10-27 03:55:56
1833437113,Silesians (tribe),Monkbot,true,1,enwiki,2024-10-27 03:56:24
1833436516,Kata-vari dialect,Kwékwlos,false,-7258,enwiki,2024-10-27 03:54:19
1833436606,Panagiotis Karatzas (basketball),Monkbot,true,1,enwiki,2024-10-27 03:54:26
1833436701,Wikipedia:Version 1.0 Editorial Team/WikiProject Business articles by quality log,WP 1.0 bot,true,4951,enwiki,2024-10-27 03:54:45
1833436712,Gul Bakhsh,Citation bot,true,8,enwiki,2024-10-27 03:54:49
1833436910,Mountain owlet-nightjar,JJ Harrison,false,9,enwiki,2024-10-27 03:55:30
1833437011,User:Starlex7777/sandbox,Starlex7777,false,0,enwiki,2024-10-27 03:55:50
1833437114,Lokesh Cinematic Universe,SS1021517,false,10409,enwiki,2024-10-27 03:56:23
1833436607,Brownlow House,Rangasyd,false,22,enwiki,2024-10-27 03:54:27
1833436702,Wikipedia:Version 1.0 Editorial Team/Women's boxing articles by quality log,WP 1.0 bot,true,792,enwiki,2024-10-27 03:54:49
1833436912,Cymru Premier,80.6.18.103,false,3,enwiki,2024-10-27 03:55:28
1833437016,2023 BWF World Junior Championships – mixed doubles,Zul Alfarisi,false,29,enwiki,2024-10-27 03:55:53
1833437116,Christopher Gordon (squash player),Citation bot,true,19,enwiki,2024-10-27 03:56:25
1833437201,NC State Wolfpack,CannisRoofus,false,0,enwiki,2024-10-27 03:56:40
1833437311,Wikipedia:Version 1.0 Editorial Team/Yugoslavia articles by quality log,WP 1.0 bot,true,-1565,enwiki,2024-10-27 03:57:02
1833437418,Foulayronnes,Monkbot,true,1,enwiki,2024-10-27 03:57:22
1833437510,Laurence Maroney,Red Director,false,211,enwiki,2024-10-27 03:57:47
357994802,Benutzer:Coffins/Beitragszahl,Beitragszahlen,false,0,dewiki,2024-10-27 03:58:38
1833437312,Talk:Esagil-kin-apli,Surayeproject3,false,37,enwiki,2024-10-27 03:57:02
1833437515,Röthenbach im Emmental,Monkbot,true,2,enwiki,2024-10-27 03:57:44
1833437608,Jaehyun,71.91.94.187,false,-2,enwiki,2024-10-27 03:58:09
1833437716,Ray Rice,Red Director,false,-320,enwiki,2024-10-27 03:58:34
1833437313,Dandadan,2601:87:8300:51A0:1C4C:8E4A:14B8:490C,false,-11,enwiki,2024-10-27 03:56:58
1833437516,List of films set during the French Revolution and French Revolutionary Wars,Lord Cornwallis,false,4,enwiki,2024-10-27 03:57:47
1833437610,Anatoli Isayev,Monkbot,true,1,enwiki,2024-10-27 03:58:11
1833437717,2026 Ohio gubernatorial election,Indylover2010,false,50,enwiki,2024-10-27 03:58:35
1833437314,Hernaín Arzú,2803:4600:1111:6C7:7D05:5D41:95C:67D9,false,6,enwiki,2024-10-27 03:57:01
1833437517,McLean Stevenson,73.209.153.179,false,6,enwiki,2024-10-27 03:57:48
1833437612,"Jefferson County, Florida",Patapsco913,false,2,enwiki,2024-10-27 03:58:11
1833437719,Google Calendar,VolatileAnomaly,false,-16,enwiki,2024-10-27 03:58:35
1833437315,Jeff B. Davis,173.77.38.193,false,0,enwiki,2024-10-27 03:57:00
1833437401,Munster Ridge Road station,OrdinaryScarlett,false,8,enwiki,2024-10-27 03:57:20
1833437518,Kim Choong-soo,Seefooddiet,false,12,enwiki,2024-10-27 03:57:48
1833437611,Dream Boy (musical),Quebec99,false,-288,enwiki,2024-10-27 03:58:11
1833437316,2026 Ohio gubernatorial election,Indylover2010,false,55,enwiki,2024-10-27 03:57:01
1833437403,White-throated honeyeater,JJ Harrison,false,9,enwiki,2024-10-27 03:57:21
1833437614,Austin Wolf,Fortniet 23,false,1,enwiki,2024-10-27 03:58:13
1833437405,Wikipedia:Administrator intervention against vandalism,HBC AIV helperbot14,true,-331,enwiki,2024-10-27 03:57:21
1833437500,2026 Ohio gubernatorial election,Indylover2010,false,28,enwiki,2024-10-27 03:57:42
1833437615,Talk:Monster Energy,Imeriki al-Shimoni,false,-15,enwiki,2024-10-27 03:58:14
357994801,Benutzer:Clemens Stockner/Beitragszahl,Beitragszahlen,false,0,dewiki,2024-10-27 03:58:35
1833437304,User:WP 1.0 bot/Tables/Project/World War II,WP 1.0 bot,true,0,enwiki,2024-10-27 03:57:00
1833437408,John R. Stallings,2601:204:F181:9410:652D:23B:EEDF:CAFD,false,13,enwiki,2024-10-27 03:57:21
1833437602,Amar Chitra Katha,Vanamonde93,false,-2874,enwiki,2024-10-27 03:58:09
1833437616,Association football,I'm not perfect but I'm almost,false,-36,enwiki,2024-10-27 03:58:10
1833437703,List of tallest buildings,Updatebjarni,false,8,enwiki,2024-10-27 03:58:28
1833437305,Mangrove monitor,JJ Harrison,false,-4,enwiki,2024-10-27 03:56:59
1833437410,2026 Ohio gubernatorial election,Indylover2010,false,27,enwiki,2024-10-27 03:57:21
1833437502,Balmoral Hotel,Rangasyd,false,22,enwiki,2024-10-27 03:57:41
1833437603,Roqueredonde,Monkbot,true,1,enwiki,2024-10-27 03:58:07
1833437618,Matt Swanson,Finn Shipley,false,3,enwiki,2024-10-27 03:58:15
1833437706,"Pandit Deendayal Upadhyaya Medical College, Churu",TiMike,false,43,enwiki,2024-10-27 03:58:35
1833437308,"Jefferson County, Florida",Patapsco913,false,1000,enwiki,2024-10-27 03:56:58
1833437413,"Abbey Road, London",Apoxyomenus,false,42,enwiki,2024-10-27 03:57:24
1833437504,Prisoner season 3,Sisalgs,false,-1301,enwiki,2024-10-27 03:57:42
1833437605,Kim Chung-rye,Seefooddiet,false,-6,enwiki,2024-10-27 03:58:10
1833437619,KSVT-LD,VulcanSphere,false,-15,enwiki,2024-10-27 03:58:14
1833437708,Medal of the Armed Forces in the Service of the Fatherland,Monkbot,true,1,enwiki,2024-10-27 03:58:35
357994803,Benutzer:Dentalum/Beitragszahl,Beitragszahlen,false,0,dewiki,2024-10-27 03:58:53
1833437804,"Decauville Tramway at Exposition Universelle in Gent, 1913",Pencilsforall,false,72,enwiki,2024-10-27 03:59:02
357994809,Benutzer:ElTres/Beitragszahl,Beitragszahlen,false,0,dewiki,2024-10-27 03:59:16
1833437900,Talk:Itti-Marduk-balatu,Surayeproject3,false,55,enwiki,2024-10-27 03:59:29
1833437809,Nikolis Apostolis,Monkbot,true,1,enwiki,2024-10-27 03:59:02
357994808,Benutzer:Du Hugin Skulblaka/Beitragszahl,Beitragszahlen,false,0,dewiki,2024-10-27 03:59:11
1833437901,List of infantry weapons of World War I,2603:8000:AF00:8569:9C82:25E4:B29:D413,false,-2,enwiki,2024-10-27 03:59:28
357994814,Benutzer:FordPrefect42/Beitragszahl,Beitragszahlen,false,0,dewiki,2024-10-27 03:59:37
357994818,Benutzer:Gereon K./Beitragszahl,Beitragszahlen,false,0,dewiki,2024-10-27 03:59:52
357994804,Benutzer:Diopuld/Beitragszahl,Beitragszahlen,false,0,dewiki,2024-10-27 03:59:01
1833437810,Rayvonte Rice,Red Director,false,80,enwiki,2024-10-27 03:59:04
1833437902,Citroën CX,Pongmai3194,false,56,enwiki,2024-10-27 03:59:27
1833437812,AIS Arena,DaHuzyBru,false,-38,enwiki,2024-10-27 03:59:04
1833437911,Draft:Bifurcata,2603:6011:B700:230:0:0:0:7D09,false,167,enwiki,2024-10-27 03:59:31
357994817,Benutzer:GT1976/Beitragszahl,Beitragszahlen,false,0,dewiki,2024-10-27 03:59:48
1833438001,Template:Aerosol terminology,Randomstaplers,false,137,enwiki,2024-10-27 04:00:03
1833437816,Sunny Day (TV series),2001:E68:5415:1F2:85AD:F92B:AAD8:B40E,false,105,enwiki,2024-10-27 03:59:06
1833437914,Brousses-et-Villaret,Monkbot,true,1,enwiki,2024-10-27 03:59:29
1833437817,Bagansky District,Monkbot,true,1,enwiki,2024-10-27 03:59:05
1833438002,Kryuchevka,Monkbot,true,1,enwiki,2024-10-27 04:00:01
357994806,Benutzer:Discostu/Beitragszahl,Beitragszahlen,false,0,dewiki,2024-10-27 03:59:03
1833437818,Chase Dowling,Finn Shipley,false,3,enwiki,2024-10-27 03:59:07
1833438011,User:AmandaNP/UAA/Time,DeltaQuadBot,true,0,enwiki,2024-10-27 04:00:04
1833437802,Northern fantail,JJ Harrison,false,-6,enwiki,2024-10-27 03:59:02
1833438014,"Lisa (Japanese musician, born 1987)",Xfansd,false,15,enwiki,2024-10-27 04:00:02
1833437803,Template:Arizona Cardinals roster navbox,Jrooster49,false,47,enwiki,2024-10-27 03:59:03
357994810,Benutzer:Ernsts/Beitragszahl,Beitragszahlen,false,0,dewiki,2024-10-27 03:59:25
357994813,Wikipedia:Hauptseite/Aktuelles,LennBr,false,1,dewiki,2024-10-27 03:59:36
357994816,Benutzer:Furfur/Beitragszahl,Beitragszahlen,false,0,dewiki,2024-10-27 03:59:45
1833438015,"Shire Hall, Newport",Rangasyd,false,22,enwiki,2024-10-27 04:00:02
357994807,Benutzer:Dk1909/Beitragszahl,Beitragszahlen,false,0,dewiki,2024-10-27 03:59:04
357994811,Benutzer:Escla/Beitragszahl,Beitragszahlen,false,0,dewiki,2024-10-27 03:59:25
357994815,Benutzer:Achim Raschka/Werk,TaxonBota,true,-471,dewiki,2024-10-27 03:59:39
357994819,Benutzer:Gmünder/Beitragszahl,Beitragszahlen,false,0,dewiki,2024-10-27 03:59:54
1833438018,Talk:Guitar Queer-O,DarknessGoth777,false,15,enwiki,2024-10-27 04:00:04
1833438101,Scanning mobility particle sizer,Randomstaplers,false,40,enwiki,2024-10-27 04:00:24
1833438301,Ratko Varda,HanTsî,false,33,enwiki,2024-10-27 04:01:02
1833438316,Innes McCartney,Citation bot,true,-29,enwiki,2024-10-27 04:01:03
1833438105,Russian imperialism,211.30.181.136,false,42,enwiki,2024-10-27 04:00:13
1833438319,"2022 Bend, Oregon shooting",Redennce,false,-7,enwiki,2024-10-27 04:01:08
1833438108,Lamasquère,Monkbot,true,1,enwiki,2024-10-27 04:00:23
1833438303,Prayut Chan-o-cha,Chuckles987,false,-42,enwiki,2024-10-27 04:00:57
1833438110,Hidden Voices (game show) season 3,Saisønisse,false,-241,enwiki,2024-10-27 04:00:24
1833438304,Farrah Hall,Citation bot,true,20,enwiki,2024-10-27 04:01:05
1833438111,File:2016 South American Basketball Championship for Women.png,DeltaQuadBot,false,-52,enwiki,2024-10-27 04:00:27
1833438306,List of Winnipeg Blue Bombers starting quarterbacks,2601:647:4D82:4110:4DD3:D517:6F06:513B,false,154,enwiki,2024-10-27 04:01:05
1833438112,Wikipedia:Usernames for administrator attention,Jlwoodwa,false,221,enwiki,2024-10-27 04:00:26
1833438308,West Lake Corridor,OrdinaryScarlett,false,0,enwiki,2024-10-27 04:01:04
1833438116,Template:AfC statistics/accepted,EarwigBot,true,-1994,enwiki,2024-10-27 04:00:26
1833438205,"Gignac, Hérault",Monkbot,true,1,enwiki,2024-10-27 04:00:40
1833438307,File:Akson Studio.png,DeltaQuadBot,false,10,enwiki,2024-10-27 04:01:06
1833438118,Higher Medical School of Białystok,Monkbot,true,2,enwiki,2024-10-27 04:00:27
1833438119,User talk:SeanaTimothy/sandbox,SeanaTimothy,false,560,enwiki,2024-10-27 04:00:29
1833438310,Hello Kitty's Furry Tale Theater,NJZombie,false,24,enwiki,2024-10-27 04:01:05
1833438313,Yelena Prokhorova,Monkbot,true,1,enwiki,2024-10-27 04:01:05
1833438418,Humvee,Stephan Leeds,false,6,enwiki,2024-10-27 04:01:27
1833438608,"Grahovo, Cerknica",Monkbot,true,1,enwiki,2024-10-27 04:02:16
1833438700,"Kugul, Republic of Bashkortostan",Monkbot,true,2,enwiki,2024-10-27 04:02:37
1833438404,User:Aemilius Adolphin/Ned Kelly draft,Aemilius Adolphin,false,5634,enwiki,2024-10-27 04:01:25
1833438609,File:Bloody Disgusting logo.svg,JJMC89 bot,true,-4,enwiki,2024-10-27 04:02:18
1833438704,Guardsman (character),2600:1702:5609:5C00:2958:80C:4F8:FB6F,false,-194,enwiki,2024-10-27 04:02:38
1833438612,"Centenary of Albany, Western Australia",JarrahTree,false,78,enwiki,2024-10-27 04:02:19
1833438405,Všeruby (Plzeň-North District),Monkbot,true,1,enwiki,2024-10-27 04:01:27
1833438500,Selzach railway station,Monkbot,true,1,enwiki,2024-10-27 04:01:48
1833438614,New Jersey Route 72,2600:4809:21F3:1500:F840:1267:A355:DB0F,false,1,enwiki,2024-10-27 04:02:19
1833438705,Wikipedia:Reference desk/Entertainment,ThePainkiller90,false,421,enwiki,2024-10-27 04:02:38
1833438407,File:Angeldust.jpg,DeltaQuadBot,false,-66,enwiki,2024-10-27 04:01:30
1833438503,Tony Tarasco,Jlwoodwa,false,1,enwiki,2024-10-27 04:01:50
1833438616,Timeline of human evolution,Snarcky1996,false,22,enwiki,2024-10-27 04:02:17
1833438710,Autonomous Province of Western Bosnia,Prololololol,false,42,enwiki,2024-10-27 04:02:39
1833438408,Bans on Nazi symbols,Mickie-Mickie,false,2741,enwiki,2024-10-27 04:01:26
1833438506,Anthony Brown (quarterback),Jrooster49,false,-81,enwiki,2024-10-27 04:01:50
1833438617,Chickasaw Bricktown Ballpark,2603:6000:D000:A2A:C31:522:2B39:32D9,false,-21,enwiki,2024-10-27 04:02:19
1833438709,Great Cobar mine,TrimmerinWiki,false,144,enwiki,2024-10-27 04:02:34
1833438409,Peter Pope (translator),Solo4701,false,-6,enwiki,2024-10-27 04:01:29
1833438510,File:Bahamas Bowl logo.webp,DeltaQuadBot,false,-66,enwiki,2024-10-27 04:01:52
1833438600,Native contact,Citation bot,true,9,enwiki,2024-10-27 04:02:13
1833438619,Tristychius,Monkbot,true,2,enwiki,2024-10-27 04:02:20
1833438412,"Tower House, Brighton",Rangasyd,false,67,enwiki,2024-10-27 04:01:23
1833438511,WJFW-TV,Chaswmsday,false,130,enwiki,2024-10-27 04:01:50
1833438414,Ali Mahmoud,HanTsî,false,33,enwiki,2024-10-27 04:01:30
1833438512,Salisbury F.C.,Liambrown1995,false,0,enwiki,2024-10-27 04:01:50
1833438601,Zhnyborody,Monkbot,true,3,enwiki,2024-10-27 04:02:11
1833438417,Tim Dillon (comedian),Ryanjackson10,false,4,enwiki,2024-10-27 04:01:31
1833438516,Vakkom Moulavi,Citation bot,true,23,enwiki,2024-10-27 04:01:51
1833438604,File:Best & Bester.jpeg,DeltaQuadBot,false,-66,enwiki,2024-10-27 04:02:17
1833438712,Sam Rameau,Finn Shipley,false,3,enwiki,2024-10-27 04:02:42
1833438800,Wikipedia:In the news/Posted/October 2024,KiranBOT,true,585,enwiki,2024-10-27 04:03:01
1833438813,5 Wits,Eddie891,false,-80,enwiki,2024-10-27 04:03:03
1833438901,Timeline of the Israel–Hamas war (27 September 2024 – present),Durranistan,false,260,enwiki,2024-10-27 04:02:46
1833438915,Wikipedia:In the news/Posted/October 2024,KiranBOT,true,243,enwiki,2024-10-27 04:03:20
1833438713,File:Brimsdown FC Crest.png,DeltaQuadBot,false,-66,enwiki,2024-10-27 04:02:42
1833438801,List of Microsoft codenames,GM682012,false,35,enwiki,2024-10-27 04:02:53
1833438814,Sean McNamara,Ryryman,false,16,enwiki,2024-10-27 04:03:03
1833438902,User:Visviva/Legal system,Visviva,false,18,enwiki,2024-10-27 04:03:19
1833438715,User:Joan arden murray/sandbox,Joan arden murray,false,-2,enwiki,2024-10-27 04:02:42
1833438802,Gailtal Alps,Monkbot,true,2,enwiki,2024-10-27 04:03:00
1833438815,"Uda, Nara",MChew,false,2540,enwiki,2024-10-27 04:03:02
1833438905,Subhashree Ganguly,BhikhariInformer,false,-30,enwiki,2024-10-27 04:03:18
1833438716,Avowed,184.171.159.148,false,513,enwiki,2024-10-27 04:02:42
1833438803,File:Cade The Tortured Crossing poster.jpg,DeltaQuadBot,false,-67,enwiki,2024-10-27 04:03:01
1833438816,Guardsman (character),2600:1702:5609:5C00:2958:80C:4F8:FB6F,false,1,enwiki,2024-10-27 04:03:04
1833438909,Thermostability,Citation bot,true,32,enwiki,2024-10-27 04:03:19
1833438718,New Jersey Route 72,2600:4809:21F3:1500:F840:1267:A355:DB0F,false,-1,enwiki,2024-10-27 04:02:41
1833438804,Emre Bey,2A02:AA12:E200:8A80:3517:B65A:811F:551B,false,0,enwiki,2024-10-27 04:03:01
1833438817,Osan Air Base,WhisperToMe,false,310,enwiki,2024-10-27 04:03:02
1833438908,Ogenne-Camptort,Monkbot,true,1,enwiki,2024-10-27 04:03:17
1833438805,2024 São Paulo FC season,Claudiogostoso,false,0,enwiki,2024-10-27 04:02:53
1833438818,Caroline Dolehide,Sashona,false,-31,enwiki,2024-10-27 04:02:59
1833438911,Humvee,Stephan Leeds,false,-1,enwiki,2024-10-27 04:03:14
1833438819,Sharjah International Airport,Metrosfan,false,-25,enwiki,2024-10-27 04:03:02
1833438910,Draft:House of Maroto,Cthomas110,false,-3,enwiki,2024-10-27 04:03:20
1833438810,Kayla Harrison,Citation bot,true,21,enwiki,2024-10-27 04:02:54
1833438913,"Ida, Punjab",Oloddin,false,-26,enwiki,2024-10-27 04:03:20
1833438812,Wilhelm II,Estar8806,false,55,enwiki,2024-10-27 04:02:55
1833438900,Lillian Wilson,Pinkpollyanna,false,41,enwiki,2024-10-27 04:03:17
1833438914,Silly Season Cinema,Tygerbug,false,70,enwiki,2024-10-27 04:03:21
1833439003,User:Therealtwo/sandbox,Therealtwo,false,0,enwiki,2024-10-27 04:03:35
1833439018,"Chawinda, Punjab",Oloddin,false,-26,enwiki,2024-10-27 04:03:37
1833439106,Świnoujście Lighthouse,Monkbot,true,1,enwiki,2024-10-27 04:03:57
1833439004,Walt Disney Animation Studios,2600:8801:7200:3E00:4187:B40E:716D:9B25,false,12,enwiki,2024-10-27 04:03:21
1833439109,John R. McLean (publisher),Citation bot,true,20,enwiki,2024-10-27 04:03:58
1833439009,User:MathXplore/CSD log,MathXplore,false,92,enwiki,2024-10-27 04:03:31
1833439010,File:Christopher Collings.png,DeltaQuadBot,false,-66,enwiki,2024-10-27 04:03:36
1833439116,Halyna Kuzmenko,Czar,false,4,enwiki,2024-10-27 04:03:56
1833439011,Bob Reis,Finn Shipley,false,2,enwiki,2024-10-27 04:03:36
1833439100,Ziauddin Ahmad,Citation bot,true,31,enwiki,2024-10-27 04:03:55
1833439118,Ciaran Hearn,Citation bot,true,28,enwiki,2024-10-27 04:04:00
1833439013,Łubiana railway station,1brianm7,false,90,enwiki,2024-10-27 04:03:36
1833439102,Talk:Nabu-shuma-ishkun,Surayeproject3,false,39,enwiki,2024-10-27 04:03:57
1833439014,"Lasta, Greece",Monkbot,true,1,enwiki,2024-10-27 04:03:35
1833439101,Bobby Santos III,Finn Shipley,false,2,enwiki,2024-10-27 04:03:55
1833439015,Pechora Sea,ImaSurjan,false,16,enwiki,2024-10-27 04:03:33
1833439104,Subhashree Ganguly,BhikhariInformer,false,-55,enwiki,2024-10-27 04:03:58
1833439002,Mas-Cabardès,Monkbot,true,1,enwiki,2024-10-27 04:03:31
1833439105,Leon (given name),Atakes Ris,false,57,enwiki,2024-10-27 04:03:59
1833439017,List of National Historic Landmarks in New York,Epicgenius,false,-2,enwiki,2024-10-27 04:03:28
1833439107,File:VAI Radiated Energy Pie Charts 01a.svg,JJMC89 bot,true,-6,enwiki,2024-10-27 04:03:58
1833439214,Karamat Ali Jaunpuri,Citation bot,true,35,enwiki,2024-10-27 04:04:20
1833439215,Nabat,Czar,false,4,enwiki,2024-10-27 04:04:19
1833439217,2024 Taolu World Cup,Yinglong999,false,243,enwiki,2024-10-27 04:04:20
1833439202,"Corey Williams (basketball, born 1977)",HanTsî,false,33,enwiki,2024-10-27 04:04:15
1833439203,List of Mutya ng Pilipinas titleholders,2600:1700:8400:15A0:C51C:CF4A:34A1:5CE7,false,4,enwiki,2024-10-27 04:04:18
1833439209,Mystery of Love (Larry Heard song),49.199.75.117,false,52,enwiki,2024-10-27 04:04:20
1833439210,Sandomierz Basin,Monkbot,true,1,enwiki,2024-10-27 04:04:20
1833439212,Alex Foxen,Daniel Quinlan,false,-454,enwiki,2024-10-27 04:04:21
1833439211,Halloween,Jdvillalobos,false,14,enwiki,2024-10-27 04:04:11
357994901,Benutzer:Uwe Gille/Beitragszahl,Beitragszahlen,false,0,dewiki,2024-10-27 04:04:23
357994903,Adolf Buchholz (Wasserbauingenieur),GT1976,false,-27,dewiki,2024-10-27 04:04:28
1833439305,Asia-Africa Growth Corridor,GreekApple123,false,23,enwiki,2024-10-27 04:04:38
357994908,Portal:Gesprochenes Wort/Neue Artikel,TaxonBota,true,-89,dewiki,2024-10-27 04:04:44
1833439306,November 8,Czar,false,4,enwiki,2024-10-27 04:04:35
357994909,Benutzer:XaviYuahanda/Beitragszahl,Beitragszahlen,false,0,dewiki,2024-10-27 04:04:46
357994912,Benutzer:Zyirkon/Beitragszahl,Beitragszahlen,false,0,dewiki,2024-10-27 04:04:55
1833439307,Gary McDonald (racing driver),Finn Shipley,false,2,enwiki,2024-10-27 04:04:39
1833439308,Template:Tricyclics,76.174.0.57,false,0,enwiki,2024-10-27 04:04:40
357994905,Tierpark Berlin,2001:9E8:B351:2D00:CC7B:779C:AE52:F786,false,-1,dewiki,2024-10-27 04:04:29
1833439315,Saint-André-en-Royans,Monkbot,true,1,enwiki,2024-10-27 04:04:37
357994911,Benutzer Diskussion:JBirken,TaxonBot,true,-2280,dewiki,2024-10-27 04:04:53
357994913,Benutzer Diskussion:JBirken/Archiv,TaxonBot,true,2280,dewiki,2024-10-27 04:04:54
1833439314,1940 SEC men's basketball tournament,Ha2772a,false,-11,enwiki,2024-10-27 04:04:39
1833439317,Our Flag Means Death,24.243.67.113,false,3,enwiki,2024-10-27 04:04:37
357994910,Benutzerin:Ysabella/Beitragszahl,Beitragszahlen,false,0,dewiki,2024-10-27 04:04:51
1833439301,File:FCV Farul Constanța League Performance.svg,JJMC89 bot,true,19,enwiki,2024-10-27 04:04:38
1833439318,"Moscow Metropolis electoral district (Russian Constituent Assembly election, 1917)",Monkbot,true,1,enwiki,2024-10-27 04:04:41
357994906,Hermann Lohse,GT1976,false,-27,dewiki,2024-10-27 04:04:39
1833439319,Kithara,12.75.128.22,false,39,enwiki,2024-10-27 04:04:41
1833439303,Oregon Lightning,VyveGuy1,false,419,enwiki,2024-10-27 04:04:38
1833439415,Adelaide Boddam-Whetham,Pinkpollyanna,false,41,enwiki,2024-10-27 04:05:06
1833439508,Hell's Kitchen (American TV series) season 6,Liz,false,-4,enwiki,2024-10-27 04:05:24
1833439416,1938 SEC men's basketball tournament,Ha2772a,false,-11,enwiki,2024-10-27 04:05:05
1833439509,Johnson & Wales University,Liz,false,-4,enwiki,2024-10-27 04:05:24
1833439417,Henry Charles DeAhna,Macho delta588,false,57,enwiki,2024-10-27 04:05:07
357994916,Wahlkreis Sesto San Giovanni (Camera dei deputati),Zukunft99,false,2610,dewiki,2024-10-27 04:05:21
1833439510,Template:Valley Suns current roster,Koolcatz34,false,367,enwiki,2024-10-27 04:05:29
1833439401,JM Ibarra,Hocksock,false,212,enwiki,2024-10-27 04:05:02
357994914,Benutzer:Wartungsstube/Verkehrswesen,TaxonBota,true,-598,dewiki,2024-10-27 04:04:51
1833439512,File:First Interstate Bank Center.png,DeltaQuadBot,false,-66,enwiki,2024-10-27 04:05:28
357994919,Benutzer:Wartungsstube/Darstellende Kunst,TaxonBota,true,-3136,dewiki,2024-10-27 04:05:03
1833439402,Disease (Lady Gaga song),Infsai,false,26,enwiki,2024-10-27 04:05:03
357994917,Monica Frassoni,GT1976,false,42,dewiki,2024-10-27 04:05:30
1833439403,Les Lèches,Monkbot,true,1,enwiki,2024-10-27 04:05:01
1833439514,Sir'Dominic Pointer,HanTsî,false,33,enwiki,2024-10-27 04:05:27
1833439406,File:English Young Liberals.png,DeltaQuadBot,false,-66,enwiki,2024-10-27 04:05:05
1833439517,File:Thurston County logo.svg,JJMC89 bot,true,14,enwiki,2024-10-27 04:05:28
1833439411,Spermatid,Haley275,false,221,enwiki,2024-10-27 04:05:05
1833439516,2024 Southeastern Conference football season,TheGoodGeneral 1,false,0,enwiki,2024-10-27 04:05:21
1833439413,Michael Fraser (basketball),HanTsî,false,33,enwiki,2024-10-27 04:05:05
1833439414,1994 Pacific hurricane season,Drdpw,false,-22,enwiki,2024-10-27 04:05:02
357994915,Benutzer Diskussion:Peteremueller,DerIchBot,true,731,dewiki,2024-10-27 04:05:14
1833439501,Kalmykovo,Monkbot,true,2,enwiki,2024-10-27 04:05:25
1833439607,Humvee,Stephan Leeds,false,-1,enwiki,2024-10-27 04:05:44
1833439611,Mali caste,Adamantine123,false,-50,enwiki,2024-10-27 04:05:50
1833439614,Villegouge,Monkbot,true,1,enwiki,2024-10-27 04:05:48
1833439617,Sher Ali Afridi,Citation bot,true,21,enwiki,2024-10-27 04:05:52
1833439700,UK Music Hall of Fame,Rodericksilly,false,-4,enwiki,2024-10-27 04:06:09
1833439818,Jasmon Youngblood,HanTsî,false,47,enwiki,2024-10-27 04:06:33
1833439909,Chepe Fortuna,SimLibrarian,false,-260,enwiki,2024-10-27 04:06:55
1833440015,Jeremy Lopez,VampireKilla,false,128,enwiki,2024-10-27 04:07:24
1833439701,Yermishinsky District,Monkbot,true,1,enwiki,2024-10-27 04:06:07
1833439819,Zayed International Airport,Metrosfan,false,-50,enwiki,2024-10-27 04:06:29
1833439910,Double Happiness (TV series),DennisYeung1,false,-995,enwiki,2024-10-27 04:06:55
1833440016,Gennadi Volnov,Monkbot,true,1,enwiki,2024-10-27 04:07:21
1833439703,Jerome Ford,Red Director,false,16,enwiki,2024-10-27 04:06:09
1833439911,File:Hiking dan sukan ria kemesraan silaturahim kali ke-3 poster 2024.jpg,DeltaQuadBot,false,-66,enwiki,2024-10-27 04:06:55
1833439707,Penstemon azureus,MtBotany,false,800,enwiki,2024-10-27 04:06:09
1833439912,User:750h+/current,750h+,false,135,enwiki,2024-10-27 04:06:57
1833439716,Oleksiy Chubenko,Czar,false,4,enwiki,2024-10-27 04:06:09
1833439914,Percee P,2406:5A00:226B:9400:F9B9:96E5:CA9D:2D30,false,-90,enwiki,2024-10-27 04:06:57
1833440003,Hugo Hoyama,Citation bot,true,24,enwiki,2024-10-27 04:07:19
1833439718,Percee P,2406:5A00:226B:9400:F9B9:96E5:CA9D:2D30,false,91,enwiki,2024-10-27 04:06:11
1833439916,Crunchyroll,TriFusion,false,28,enwiki,2024-10-27 04:06:49
1833440004,File:Hypnotized (Sophie Ellis-Bextor song).jpg,DeltaQuadBot,false,-52,enwiki,2024-10-27 04:07:22
1833439900,2024 North Texas SC season,Logan Z Man 2022!,false,0,enwiki,2024-10-27 04:06:47
1833439918,Charlie Houchin,Citation bot,true,22,enwiki,2024-10-27 04:06:55
1833440007,Instalaciones La Noria,Lf20,false,24,enwiki,2024-10-27 04:07:22
1833440100,Humvee,Stephan Leeds,false,-1,enwiki,2024-10-27 04:07:41
1833439811,List of National Historic Landmarks in New York,Epicgenius,false,-2,enwiki,2024-10-27 04:06:21
1833439904,User:Aqua207/sandbox,Aqua207,false,714,enwiki,2024-10-27 04:06:51
1833439917,Human penis size,Aristotle1991,false,-46,enwiki,2024-10-27 04:06:53
1833440009,Jason Cummings,114.10.153.42,false,2,enwiki,2024-10-27 04:07:19
1833440102,Michał Kamiński,Monkbot,true,1,enwiki,2024-10-27 04:07:44
1833439812,Combat Organization of the Polish Socialist Party,Monkbot,true,1,enwiki,2024-10-27 04:06:31
1833439905,American Ninja Warrior,167.89.220.221,false,28,enwiki,2024-10-27 04:06:45
1833439919,Giorgos Stathakis,Monkbot,true,1,enwiki,2024-10-27 04:06:56
1833440012,Hsieh Shih-chien,RevelationDirect,false,41,enwiki,2024-10-27 04:07:23
1833440103,File:Israeli Female Basketball Premier League logo.png,DeltaQuadBot,false,-66,enwiki,2024-10-27 04:07:47
1833439813,File:Hartford Yard Goats Cap.png,DeltaQuadBot,false,-66,enwiki,2024-10-27 04:06:33
1833439908,Saint-Capraise-d'Eymet,Monkbot,true,1,enwiki,2024-10-27 04:06:52
1833440014,Dalida,Aadirulez8,false,-17,enwiki,2024-10-27 04:07:16
1833440104,Rahimullah of Baraikhali,Citation bot,true,-2,enwiki,2024-10-27 04:07:48
1833440105,Talk:2024 World Series,Spanneraol,false,166,enwiki,2024-10-27 04:07:48
1833440219,Andy Seuss,Finn Shipley,false,10,enwiki,2024-10-27 04:08:08
1833440311,Museum of the Second World War,Monkbot,true,1,enwiki,2024-10-27 04:08:26
1833440415,2024–25 Denver Nuggets season,爨龘龘,false,10,enwiki,2024-10-27 04:08:52
1833440508,Category:Edwardian architecture in India,Rangasyd,false,48,enwiki,2024-10-27 04:09:21
1833440110,Talk:Health effects of wine,94.255.152.53,false,350,enwiki,2024-10-27 04:07:48
1833440200,Wikipedia:AfC sorting/History and Society/History,SDZeroBot,true,-185,enwiki,2024-10-27 04:08:09
1833440300,User talk:2601:445:881:A8D0:8836:C56B:4F62:CD91,Joyous!,false,929,enwiki,2024-10-27 04:08:26
1833440312,Wikipedia:AfC sorting/Culture/Media/Video games,SDZeroBot,true,-173,enwiki,2024-10-27 04:08:29
1833440416,Politics of Australia,WikiWanderer261,false,9,enwiki,2024-10-27 04:08:52
1833440509,Module:Political party/D,GlowstoneUnknown,false,94,enwiki,2024-10-27 04:09:21
1833440111,2024 North Texas SC season,Logan Z Man 2022!,false,0,enwiki,2024-10-27 04:07:43
1833440201,Talk:Paul Palmer (American football),Wizardman,false,-17,enwiki,2024-10-27 04:08:08
1833440301,Wikipedia:AfC sorting/History and Society/Education,SDZeroBot,true,-48,enwiki,2024-10-27 04:08:26
1833440313,Humvee,Stephan Leeds,false,-2,enwiki,2024-10-27 04:08:23
1833440511,Mao Zedong,Chuckles987,false,-36,enwiki,2024-10-27 04:09:05
1833440112,Dvortsovy Municipal Okrug,Monkbot,true,1,enwiki,2024-10-27 04:07:48
1833440202,Mark Grudzielanek,Red Director,false,-5,enwiki,2024-10-27 04:08:08
1833440302,Wikipedia:AfC sorting/Geography/Regions/Americas/Central America,SDZeroBot,true,0,enwiki,2024-10-27 04:08:26
1833440512,File:Los Farad poster.jpg,DeltaQuadBot,false,-66,enwiki,2024-10-27 04:09:22
1833440113,UK Music Hall of Fame,Rodericksilly,false,-15,enwiki,2024-10-27 04:07:50
1833440203,Wikipedia:AfC sorting/Culture/Biography/Women,SDZeroBot,true,404,enwiki,2024-10-27 04:08:09
1833440304,Czerwone Wierchy,Aadirulez8,false,0,enwiki,2024-10-27 04:08:24
1833440314,Wikipedia:AfC sorting/Culture/Media/Books,SDZeroBot,true,0,enwiki,2024-10-27 04:08:29
1833440513,Template:Element-symbol-to-oxidation-state-data,Johnjbarton,false,35,enwiki,2024-10-27 04:09:21
1833440116,Franki Russell,Ydelos,false,-3,enwiki,2024-10-27 04:07:50
1833440204,Chihuahua (dog breed),Traumnovelle,false,-37,enwiki,2024-10-27 04:08:08
1833440306,Wikipedia:AfC sorting/STEM/Earth and environment,SDZeroBot,true,0,enwiki,2024-10-27 04:08:27
1833440315,Wikipedia:AfC sorting/STEM/Physics,SDZeroBot,true,0,enwiki,2024-10-27 04:08:30
1833440118,"César Ibáñez (footballer, born 1992)",Citation bot,true,21,enwiki,2024-10-27 04:07:51
1833440205,Wikipedia:AfC sorting/History and Society/Society,SDZeroBot,true,215,enwiki,2024-10-27 04:08:10
1833440305,D'atra Hicks,Aadirulez8,false,-1,enwiki,2024-10-27 04:08:25
1833440316,File:Kunguma Chimil.jpg,DeltaQuadBot,false,10,enwiki,2024-10-27 04:08:30
1833440407,Syrovatsky,Monkbot,true,1,enwiki,2024-10-27 04:08:52
1833440208,Wikipedia:AfC sorting/Geography/Regions/Asia/West Asia,SDZeroBot,true,0,enwiki,2024-10-27 04:08:10
1833440307,Beryllium,HertzDonuts,false,-19,enwiki,2024-10-27 04:08:21
1833440317,Wikipedia:AfC sorting/STEM/Mathematics,SDZeroBot,true,181,enwiki,2024-10-27 04:08:30
1833440409,Mucin,Headbomb,false,68,enwiki,2024-10-27 04:08:53
1833440501,Palladius (physician),Monkbot,true,1,enwiki,2024-10-27 04:09:18
1833440212,Category:Edwardian architecture in the United States,Rangasyd,false,60,enwiki,2024-10-27 04:08:11
1833440309,Wikipedia:AfC sorting/STEM/Libraries & Information,SDZeroBot,true,204,enwiki,2024-10-27 04:08:28
1833440410,Category:Edwardian architecture in New Zealand,Rangasyd,false,54,enwiki,2024-10-27 04:08:54
1833440506,Galwegian Gaelic,Nuttëmakweyok,false,-7,enwiki,2024-10-27 04:09:19
1833440310,Wikipedia:AfC sorting/Culture/Media/Radio,SDZeroBot,true,0,enwiki,2024-10-27 04:08:28
1833440411,José Cañas,VampireKilla,false,1,enwiki,2024-10-27 04:08:53
1833440507,Israel Abanikanda,Red Director,false,35,enwiki,2024-10-27 04:09:19
1833440515,Zadní Chodov,Monkbot,true,1,enwiki,2024-10-27 04:09:21
1833440607,Galkayo,Mohamua,false,-642,enwiki,2024-10-27 04:09:54
1833440713,Category:Edwardian architecture in Australia,Rangasyd,false,52,enwiki,2024-10-27 04:10:30
1833440811,Carlton Davis,Red Director,false,61,enwiki,2024-10-27 04:10:56
1833440517,Oregon Lightning,VyveGuy1,false,8,enwiki,2024-10-27 04:09:26
1833440608,Athens International Airport,Metrosfan,false,-26,enwiki,2024-10-27 04:09:51
1833440714,Double Happiness II,122.11.214.135,false,1,enwiki,2024-10-27 04:10:30
1833440812,Pavel Durov,MBH,false,175,enwiki,2024-10-27 04:10:56
1833440610,Stephen Hicks,Citation bot,true,20,enwiki,2024-10-27 04:09:59
1833440715,User talk:Cmglee,Uwappa,false,169,enwiki,2024-10-27 04:10:29
1833440813,Autobiography of a Yogi,70.23.228.163,false,20,enwiki,2024-10-27 04:10:56
1833440600,Sam Sutton,222.155.21.244,false,0,enwiki,2024-10-27 04:09:49
1833440611,Ryszard Kapuściński Award,Monkbot,true,1,enwiki,2024-10-27 04:09:56
1833440718,Robert Plant,2A06:5904:220C:700:BA0:107B:7305:E4C2,false,35,enwiki,2024-10-27 04:10:23
1833440815,Wikipedia:Requests for page protection/Archive/2024/10,Cyberbot I,true,3380,enwiki,2024-10-27 04:10:06
1833440601,Creatio ex nihilo,Mukogodo,false,0,enwiki,2024-10-27 04:09:49
1833440609,Love in the Big City (2024 film),Wheezythewave,false,0,enwiki,2024-10-27 04:09:59
1833440719,Stajićevo,Monkbot,true,3,enwiki,2024-10-27 04:10:30
1833440816,Perigiali,Monkbot,true,1,enwiki,2024-10-27 04:10:56
1833440602,Igor Grabar,Monkbot,true,1,enwiki,2024-10-27 04:09:50
1833440618,Draft:Ravi Modi,CSK1987,false,17321,enwiki,2024-10-27 04:10:00
1833440701,MacOS version history,Aghassemlouei,false,-2,enwiki,2024-10-27 04:10:23
1833440818,Spencer Davis (racing driver),Finn Shipley,false,2,enwiki,2024-10-27 04:10:57
1833440603,Ghulam Azam,Thomas Khan 45678,false,530,enwiki,2024-10-27 04:09:49
1833440705,Wikipedia:Categories for discussion/Log/2024 October 26,Smasongarrison,false,199,enwiki,2024-10-27 04:10:26
1833440800,List of Manipuri films of 2023,Uthambal,false,198,enwiki,2024-10-27 04:10:54
1833440817,Talk:Climate change in Cyprus,Busekocakaya,false,-530,enwiki,2024-10-27 04:10:58
1833440604,"Kandila, Aetolia-Acarnania",Monkbot,true,1,enwiki,2024-10-27 04:09:53
1833440706,Draft:Into the Wild: Wolf Girl 1,Qwerfjkl (bot),true,26,enwiki,2024-10-27 04:10:26
1833440801,2024 SuperUtes Series,Miminity,false,71,enwiki,2024-10-27 04:10:55
1833440819,Talk:Supply chain sustainability,Busekocakaya,false,530,enwiki,2024-10-27 04:11:00
1833440605,Kaori Sakamoto,SimLibrarian,false,-8,enwiki,2024-10-27 04:09:43
1833440707,Cup,Aadirulez8,false,0,enwiki,2024-10-27 04:10:26
1833440808,Jaime Michelsen Uribe,Waterfaux,false,12,enwiki,2024-10-27 04:10:56
1833440606,Pokkiri Raja (2016 film),150.129.102.8,false,1,enwiki,2024-10-27 04:09:57
1833440708,Vladimir Kolokoltsev,Monkbot,true,1,enwiki,2024-10-27 04:10:26
1833440810,Top (sailing ship),Marisauna,false,-20,enwiki,2024-10-27 04:10:56
1833440907,Ponsonby Post Office,Rangasyd,false,15,enwiki,2024-10-27 04:11:21
1833441013,User talk:Ethan1-advamce,FifthFive,false,586,enwiki,2024-10-27 04:11:50
1833441113,File:Memphis Redbirds Cap.png,DeltaQuadBot,false,-66,enwiki,2024-10-27 04:12:14
1833440908,Nika Soon-Shiong,2603:8001:9301:D134:E99C:14D8:786:E3E7,false,19,enwiki,2024-10-27 04:11:22
1833441018,User:AMileAMinute/New sandbox,AMileAMinute,false,2365,enwiki,2024-10-27 04:11:50
1833441115,Robert E. Hegel,RevelationDirect,false,41,enwiki,2024-10-27 04:12:15
1833440913,User talk:SeanaTimothy/sandbox,SeanaTimothy,false,176,enwiki,2024-10-27 04:11:24
1833441019,Nikita Kotin,Mish-FCTM,false,-164,enwiki,2024-10-27 04:11:50
1833441119,Navlinsky District,Monkbot,true,1,enwiki,2024-10-27 04:12:14
1833440916,Talk:Outfolded,TrademarkedTWOrantula,false,27,enwiki,2024-10-27 04:11:23
1833440917,Jeff Wilson (American football),Red Director,false,0,enwiki,2024-10-27 04:11:22
1833441203,Lenny Breau,Vmavanti,false,-110,enwiki,2024-10-27 04:12:35
1833440918,Kentucky v. Stincer,Miminity,false,33,enwiki,2024-10-27 04:11:23
1833441212,Bassanne,Monkbot,true,1,enwiki,2024-10-27 04:12:33
1833440902,Toretsk,Flemmish Nietzsche,false,-43,enwiki,2024-10-27 04:11:17
1833441002,Unit process,T g7,false,9,enwiki,2024-10-27 04:11:47
1833441106,Balaruc-les-Bains,Monkbot,true,1,enwiki,2024-10-27 04:12:10
1833441216,Nebraska Cornhuskers women's volleyball,75.135.55.25,false,1,enwiki,2024-10-27 04:12:36
1833440904,Quadrupole ion trap,Ethan1-advamce,false,19,enwiki,2024-10-27 04:11:19
1833441007,EWSD,109.42.112.206,false,102,enwiki,2024-10-27 04:11:48
1833441107,Thanksgiving of Horror,Pallettown,false,55,enwiki,2024-10-27 04:12:13
1833441217,Sidikat Ijaiya,Randompersonbwjslol,false,-2,enwiki,2024-10-27 04:12:37
1833440905,Katerina Yioulaki,Monkbot,true,1,enwiki,2024-10-27 04:11:20
1833441008,File:Manipay Hindu College emblem.jpg,DeltaQuadBot,false,-66,enwiki,2024-10-27 04:11:48
1833441109,Kim Dae-jung,Seefooddiet,false,-16,enwiki,2024-10-27 04:12:09
1833440906,Minnie Mouse,213.159.77.225,false,0,enwiki,2024-10-27 04:11:17
1833441009,Mohammad Abdullah (India),Citation bot,true,40,enwiki,2024-10-27 04:11:48
1833441110,Draft:Gonzaga–Washington State men's basketball rivalry,160.39.13.121,false,4,enwiki,2024-10-27 04:12:12
1833441312,2024 NASCAR Whelen Modified Tour,Finn Shipley,false,0,enwiki,2024-10-27 04:13:01
1833441400,Daddy's Head,Theys York,false,371,enwiki,2024-10-27 04:13:23
1833441503,Ghulam Azam,Thomas Khan 45678,false,-104,enwiki,2024-10-27 04:13:45
1833441705,File:Segunda muerte poster.jpg,DeltaQuadBot,false,-66,enwiki,2024-10-27 04:14:39
1833441318,Bucky Adams,Discospinster,false,-109,enwiki,2024-10-27 04:13:02
1833441403,User:MacronMonitor/LinkAlerts,MacronMonitor,false,290,enwiki,2024-10-27 04:13:23
1833441502,Bacchides (general),Monkbot,true,1,enwiki,2024-10-27 04:13:47
1833441615,Evangelos Cheimonas,Monkbot,true,1,enwiki,2024-10-27 04:14:15
1833441706,Sabrina Chowdhury Tithi,Miminity,false,38,enwiki,2024-10-27 04:14:39
1833441404,Christian Jones (offensive lineman),Jrooster49,false,222,enwiki,2024-10-27 04:13:24
1833441504,Polyglycylation,Citation bot,true,29,enwiki,2024-10-27 04:13:48
1833441616,File:Rowan Damia Ford.png,DeltaQuadBot,false,10,enwiki,2024-10-27 04:14:16
1833441711,Paul Revere House,Dmoore5556,false,-12,enwiki,2024-10-27 04:14:40
1833441406,Category:China Airlines Group people,RevelationDirect,false,-5,enwiki,2024-10-27 04:13:25
1833441508,Penstemon azureus,MtBotany,false,-261,enwiki,2024-10-27 04:13:49
1833441617,Wikipedia:Categories for discussion/Log/2024 October 25,Smasongarrison,false,221,enwiki,2024-10-27 04:14:16
1833441712,User talk:Catspangold,Catspangold,false,574,enwiki,2024-10-27 04:14:41
1833441411,V/H/S (franchise),190.17.42.233,false,8,enwiki,2024-10-27 04:13:23
1833441510,Kim Eun-hye (politician),Seefooddiet,false,151,enwiki,2024-10-27 04:13:48
1833441618,2024 Utah Utes football team,Themusicman41,false,8,enwiki,2024-10-27 04:14:15
1833441713,"Lena, Ilishevsky District, Republic of Bashkortostan",Monkbot,true,1,enwiki,2024-10-27 04:14:40
1833441300,Talk:Bel-ibni,Surayeproject3,false,69,enwiki,2024-10-27 04:12:59
1833441413,File:Querer poster.jpg,DeltaQuadBot,false,-66,enwiki,2024-10-27 04:13:26
1833441509,File:Rautakauppias Uuno Turhapuro.jpg,DeltaQuadBot,false,-66,enwiki,2024-10-27 04:13:50
1833441714,Chris Wedge,Thinkofsomething1,false,164,enwiki,2024-10-27 04:14:40
1833441301,Mareugheol,Monkbot,true,1,enwiki,2024-10-27 04:12:56
1833441414,Moiseyevo,Monkbot,true,1,enwiki,2024-10-27 04:13:25
1833441514,Liz Johnson (bowler),Citation bot,true,32,enwiki,2024-10-27 04:13:51
1833441600,Talk:Nabu-nadin-zeri,Surayeproject3,false,39,enwiki,2024-10-27 04:14:13
1833441302,Characters of Red Dead Redemption 2,Red0ctober22,false,168,enwiki,2024-10-27 04:12:56
1833441513,Talk:Marduk-bel-zeri,Surayeproject3,false,39,enwiki,2024-10-27 04:13:52
1833441603,Podzemelj,Monkbot,true,1,enwiki,2024-10-27 04:14:12
1833441700,User:TarheelBornBred/Willie Lampkin,TarheelBornBred,false,17,enwiki,2024-10-27 04:14:38
1833441304,Kearsley Mill,Rangasyd,false,22,enwiki,2024-10-27 04:12:59
1833441401,Sasha Filippov,Monkbot,true,1,enwiki,2024-10-27 04:13:22
1833441418,Talk:Varsity Blues scandal,98.123.38.211,false,671,enwiki,2024-10-27 04:13:24
1833441516,Ricky Anderson,Discospinster,false,-109,enwiki,2024-10-27 04:13:52
1833441607,Kneesworth Hall,Rangasyd,false,22,enwiki,2024-10-27 04:14:14
1833441311,Chares,Monkbot,true,1,enwiki,2024-10-27 04:13:00
1833441402,Marko Dujković,HanTsî,false,35,enwiki,2024-10-27 04:13:23
1833441419,Justin Houston,Red Director,false,0,enwiki,2024-10-27 04:13:26
1833441608,Phillips 66,Beyond My Ken,false,3,enwiki,2024-10-27 04:14:12
1833441703,Irini Terzoglou,Monkbot,true,1,enwiki,2024-10-27 04:14:38
1833441718,Castle Drogo,Rangasyd,false,22,enwiki,2024-10-27 04:14:42
1833441813,Gyulbudaghian's Nebula,PopePompus,false,482,enwiki,2024-10-27 04:15:02
1833441916,EMD SW9,Stephan Leeds,false,2,enwiki,2024-10-27 04:15:33
1833441816,Porcelain manufacturing companies in Europe,Monkbot,true,2,enwiki,2024-10-27 04:15:02
1833441901,Cystine knot,Citation bot,true,-2,enwiki,2024-10-27 04:15:27
1833441917,Wikipedia talk:WikiProject Elections and Referendums,Aquillion,false,1263,enwiki,2024-10-27 04:15:34
1833442000,Nova Scotia,Joyous!,false,0,enwiki,2024-10-27 04:15:52
1833441817,Talk:Google Voice,72.26.144.112,false,158,enwiki,2024-10-27 04:15:00
1833441905,File:The Book of Everlasting Things.jpeg,DeltaQuadBot,false,-66,enwiki,2024-10-27 04:15:28
1833442002,Wunmi Mosaku,Benmite,false,14,enwiki,2024-10-27 04:15:58
1833441818,José Joaquín de Olmedo International Airport,JoshuaEW,false,-621,enwiki,2024-10-27 04:15:02
1833441907,Full Metal Jacket,Jlwoodwa,false,-3,enwiki,2024-10-27 04:15:24
1833442004,File:The Last Night at Tremore Beach poster.jpg,DeltaQuadBot,false,-66,enwiki,2024-10-27 04:16:00
1833441800,List of oldest and youngest Academy Award winners and nominees,70.51.82.13,false,4,enwiki,2024-10-27 04:14:51
1833441819,File:Stocktiwts.png,DeltaQuadBot,false,-66,enwiki,2024-10-27 04:15:04
1833441910,Fougax-et-Barrineuf,Monkbot,true,1,enwiki,2024-10-27 04:15:27
1833442007,Mario Party 6,The Green Star Collector,false,171,enwiki,2024-10-27 04:16:00
1833442100,Mobile Suit Gundam (1995 video game),BOZ,false,0,enwiki,2024-10-27 04:16:19
1833441802,Mario Party 6,The Green Star Collector,false,194,enwiki,2024-10-27 04:14:58
1833441909,Loveppears,Aqua207,false,5,enwiki,2024-10-27 04:15:28
1833442010,Nikolai Patolichev,Monkbot,true,1,enwiki,2024-10-27 04:15:59
1833441803,Velika Stara Vas,Monkbot,true,2,enwiki,2024-10-27 04:14:57
1833441911,Julia Brown (actress),Theys York,false,44,enwiki,2024-10-27 04:15:31
1833442011,New South Wales 72 class locomotive,Mitch Ames,false,0,enwiki,2024-10-27 04:16:01
1833441804,Wallace & Gromit: Vengeance Most Fowl,84.66.76.121,false,26,enwiki,2024-10-27 04:14:56
1833441912,Template:Element-symbol-to-oxidation-state-data,Johnjbarton,false,15,enwiki,2024-10-27 04:15:32
1833442012,Chris Wedge,Thinkofsomething1,false,5,enwiki,2024-10-27 04:16:00
1833441806,List of suicides of Sri Lankan Tamil asylum seekers in Australia,M.K.Dan,false,9,enwiki,2024-10-27 04:15:00
1833441914,Max Planck Institute for Ornithology,Monkbot,true,1,enwiki,2024-10-27 04:15:32
1833442013,Marco Scutaro,Red Director,false,35,enwiki,2024-10-27 04:16:00
1833441811,Polyurethane,49.197.166.5,false,31,enwiki,2024-10-27 04:14:57
1833441915,Temwa Chawinga,Hameltion,false,13,enwiki,2024-10-27 04:15:31
1833442014,EMD SW900,Stephan Leeds,false,2,enwiki,2024-10-27 04:16:02
1833442102,User:Samuel Adrian Antz/Drafts,Samuel Adrian Antz,false,470,enwiki,2024-10-27 04:16:17
1833442305,United States war crimes,XTheBedrockX,false,18,enwiki,2024-10-27 04:17:02
1833442506,File:Xtro II The Second Encounter cover.jpg,DeltaQuadBot,false,-66,enwiki,2024-10-27 04:17:53
1833442104,List of Mexican films of 1946,Lord Cornwallis,false,22,enwiki,2024-10-27 04:16:20
1833442306,Future of the Indian Navy,2409:40D0:B1:4CDE:6085:B5FF:FEFF:BF5C,false,-2,enwiki,2024-10-27 04:17:01
1833442319,File:Vettaiyan soundtrack album cover.jpg,DeltaQuadBot,false,-66,enwiki,2024-10-27 04:17:13
1833442509,Edith Hester McDonald-Brown,Discospinster,false,-76,enwiki,2024-10-27 04:17:54
1833442106,Odysseus,2600:6C50:5B3F:963D:3B6F:430E:79CD:1957,false,242,enwiki,2024-10-27 04:16:18
1833442308,AIS Arena,DaHuzyBru,false,1447,enwiki,2024-10-27 04:17:07
1833442511,Jaime Michelsen Uribe,Waterfaux,false,-4,enwiki,2024-10-27 04:17:53
1833442107,Wakesurfing,2603:7000:3B00:1A00:D9BF:5190:A0D:76B2,false,1,enwiki,2024-10-27 04:16:21
1833442309,AZS Warsaw,Monkbot,true,3,enwiki,2024-10-27 04:17:08
1833442512,Robert James Patterson,81.110.212.199,false,37,enwiki,2024-10-27 04:17:54
1833442109,Tales of Pirx the Pilot,Monkbot,true,1,enwiki,2024-10-27 04:16:21
1833442205,I Want Blood,Axis89,false,-150,enwiki,2024-10-27 04:16:44
1833442310,2024 Apalachee High School shooting,Citation bot,true,31,enwiki,2024-10-27 04:17:06
1833442110,EMD TR1,Stephan Leeds,false,4,enwiki,2024-10-27 04:16:21
1833442214,Clay Webb,TarheelBornBred,false,16,enwiki,2024-10-27 04:16:45
1833442311,User:PE fans/sandbox,PE fans,false,-273,enwiki,2024-10-27 04:17:08
1833442402,2023 Ybor City shooting,WWGB,false,-95,enwiki,2024-10-27 04:17:29
1833442111,Talk:Horse,Willking1979,false,11,enwiki,2024-10-27 04:16:21
1833442215,1904 Missouri Attorney General election,Indylover2010,false,30,enwiki,2024-10-27 04:16:44
1833442315,Sherwood Brown,HanTsî,false,45,enwiki,2024-10-27 04:17:10
1833442417,Human penis size,Aristotle1991,false,-163,enwiki,2024-10-27 04:17:27
1833442502,Patti LaBelle,Rodericksilly,false,8,enwiki,2024-10-27 04:17:49
1833442114,2024 North Texas SC season,Logan Z Man 2022!,false,62,enwiki,2024-10-27 04:16:16
1833442216,2024 Big 12 Conference football season,Smitty Smitty,false,17,enwiki,2024-10-27 04:16:38
1833442316,Kabyasovo,Monkbot,true,2,enwiki,2024-10-27 04:17:11
1833442418,Phú Quý,HuynhTuanVi,false,-28,enwiki,2024-10-27 04:17:29
1833442503,Nikos Papazoglou,Monkbot,true,3,enwiki,2024-10-27 04:17:52
1833442118,Draft:Nucleus Gene,Justiyaya,false,-87,enwiki,2024-10-27 04:16:22
1833442300,Agia Galini,Monkbot,true,1,enwiki,2024-10-27 04:17:05
1833442317,Michaela Kölmel,Randompersonbwjslol,false,1,enwiki,2024-10-27 04:17:11
1833442504,AIS Arena,DaHuzyBru,false,-283,enwiki,2024-10-27 04:17:52
1833442301,File:Vestidas de azul poster.jpg,DeltaQuadBot,false,-66,enwiki,2024-10-27 04:17:06
1833442318,User:Benmite/Sex House,Benmite,false,-14,enwiki,2024-10-27 04:17:12
1833442505,Comparison of North American ski resorts,Jcmccain,false,358,enwiki,2024-10-27 04:17:40
1833442513,Emilia Clarke,60.53.231.63,false,-7,enwiki,2024-10-27 04:17:46
1833442613,Talk:List of Minecraft characters,BOZ,false,28,enwiki,2024-10-27 04:18:19
357995002,Nahverkehr in Lübeck,2A02:2455:85E5:5100:C95A:F06:162C:B667,false,-27,dewiki,2024-10-27 04:18:38
1833442715,2024–25 Oklahoma City Thunder season,Tydude,false,0,enwiki,2024-10-27 04:18:41
1833442517,The Greenville News,Wcquidditch,false,11,enwiki,2024-10-27 04:17:54
1833442600,Union générale des israélites de France,Citation bot,true,101,enwiki,2024-10-27 04:18:12
1833442615,Talk:Actinide,Z1720,false,550,enwiki,2024-10-27 04:18:19
1833442719,Staré Město (Šumperk District),Monkbot,true,1,enwiki,2024-10-27 04:18:44
1833442519,1904 Missouri Attorney General election,Indylover2010,false,29,enwiki,2024-10-27 04:17:54
1833442616,"Lysogorsky, Volgograd Oblast",Monkbot,true,1,enwiki,2024-10-27 04:18:20
357995005,Lenindenkmale in nicht-sozialistischen Ländern,Speravir,false,30,dewiki,2024-10-27 04:18:52
1833442602,List of The Daily Show recurring segments,Darrel M,false,1422,enwiki,2024-10-27 04:18:15
1833442617,User:Visviva/Legal system,Visviva,false,-4,enwiki,2024-10-27 04:18:21
1833442701,Wayne Thiebaud,Citation bot,true,32,enwiki,2024-10-27 04:18:37
1833442603,User:Aldebaran69/sandbox,Aldebaran69,false,0,enwiki,2024-10-27 04:18:16
1833442618,1904 Missouri Attorney General election,Indylover2010,false,50,enwiki,2024-10-27 04:18:20
1833442702,"Pionersky, Sverdlovsk Oblast",Monkbot,true,1,enwiki,2024-10-27 04:18:38
1833442604,Biyaz,Monkbot,true,2,enwiki,2024-10-27 04:18:17
1833442619,Livestock,172.73.215.83,false,28,enwiki,2024-10-27 04:18:17
357995001,Wikipedia:WikiProjekt Frauen/Frauen in Rot/Fehlende Artikel nach Nationalität/Algerierinnen,TaxonBot,true,147,dewiki,2024-10-27 04:18:23
1833442708,James Pond (Medal of Honor),Citation bot,true,20,enwiki,2024-10-27 04:18:39
1833442606,1890 West Donegal by-election,Pedia9jb6l,false,-15,enwiki,2024-10-27 04:18:18
1833442709,Sherwood Brown,HanTsî,false,53,enwiki,2024-10-27 04:18:39
1833442607,Leonard Sinclair Sparks,Discospinster,false,-109,enwiki,2024-10-27 04:18:18
1833442710,Archaeological Museum of Rhodes,Monkbot,true,1,enwiki,2024-10-27 04:18:41
1833442608,User:Joan arden murray/sandbox,Joan arden murray,false,1,enwiki,2024-10-27 04:18:18
357995004,Benutzer:Wartungsstube/Leipzig,TaxonBota,true,58,dewiki,2024-10-27 04:18:35
1833442610,1981 Anson by-election,119.74.102.68,false,109,enwiki,2024-10-27 04:18:17
1833442714,Ranjit Singh,SKAG123,false,21,enwiki,2024-10-27 04:18:36
1833442808,Washington State Cougars football,Mudflow,false,-10,enwiki,2024-10-27 04:19:04
1833442902,West Gippsland,Mediocre.marsupial,false,-36,enwiki,2024-10-27 04:19:30
357995011,Benutzer:Tkkrd/Neu4,TaxonBota,true,52,dewiki,2024-10-27 04:19:48
1833442816,Cyprus Social Ecology Movement,Monkbot,true,1,enwiki,2024-10-27 04:19:07
1833442903,Przemysław of Racibórz,Monkbot,true,1,enwiki,2024-10-27 04:19:30
357995016,Portal Diskussion:Orgel/Archiv/2024,TaxonBot,true,2610,dewiki,2024-10-27 04:20:22
1833442905,Scott Arniel,2604:3D09:CD7F:FE45:0:0:0:1003,false,-82,enwiki,2024-10-27 04:19:29
1833443006,Human penis size,Aristotle1991,false,-45,enwiki,2024-10-27 04:19:54
1833443101,Tim Walz,Guest2625,false,-10,enwiki,2024-10-27 04:20:14
357995007,Wikipedia:WikiProjekt Frauen/Frauen in Rot/Fehlende Artikel nach Nationalität/Andorranerinnen,TaxonBot,true,-1,dewiki,2024-10-27 04:19:09
1833442906,"File:Deep Social Space,1989, Cady Noland at Brandhorst.jpg",19h00s,false,-122,enwiki,2024-10-27 04:19:31
1833443009,"Abbotsford, New South Wales",49.186.14.186,false,20,enwiki,2024-10-27 04:19:56
1833443104,"Chennakeshava Temple, Belur",FifthFive,false,4787,enwiki,2024-10-27 04:20:25
1833442907,Jethro Pugh,Leeapp,false,25,enwiki,2024-10-27 04:19:29
357995012,Benutzerin:TaxonBota/Portal:Bildende Kunst/NeueArtikel/2,TaxonBota,true,-6,dewiki,2024-10-27 04:19:55
1833443013,Bad Lippspringe Gardening Show 2017,Countour,false,-5,enwiki,2024-10-27 04:20:00
357995013,Benutzer:Wartungsstube/Sachsen,TaxonBota,true,-94,dewiki,2024-10-27 04:20:06
1833443108,"Tenable, Inc.",Aghassemlouei,false,17,enwiki,2024-10-27 04:20:28
357995006,Portal:Design/Neue Artikel,TaxonBota,true,38,dewiki,2024-10-27 04:19:02
1833442909,George and Martha,108.31.213.142,false,5,enwiki,2024-10-27 04:19:30
1833443014,GCW Ultraviolent Championship,JdStrogen,false,-2,enwiki,2024-10-27 04:19:59
1833443109,Natakamani,97.116.160.235,false,-1,enwiki,2024-10-27 04:20:29
357995008,Portal:Leipzig/Neue Artikel,TaxonBota,true,-2,dewiki,2024-10-27 04:19:23
1833442911,J. Paul Austin,Nikkimaria,false,-520,enwiki,2024-10-27 04:19:31
1833443016,Revesby railway station,GMB205,false,22,enwiki,2024-10-27 04:20:00
357995015,Portal Diskussion:Orgel,TaxonBot,true,-2610,dewiki,2024-10-27 04:20:20
1833443110,Lewis Downing,Nikkimaria,false,-260,enwiki,2024-10-27 04:20:29
1833442803,Talk:Fred Benenson,BOZ,false,25,enwiki,2024-10-27 04:19:07
1833442913,User talk:5 albert square/Archive71,ClueBot III,true,903,enwiki,2024-10-27 04:19:32
1833443017,Barış Arduç,2A02:AA12:E200:8A80:3517:B65A:811F:551B,false,4,enwiki,2024-10-27 04:20:00
357995014,Almadense,KlauRau,false,0,dewiki,2024-10-27 04:20:15
1833443111,Libertarian Party of Russia,Monkbot,true,2,enwiki,2024-10-27 04:20:29
1833442804,Western Katë dialect,Kwékwlos,false,2,enwiki,2024-10-27 04:19:07
1833442914,2024–25 Pittsburgh Panthers men's basketball team,Kline,false,14,enwiki,2024-10-27 04:19:30
1833442805,Jaime Michelsen Uribe,Waterfaux,false,37,enwiki,2024-10-27 04:19:07
1833442901,Moshe Dayan,190.63.237.127,false,-3,enwiki,2024-10-27 04:19:23
1833442919,User talk:5 albert square,ClueBot III,true,-904,enwiki,2024-10-27 04:19:33
357995010,Benutzer:Samuel Adrian Antz/Drafts,Samuel Adrian Antz,false,214,dewiki,2024-10-27 04:19:08
1833443114,Jaime Michelsen Uribe,Waterfaux,false,2,enwiki,2024-10-27 04:20:30
1833443215,Template:Indianapolis Colts roster,Jrooster49,false,-38,enwiki,2024-10-27 04:21:03
1833443308,Argyris Darelas,Monkbot,true,1,enwiki,2024-10-27 04:21:28
1833443400,User:Xfansd/sandbox,Xfansd,false,92,enwiki,2024-10-27 04:21:51
1833443116,Providence Steel and Iron Company Complex,JuanTonSoup,false,2897,enwiki,2024-10-27 04:20:30
1833443201,Donald Trump and fascism,Queen of Hearts,false,31,enwiki,2024-10-27 04:20:53
1833443217,Wikipedia:Wiki Ed/Carnegie Mellon University/'Crazy' Linguistically Rich Asian Languages (Fall 2024),Linguist891,false,18,enwiki,2024-10-27 04:21:04
1833443310,Janetta Vance,Pinkpollyanna,false,41,enwiki,2024-10-27 04:21:30
1833443117,Wikipedia:Sockpuppet investigations/SPI/Cases,Mz7 (bot),true,13,enwiki,2024-10-27 04:20:32
357995019,Nahverkehr in Lübeck,2A02:2455:85E5:5100:C95A:F06:162C:B667,false,1,dewiki,2024-10-27 04:20:47
1833443200,Smolninskoye Municipal Okrug,Monkbot,true,1,enwiki,2024-10-27 04:20:58
1833443218,List of Doctor Who novelisations,Nfitz,false,36,enwiki,2024-10-27 04:20:58
1833443312,1961 Singaporean by-elections,119.74.102.68,false,0,enwiki,2024-10-27 04:21:29
1833443401,Cassius Stanley,Koolcatz34,false,339,enwiki,2024-10-27 04:21:50
1833443119,Yevgrafovka,Monkbot,true,1,enwiki,2024-10-27 04:20:32
1833443203,Three Blind Mice,76.78.140.204,false,0,enwiki,2024-10-27 04:20:57
1833443315,"Popielawy, West Pomeranian Voivodeship",Monkbot,true,1,enwiki,2024-10-27 04:21:31
1833443415,Albertoyos,AnomieBOT,true,61,enwiki,2024-10-27 04:21:54
1833443206,Not My Time (song),Oloddin,false,-29,enwiki,2024-10-27 04:21:01
1833443317,Challah,Joyous!,false,-3,enwiki,2024-10-27 04:21:29
1833443416,Governor of Khanty–Mansi Autonomous Okrug,Monkbot,true,1,enwiki,2024-10-27 04:21:54
1833443207,Talk:Dongba symbols,Linguist891,false,53,enwiki,2024-10-27 04:21:01
1833443417,List of American Idol episodes,ClueBot NG,false,-5,enwiki,2024-10-27 04:21:38
1833443209,GCW Ultraviolent Championship,JdStrogen,false,1,enwiki,2024-10-27 04:21:01
1833443419,Stuntnuts Does School Fight,65.95.222.89,false,9,enwiki,2024-10-27 04:21:55
1833443210,User:Joan arden murray/sandbox,Joan arden murray,false,12,enwiki,2024-10-27 04:21:02
1833443213,Human penis size,Aristotle1991,false,-78,enwiki,2024-10-27 04:21:00
1833443214,Judith of Habsburg,Monkbot,true,1,enwiki,2024-10-27 04:21:01
1833443303,Waymouth Street,Laterthanyouthink,false,251,enwiki,2024-10-27 04:21:26
