1833405701,Jamie Kennedy,SunnyTango,false,-65,enwiki,2024-10-27 03:25:30
1833405807,Eva Amurri,Filedelinkerbot,true,-33,enwiki,2024-10-27 03:25:49
1833405903,Bound for Glory (2024),DepressedPer,false,20,enwiki,2024-10-27 03:26:02
1833406001,Wikipedia:Version 1.0 Editorial Team/Curaçao articles by quality log,WP 1.0 bot,true,782,enwiki,2024-10-27 03:26:18
1833406115,Paul Draper (musician),Isaidnoway,false,12,enwiki,2024-10-27 03:26:34
1833406206,User:LANYCHICO/sandbox,LANYCHICO,false,942,enwiki,2024-10-27 03:26:49
1833406408,File:Philadelphia Freedoms 2008–2012 logo.jpg,Minorax,false,-775,enwiki,2024-10-27 03:27:18
1833406517,Wikipedia:Version 1.0 Editorial Team/Dermatology articles by quality log,WP 1.0 bot,true,675,enwiki,2024-10-27 03:27:36
1833406618,Pupstruction,2600:1001:A010:3227:2D37:9A4E:A549:DA6C,false,0,enwiki,2024-10-27 03:27:54
1833406708,Harrison Armstrong (footballer),Hildreth gazzard,false,-1,enwiki,2024-10-27 03:28:14
1833405704,Talk:List of artwork at the United States Capitol complex,FACBot,true,170,enwiki,2024-10-27 03:25:31
1833405809,List of cities in Odesa Oblast,FACBot,true,18,enwiki,2024-10-27 03:25:48
1833405908,JD Vance,Wozal,false,17,enwiki,2024-10-27 03:25:50
1833406003,Fanático (song),Swe97,false,4823,enwiki,2024-10-27 03:26:16
1833406118,User talk:MPGuy2824,FACBot,true,900,enwiki,2024-10-27 03:26:33
1833406209,Wikipedia:Version 1.0 Editorial Team/Civil Rights Movement articles by quality log,WP 1.0 bot,true,829,enwiki,2024-10-27 03:26:50
1833406410,"Mauroux, Lot",Monkbot,true,1,enwiki,2024-10-27 03:27:15
1833406501,Yelanchikbash,Monkbot,true,2,enwiki,2024-10-27 03:27:31
1833406516,Jeni Magaña,Beltsfortheboys,false,-47,enwiki,2024-10-27 03:27:34
1833406714,Wikipedia:Version 1.0 Editorial Team/East Carolina University articles by quality log,WP 1.0 bot,true,0,enwiki,2024-10-27 03:28:16
1833405702,2024 Special Honours (Australia),Nford24,false,4,enwiki,2024-10-27 03:25:31
1833405810,Wikipedia:Featured list candidates,FACBot,true,-79,enwiki,2024-10-27 03:25:42
1833406005,Wikipedia:Version 1.0 Editorial Team/Chinese-language entertainment articles by quality log,WP 1.0 bot,true,-386,enwiki,2024-10-27 03:26:19
357994007,Benutzer Diskussion:Muck/Archiv/2024,TaxonBot,true,1204,dewiki,2024-10-27 03:26:22
1833406208,Paradeigma,Monkbot,true,2,enwiki,2024-10-27 03:26:49
1833406502,Creaser's mud turtle,Bloopityboop,false,-1,enwiki,2024-10-27 03:27:31
1833406518,Eurocup-3,Leorodriguezbcn,false,26,enwiki,2024-10-27 03:27:35
1833406603,Yukalikulevo,Monkbot,true,2,enwiki,2024-10-27 03:27:51
1833406713,L&YR Class 28,Jamie Gang28,false,-1,enwiki,2024-10-27 03:28:14
1833405814,Template:Featured list log,FACBot,true,0,enwiki,2024-10-27 03:25:51
1833406013,Method Animation,148.252.158.47,false,0,enwiki,2024-10-27 03:26:18
357994008,EHF Champions League 2014/15,BrunoBoehmler,false,16,dewiki,2024-10-27 03:26:19
1833406100,Wikipedia:Featured list candidates,FACBot,true,-94,enwiki,2024-10-27 03:26:22
357994010,Amtsgericht Reichenbach/O.L.,Wilske,false,10,dewiki,2024-10-27 03:26:36
1833406212,User talk:25 Cents FC,FACBot,true,935,enwiki,2024-10-27 03:26:49
357994014,Eduard von Kielmansegg,Concord,false,5,dewiki,2024-10-27 03:27:30
357994015,Tobia,Dabefewulu,false,-243,dewiki,2024-10-27 03:27:33
1833406605,Krauss-Maffei ML 4000,Stephan Leeds,false,2,enwiki,2024-10-27 03:27:53
357994016,Eduard von Kielmansegg,Concord,false,0,dewiki,2024-10-27 03:27:57
1833406719,Great Fire,Dmoore5556,false,319,enwiki,2024-10-27 03:28:16
1833405709,2015 German Figure Skating Championships,Monkbot,true,1,enwiki,2024-10-27 03:25:32
357994001,Hahn Air Lines,BrunoBoehmler,false,7,dewiki,2024-10-27 03:25:39
1833405813,Yura Borisov,Your Gold Teeth II,false,-27,enwiki,2024-10-27 03:25:51
357994006,Benutzer Diskussion:Muck,TaxonBot,true,-1204,dewiki,2024-10-27 03:26:20
1833406211,Robert Kagan,98.123.38.211,false,12,enwiki,2024-10-27 03:26:48
1833406505,2024–25 NCAA football bowl games,ParkerLyme,false,60,enwiki,2024-10-27 03:27:31
1833406607,Harrison Armstrong (footballer),Hildreth gazzard,false,5,enwiki,2024-10-27 03:27:52
1833405711,User:Sushidude21!,Sushidude21!,false,76,enwiki,2024-10-27 03:25:33
1833405800,User:WP 1.0 bot/Tables/Project/Chinese military history,WP 1.0 bot,true,195,enwiki,2024-10-27 03:25:50
1833405817,Talk:The Holocaust,Binksternet,false,-473,enwiki,2024-10-27 03:25:46
357994003,Benutzer:Filomusa/Symmetrische Polynome,Filomusa,false,46,dewiki,2024-10-27 03:25:59
357994005,Ailton Krenak,Barbasca,false,257,dewiki,2024-10-27 03:26:11
1833406014,Shiphay,Randomstaplers,false,-1513,enwiki,2024-10-27 03:26:20
1833406102,Wikipedia:Version 1.0 Editorial Team/Christian music articles by quality log,WP 1.0 bot,true,-47779,enwiki,2024-10-27 03:26:31
1833406201,Gildardo Gómez,94.174.93.55,false,28,enwiki,2024-10-27 03:26:48
1833406215,Wikipedia:Version 1.0 Editorial Team/Classical Tamil articles by quality log,WP 1.0 bot,true,-936,enwiki,2024-10-27 03:26:51
357994013,Burg Mewe,176.6.133.90,false,108,dewiki,2024-10-27 03:27:06
1833406402,Austronesian peoples,211.30.181.136,false,27,enwiki,2024-10-27 03:27:01
1833406507,Iron Man's armor,2600:1702:5609:5C00:2958:80C:4F8:FB6F,false,-5,enwiki,2024-10-27 03:27:31
1833406606,Meitetsu Chita New Line,AlphaBetaGamma,false,1507,enwiki,2024-10-27 03:27:51
357994018,Gemma Punk,YMS,false,-1,dewiki,2024-10-27 03:28:12
1833405715,Game design,Nodicenomasters,false,-4020,enwiki,2024-10-27 03:25:31
1833405802,Wikipedia:Featured list candidates/Featured log/October 2024,FACBot,true,79,enwiki,2024-10-27 03:25:46
1833405818,List of Islamic State members,Tajotep,false,572,enwiki,2024-10-27 03:25:49
1833406016,1952 in music,Rcb1,false,-817,enwiki,2024-10-27 03:26:18
1833406104,Wikipedia:Goings-on,FACBot,true,65,enwiki,2024-10-27 03:26:31
1833406202,User:WP 1.0 bot/Tables/Project/Civil Rights Movement,WP 1.0 bot,true,-106,enwiki,2024-10-27 03:26:48
1833406217,Ladbroke Grove rail crash,Gremlin742,false,-11,enwiki,2024-10-27 03:26:51
1833406404,Creaser's mud turtle,Bloopityboop,false,-11,enwiki,2024-10-27 03:27:16
1833406506,User:HypeBoy/Userboxes,HypeBoy,false,-45,enwiki,2024-10-27 03:27:32
1833406608,Tempo (film),2601:14D:4A02:3210:985C:9A60:7876:1F9A,false,-4,enwiki,2024-10-27 03:27:53
1833405716,The Promise (When in Rome song),2A02:C7C:D2B4:E400:E106:164C:4E5F:8BC4,false,29,enwiki,2024-10-27 03:25:33
1833405803,Template:Announcements/New featured content,FACBot,true,20,enwiki,2024-10-27 03:25:50
357994004,EHF Champions League 2014/15,BrunoBoehmler,false,-1,dewiki,2024-10-27 03:26:02
1833406018,Wikipedia:Version 1.0 Editorial Team/Christian theology articles by quality log,WP 1.0 bot,true,-467,enwiki,2024-10-27 03:26:21
1833406103,John Straffen,Kieronoldham,false,-5,enwiki,2024-10-27 03:26:32
1833406203,Wikipedia:Goings-on,FACBot,true,76,enwiki,2024-10-27 03:26:47
1833406300,Jeni Magaña,Beltsfortheboys,false,229,enwiki,2024-10-27 03:27:04
1833406403,2019 Supreme Court verdict on Ayodhya dispute,Joyous!,false,-3,enwiki,2024-10-27 03:27:15
1833406509,Fanático (song),Swe97,false,8,enwiki,2024-10-27 03:27:32
1833406610,Ji Sang-wook,Seefooddiet,false,-46,enwiki,2024-10-27 03:27:52
1833405719,2017 UEFA Women's Under-19 Championship squads,Crowsus,false,0,enwiki,2024-10-27 03:25:32
1833405805,"Korkino, Chelyabinsk Oblast",Monkbot,true,1,enwiki,2024-10-27 03:25:48
357994009,Wikipedia:WikiProjekt Frauen/Frauen in Rot/Fehlende Artikel nach Tätigkeit/Verlegerinnen,TaxonBot,true,200,dewiki,2024-10-27 03:25:54
1833406107,Saint-Georges-Blancaneix,Monkbot,true,1,enwiki,2024-10-27 03:26:30
1833406205,List of hot springs,Onel5969,false,-3,enwiki,2024-10-27 03:26:45
1833406301,Wikipedia:Version 1.0 Editorial Team/Climate change articles by quality log,WP 1.0 bot,true,-811,enwiki,2024-10-27 03:27:06
1833406407,User:WP 1.0 bot/Tables/Project/Cold War,WP 1.0 bot,true,0,enwiki,2024-10-27 03:27:16
1833406513,Isha Talwar,2409:40F2:126:C38F:8000:0:0:0,false,-25,enwiki,2024-10-27 03:27:32
1833406612,Wikipedia:Version 1.0 Editorial Team/DreamWorks Animation articles by quality log,WP 1.0 bot,true,0,enwiki,2024-10-27 03:27:55
1833406701,Lustra (band),ZimZalaBim,false,-66,enwiki,2024-10-27 03:28:12
1833405700,User:WP 1.0 bot/Tables/Project/Chemicals,WP 1.0 bot,true,0,enwiki,2024-10-27 03:25:30
357994002,Elbe-Projekt,Tobor,false,-1,dewiki,2024-10-27 03:25:42
1833405806,List of high school football rivalries more than 100 years old,Thered&black,false,0,enwiki,2024-10-27 03:25:46
1833405905,Wikipedia:Featured list candidates/List of Detroit Lions Pro Bowl selections/archive1,FACBot,true,1010,enwiki,2024-10-27 03:26:02
1833406000,Marios Spyridakis,Monkbot,true,1,enwiki,2024-10-27 03:26:16
1833406109,Wikipedia:Version 1.0 Editorial Team/Daman and Diu articles by quality log,WP 1.0 bot,true,0,enwiki,2024-10-27 03:26:34
1833406207,Wikipedia:Version 1.0 Editorial Team/David Gilmour articles by quality log,WP 1.0 bot,true,0,enwiki,2024-10-27 03:26:50
1833406303,Wikipedia:Version 1.0 Editorial Team/Delaware road transport articles by quality log,WP 1.0 bot,true,0,enwiki,2024-10-27 03:27:07
1833406406,La Chata,Citation bot,true,19,enwiki,2024-10-27 03:27:17
1833406515,Dragan Đukanović,93.140.149.68,false,62,enwiki,2024-10-27 03:27:32
1833406613,Bismarckia,Declangi,false,-167,enwiki,2024-10-27 03:27:52
1833406707,"Grădinari, Caraș-Severin",Monkbot,true,2,enwiki,2024-10-27 03:28:13
1833407005,Method Animation,148.252.158.47,false,743,enwiki,2024-10-27 03:29:03
1833407114,Technology company,ZimZalaBim,false,-76,enwiki,2024-10-27 03:29:20
1833407216,First-tier Tribunal,Dgp4004,false,-14,enwiki,2024-10-27 03:29:34
1833407407,Wikipedia:Good article nominations/Topic lists/Sports and recreation,ChristieBot,true,-353,enwiki,2024-10-27 03:30:07
1833407008,"Alexander Ferdinand, 3rd Prince of Thurn and Taxis",Monkbot,true,2,enwiki,2024-10-27 03:29:02
1833407117,John Straffen,Kieronoldham,false,218,enwiki,2024-10-27 03:29:20
1833407217,Wikipedia:Version 1.0 Editorial Team/Christianity articles by quality log,WP 1.0 bot,true,-24860,enwiki,2024-10-27 03:29:34
1833407409,1942 Ohio gubernatorial election,Indylover2010,false,64,enwiki,2024-10-27 03:30:06
1833407013,2024–25 Borussia Dortmund season,Claudiogostoso,false,0,enwiki,2024-10-27 03:28:59
1833407218,Fatin Gökmen,JJMC89 bot III,true,10,enwiki,2024-10-27 03:29:35
1833407408,User:Doug butler/T. S. B. Woodfull,Doug butler,false,-1,enwiki,2024-10-27 03:30:08
1833406801,Agroha Dham,Hargoa,false,10,enwiki,2024-10-27 03:28:31
1833406900,Czechoslovakia men's national water polo team,JJMC89 bot III,true,-6,enwiki,2024-10-27 03:28:47
1833407017,Category:Fiction about summer camps,JJMC89 bot III,true,3,enwiki,2024-10-27 03:29:05
1833407410,Moriarty (podcast),110.149.131.195,false,-5,enwiki,2024-10-27 03:30:08
1833406800,Manuel Moschopoulos,Monkbot,true,1,enwiki,2024-10-27 03:28:32
1833406901,Wikipedia:Articles for deletion/Umar Farooq Zahoor (2nd nomination),SheriffIsInTown,false,362,enwiki,2024-10-27 03:28:48
1833407015,User:Minorax/CSD log/2024,Minorax,false,148,enwiki,2024-10-27 03:28:55
1833407412,Emoia kuekenthali,Lyttle-Wight,false,81,enwiki,2024-10-27 03:30:08
1833406802,Dragan Đukanović,93.140.149.68,false,1,enwiki,2024-10-27 03:28:32
1833407014,Talk:History of the Quran,Pogenplain,false,316,enwiki,2024-10-27 03:29:04
1833407300,Shtil (song),Monkbot,true,1,enwiki,2024-10-27 03:29:48
1833407413,"Gabriel Gómez (footballer, born 1959)",94.174.93.55,false,28,enwiki,2024-10-27 03:30:08
1833406803,Diocese of Winchester,85.95.50.217,false,39,enwiki,2024-10-27 03:28:25
1833407019,Wikipedia:Version 1.0 Editorial Team/ER articles by quality log,WP 1.0 bot,true,357,enwiki,2024-10-27 03:29:06
1833407101,NY Racing Team,45BearsFan,false,80,enwiki,2024-10-27 03:29:17
1833407303,Investigatory Powers Tribunal,Dgp4004,false,-14,enwiki,2024-10-27 03:29:48
1833406807,"Menlo, Iowa",PopePompus,false,29,enwiki,2024-10-27 03:28:33
1833407106,Tetrarch (band),Sillie.star,false,-3,enwiki,2024-10-27 03:29:18
1833407210,Diocese of Winchester,85.95.50.217,false,-32,enwiki,2024-10-27 03:29:26
1833407308,Wikipedia:Version 1.0 Editorial Team/Comic book films articles by quality log,WP 1.0 bot,true,402,enwiki,2024-10-27 03:29:51
1833407402,Andrew T. Judson,JJMC89 bot III,true,6,enwiki,2024-10-27 03:30:05
1833407415,Wikipedia:Version 1.0 Editorial Team/Composers articles by quality log,WP 1.0 bot,true,491,enwiki,2024-10-27 03:30:09
1833406810,Swalla,2600:8805:A06:6500:8411:FEBF:9335:A8,false,47,enwiki,2024-10-27 03:28:31
1833407109,Hanbury Street,Wabbuh,false,24,enwiki,2024-10-27 03:29:18
1833407213,1942 Ohio gubernatorial election,Indylover2010,false,28,enwiki,2024-10-27 03:29:33
1833407312,2016 NFL draft,ZimZalaBim,false,-36,enwiki,2024-10-27 03:29:37
1833407404,Rafail Mamas,Monkbot,true,1,enwiki,2024-10-27 03:30:06
1833407416,ČSD Class T478.3,Stephan Leeds,false,-3,enwiki,2024-10-27 03:30:08
1833406819,Wikipedia:Version 1.0 Editorial Team/Education and science in Brazil articles by quality log,WP 1.0 bot,true,0,enwiki,2024-10-27 03:28:35
1833407113,Costas Douzinas,Monkbot,true,1,enwiki,2024-10-27 03:29:19
1833407215,Aumes,Monkbot,true,1,enwiki,2024-10-27 03:29:33
1833407313,Louis Philippe I,Throckmorpheus,false,1,enwiki,2024-10-27 03:29:46
1833407405,Wikipedia:Version 1.0 Editorial Team/Colorado articles by quality log,WP 1.0 bot,true,-1156,enwiki,2024-10-27 03:30:08
1833407514,User:WP 1.0 bot/WikiWork/ww,DatBot,true,-49,enwiki,2024-10-27 03:30:21
1833407614,21st Ankara International Film Festival,Monkbot,true,84,enwiki,2024-10-27 03:30:36
1833407716,User:SDZeroBot/PROD sorting,SDZeroBot,true,-9678,enwiki,2024-10-27 03:30:46
1833407516,Guadalajara railway station (Mexico),Citation bot,true,22,enwiki,2024-10-27 03:30:22
1833407615,2024 in heavy metal music,90.243.89.135,false,118,enwiki,2024-10-27 03:30:32
1833407719,Category:Italian troubadours,JJMC89 bot III,true,-383,enwiki,2024-10-27 03:30:54
1833407812,Wikipedia:WikiProject Deletion sorting/Organizations,Wcquidditch,false,44,enwiki,2024-10-27 03:31:07
1833407517,User:WP 1.0 bot/WikiWork/om,DatBot,true,-43,enwiki,2024-10-27 03:30:22
1833407617,Steve Sarkisian,216.146.18.193,false,1,enwiki,2024-10-27 03:30:37
1833407817,Template:2024 Sun Belt Conference football standings,Themusicman41,false,0,enwiki,2024-10-27 03:31:10
1833407519,"Apocalypse in Lilac, Capriccio",Mistico Dois,false,69,enwiki,2024-10-27 03:30:25
1833407602,User:WP 1.0 bot/Tables/Project/Computer networking,WP 1.0 bot,true,0,enwiki,2024-10-27 03:30:38
1833407616,Emu (beer),Dan arndt,false,-85,enwiki,2024-10-27 03:30:39
1833407801,Cobrah,AnomieBOT,false,251,enwiki,2024-10-27 03:31:07
1833407604,Category:Spanish troubadours,JJMC89 bot III,true,-383,enwiki,2024-10-27 03:30:38
1833407619,Auditorio light rail station,Citation bot,true,23,enwiki,2024-10-27 03:30:39
1833407800,Screen,Joyous!,false,-52,enwiki,2024-10-27 03:31:08
1833407819,Minister for Civil Society,Dgp4004,false,21,enwiki,2024-10-27 03:31:09
1833407904,National Football Stadium (Maldives),93.140.149.68,false,-2,enwiki,2024-10-27 03:31:24
1833407606,Take That,ZimZalaBim,false,-92,enwiki,2024-10-27 03:30:32
1833407704,Category talk:14th-century Spanish troubadours,JJMC89 bot III,true,103,enwiki,2024-10-27 03:30:52
1833407802,Starlink,Ergzay,false,486,enwiki,2024-10-27 03:30:58
1833407917,Sepha,Jacqke,false,105,enwiki,2024-10-27 03:31:29
1833407610,Wikipedia:Version 1.0 Editorial Team/Computer networking articles by quality log,WP 1.0 bot,true,433,enwiki,2024-10-27 03:30:41
1833407705,Code Geass,24.23.216.120,false,-22,enwiki,2024-10-27 03:30:48
1833407803,West Hartlepool R.F.C.,Kettlehead,false,88,enwiki,2024-10-27 03:31:08
1833407916,Lily Slater,146.199.140.26,false,-20,enwiki,2024-10-27 03:31:27
1833407612,Wikipedia:Version 1.0 Editorial Team/Florida Gators articles by quality log,WP 1.0 bot,true,0,enwiki,2024-10-27 03:30:42
1833407709,User:SDZeroBot/PROD sorting/lite,SDZeroBot,true,-7530,enwiki,2024-10-27 03:30:48
1833407806,Impossible Whopper,ClueBot NG,false,-4,enwiki,2024-10-27 03:31:07
1833407918,Sainte-Marie-Lapanouze,Monkbot,true,1,enwiki,2024-10-27 03:31:26
1833407611,1984 San Pedro Basin earthquake,Dawnseeker2000,false,-33,enwiki,2024-10-27 03:30:38
1833407708,2020 World Series,2600:1702:30:1A50:9434:BF71:F01E:D8F2,false,13,enwiki,2024-10-27 03:30:44
1833407808,User:WP 1.0 bot/Tables/Project/Computer science,WP 1.0 bot,true,0,enwiki,2024-10-27 03:31:08
1833407613,Wikipedia:Good article nominations,ChristieBot,true,-215,enwiki,2024-10-27 03:30:27
1833407706,The Lord of the Rings: The Fellowship of the Ring,CodeTalker,false,-1,enwiki,2024-10-27 03:30:46
1833407811,User:MacronMonitor/Alerts,MacronMonitor,false,356,enwiki,2024-10-27 03:31:09
1833408202,Yeerongpilly railway station,124.149.130.56,false,183,enwiki,2024-10-27 03:32:15
1833408002,User:Vauia Rex/sandbox/party colors,Vauia Rex,false,26,enwiki,2024-10-27 03:31:44
1833408102,User:Ashley M Chimunye/sandbox,Ashley M Chimunye,false,109,enwiki,2024-10-27 03:32:00
1833408204,Talk:Fukushima nuclear accident/GA1,Czarking0,false,102,enwiki,2024-10-27 03:32:15
1833408006,Wikipedia:Version 1.0 Editorial Team/Football in Iran articles by quality log,WP 1.0 bot,true,0,enwiki,2024-10-27 03:31:45
1833408103,Historical Museum of Kraków,Monkbot,true,1,enwiki,2024-10-27 03:31:59
1833408206,Microwave,HarryPota,false,15,enwiki,2024-10-27 03:32:12
1833408005,2018–19 United States network television schedule,2603:7000:4E3E:7004:FBFC:6F93:E8BC:77C7,false,-8,enwiki,2024-10-27 03:31:34
1833408106,User talk:2409:40E1:10F9:E421:2811:40FF:FE24:5A49,Joyous!,false,920,enwiki,2024-10-27 03:32:01
1833408207,User talk:Welcome to the Diddy Party,Sir Sputnik,false,700,enwiki,2024-10-27 03:32:17
1833408303,Wikipedia:Articles for deletion/Perky Little Things,Wcquidditch,false,481,enwiki,2024-10-27 03:32:36
1833408008,File:Logo of Monegasque Cycling Federation.png,Minorax,false,-245,enwiki,2024-10-27 03:31:45
1833408108,Poet laureate,Montgomery28,false,2,enwiki,2024-10-27 03:31:51
1833408208,Stanley Leighton,Maypm,false,29,enwiki,2024-10-27 03:32:17
1833408010,Fineyevo,Monkbot,true,1,enwiki,2024-10-27 03:31:43
1833408116,"Apocalypse in Lilac, Capriccio",Mistico Dois,false,18,enwiki,2024-10-27 03:32:02
1833408012,Jean Roussel,Rouja1,false,74,enwiki,2024-10-27 03:31:44
1833408213,Jasrat,Pentapotamialord,false,4,enwiki,2024-10-27 03:32:16
1833408017,ČSD Class T 448.0,Stephan Leeds,false,2,enwiki,2024-10-27 03:31:45
1833408214,Wikipedia:Version 1.0 Editorial Team/Conservatism articles by quality log,WP 1.0 bot,true,10866,enwiki,2024-10-27 03:32:15
1833408018,Reformed Baptists,12.75.226.37,false,406,enwiki,2024-10-27 03:31:44
1833408217,Aryan Brotherhood,Kendell leach,false,-169,enwiki,2024-10-27 03:32:15
1833408019,File:Mattamy National Cycling Centre Logo.png,Minorax,false,-392,enwiki,2024-10-27 03:31:46
1833408308,Concèze,Monkbot,true,1,enwiki,2024-10-27 03:32:33
1833408505,Eduard Shevardnadze,HeyElliott,false,35,enwiki,2024-10-27 03:33:06
1833408717,Jack the Ripper Museum,Wabbuh,false,26,enwiki,2024-10-27 03:33:40
1833408800,İzlem Gürçağ Altuğra,Miraclepine,false,2171,enwiki,2024-10-27 03:33:55
1833408600,Hurry Up Tomorrow,2A02:908:1B9:48E0:9098:200:C2A8:6338,false,17,enwiki,2024-10-27 03:33:27
1833408801,Begging,Chastizement,false,-1,enwiki,2024-10-27 03:33:52
1833408314,Ian Field,BD2412,false,0,enwiki,2024-10-27 03:32:35
1833408518,Double affine Hecke algebra,LR.127,false,50,enwiki,2024-10-27 03:33:14
1833408602,User:WP 1.0 bot/Tables/Project/Craft,WP 1.0 bot,true,0,enwiki,2024-10-27 03:33:29
1833408701,Wikipedia:Version 1.0 Editorial Team/Geological periods articles by quality log,WP 1.0 bot,true,0,enwiki,2024-10-27 03:33:40
1833408805,Mablean Ephriam,12.75.126.54,false,17,enwiki,2024-10-27 03:33:55
1833408315,Wikipedia:WikiProject Deletion sorting/Sexuality and gender,Wcquidditch,false,56,enwiki,2024-10-27 03:32:36
1833408413,History of the Jews in Botswana,LeónGonsalvesofGoa,false,0,enwiki,2024-10-27 03:32:54
1833408517,"Say Hello, Wave Goodbye",2A02:C7C:D2B4:E400:E106:164C:4E5F:8BC4,false,59,enwiki,2024-10-27 03:33:13
1833408601,Marina Satti,Monkbot,true,1,enwiki,2024-10-27 03:33:25
1833408703,Immune-mediated thrombocytopaenia,BD2412,false,6,enwiki,2024-10-27 03:33:39
1833408807,Governor of Novosibirsk Oblast,Monkbot,true,1,enwiki,2024-10-27 03:33:55
1833408418,Achillas,Monkbot,true,1,enwiki,2024-10-27 03:32:56
1833408603,Museum of the Bible,Di (they-them),false,63,enwiki,2024-10-27 03:33:27
1833408707,1988 Alabama Crimson Tide football team,9toedfreak,false,360,enwiki,2024-10-27 03:33:40
1833408809,Hurry Up Tomorrow,2A02:908:1B9:48E0:9098:200:C2A8:6338,false,-17,enwiki,2024-10-27 03:33:55
1833408604,Toll-like receptor 10,Teaktl17,false,23,enwiki,2024-10-27 03:33:29
1833408710,Michael J. Harrington,Anachronist,false,186,enwiki,2024-10-27 03:33:39
1833408810,1944 Ohio gubernatorial election,Indylover2010,false,45,enwiki,2024-10-27 03:33:55
1833408616,User:AaronPassion/sandbox,AaronPassion,false,4137,enwiki,2024-10-27 03:33:30
1833408712,Talk:Nanyang (region),Robertsky,false,480,enwiki,2024-10-27 03:33:40
1833408812,User:ForsythiaJo/Tamar Elad Appelbaum,ForsythiaJo,false,1252,enwiki,2024-10-27 03:33:58
1833408711,"Ozernoye, Republic of Bashkortostan",Monkbot,true,1,enwiki,2024-10-27 03:33:40
1833408815,Western parotia,JJ Harrison,false,23,enwiki,2024-10-27 03:33:57
1833408501,L&YR Class 28,ClueBot NG,false,-190,enwiki,2024-10-27 03:33:10
1833408716,The World's Most Extraordinary Homes,Jay1279,false,144,enwiki,2024-10-27 03:33:41
1833408502,CR7 Motorsports,Mitchazenia,false,1,enwiki,2024-10-27 03:33:12
1833408715,You Look Like You Love Me,ThedancingMOONpolice,false,379,enwiki,2024-10-27 03:33:41
1833409009,1944 Ohio gubernatorial election,Indylover2010,false,32,enwiki,2024-10-27 03:34:23
1833409117,Murder on the Orient Express (1974 film),68.193.160.90,false,395,enwiki,2024-10-27 03:34:41
1833409216,Shavkat Rakhmonov,Nswix,false,0,enwiki,2024-10-27 03:35:00
1833409310,Wikipedia:Version 1.0 Editorial Team/Delhi articles by quality log,WP 1.0 bot,true,412,enwiki,2024-10-27 03:35:17
1833409011,Talk:You're Not Alone (Olive song),Randomstaplers,false,424,enwiki,2024-10-27 03:34:25
1833409118,Talk:Lagrange multiplier,DonavenGarrison,false,331,enwiki,2024-10-27 03:34:42
1833409313,Ron Ben-Israel,Lizthorpe,false,14,enwiki,2024-10-27 03:35:16
1833409013,Wikipedia:Version 1.0 Editorial Team/Croatia articles by quality log,WP 1.0 bot,true,2416,enwiki,2024-10-27 03:34:26
1833409200,Wilno Cavalry Brigade,Monkbot,true,1,enwiki,2024-10-27 03:34:55
1833409315,Wikipedia:Wikipedia Signpost/Newsroom/Suggestions,ClueBot III,true,-491,enwiki,2024-10-27 03:35:17
1833408901,Aubin Codex,Loukus999,false,1022,enwiki,2024-10-27 03:34:07
1833409019,"Slobodka, Kirzhachsky District, Vladimir Oblast",Monkbot,true,1,enwiki,2024-10-27 03:34:26
1833409205,User talk:81.214.160.185,Joyous!,false,923,enwiki,2024-10-27 03:34:57
1833409316,Gurpreet Singh (sport shooter),SmartyPants22,false,108,enwiki,2024-10-27 03:35:17
1833408909,1944 Ohio gubernatorial election,Indylover2010,false,49,enwiki,2024-10-27 03:34:06
1833409206,Vinland Saga (TV series),2804:EBC:B209:8300:3D16:EDD0:B0B5:BAB4,false,-13,enwiki,2024-10-27 03:34:56
1833409318,Ismail al-Faruqi,DrunkenJoe,false,0,enwiki,2024-10-27 03:35:14
1833408913,Tom Campbell (California politician),Anachronist,false,196,enwiki,2024-10-27 03:34:06
1833409207,Template talk:Retrieved,4.30.91.142,false,2891,enwiki,2024-10-27 03:34:58
1833408914,Oberto,2600:1008:B134:E56:D12B:2390:3002:AE52,false,41,enwiki,2024-10-27 03:34:10
1833409001,User:WP 1.0 bot/Tables/Project/Culture,WP 1.0 bot,true,0,enwiki,2024-10-27 03:34:24
1833409208,Kordian,Monkbot,true,1,enwiki,2024-10-27 03:34:58
1833408918,List of highest-grossing media franchises,Iacowriter,false,0,enwiki,2024-10-27 03:34:01
1833409002,Template:Mexico City Capitanes roster,Intruder007,false,156,enwiki,2024-10-27 03:34:25
1833409108,Talk:Argrasen,LR.127,false,0,enwiki,2024-10-27 03:34:41
1833409209,Wikipedia:Version 1.0 Editorial Team/Greater Boston Public Transit articles by quality log,WP 1.0 bot,true,0,enwiki,2024-10-27 03:35:00
1833409307,British Rail Class 08,Stephan Leeds,false,12,enwiki,2024-10-27 03:35:14
1833408919,James Jackson (Massachusetts politician),98.228.137.44,false,232,enwiki,2024-10-27 03:34:10
1833409006,"Struga, West Pomeranian Voivodeship",Monkbot,true,1,enwiki,2024-10-27 03:34:23
1833409114,Wikipedia:Version 1.0 Editorial Team/Cypriot articles by quality log,WP 1.0 bot,true,769,enwiki,2024-10-27 03:34:42
1833409210,Wikipedia:Version 1.0 Editorial Team/Deaf articles by quality log,WP 1.0 bot,true,0,enwiki,2024-10-27 03:35:00
1833409308,Horgues,Monkbot,true,1,enwiki,2024-10-27 03:35:14
1833409008,Phil Lesh,Mudwater,false,-10,enwiki,2024-10-27 03:34:24
1833409116,Channel-billed cuckoo,JJ Harrison,false,-4,enwiki,2024-10-27 03:34:40
1833409215,Jack Buechner,Anachronist,false,198,enwiki,2024-10-27 03:35:00
1833409306,Fakhr al-Din al-Razi,2409:40E1:10F9:E421:2811:40FF:FE24:5A49,false,-739,enwiki,2024-10-27 03:35:11
1833409411,Aubin Codex,Loukus999,false,18,enwiki,2024-10-27 03:35:32
1833409518,Beyssac,Monkbot,true,1,enwiki,2024-10-27 03:35:46
1833409909,Impossible Whopper,JalenBarks,false,1,enwiki,2024-10-27 03:36:45
1833409412,Wikipedia:Version 1.0 Editorial Team/Czech Republic articles by quality log,WP 1.0 bot,true,1410,enwiki,2024-10-27 03:35:34
1833409519,User:LANYCHICO/sandbox,LANYCHICO,false,342,enwiki,2024-10-27 03:35:49
1833409700,User:Uhai/Pages without short descriptions by view count,UhaiBot,false,-3494,enwiki,2024-10-27 03:36:17
357994102,Frauen im Militär,RudolfinetheFree,false,422,dewiki,2024-10-27 03:36:42
1833409414,Oberto,Joyous!,false,-41,enwiki,2024-10-27 03:35:35
1833409915,Wikipedia:Version 1.0 Editorial Team/History of photography articles by quality log,WP 1.0 bot,true,1284,enwiki,2024-10-27 03:36:47
357994104,Lucas Corvée,BrunoBoehmler,false,-1,dewiki,2024-10-27 03:36:51
1833409418,Roman Catholic Diocese of Smolensk,Josh wertheim,false,83,enwiki,2024-10-27 03:35:34
1833409600,List of ministers of natural environment of Brazil,CzarJobKhaya,false,1044,enwiki,2024-10-27 03:36:01
1833409709,2004 United States presidential election in Colorado,2601:84:C900:EC40:D0BB:B356:C154:2D30,false,1,enwiki,2024-10-27 03:36:14
1833409914,Maldives women's national football team,Lunar Spectrum96,false,619,enwiki,2024-10-27 03:36:44
1833409400,User:Spleennn/sandbox/panceltic br,Spleennn,false,239,enwiki,2024-10-27 03:35:32
1833409604,Teruo Ishii,82.6.40.15,false,-18,enwiki,2024-10-27 03:35:59
1833409710,Nikolai Lukashenko,Rotondus,false,412,enwiki,2024-10-27 03:36:18
1833409805,User:Happyperson35383/sandbox,Happyperson35383,false,192,enwiki,2024-10-27 03:36:33
1833409917,Cucurbita maxima,Citation bot,true,29,enwiki,2024-10-27 03:36:45
1833409401,Talk:Fukushima nuclear accident/GA1,Czarking0,false,101,enwiki,2024-10-27 03:35:31
1833409500,Phil Lesh,Citation bot,true,16,enwiki,2024-10-27 03:35:43
1833409605,Brebu Nou,Monkbot,true,2,enwiki,2024-10-27 03:36:01
1833409711,EMD G8,Stephan Leeds,false,4,enwiki,2024-10-27 03:36:19
1833409816,Trzechel,Monkbot,true,1,enwiki,2024-10-27 03:36:34
1833409903,Template:Secretaries of State in the Cabinet Office,Dgp4004,false,-16,enwiki,2024-10-27 03:36:45
1833409919,Michael D. Barnes,Anachronist,false,156,enwiki,2024-10-27 03:36:45
1833409402,Swoop (University of Utah),LR.127,false,56,enwiki,2024-10-27 03:35:32
1833409507,User:WP 1.0 bot/Tables/Project/Crime-related,WP 1.0 bot,true,0,enwiki,2024-10-27 03:35:46
1833409609,Wikipedia:Version 1.0 Editorial Team/Herbert Art Gallery and Museum-related articles by quality log,WP 1.0 bot,true,0,enwiki,2024-10-27 03:36:04
1833409713,Mazuby,Monkbot,true,1,enwiki,2024-10-27 03:36:17
1833409818,Jim Davis (Florida politician),Anachronist,false,220,enwiki,2024-10-27 03:36:32
1833409905,User talk:Anachronist,Theknightwho,false,421,enwiki,2024-10-27 03:36:44
1833409408,List of EastEnders characters introduced in 2010,146.199.140.26,false,-18,enwiki,2024-10-27 03:35:28
1833409509,Ferrari,Marisauna,false,282,enwiki,2024-10-27 03:35:39
1833409614,"Kilgore, Texas",No No No No Name fu,false,16,enwiki,2024-10-27 03:36:01
1833409714,Primetime Emmy Award for Outstanding Original Main Title Theme Music,LR.127,false,40,enwiki,2024-10-27 03:36:18
1833409906,University of Chicago Law School,GuardianH,false,-82,enwiki,2024-10-27 03:36:42
1833409409,1999 Ang Mo Kio child abuse case,47.201.69.28,false,46,enwiki,2024-10-27 03:35:32
1833409510,Murder on the Orient Express (1974 film),68.193.160.90,false,-1,enwiki,2024-10-27 03:35:46
1833409615,User:Du Macedo/sandbox,Du Macedo,false,239,enwiki,2024-10-27 03:35:52
357994100,Benutzer:Frederico34/In a Violent Nature,Frederico34,false,7723,dewiki,2024-10-27 03:36:31
1833409907,Boom! Studios,2A02:C7C:C15D:C100:ACB2:74B3:B29B:99EA,false,161,enwiki,2024-10-27 03:36:42
1833409410,2001 Queensland state election,Totallynotarandomalt69,false,4,enwiki,2024-10-27 03:35:31
1833409517,National Football Stadium (Maldives),93.140.149.68,false,-6,enwiki,2024-10-27 03:35:47
1833409619,Poznań Observatory,Monkbot,true,1,enwiki,2024-10-27 03:36:04
357994101,Ritual Industrial,Cewbot,true,0,dewiki,2024-10-27 03:36:41
1833409908,User talk:2601:145:C200:DB50:9CB6:136A:B28E:DA8C,JalenBarks,false,1275,enwiki,2024-10-27 03:36:46
357994109,Wikipedia:WikiProjekt Frauen/Frauen in Rot/Fehlende Artikel nach Tätigkeit/Zeichnerinnen,TaxonBot,true,-128,dewiki,2024-10-27 03:36:55
357994115,Wahlkreis Pergine Valsugana (Camera dei deputati),Zukunft99,false,8,dewiki,2024-10-27 03:37:32
1833410300,From the Edge of the City,Monkbot,true,1,enwiki,2024-10-27 03:37:39
1833410412,Sonic Generations,Stein256,false,-15,enwiki,2024-10-27 03:37:53
357994116,Ausdruck (Programmierung),Heribert3,false,90,dewiki,2024-10-27 03:38:02
1833410510,Wikipedia:Version 1.0 Editorial Team/Drag Race articles by quality log,WP 1.0 bot,true,1246,enwiki,2024-10-27 03:38:13
1833410605,Muhammad Gasa,198.161.51.146,false,9,enwiki,2024-10-27 03:38:29
1833410704,Kwon Eun-ji,Oceanh,false,36,enwiki,2024-10-27 03:38:41
1833410001,Ahmed Salim Siddiqui,SheriffIsInTown,false,-57,enwiki,2024-10-27 03:36:58
1833410101,"Memoirs of Mr. Hempher, The British Spy to the Middle East",LR.127,false,58,enwiki,2024-10-27 03:37:14
1833410201,Wikipedia:Version 1.0 Editorial Team/Devon articles by quality log,WP 1.0 bot,true,-7056,enwiki,2024-10-27 03:37:25
1833410302,Wikipedia:Version 1.0 Editorial Team/Igbo articles by quality log,WP 1.0 bot,true,0,enwiki,2024-10-27 03:37:41
1833410509,2011 World Series,Bigri23,false,-293,enwiki,2024-10-27 03:38:09
1833410609,User talk:Trex32,Zefr,false,15,enwiki,2024-10-27 03:38:29
1833410705,Martinos Christofi,Monkbot,true,1,enwiki,2024-10-27 03:38:40
1833410808,The Park (play),Monkbot,true,1,enwiki,2024-10-27 03:38:56
1833410002,Teruo Ishii,82.6.40.15,false,-19,enwiki,2024-10-27 03:36:56
1833410105,KDKA-TV,2601:547:1200:800:9CB1:8CE5:D31D:B54,false,-3,enwiki,2024-10-27 03:37:13
1833410200,Talk:2024 Missouri Amendment 3,Eyesnore,false,89,enwiki,2024-10-27 03:37:26
357994113,Lucas Corvée,BrunoBoehmler,false,18,dewiki,2024-10-27 03:37:30
1833410304,File:Emakumeen Bira logo.svg,Minorax,false,-317,enwiki,2024-10-27 03:37:41
357994117,Gol Linhas Aéreas,BrunoBoehmler,false,31,dewiki,2024-10-27 03:38:02
1833410610,Gresham Barrett,Anachronist,false,202,enwiki,2024-10-27 03:38:28
1833410706,So Fine (film),Mooonswimmer,false,85,enwiki,2024-10-27 03:38:41
1833410814,User:AUcommodore/sandbox,AUcommodore,false,2,enwiki,2024-10-27 03:38:57
1833410007,Wikipedia:Version 1.0 Editorial Team/Hollyoaks articles by quality log,WP 1.0 bot,true,0,enwiki,2024-10-27 03:37:00
1833410109,Loudon Love,Koolcatz34,false,0,enwiki,2024-10-27 03:37:15
1833410206,User:WP 1.0 bot/Tables/Project/Dinosaurs,WP 1.0 bot,true,0,enwiki,2024-10-27 03:37:27
1833410305,EMD G22C Series,Stephan Leeds,false,2,enwiki,2024-10-27 03:37:40
357994118,Paul Watson,Ambo35,false,46,dewiki,2024-10-27 03:38:01
1833410513,Filomena Fortes,Citation bot,true,-4,enwiki,2024-10-27 03:38:12
1833410611,Talk:Starlink,Horse Eye's Back,false,191,enwiki,2024-10-27 03:38:27
1833410711,User:WP 1.0 bot/Tables/Project/Dutch military history,WP 1.0 bot,true,0,enwiki,2024-10-27 03:38:42
1833410816,Wikipedia:Version 1.0 Editorial Team/Interlingue task force articles by quality log,WP 1.0 bot,true,0,enwiki,2024-10-27 03:38:58
357994105,Wahlkreis Pergine Valsugana (Camera dei deputati),Zukunft99,false,8,dewiki,2024-10-27 03:36:53
1833410008,Jill Stein,Randomstaplers,false,-15,enwiki,2024-10-27 03:36:55
1833410110,Evangelia Christodoulou,Monkbot,true,1,enwiki,2024-10-27 03:37:14
1833410207,Dmitry of Bryansk,Monkbot,true,2,enwiki,2024-10-27 03:37:26
1833410311,1946 Ohio gubernatorial election,Indylover2010,false,50,enwiki,2024-10-27 03:37:40
1833410400,Wikipedia:Version 1.0 Editorial Team/Doctor Who articles by quality log,WP 1.0 bot,true,452,enwiki,2024-10-27 03:37:56
1833410512,User talk:Anachronist,Anachronist,false,187,enwiki,2024-10-27 03:38:12
1833410618,Josephine Langford,-kgoodluck-,false,-6,enwiki,2024-10-27 03:38:29
1833410709,Cambodia national futsal team,Lymenghong69khgaming,false,-107,enwiki,2024-10-27 03:38:40
1833410819,Hannah Pick-Goslar,192.136.22.6,false,-3,enwiki,2024-10-27 03:38:58
357994106,Sant Jaume,YMS,false,-1,dewiki,2024-10-27 03:36:57
1833410010,Serder Serderov,Monkbot,true,2,enwiki,2024-10-27 03:36:57
1833410111,User:Loukus999,Loukus999,false,18,enwiki,2024-10-27 03:37:13
1833410214,Wikipedia:Version 1.0 Editorial Team/Dinosaurs articles by quality log,WP 1.0 bot,true,-3015,enwiki,2024-10-27 03:37:28
1833410318,User talk:27 is the best number/sandbox,27 is the best number,false,-1198,enwiki,2024-10-27 03:37:43
1833410405,Clare Bates,146.199.140.26,false,12,enwiki,2024-10-27 03:37:55
1833410515,Iskandar of Perak,DervotNum4,false,10,enwiki,2024-10-27 03:38:14
1833410715,User talk:XTheBedrockX,Czar,false,1088,enwiki,2024-10-27 03:38:40
1833410011,Bandula Gunawardane,Dan arndt,false,-34,enwiki,2024-10-27 03:36:55
1833410112,Lee Hamilton,Anachronist,false,355,enwiki,2024-10-27 03:37:11
1833410213,Shane Battier,Jonk614,false,-4,enwiki,2024-10-27 03:37:25
1833410319,File:Epic Series Logo.svg,Minorax,false,-268,enwiki,2024-10-27 03:37:43
1833410408,Cheryl (artist collective),Asaltyroar,false,131,enwiki,2024-10-27 03:37:57
1833410516,User:WP 1.0 bot/Tables/Project/Drag Race,WP 1.0 bot,true,0,enwiki,2024-10-27 03:38:14
1833410718,Wikipedia:Version 1.0 Editorial Team/Dutch military history articles by quality log,WP 1.0 bot,true,555,enwiki,2024-10-27 03:38:44
1833410217,Wikipedia:Version 1.0 Editorial Team/Hudson County in New Jersey articles by quality log,WP 1.0 bot,true,474,enwiki,2024-10-27 03:37:29
1833410411,Carnival rose,Monkbot,true,1,enwiki,2024-10-27 03:37:56
1833410502,Motihari,Galo1969X,false,0,enwiki,2024-10-27 03:38:08
1833410518,File:Dignity Health logo.svg,Minorax,false,-403,enwiki,2024-10-27 03:38:15
1833410800,"Kępiny, West Pomeranian Voivodeship",Monkbot,true,1,enwiki,2024-10-27 03:38:53
357994107,Uta Eser,Barbasca,false,95,dewiki,2024-10-27 03:37:13
1833410119,Abdul Aleem Khanzada,SheriffIsInTown,false,-59,enwiki,2024-10-27 03:37:15
1833410219,"Costa Mesa, California",MacaroniPizzaHotDog,false,-46,enwiki,2024-10-27 03:37:26
1833410410,Voodoo doll,Crunchydillpickle,false,-7,enwiki,2024-10-27 03:37:56
1833410507,Fourquevaux,Monkbot,true,1,enwiki,2024-10-27 03:38:09
1833410519,Posyolok Mekhanizatorov,Monkbot,true,1,enwiki,2024-10-27 03:38:13
1833410600,Nightrunner (character),2601:14D:4A02:3210:985C:9A60:7876:1F9A,false,-1,enwiki,2024-10-27 03:38:27
1833410802,User:WP 1.0 bot/Tables/Project/Dominican Republic,WP 1.0 bot,true,0,enwiki,2024-10-27 03:38:55
357994112,Ivan Softa,Guslar,false,73,dewiki,2024-10-27 03:37:29
1833410414,Wikipedia:Version 1.0 Editorial Team/Dogs articles by quality log,WP 1.0 bot,true,-193,enwiki,2024-10-27 03:37:58
357994119,Ironman Hawaii,Janne47,false,86,dewiki,2024-10-27 03:37:53
1833410508,William D. Hoard,M4V3R1CK32,false,24,enwiki,2024-10-27 03:38:10
1833410603,1948 Ohio gubernatorial election,Indylover2010,false,26,enwiki,2024-10-27 03:38:26
1833410701,Tamar Elad-Appelbaum,ForsythiaJo,false,514,enwiki,2024-10-27 03:38:40
1833410801,"Ife-Iyoku, the Tale of Imadeyunuagbon",Reading Beans,false,-10,enwiki,2024-10-27 03:38:54
1833410908,Strawberries & Cigarettes,Binksternet,false,-60,enwiki,2024-10-27 03:39:14
1833411011,Kris Statlander,Lemonademan22,false,4,enwiki,2024-10-27 03:39:27
1833411106,2024–25 Borussia Dortmund season,Claudiogostoso,false,0,enwiki,2024-10-27 03:39:38
1833411306,Degenerate music,Monkbot,true,2,enwiki,2024-10-27 03:40:09
1833410915,Yang Haoran,SmartyPants22,false,209,enwiki,2024-10-27 03:39:13
1833411012,Jim Gerlach,Anachronist,false,195,enwiki,2024-10-27 03:39:24
1833411109,48th Hong Kong International Film Festival,Citation bot,true,-42,enwiki,2024-10-27 03:39:43
1833411305,River Barrow,Johnnyf1nn,false,0,enwiki,2024-10-27 03:40:09
1833410918,Wikipedia:Version 1.0 Editorial Team/Early Modern warfare articles by quality log,WP 1.0 bot,true,56,enwiki,2024-10-27 03:39:15
1833411013,2024–25 Borussia Dortmund season,Claudiogostoso,false,0,enwiki,2024-10-27 03:39:25
1833411110,Joe Heck,Anachronist,false,196,enwiki,2024-10-27 03:39:41
1833411310,White Latin Americans,Brusquedandelion,false,-280,enwiki,2024-10-27 03:40:01
1833411403,User:WP 1.0 bot/Tables/Project/Engineering,WP 1.0 bot,true,0,enwiki,2024-10-27 03:40:27
1833410917,Among Us,Di (they-them),false,14,enwiki,2024-10-27 03:39:11
1833411016,User:WP 1.0 bot/Tables/Project/Education in Australia,WP 1.0 bot,true,0,enwiki,2024-10-27 03:39:29
1833411111,User:WP 1.0 bot/Tables/Project/Education in India,WP 1.0 bot,true,0,enwiki,2024-10-27 03:39:45
1833411202,T. S. B. Woodfull,Doug butler,false,23,enwiki,2024-10-27 03:39:55
1833411311,Robert Rounseville,Entertainment Buff,false,12,enwiki,2024-10-27 03:40:11
1833411404,Human (The Human League song),Binksternet,false,-60,enwiki,2024-10-27 03:40:25
1833411014,Essen,Bib of Bob,false,78,enwiki,2024-10-27 03:39:23
1833411116,Teqorideamani,Srnec,false,8,enwiki,2024-10-27 03:39:46
1833411205,Wikipedia:Version 1.0 Editorial Team/Electronic literature articles by quality log,WP 1.0 bot,true,-374,enwiki,2024-10-27 03:39:56
1833411410,Template:RandMYunass,AnomieBOT,true,8,enwiki,2024-10-27 03:40:29
1833410900,Canadian soccer clubs in international competitions,RedBlueGreen93,false,-1,enwiki,2024-10-27 03:39:12
1833411000,Hosea T. Lockard,Simeon,false,14,enwiki,2024-10-27 03:39:27
1833411117,Novgorod Oblast Duma,Monkbot,true,1,enwiki,2024-10-27 03:39:45
1833411204,Darželiai (Varėna),Monkbot,true,1,enwiki,2024-10-27 03:39:54
1833411313,Smalltown Boy,Binksternet,false,-123,enwiki,2024-10-27 03:40:09
1833411412,Hardek,Monkbot,true,1,enwiki,2024-10-27 03:40:27
1833410901,"Apsalos, Pella",Monkbot,true,1,enwiki,2024-10-27 03:39:12
1833411005,Aleksandrów Łódzki,Monkbot,true,1,enwiki,2024-10-27 03:39:26
1833411018,Phạm Duy Tốn,Leemyongpak,false,481,enwiki,2024-10-27 03:39:30
1833411206,2024 Ole Miss Rebels football team,Youcantstoptheswift,false,0,enwiki,2024-10-27 03:39:51
1833411416,Caribbean Rose,Lord Cornwallis,false,28,enwiki,2024-10-27 03:40:29
1833410902,2024–25 Borussia Dortmund season,Claudiogostoso,false,14,enwiki,2024-10-27 03:39:09
1833411007,Flesh Tone,66.224.17.57,false,34,enwiki,2024-10-27 03:39:24
1833411017,The Big Bang Theory,Citation bot,true,-4,enwiki,2024-10-27 03:39:21
1833411119,WKBD-TV,2601:803:4380:E5B0:B10D:7248:508D:2852,false,2,enwiki,2024-10-27 03:39:42
1833411213,Moveworks,Darfina Darfahol,false,543,enwiki,2024-10-27 03:39:57
1833411415,List of exoplanets and planetary debris around white dwarfs,AluminiumWithAnI,false,2620,enwiki,2024-10-27 03:40:27
1833410903,Code Geass,24.23.216.120,false,-86,enwiki,2024-10-27 03:39:09
1833411009,1948 Ohio gubernatorial election,Indylover2010,false,64,enwiki,2024-10-27 03:39:27
1833411104,Wikipedia:Version 1.0 Editorial Team/Ecuador articles by quality log,WP 1.0 bot,true,1313,enwiki,2024-10-27 03:39:44
1833411216,Greg Brown III,Koolcatz34,false,44,enwiki,2024-10-27 03:39:56
1833411419,Say My Name (group),Transitsylveonkpop,false,237,enwiki,2024-10-27 03:40:28
1833411512,Nigel Bates,146.199.140.26,false,0,enwiki,2024-10-27 03:40:38
1833410904,History of the Jews in Botswana,LeónGonsalvesofGoa,false,-1,enwiki,2024-10-27 03:39:12
1833411010,Hannah Pick-Goslar,192.136.22.6,false,-13,enwiki,2024-10-27 03:39:28
1833411105,Valentin Boreyko,Monkbot,true,1,enwiki,2024-10-27 03:39:42
1833411516,Margaret of Provence,2600:100D:B054:B91E:D455:C2FF:FE0F:AF50,false,0,enwiki,2024-10-27 03:40:37
1833411703,Deicide (band),73.100.82.68,false,31,enwiki,2024-10-27 03:41:03
1833412006,Template:Locomotives of South Africa,Stephan Leeds,false,6,enwiki,2024-10-27 03:41:54
1833411705,"Stepnoy, Uryupinsky District, Volgograd Oblast",Monkbot,true,1,enwiki,2024-10-27 03:41:04
1833412011,Zhu Qinan,SmartyPants22,false,291,enwiki,2024-10-27 03:41:55
1833411602,Wikipedia:Version 1.0 Editorial Team/Erie articles by quality log,WP 1.0 bot,true,-524,enwiki,2024-10-27 03:40:53
1833411712,User:AaronPassion/sandbox,AaronPassion,false,216,enwiki,2024-10-27 03:41:07
1833411803,Wikipedia:Version 1.0 Editorial Team/Ethiopia articles by quality log,WP 1.0 bot,true,2063,enwiki,2024-10-27 03:41:22
1833412013,2024 Boeing machinists strike,Speakfor23,false,26,enwiki,2024-10-27 03:41:55
1833411605,Fundamental attribution error,Whme7362,false,-3,enwiki,2024-10-27 03:40:51
1833411713,"Say Hello, Wave Goodbye",Binksternet,false,-59,enwiki,2024-10-27 03:41:06
1833411805,John T. Raulston,Simeon,false,51,enwiki,2024-10-27 03:41:21
1833412015,The Artwork of the Future,Monkbot,true,1,enwiki,2024-10-27 03:41:55
1833411609,Wikipedia:Version 1.0 Editorial Team/Jehovah's Witnesses articles by quality log,WP 1.0 bot,true,0,enwiki,2024-10-27 03:40:54
1833411714,User talk:Hoguert,ChristieBot,true,931,enwiki,2024-10-27 03:41:07
1833411806,Wikipedia:Version 1.0 Editorial Team/Karate articles by quality log,WP 1.0 bot,true,605,enwiki,2024-10-27 03:41:23
1833412017,User:Ellie.099/Symbolic interactionism,Ellie.099,false,-1093,enwiki,2024-10-27 03:41:57
1833411610,Rebeca Huddle,GuardianH,false,16,enwiki,2024-10-27 03:40:52
1833411807,Gennadi Matveyev,Monkbot,true,1,enwiki,2024-10-27 03:41:21
1833411904,Burmese pythons in Florida,AaronPassion,false,19,enwiki,2024-10-27 03:41:39
1833412018,Paul Cantrell,Simeon,false,14,enwiki,2024-10-27 03:41:57
1833411612,Young Communist International,Monkbot,true,1,enwiki,2024-10-27 03:40:52
1833411908,Théziers,Monkbot,true,1,enwiki,2024-10-27 03:41:37
1833412019,Wikipedia:Version 1.0 Editorial Team/European history articles by quality log,WP 1.0 bot,true,1041,enwiki,2024-10-27 03:41:56
1833411813,Tears (Clean Bandit song),Binksternet,false,-65,enwiki,2024-10-27 03:41:22
1833411910,Wikipedia:Version 1.0 Editorial Team/Europe road transport articles by quality log,WP 1.0 bot,true,-935,enwiki,2024-10-27 03:41:42
1833411700,Plottier Formation,Olmagon,false,2351,enwiki,2024-10-27 03:41:02
1833411818,User:WP 1.0 bot/Tables/Project/Ethiopia,WP 1.0 bot,true,0,enwiki,2024-10-27 03:41:23
1833411915,Template:Opua Branch,203.94.47.23,false,-13,enwiki,2024-10-27 03:41:41
1833411819,Prince Hashem bin Abdullah,HashFaria,false,22,enwiki,2024-10-27 03:41:23
1833412005,Talk:Fukushima nuclear accident/GA1,Czarking0,false,100,enwiki,2024-10-27 03:41:53
1833412315,1950 Ohio gubernatorial election,Indylover2010,false,46,enwiki,2024-10-27 03:42:44
1833412401,Skibidi,Redapplegtag,false,-7,enwiki,2024-10-27 03:42:55
1833412418,"Dyurtyuli, Sharansky District, Republic of Bashkortostan",Monkbot,true,2,enwiki,2024-10-27 03:42:56
1833412515,User:Eurodog/sandbox421,Eurodog,false,14,enwiki,2024-10-27 03:43:09
1833412609,Leslie Rogers Darr,Simeon,false,14,enwiki,2024-10-27 03:43:29
1833412210,Talk:Abdominal angina/GA1,IntentionallyDense,false,335,enwiki,2024-10-27 03:42:33
1833412316,Talk:Matthias van Lierop,Wizardman,false,28,enwiki,2024-10-27 03:42:46
1833412402,User talk:87.42.10.35,BD2412,false,-2240,enwiki,2024-10-27 03:42:56
1833412516,Wikipedia:Version 1.0 Editorial Team/Fiji articles by quality log,WP 1.0 bot,true,708,enwiki,2024-10-27 03:43:13
1833412212,1950 Ohio gubernatorial election,Indylover2010,false,29,enwiki,2024-10-27 03:42:31
1833412318,2024 Taolu World Cup,Yinglong999,false,-1,enwiki,2024-10-27 03:42:43
1833412403,Wikipedia:Version 1.0 Editorial Team/Fencing articles by quality log,WP 1.0 bot,true,-725,enwiki,2024-10-27 03:42:56
1833412519,"Onondaga Hill, New York",174.251.64.246,false,110,enwiki,2024-10-27 03:43:12
1833412103,User:WP 1.0 bot/Tables/Project/European Union,WP 1.0 bot,true,0,enwiki,2024-10-27 03:42:10
1833412202,Wikipedia:Version 1.0 Editorial Team/Faroe Islands articles by quality log,WP 1.0 bot,true,-828,enwiki,2024-10-27 03:42:32
1833412213,Wikipedia:Version 1.0 Editorial Team/Lemony Snicket task force articles by quality log,WP 1.0 bot,true,0,enwiki,2024-10-27 03:42:34
1833412319,Austin–Bergstrom International Airport,Blissfield101,false,-2322,enwiki,2024-10-27 03:42:44
1833412405,Wikipedia:WikiProject Socialism/Discussions,Reports bot,true,-70,enwiki,2024-10-27 03:42:56
1833412105,File:Copa airlines logo.svg,Minorax,false,53,enwiki,2024-10-27 03:42:11
1833412201,Zitembyak,Monkbot,true,2,enwiki,2024-10-27 03:42:30
1833412217,Halmahera golden bulbul,JJ Harrison,false,36,enwiki,2024-10-27 03:42:32
1833412302,Wikipedia:Version 1.0 Editorial Team/Lego articles by quality log,WP 1.0 bot,true,1051,enwiki,2024-10-27 03:42:44
1833412203,2024–25 Saudi Pro League,Ks Soh311,false,58,enwiki,2024-10-27 03:42:24
1833412218,Category:Kilgore,No No No No Name fu,false,7,enwiki,2024-10-27 03:42:34
1833412305,User:WP 1.0 bot/Tables/Project/Fantasy fiction,WP 1.0 bot,true,0,enwiki,2024-10-27 03:42:44
1833412409,Manuel Esperón,Lord Cornwallis,false,32,enwiki,2024-10-27 03:42:57
1833412204,Wikipedia:Version 1.0 Editorial Team/Led Zeppelin articles by quality log,WP 1.0 bot,true,0,enwiki,2024-10-27 03:42:32
1833412219,User:WP 1.0 bot/Tables/Project/FBI,WP 1.0 bot,true,0,enwiki,2024-10-27 03:42:34
1833412304,Lebanese Arabic,Fdom5997,false,25,enwiki,2024-10-27 03:42:43
1833412413,Jacob Grandison,Koolcatz34,false,13,enwiki,2024-10-27 03:42:57
1833412500,Wikipedia:Version 1.0 Editorial Team/Figure skating articles by quality log,WP 1.0 bot,true,-113,enwiki,2024-10-27 03:43:11
1833412205,Robert Rounseville,Entertainment Buff,false,24,enwiki,2024-10-27 03:42:32
1833412309,User talk:87.42.214.228,BD2412,false,-4087,enwiki,2024-10-27 03:42:46
1833412415,Sam Boaz,Simeon,false,14,enwiki,2024-10-27 03:42:58
1833412501,Wikipedia:Version 1.0 Editorial Team/England-related articles by quality log,WP 1.0 bot,true,-7337,enwiki,2024-10-27 03:43:08
1833412206,Soriano nel Cimino,Telephone Directory,false,0,enwiki,2024-10-27 03:42:31
1833412312,Wikipedia:Version 1.0 Editorial Team/Fantasy fiction articles by quality log,WP 1.0 bot,true,-1747,enwiki,2024-10-27 03:42:46
1833412604,Rhenish Republic,Monkbot,true,2,enwiki,2024-10-27 03:43:27
1833412208,Kim Sang-do,SmartyPants22,false,91,enwiki,2024-10-27 03:42:32
1833412310,Wikipedia:Version 1.0 Editorial Team/John Lennon articles by quality log,WP 1.0 bot,true,-2,enwiki,2024-10-27 03:42:46
1833412417,User:WP 1.0 bot/Tables/Project/Festivals,WP 1.0 bot,true,0,enwiki,2024-10-27 03:42:57
1833412513,Talk:Fukushima nuclear accident/GA1,Czarking0,false,100,enwiki,2024-10-27 03:43:11
1833412606,"Wikipedia:Articles for deletion/Stafford Center, Indiana",TH1980,false,1,enwiki,2024-10-27 03:43:30
1833412611,Wikipedia:Version 1.0 Editorial Team/Looney Tunes articles by quality log,WP 1.0 bot,true,366,enwiki,2024-10-27 03:43:31
1833412702,User talk:The Bestagon,T190063s,false,470,enwiki,2024-10-27 03:43:47
1833412815,Wikipedia:Usernames for administrator attention,HBC AIV helperbot14,true,-296,enwiki,2024-10-27 03:44:07
1833412913,1979 American Soccer League,RedBlueGreen93,false,28,enwiki,2024-10-27 03:44:19
1833413012,User:WP 1.0 bot/Tables/Project/Mars,WP 1.0 bot,true,0,enwiki,2024-10-27 03:44:43
1833412613,"Kastri, Evrymenes",Monkbot,true,2,enwiki,2024-10-27 03:43:30
1833412703,John Bowne House,2600:100C:A20E:96AD:E483:4460:4C99:A5AD,false,163,enwiki,2024-10-27 03:43:47
1833412819,Aristóteles Sandoval,Citation bot,true,24,enwiki,2024-10-27 03:44:06
1833412914,Sol-Iletsk,Monkbot,true,1,enwiki,2024-10-27 03:44:18
357994204,Kebbel,YMS,false,-1,dewiki,2024-10-27 03:44:38
1833413013,Draft:Denton Welch,User-duck,false,-5,enwiki,2024-10-27 03:44:42
1833413100,List of German supercentenarians,Crveni5,false,0,enwiki,2024-10-27 03:44:58
1833412614,Asad Osman Abdullahi,QalasQalas,false,795,enwiki,2024-10-27 03:43:30
1833412704,Cerea,Telephone Directory,false,-2,enwiki,2024-10-27 03:43:47
1833412918,Zendegi,Bruce1ee,false,23,enwiki,2024-10-27 03:44:21
357994202,Röttgen (Lohmar),BrunoBoehmler,false,-1,dewiki,2024-10-27 03:44:32
1833413016,Hollingworth Lake,Lux-Spiritus,false,12,enwiki,2024-10-27 03:44:44
1833413102,"Nikolayevka, Beloretsky District, Republic of Bashkortostan",Monkbot,true,1,enwiki,2024-10-27 03:44:58
1833412617,Talk:Spencer Sunshine,Czar,false,145,enwiki,2024-10-27 03:43:31
1833412706,Pantelis Panourgias,Monkbot,true,1,enwiki,2024-10-27 03:43:47
1833412801,Wikipedia:Version 1.0 Editorial Team/Foodservice articles by quality log,WP 1.0 bot,true,-422,enwiki,2024-10-27 03:44:05
1833413104,Bret Stephens,GuardianH,false,94,enwiki,2024-10-27 03:44:57
1833412618,"Nueva Era, Ilocos Norte",Ravensfire,false,1861,enwiki,2024-10-27 03:43:28
1833412707,Wikipedia:Version 1.0 Editorial Team/Florida International University articles by quality log,WP 1.0 bot,true,-563,enwiki,2024-10-27 03:43:49
1833412803,Vredehoek Shul,Rangasyd,false,10,enwiki,2024-10-27 03:44:04
1833412711,Wikipedia:Version 1.0 Editorial Team/Louisiana Tech articles by quality log,WP 1.0 bot,true,444,enwiki,2024-10-27 03:43:50
1833412805,Olga Kaidantzi,Monkbot,true,1,enwiki,2024-10-27 03:44:05
1833413001,Wikipedia:Version 1.0 Editorial Team/Mars articles by quality log,WP 1.0 bot,true,3539,enwiki,2024-10-27 03:44:41
1833412710,Antipolo,Ravensfire,false,-277,enwiki,2024-10-27 03:43:42
1833412811,Wikipedia:Version 1.0 Editorial Team/Machinima articles by quality log,WP 1.0 bot,true,0,enwiki,2024-10-27 03:44:07
1833413003,À rebours,Maurice Magnus,false,-2,enwiki,2024-10-27 03:44:40
357994206,Röttgen (Lohmar),BrunoBoehmler,false,28,dewiki,2024-10-27 03:44:50
1833412715,User:Eurodog/sandbox421,Eurodog,false,9,enwiki,2024-10-27 03:43:46
1833412812,Talk:T. S. B. Woodfull,Doug butler,false,3,enwiki,2024-10-27 03:44:07
1833413005,Category:Fictional Indian detectives,AHI-3000,false,-49,enwiki,2024-10-27 03:44:42
1833412700,Ian Harding,BD2412,false,1,enwiki,2024-10-27 03:43:45
1833412813,User:WP 1.0 bot/Tables/Project/Foodservice,WP 1.0 bot,true,0,enwiki,2024-10-27 03:44:07
1833412902,User:Happyperson35383/sandbox,Dan arndt,false,68,enwiki,2024-10-27 03:44:19
1833413007,Suwałki Landscape Park,Monkbot,true,1,enwiki,2024-10-27 03:44:41
1833412701,Farley Mowat,Guessimeditingnow,false,-195,enwiki,2024-10-27 03:43:42
1833412814,Talk:Michael Biggs (singer),AnomieBOT,false,75,enwiki,2024-10-27 03:44:07
1833412912,Greatest Generation,The First Legionnaire,false,-22,enwiki,2024-10-27 03:44:19
357994201,Benutzer:Jürgen Engel,Jürgen Engel,false,-316,dewiki,2024-10-27 03:44:31
1833413011,G2 Esports,DumbBOT,true,-27,enwiki,2024-10-27 03:44:35
357994207,Leuchtturm Schleimünde,Milseburg,false,0,dewiki,2024-10-27 03:45:00
1833413316,Pamela Paul,GuardianH,false,-3,enwiki,2024-10-27 03:45:31
1833413407,Polish National District,Monkbot,true,1,enwiki,2024-10-27 03:45:46
1833413507,1890 North Donegal by-election,Pedia9jb6l,false,-16,enwiki,2024-10-27 03:46:01
1833413115,User:WP 1.0 bot/Tables/Project/Fishes,WP 1.0 bot,true,0,enwiki,2024-10-27 03:45:01
1833413208,User:DreamRimmer bot/Redirects.json,DreamRimmer bot,true,11,enwiki,2024-10-27 03:45:16
357994214,"Herbert Müller (Musiker, 1932)",Kolja21,false,1,dewiki,2024-10-27 03:45:21
1833413319,Your Monster,Spectrallights,false,49,enwiki,2024-10-27 03:45:32
357994215,Daniel C. Oliver,BrunoBoehmler,false,0,dewiki,2024-10-27 03:45:42
1833413410,Rubik's Clock,SnappyRiffs,false,1,enwiki,2024-10-27 03:45:47
1833413506,Blackpool Airport,IronMaidenMax,false,-71,enwiki,2024-10-27 03:45:59
1833413112,2022–23 United States network television schedule,2603:7000:4E3E:7004:FBFC:6F93:E8BC:77C7,false,3,enwiki,2024-10-27 03:44:55
357994208,Finnegans Wake,BrunoBoehmler,false,3,dewiki,2024-10-27 03:45:07
1833413207,User talk:113.197.13.151,Sunnyediting99,false,343,enwiki,2024-10-27 03:45:15
1833413416,User:WP 1.0 bot/Tables/Project/Metaphysics,WP 1.0 bot,true,0,enwiki,2024-10-27 03:45:48
1833413508,Wikipedia:Version 1.0 Editorial Team/Football in England articles by quality log,WP 1.0 bot,true,-2315,enwiki,2024-10-27 03:46:02
1833413114,Talk:Starlink,Ergzay,false,562,enwiki,2024-10-27 03:44:58
357994209,Benutzer Diskussion:Arkaitz1974,Arkaitz1974,false,-40,dewiki,2024-10-27 03:45:12
1833413210,Horst Heilmann,Monkbot,true,1,enwiki,2024-10-27 03:45:13
1833413418,"Church of the Incarnation (Dallas, Texas)",JalenBarks,false,-81,enwiki,2024-10-27 03:45:49
1833413511,EMD GP50,Stephan Leeds,false,6,enwiki,2024-10-27 03:46:02
1833413116,Ashi Golan,HirowoWiki,false,1,enwiki,2024-10-27 03:45:01
357994211,Finnegans Wake,BrunoBoehmler,false,2,dewiki,2024-10-27 03:45:16
1833413300,Wikipedia:Version 1.0 Editorial Team/Meghan Trainor articles by quality log,WP 1.0 bot,true,0,enwiki,2024-10-27 03:45:31
357994217,Portal Diskussion:Fußball/Archiv/2024/September,TaxonBot,true,18917,dewiki,2024-10-27 03:45:55
1833413516,User:WP 1.0 bot/Tables/Project/Football in England,WP 1.0 bot,true,112,enwiki,2024-10-27 03:46:03
1833413118,User:AmandaNP/UTRS Appeals,DeltaQuadBot,true,143,enwiki,2024-10-27 03:45:02
1833413217,Bret Stephens,GuardianH,false,-2,enwiki,2024-10-27 03:45:13
1833413301,Maleinos,Monkbot,true,1,enwiki,2024-10-27 03:45:29
1833413515,Wikipedia:WikiProject Unreferenced articles/Backlog drives/November 2024/Reviews,Turtlecrown,false,-1,enwiki,2024-10-27 03:46:03
1833413117,Tetrarch (band),Sillie.star,false,28,enwiki,2024-10-27 03:45:00
357994210,Achim Wambach,Barbasca,false,100,dewiki,2024-10-27 03:45:12
357994212,El Call de Barcelona,92.210.50.4,false,151,dewiki,2024-10-27 03:45:17
1833413302,JR Freight Class DF200,Stephan Leeds,false,10,enwiki,2024-10-27 03:45:30
1833413402,1952 Ohio gubernatorial election,Indylover2010,false,27,enwiki,2024-10-27 03:45:44
357994216,Portal Diskussion:Fußball,TaxonBot,true,-18917,dewiki,2024-10-27 03:45:53
357994218,Daniel C. Oliver,BrunoBoehmler,false,0,dewiki,2024-10-27 03:45:56
1833413517,Template:New Orleans Saints roster navbox,Jrooster49,false,-5,enwiki,2024-10-27 03:46:03
1833413219,User talk:Horse Eye's Back,Horse Eye's Back,false,168,enwiki,2024-10-27 03:45:17
1833413308,User:WP 1.0 bot/Tables/Project/Football in Italy,WP 1.0 bot,true,0,enwiki,2024-10-27 03:45:31
1833413401,2023–24 Asian Le Mans Series,2607:FEA8:21A:3D00:1452:BD43:9B:AD06,false,2,enwiki,2024-10-27 03:45:41
1833413502,I'm a Celebrity: Extra Camp,92.233.163.18,false,16,enwiki,2024-10-27 03:45:59
1833413518,Princess Marie Isabelle of Orléans,2601:205:4800:9980:B510:427A:F213:3C06,false,-1,enwiki,2024-10-27 03:46:01
1833413310,2024–25 RB Leipzig season,Claudiogostoso,false,-9,enwiki,2024-10-27 03:45:27
1833413404,Ahmed Al-Kaf,OpalYosutebito,false,81,enwiki,2024-10-27 03:45:46
1833413503,Jason Griffith,50.102.149.14,false,18,enwiki,2024-10-27 03:46:00
1833413519,Wikipedia:Requests for page protection/Increase,Mvcg66b3r,false,235,enwiki,2024-10-27 03:46:04
357994219,Amtsgericht Ruhland,Wilske,false,12,dewiki,2024-10-27 03:46:08
1833413315,Talk:Like a Dragon: Yakuza,Johnny C Baker,false,168,enwiki,2024-10-27 03:45:31
1833413405,User:WP 1.0 bot/Tables/Project/Football in Spain,WP 1.0 bot,true,0,enwiki,2024-10-27 03:45:47
1833413505,Arès,Monkbot,true,1,enwiki,2024-10-27 03:45:58
1833413804,Bárbara González,Zyxw,false,91,enwiki,2024-10-27 03:47:00
1833413900,"Saint-Bauzile, Ardèche",Monkbot,true,1,enwiki,2024-10-27 03:47:13
1833413918,User:WP 1.0 bot/Tables/Project/Gaelic games,WP 1.0 bot,true,0,enwiki,2024-10-27 03:47:19
1833414010,Super Bowl television ratings,Penguin1737,false,-105,enwiki,2024-10-27 03:47:23
1833413603,Austin–Bergstrom International Airport,Blissfield101,false,-2385,enwiki,2024-10-27 03:46:18
1833413704,Wikipedia:Version 1.0 Editorial Team/Furry articles by quality log,WP 1.0 bot,true,418,enwiki,2024-10-27 03:46:41
1833413805,John E. Hare,EmilySarah99,false,484,enwiki,2024-10-27 03:47:00
1833413903,Talk:Selma Walker,Yuchitown,false,131,enwiki,2024-10-27 03:47:16
1833413919,Spermatid,Citation bot,true,51,enwiki,2024-10-27 03:47:19
1833414011,Castelnaud-de-Gratecambe,Monkbot,true,1,enwiki,2024-10-27 03:47:30
1833413604,Shigeru Suzuki,Xfansd,false,-1,enwiki,2024-10-27 03:46:20
1833413706,"Platy, Imathia",Monkbot,true,1,enwiki,2024-10-27 03:46:39
1833413807,Abdominal angina,IntentionallyDense,false,118,enwiki,2024-10-27 03:47:00
1833413906,Wikipedia:Version 1.0 Editorial Team/Gaelic games articles by quality log,WP 1.0 bot,true,1293,enwiki,2024-10-27 03:47:18
1833414012,User:WP 1.0 bot/Tables/Project/Gender studies,WP 1.0 bot,true,98,enwiki,2024-10-27 03:47:33
1833413710,Wikipedia:Version 1.0 Editorial Team/Minnesota road transport articles by quality log,WP 1.0 bot,true,0,enwiki,2024-10-27 03:46:42
1833413808,Wikipedia:Main Page/Errors,Carolynparrishfan,false,401,enwiki,2024-10-27 03:47:00
1833413908,User:WP 1.0 bot/Tables/Project/Moon,WP 1.0 bot,true,0,enwiki,2024-10-27 03:47:17
1833414015,Apedinella,Loooke,false,3,enwiki,2024-10-27 03:47:34
1833413608,Tvertsa,Monkbot,true,1,enwiki,2024-10-27 03:46:19
1833413717,The Golden Palace,Citation bot,true,20,enwiki,2024-10-27 03:46:40
1833413811,John H. Peay,Simeon,false,12,enwiki,2024-10-27 03:47:01
1833413907,Boom! Studios,2A02:C7C:C15D:C100:ACB2:74B3:B29B:99EA,false,-12,enwiki,2024-10-27 03:47:14
1833414016,John A. Moon,Simeon,false,14,enwiki,2024-10-27 03:47:32
1833413611,User:Spleennn/sandbox/panceltic br nfs,Spleennn,false,390,enwiki,2024-10-27 03:46:22
1833413719,"Grand Theatre, Warsaw",Monkbot,true,1,enwiki,2024-10-27 03:46:42
1833413812,Naxçıvançay,GreenLipstickLesbian,false,1,enwiki,2024-10-27 03:47:01
1833413909,Sonia Fowler,2601:14D:4A02:3210:985C:9A60:7876:1F9A,false,16,enwiki,2024-10-27 03:47:17
1833414017,1954 Ohio gubernatorial election,Indylover2010,false,34,enwiki,2024-10-27 03:47:32
1833413613,Rino Matsuike,50.68.5.176,false,19,enwiki,2024-10-27 03:46:21
1833413815,Amy Palant,50.102.149.14,false,19,enwiki,2024-10-27 03:47:02
1833413910,1952 Ohio gubernatorial election,Indylover2010,false,50,enwiki,2024-10-27 03:47:17
1833413614,Mauritania,JalenBarks,false,10,enwiki,2024-10-27 03:46:15
1833413718,Wikipedia talk:WikiProject Elections and Referendums,Prcc27,false,292,enwiki,2024-10-27 03:46:43
1833413914,Mugdho Mancha,Mehedi Abedin,false,106,enwiki,2024-10-27 03:47:18
1833413619,Wikipedia:Version 1.0 Editorial Team/Military fiction task force articles by quality log,WP 1.0 bot,true,1051,enwiki,2024-10-27 03:46:23
1833413917,Wikipedia:Version 1.0 Editorial Team/Moon articles by quality log,WP 1.0 bot,true,2244,enwiki,2024-10-27 03:47:20
1833413901,User:WP 1.0 bot/Tables/Project/Geelong,WP 1.0 bot,true,0,enwiki,2024-10-27 03:47:16
1833413916,Drinking in public,Isaidnoway,false,-28,enwiki,2024-10-27 03:47:18
1833414212,"Santol, La Union",Ravensfire,false,-7151,enwiki,2024-10-27 03:48:08
1833414403,Wikipedia:Good article nominations/Topic lists/Natural sciences,ChristieBot,true,-296,enwiki,2024-10-27 03:48:38
1833414103,McGill University Health Centre,HeyElliott,false,12,enwiki,2024-10-27 03:47:45
1833414213,Ismail al-Faruqi,DrunkenJoe,false,357,enwiki,2024-10-27 03:48:08
1833414301,"Brovari, Ternopil Oblast",Monkbot,true,3,enwiki,2024-10-27 03:48:18
1833414410,User:Rzsd28/be bold,Rzsd28,false,5,enwiki,2024-10-27 03:48:39
1833414104,Georgios Hatzianestis,Monkbot,true,1,enwiki,2024-10-27 03:47:46
1833414214,"Bristol, Virginia",76.77.160.87,false,-35,enwiki,2024-10-27 03:48:08
1833414411,Draft:Twitter Runners,2600:1700:B00:3A50:31B4:17D7:7FDA:705A,false,-1,enwiki,2024-10-27 03:48:39
1833414105,Chris Sabin,Randomstaplers,false,-207,enwiki,2024-10-27 03:47:41
1833414217,Hasan Sarhan,Regioncalifornia,false,30,enwiki,2024-10-27 03:48:11
1833414306,Joe E. Legend,JalenBarks,false,-56,enwiki,2024-10-27 03:48:19
1833414412,Talk:Ghulam Abbas (writer),SheriffIsInTown,false,-1,enwiki,2024-10-27 03:48:39
1833414111,Arthur J. B. Cartier,98.228.137.44,false,222,enwiki,2024-10-27 03:47:48
1833414200,Beynac-et-Cazenac,Monkbot,true,1,enwiki,2024-10-27 03:48:05
1833414215,FanDuel Sports Network,Esolo5002,false,-39,enwiki,2024-10-27 03:48:09
1833414312,User:WP 1.0 bot/Tables/Project/Georgia (country),WP 1.0 bot,true,0,enwiki,2024-10-27 03:48:21
1833414413,St. Florian's Cathedral,Monkbot,true,1,enwiki,2024-10-27 03:48:37
1833414201,Alabama Crimson Tide football statistical leaders,Slickrick53,false,0,enwiki,2024-10-27 03:48:06
1833414218,User:WP 1.0 bot/Tables/Project/Geology,WP 1.0 bot,true,0,enwiki,2024-10-27 03:48:11
1833414316,Malmö Synagogue,Rangasyd,false,-7,enwiki,2024-10-27 03:48:20
1833414414,1954 Ohio gubernatorial election,Indylover2010,false,45,enwiki,2024-10-27 03:48:37
1833414112,The Cure,Rodericksilly,false,-4,enwiki,2024-10-27 03:47:43
1833414205,Talk:Cuban Americans,Finnigami,false,2,enwiki,2024-10-27 03:48:09
1833414317,Pyramid (Maribor),Monkbot,true,3,enwiki,2024-10-27 03:48:21
1833414415,Wikipedia:Version 1.0 Editorial Team/New Hampshire road transport articles by quality log,WP 1.0 bot,true,0,enwiki,2024-10-27 03:48:40
1833414113,Wikipedia:Version 1.0 Editorial Team/Geography of Canada articles by quality log,WP 1.0 bot,true,1693,enwiki,2024-10-27 03:47:49
1833414206,Renaissance Columbus Downtown Hotel,RFNirmala,false,50,enwiki,2024-10-27 03:48:08
1833414216,Fender (company),Mastazi,false,13,enwiki,2024-10-27 03:48:10
1833414419,Wikipedia:Good articles/recent,LivingBot,true,18,enwiki,2024-10-27 03:48:40
1833414117,Maria Manina,4meter4,false,39,enwiki,2024-10-27 03:47:50
1833414207,Kielce Municipal Stadium,Monkbot,true,1,enwiki,2024-10-27 03:48:09
1833414211,2024 Liga de Ascenso Femenina (Perú),2800:200:F8C8:95B8:2844:6FB7:F240:4B9D,false,2,enwiki,2024-10-27 03:48:10
1833414400,Wikipedia:Version 1.0 Editorial Team/New Hampshire Mountains articles by quality log,WP 1.0 bot,true,0,enwiki,2024-10-27 03:48:38
1833414511,Wikipedia:Version 1.0 Editorial Team/Gliding articles by quality log,WP 1.0 bot,true,47,enwiki,2024-10-27 03:48:54
1833414608,Talk:British Library,Z1720,false,951,enwiki,2024-10-27 03:49:06
1833414810,List of historical markers of the Philippines in Mimaropa,Seav,false,59,enwiki,2024-10-27 03:49:39
1833414513,Wikipedia:Version 1.0 Editorial Team/New South Wales road transport articles by quality log,WP 1.0 bot,true,0,enwiki,2024-10-27 03:48:54
1833414609,Golem,Toomuchcuriosity,false,30,enwiki,2024-10-27 03:49:05
1833414813,User:WP 1.0 bot/Tables/Project/Guadeloupe,WP 1.0 bot,true,-267,enwiki,2024-10-27 03:49:39
1833414611,Wikipedia:Version 1.0 Editorial Team/Government and laws of Brazil articles by quality log,WP 1.0 bot,true,717,enwiki,2024-10-27 03:49:09
1833414714,Ourisia muscosa,Stitchbird2,false,-4,enwiki,2024-10-27 03:49:23
1833414814,User talk:Horse Eye's Back,Horse Eye's Back,false,326,enwiki,2024-10-27 03:49:39
1833414614,Panayiotis Zavos,Monkbot,true,1,enwiki,2024-10-27 03:49:07
1833414715,Talk:2020–2022 catalytic converter theft ring/GA1,IntentionallyDense,false,187,enwiki,2024-10-27 03:49:25
1833414800,Athanasios Platanitis,Monkbot,true,1,enwiki,2024-10-27 03:49:36
1833414805,Religion of the Shang dynasty,Strongman13072007,false,1,enwiki,2024-10-27 03:49:32
1833414601,Bumblebee (film),Randomstaplers,false,-37,enwiki,2024-10-27 03:49:02
1833414808,Talk:Starlink,Ergzay,false,233,enwiki,2024-10-27 03:49:35
1833414503,Wikipedia:Version 1.0 Editorial Team/Glass articles by quality log,WP 1.0 bot,true,124,enwiki,2024-10-27 03:48:53
1833414605,Talk:American Society of Overseas Research,Surayeproject3,false,39,enwiki,2024-10-27 03:49:07
1833414811,Ohel Leah Synagogue,Rangasyd,false,8,enwiki,2024-10-27 03:49:37
1833414815,The Family Moskat,Gryphonclaw18,false,223,enwiki,2024-10-27 03:49:39
1833415009,Magic City Classic,97.86.50.77,false,0,enwiki,2024-10-27 03:50:04
1833415115,Acting President of Poland,Monkbot,true,1,enwiki,2024-10-27 03:50:25
1833414818,Wikipedia:Version 1.0 Editorial Team/Noongar articles by quality log,WP 1.0 bot,true,323,enwiki,2024-10-27 03:49:40
1833415010,"Kholmsky District, Novgorod Oblast",Monkbot,true,1,enwiki,2024-10-27 03:50:05
1833415116,Dobble,Cmglee,false,24,enwiki,2024-10-27 03:50:27
1833414902,"History of Kilgore, Texas",No No No No Name fu,false,23,enwiki,2024-10-27 03:49:51
1833415012,1956 Ohio gubernatorial election,Indylover2010,false,55,enwiki,2024-10-27 03:50:06
1833415118,Islamic State – Sinai Province,Bruce1ee,false,1,enwiki,2024-10-27 03:50:25
1833414903,1956 Ohio gubernatorial election,Indylover2010,false,34,enwiki,2024-10-27 03:49:49
1833415016,Dotty Cotton,146.199.140.26,false,12,enwiki,2024-10-27 03:50:07
1833415100,"Wikipedia:Version 1.0 Editorial Team/Hampshire County, West Virginia articles by quality log",WP 1.0 bot,true,0,enwiki,2024-10-27 03:50:23
1833415119,2024 World Series,BaseballFanatic1,false,-3,enwiki,2024-10-27 03:50:24
1833414905,L&YR Class 28,Yoshi24517,false,-31,enwiki,2024-10-27 03:49:52
1833415017,Pleograph,Monkbot,true,1,enwiki,2024-10-27 03:50:08
1833415101,Criminal Manne,174.161.189.247,false,23,enwiki,2024-10-27 03:50:23
1833414910,Chicago Sports Network,GreenPepper1,false,-3,enwiki,2024-10-27 03:49:52
1833415000,Wikipedia:Version 1.0 Editorial Team/Northern Marianas road transport articles by quality log,WP 1.0 bot,true,0,enwiki,2024-10-27 03:50:06
1833415102,"Maria Skłodowska-Curie Bridge, Warsaw",Monkbot,true,1,enwiki,2024-10-27 03:50:21
1833414914,Wikipedia:Version 1.0 Editorial Team/Guitarist articles by quality log,WP 1.0 bot,true,822,enwiki,2024-10-27 03:49:54
1833415001,List of Fourierist Associations in the United States,Jimbeu7,false,76,enwiki,2024-10-27 03:50:06
1833415105,User:AmandaNP/SPI case list,DeltaQuadBot,true,173,enwiki,2024-10-27 03:50:24
1833414915,Nagao clan,ווסטוק,false,36,enwiki,2024-10-27 03:49:53
1833415005,2024 BFI London Film Festival,The Media Expert,false,19,enwiki,2024-10-27 03:50:05
1833415106,User:WP 1.0 bot/Tables/Project/Hampshire,WP 1.0 bot,true,0,enwiki,2024-10-27 03:50:24
1833414918,Čemšenik,Monkbot,true,2,enwiki,2024-10-27 03:49:52
1833415006,Wikipedia:Version 1.0 Editorial Team/Hadith articles by quality log,WP 1.0 bot,true,1349,enwiki,2024-10-27 03:50:07
1833415113,Wikipedia:Version 1.0 Editorial Team/Hampshire articles by quality log,WP 1.0 bot,true,1611,enwiki,2024-10-27 03:50:26
1833414919,User talk:Jamie Gang28,Yoshi24517,false,1028,enwiki,2024-10-27 03:49:55
1833415007,Null sign,Orchastrattor,false,47,enwiki,2024-10-27 03:50:06
1833415215,Wikipedia:Version 1.0 Editorial Team/Ohio road transport articles by quality log,WP 1.0 bot,true,0,enwiki,2024-10-27 03:50:43
1833415418,Agrasen,Hargoa,false,1503,enwiki,2024-10-27 03:51:23
1833415506,1939 SEC men's basketball tournament,Ha2772a,false,0,enwiki,2024-10-27 03:51:41
1833415602,King Leonardo and His Short Subjects,98.168.245.52,false,-22,enwiki,2024-10-27 03:51:58
1833415214,Los Angeles Dodgers minor league players,Spanneraol,false,-7,enwiki,2024-10-27 03:50:36
1833415508,1956 Ohio gubernatorial election,Indylover2010,false,29,enwiki,2024-10-27 03:51:40
1833415604,DrayTek,Bruce1ee,false,1,enwiki,2024-10-27 03:51:59
1833415217,Draft:The Legend of Johnny Campfire,FSUkingpin,false,-8,enwiki,2024-10-27 03:50:43
1833415300,User:Wainuiomartian/sandbox2,Wainuiomartian,false,84,enwiki,2024-10-27 03:51:02
1833415509,Template:Los Angeles Dodgers,Spanneraol,false,-7,enwiki,2024-10-27 03:51:42
1833415606,A Bachelor's Life Abroad,Monkbot,true,1,enwiki,2024-10-27 03:51:58
1833415303,Seventh generation of video game consoles,107.136.46.244,false,13,enwiki,2024-10-27 03:50:55
1833415404,Jack Draper,82.32.49.206,false,0,enwiki,2024-10-27 03:51:15
1833415512,Itagaki Taisuke,BD2412,false,26,enwiki,2024-10-27 03:51:39
1833415219,2024 in Greenland,Fixer88,false,0,enwiki,2024-10-27 03:50:42
1833415309,2024 World Series,BaseballFanatic1,false,3,enwiki,2024-10-27 03:51:00
1833415405,Lützow Free Corps,Monkbot,true,1,enwiki,2024-10-27 03:51:21
1833415515,"Hardyston Township, New Jersey",Alansohn,false,20,enwiki,2024-10-27 03:51:41
1833415201,2015 Hua Hin Championships – Women's doubles,HeyElliott,false,-46,enwiki,2024-10-27 03:50:38
1833415312,Wikipedia:Version 1.0 Editorial Team/Ontario road transport articles by quality log,WP 1.0 bot,true,0,enwiki,2024-10-27 03:51:04
1833415407,Harold James (archer),Pinkpollyanna,false,41,enwiki,2024-10-27 03:51:22
1833415205,Trevor Knight,Red Director,false,-287,enwiki,2024-10-27 03:50:39
1833415313,2024 British Columbia general election,ViperSnake151,false,-52,enwiki,2024-10-27 03:50:42
1833415408,National Marine Sanctuary,Mdnavman,false,240,enwiki,2024-10-27 03:51:22
1833415206,Talk:The Sound of Music (film),SineBot,true,363,enwiki,2024-10-27 03:50:38
1833415314,Catholic Church and politics in the United States,67.249.178.182,false,689,enwiki,2024-10-27 03:50:59
1833415412,Wikipedia:Administrators' noticeboard/Incidents,Thryduulf,false,278,enwiki,2024-10-27 03:51:09
1833415211,Template:Santa Cruz Warriors current roster,Koolcatz34,false,36,enwiki,2024-10-27 03:50:42
1833415315,The Black Hussar (1932 film),Monkbot,true,1,enwiki,2024-10-27 03:51:03
1833415414,Magic City Classic,97.86.50.77,false,0,enwiki,2024-10-27 03:51:21
1833415212,User:WP 1.0 bot/Tables/Project/Handball,WP 1.0 bot,true,0,enwiki,2024-10-27 03:50:42
1833415417,User:Rzsd28/be bold,Rzsd28,false,165,enwiki,2024-10-27 03:51:24
1833415613,Wikipedia:Version 1.0 Editorial Team/Pakistani cinema articles by quality log,WP 1.0 bot,true,1532,enwiki,2024-10-27 03:52:01
1833415808,Kizhinginsky District,Monkbot,true,2,enwiki,2024-10-27 03:52:34
1833415908,Rohov (Opava District),Monkbot,true,1,enwiki,2024-10-27 03:52:48
1833416016,Muhammed Zbidat,Regioncalifornia,false,101,enwiki,2024-10-27 03:53:11
1833415614,From This Moment On (Shania Twain song),Tesseractic,false,50,enwiki,2024-10-27 03:52:00
1833415810,Chief of Defence (Sweden),RMCD bot,true,-161,enwiki,2024-10-27 03:52:34
1833415911,Death of Sean Suiter,RMCD bot,true,-122,enwiki,2024-10-27 03:52:51
1833416002,User:WP 1.0 bot/Tables/Project/France,WP 1.0 bot,true,97,enwiki,2024-10-27 03:53:06
1833416018,List of Fourierist Associations in the United States,Jimbeu7,false,26,enwiki,2024-10-27 03:53:12
1833415615,Christopher Booker,HeyElliott,false,51,enwiki,2024-10-27 03:51:59
1833415817,Radiative zone,RMCD bot,true,-119,enwiki,2024-10-27 03:52:36
1833415917,User:WP 1.0 bot/Tables/Project/Heraldry and vexillology,WP 1.0 bot,true,-195,enwiki,2024-10-27 03:52:52
1833416001,Wikipedia:Version 1.0 Editorial Team/Phoenix Suns articles by quality log,WP 1.0 bot,true,0,enwiki,2024-10-27 03:53:08
1833415616,1956 Ohio gubernatorial election,Indylover2010,false,50,enwiki,2024-10-27 03:51:59
1833415918,Belzec trial,Monkbot,true,2,enwiki,2024-10-27 03:52:52
1833415617,Giorgos Kontogeorgis,Monkbot,true,1,enwiki,2024-10-27 03:52:01
1833415704,Itahara,BD2412,false,3,enwiki,2024-10-27 03:52:18
1833416006,Wikipedia:Articles for deletion/Log/2024 October 20,Liz,false,9,enwiki,2024-10-27 03:52:54
1833415618,User:Stitchbird2/sandbox,Stitchbird2,false,-907,enwiki,2024-10-27 03:52:01
1833415706,Senses Fail,190.245.152.56,false,86,enwiki,2024-10-27 03:52:18
1833415710,1958 Ohio gubernatorial election,Indylover2010,false,34,enwiki,2024-10-27 03:52:18
1833416008,User:Marchije/sandbox,Marchije,false,48,enwiki,2024-10-27 03:53:09
1833415711,Sidironero,Monkbot,true,2,enwiki,2024-10-27 03:52:18
1833416014,Onew,Apqaria,false,281,enwiki,2024-10-27 03:53:07
1833416015,Hroznětín,Monkbot,true,1,enwiki,2024-10-27 03:53:08
1833415806,Backyard Soccer MLS Edition,WikiPediaAid,false,33,enwiki,2024-10-27 03:52:35
1833416017,Wikipedia:Version 1.0 Editorial Team/Hispanic and Latino American articles by quality log,WP 1.0 bot,true,1069,enwiki,2024-10-27 03:53:12
1833416107,1958 Ohio gubernatorial election,Indylover2010,false,45,enwiki,2024-10-27 03:53:26
1833416219,Casio BASIC,Mr Feist,false,146,enwiki,2024-10-27 03:53:41
1833416108,Stare Koprzywno,Monkbot,true,1,enwiki,2024-10-27 03:53:25
1833416109,UCI Cycling Esports World Championships,Den0728,false,50,enwiki,2024-10-27 03:53:27
1833416110,Jeinkler Aguirre,Citation bot,true,-6,enwiki,2024-10-27 03:53:27
1833416203,Template:CONCACAF W Champions Cup,RedBlueGreen93,false,11,enwiki,2024-10-27 03:53:41
1833416116,Leningrad (band),Monkbot,true,3,enwiki,2024-10-27 03:53:28
1833416210,Abère,Monkbot,true,1,enwiki,2024-10-27 03:53:37
1833416212,President of Bangladesh,Davemck,false,-255,enwiki,2024-10-27 03:53:39
1833416214,Wikipedia:Version 1.0 Editorial Team/History of science articles by quality log,WP 1.0 bot,true,683,enwiki,2024-10-27 03:53:42
1833416215,Wikipedia:Version 1.0 Editorial Team/Popular culture articles by quality log,WP 1.0 bot,true,0,enwiki,2024-10-27 03:53:42
1833416217,Seyf ol Din-e Sofla,HirowoWiki,false,1,enwiki,2024-10-27 03:53:41
1833416102,Wikipedia:Version 1.0 Editorial Team/Pink Floyd articles by quality log,WP 1.0 bot,true,0,enwiki,2024-10-27 03:53:27
1833416218,Talk:Suno AI,PetraMagna,false,-154,enwiki,2024-10-27 03:53:42
1833416300,Wikipedia:Requests for page protection/Increase,JalenBarks,false,269,enwiki,2024-10-27 03:53:55
1833416302,Scott Jackson (American football),2600:1700:F2FD:D0:2157:403C:28DD:3E3F,false,100,enwiki,2024-10-27 03:53:54
1833416303,Wikipedia:Version 1.0 Editorial Team/Historic sites articles by quality log,WP 1.0 bot,true,596,enwiki,2024-10-27 03:53:56
1833416304,Sepha,AnomieBOT,true,18,enwiki,2024-10-27 03:53:56
1833416308,Bud Dupree,Red Director,false,124,enwiki,2024-10-27 03:53:56
1833416310,1958 Ohio gubernatorial election,Indylover2010,false,32,enwiki,2024-10-27 03:53:55
1833416313,EMD G22 Series,Stephan Leeds,false,2,enwiki,2024-10-27 03:53:57
1833416314,Fauguerolles,Monkbot,true,1,enwiki,2024-10-27 03:53:55
1833416315,Joe Stewart (rugby union),Jevansen,false,61,enwiki,2024-10-27 03:54:00
1833416319,Le Clown au Cirque,Mistico Dois,false,1,enwiki,2024-10-27 03:54:00
1833416402,Magadan Oblast Duma,Monkbot,true,1,enwiki,2024-10-27 03:54:15
1833416403,Dariel Albo,Citation bot,true,31,enwiki,2024-10-27 03:54:17
1833416404,Wikipedia:Version 1.0 Editorial Team/Prince Edward Island road transport articles by quality log,WP 1.0 bot,true,0,enwiki,2024-10-27 03:54:19
1833416406,CMO,Stomatapoll,false,36,enwiki,2024-10-27 03:54:19
1833416409,Ion Vîlcu,BD2412,false,4,enwiki,2024-10-27 03:54:19
1833416410,EMD G26,Stephan Leeds,false,4,enwiki,2024-10-27 03:54:18
1833416416,List of radio stations in Texas,2600:1700:560:9D60:6868:3E7B:3CE4:236F,false,10,enwiki,2024-10-27 03:54:08
1833416500,Wikipedia:Version 1.0 Editorial Team/House articles by quality log,WP 1.0 bot,true,0,enwiki,2024-10-27 03:54:34
1833416501,User talk:Bob200505722,Bob200505722,false,291,enwiki,2024-10-27 03:54:34
1833416502,Battle of Frisches Haff,Monkbot,true,1,enwiki,2024-10-27 03:54:32
1833416611,Panagia tou Araka,Monkbot,true,1,enwiki,2024-10-27 03:54:47
1833416602,Wikipedia talk:WikiProject Albums,JeffSpaceman,false,853,enwiki,2024-10-27 03:54:46
1833416617,Wikipedia:Version 1.0 Editorial Team/Hudson County in New Jersey articles by quality log,WP 1.0 bot,true,-474,enwiki,2024-10-27 03:54:50
1833416706,Wikipedia:Version 1.0 Editorial Team/Quebec road transport articles by quality log,WP 1.0 bot,true,0,enwiki,2024-10-27 03:55:00
1833416710,Holger Rune,82.32.49.206,false,0,enwiki,2024-10-27 03:54:54
1833416711,Wikipedia:Version 1.0 Editorial Team/Hypericaceae articles by quality log,WP 1.0 bot,true,443,enwiki,2024-10-27 03:55:01
1833416712,Joe Stewart (rugby union),Jevansen,false,65,enwiki,2024-10-27 03:55:01
1833416713,Ian Hogg (footballer),BD2412,false,-14,enwiki,2024-10-27 03:54:59
1833416714,Tomorrow's Schools,Nurg,false,0,enwiki,2024-10-27 03:54:59
1833416717,Draft:Joseph Kaufmann (actor),Greatgoldfish,false,113,enwiki,2024-10-27 03:55:01
1833416718,User:Delawaretallman,Delawaretallman,false,18,enwiki,2024-10-27 03:55:02
1833416808,1962 Ohio gubernatorial election,Indylover2010,false,27,enwiki,2024-10-27 03:55:14
1833416810,User:WP 1.0 bot/Tables/Project/Human rights,WP 1.0 bot,true,0,enwiki,2024-10-27 03:55:16
1833416812,Looe Key National Marine Sanctuary,Mdnavman,false,-379,enwiki,2024-10-27 03:55:16
1833416814,File:Betfair logo.svg,Minorax,false,-253,enwiki,2024-10-27 03:55:18
1833416901,File:Serbian Orthodox Secondary School Logo.png,Minorax,false,-271,enwiki,2024-10-27 03:55:30
1833416902,GA DE900 locomotives,Stephan Leeds,false,4,enwiki,2024-10-27 03:55:30
1833416904,2024 Mérida Open,Yimingbao,false,172,enwiki,2024-10-27 03:55:28
1833416907,User:WP 1.0 bot/Tables/Project/Idaho,WP 1.0 bot,true,8,enwiki,2024-10-27 03:55:30
1833416903,User:Stitchbird2/sandbox,Stitchbird2,false,-1722,enwiki,2024-10-27 03:55:28
1833416908,List of Philippine films of 2023,Itslouagain,false,1288,enwiki,2024-10-27 03:55:26
1833416918,Wikipedia:Version 1.0 Editorial Team/Idaho articles by quality log,WP 1.0 bot,true,1614,enwiki,2024-10-27 03:55:31
1833417011,Wikipedia:Version 1.0 Editorial Team/India road transport articles by quality log,WP 1.0 bot,true,797,enwiki,2024-10-27 03:55:43
1833417008,Stewart Copeland,Icanttalkaboutit,false,-60,enwiki,2024-10-27 03:55:41
1833417012,Oi Treis Harites,Monkbot,true,1,enwiki,2024-10-27 03:55:42
1833417017,Wikipedia:Version 1.0 Editorial Team/Indian caste system articles by quality log,WP 1.0 bot,true,883,enwiki,2024-10-27 03:55:45
1833417110,1962 Ohio gubernatorial election,Indylover2010,false,49,enwiki,2024-10-27 03:55:57
1833417112,Wikipedia:Version 1.0 Editorial Team/Rhode Island road transport articles by quality log,WP 1.0 bot,true,0,enwiki,2024-10-27 03:56:00
1833417114,User:WP 1.0 bot/Tables/Project/Indian cities,WP 1.0 bot,true,0,enwiki,2024-10-27 03:55:59
1833417104,Wikipedia:Version 1.0 Editorial Team/Indian cities articles by quality log,WP 1.0 bot,true,202,enwiki,2024-10-27 03:55:58
1833417105,Pantelis Horn,Monkbot,true,1,enwiki,2024-10-27 03:55:57
1833417119,Wikipedia:Version 1.0 Editorial Team/Richard Wagner articles by quality log,WP 1.0 bot,true,0,enwiki,2024-10-27 03:56:02
1833417210,19th Engineer Battalion,97.118.146.51,false,0,enwiki,2024-10-27 03:56:09
1833417118,Christopher of Albania,Monkbot,true,3,enwiki,2024-10-27 03:56:00
1833417214,Talk:Joseph L. Cahall/GA1,BeanieFan11,false,50,enwiki,2024-10-27 03:56:11
357994301,Johann I Bernoulli,BrunoBoehmler,false,12,dewiki,2024-10-27 03:56:14
1833417217,Popular Orthodox Rally,Nioqueen,false,61,enwiki,2024-10-27 03:56:10
1833417219,Shemar Jean-Charles,Jrooster49,false,-159,enwiki,2024-10-27 03:56:09
1833417218,Angry Birds Seasons,183.171.249.47,false,0,enwiki,2024-10-27 03:56:10
1833417202,1962 Ohio gubernatorial election,Indylover2010,false,64,enwiki,2024-10-27 03:56:07
1833417205,2024–25 Lille OSC season,Claudiogostoso,false,1,enwiki,2024-10-27 03:56:04
1833417206,Wikipedia:Version 1.0 Editorial Team/Rick Riordan task force articles by quality log,WP 1.0 bot,true,0,enwiki,2024-10-27 03:56:10
1833417208,Bazian,Monkbot,true,1,enwiki,2024-10-27 03:56:06
1833417209,John Ridley Mitchell,Simeon,false,14,enwiki,2024-10-27 03:56:08
1833417300,Us (2019 film),2603:8080:B900:3065:D4CB:8A4B:A61D:49CF,false,-216,enwiki,2024-10-27 03:56:21
1833417303,One Ayala,Lowkeypedia,false,-29,enwiki,2024-10-27 03:56:22
1833417304,Jethro Tull (agriculturist),80.41.107.230,false,-44,enwiki,2024-10-27 03:56:24
1833417307,User:ClaudineChionh/Templates/Draft article copy,ClaudineChionh,false,26,enwiki,2024-10-27 03:56:26
1833417310,"Novopetrovka, Sharansky District, Republic of Bashkortostan",Monkbot,true,1,enwiki,2024-10-27 03:56:25
1833417311,Euro T20 Slam,2409:40E1:10B5:B137:C87A:E2FF:FEAE:2ACF,false,276,enwiki,2024-10-27 03:56:23
1833417315,Wikipedia:Version 1.0 Editorial Team/Roald Dahl task force articles by quality log,WP 1.0 bot,true,0,enwiki,2024-10-27 03:56:29
357994302,Friedrich Krupp AG,2003:C0:171E:E04A:846C:D955:47F7:680C,false,1,dewiki,2024-10-27 03:56:30
1833417317,Junior State of America,24.0.200.167,false,1,enwiki,2024-10-27 03:56:27
1833417302,Wikipedia:Version 1.0 Editorial Team/Ringo Starr articles by quality log,WP 1.0 bot,true,0,enwiki,2024-10-27 03:56:25
1833417504,Mauritania,69.126.240.94,false,-21,enwiki,2024-10-27 03:56:48
1833417800,Wikipedia:Version 1.0 Editorial Team/Industrial design articles by quality log,WP 1.0 bot,true,1387,enwiki,2024-10-27 03:57:41
357994309,Département Haute-Saône,BrunoBoehmler,false,12,dewiki,2024-10-27 03:57:46
1833417506,Daniel Schaffer,EmilySarah99,false,185,enwiki,2024-10-27 03:56:55
1833417400,1962 Ohio gubernatorial election,Indylover2010,false,46,enwiki,2024-10-27 03:56:39
357994303,Gordie Drillon,BrunoBoehmler,false,-1,dewiki,2024-10-27 03:56:44
1833417511,Bust of Piotr Wysocki,Artemis Andromeda,false,-1,enwiki,2024-10-27 03:56:56
1833417704,User:WP 1.0 bot/Tables/Project/Indie game,WP 1.0 bot,true,0,enwiki,2024-10-27 03:57:23
1833417806,User:WP 1.0 bot/Tables/Project/Industrial design,WP 1.0 bot,true,0,enwiki,2024-10-27 03:57:43
1833417403,List of tallest people,Santiago Claudio,false,-38,enwiki,2024-10-27 03:56:35
1833417514,William G. Robinson,98.228.137.44,false,250,enwiki,2024-10-27 03:56:57
1833417707,Immunologic checkpoint,BD2412,false,-3,enwiki,2024-10-27 03:57:24
1833417805,Draft:Joseph Kaufmann (actor),Greatgoldfish,false,2,enwiki,2024-10-27 03:57:43
357994310,Benutzer:KaiMartin/BestOfDNB,KaiMartin,false,231,dewiki,2024-10-27 03:57:58
1833417412,Sharmin Segal,120.58.66.131,false,7,enwiki,2024-10-27 03:56:41
1833417515,The Substance,Spectrallights,false,432,enwiki,2024-10-27 03:56:55
1833417602,"Tough Guys, Easy Girls",Monkbot,true,1,enwiki,2024-10-27 03:57:08
1833417709,Wikipedia:Version 1.0 Editorial Team/Indie game articles by quality log,WP 1.0 bot,true,1451,enwiki,2024-10-27 03:57:25
357994307,Ilse Killer,RudolfinetheFree,false,-9,dewiki,2024-10-27 03:57:31
1833417807,"Gorsky, Volgograd Oblast",Monkbot,true,1,enwiki,2024-10-27 03:57:42
1833417416,User:WP 1.0 bot/Tables/Project/Indian military history,WP 1.0 bot,true,0,enwiki,2024-10-27 03:56:42
1833417516,User talk:Rzsd28/talk page tutorial,Rzsd28,false,240,enwiki,2024-10-27 03:56:58
1833417608,Albert Galiton Watkins,Simeon,false,14,enwiki,2024-10-27 03:57:09
1833417708,Wikipedia:Articles for deletion/New York Music Awards,Mach61,false,794,enwiki,2024-10-27 03:57:25
1833417809,Hayley Scamurra,100.18.19.123,false,-1,enwiki,2024-10-27 03:57:42
1833417413,Arfara,Monkbot,true,1,enwiki,2024-10-27 03:56:41
1833417517,Leština (Šumperk District),Monkbot,true,1,enwiki,2024-10-27 03:56:55
1833417614,Talk:Deutsche Orient-Gesellschaft,Surayeproject3,false,86,enwiki,2024-10-27 03:57:11
1833417810,El Bachir Stadium,Tony1,false,23,enwiki,2024-10-27 03:57:43
1833417414,List of programs broadcast by Network 10,SatDis,false,48,enwiki,2024-10-27 03:56:39
1833417500,Toyota 4Runner,190.206.184.242,false,7,enwiki,2024-10-27 03:56:46
1833417615,Johnny Szlykowicz,Lepricavark,false,12,enwiki,2024-10-27 03:57:11
357994308,The Orleans,Hennecken,false,1,dewiki,2024-10-27 03:57:44
1833417417,List of justices of the Louisiana Supreme Court,93.43.72.234,false,-3,enwiki,2024-10-27 03:56:43
1833417501,File:NSW Food Authority logo.jpg,Minorax,false,-921,enwiki,2024-10-27 03:56:55
1833417815,Max Schuemann,Red Director,false,65,enwiki,2024-10-27 03:57:45
1833417419,2025-26 UEFA Women's Nations League C,AnomieBOT,true,67,enwiki,2024-10-27 03:56:43
1833417502,Johnny Marajo,Lepricavark,false,-19,enwiki,2024-10-27 03:56:55
357994304,Giorgi Tschakwetadse,Arkaitz1974,false,2,dewiki,2024-10-27 03:57:07
357994305,Gordie Drillon,BrunoBoehmler,false,18,dewiki,2024-10-27 03:57:23
1833417902,Mariam Thresia Chiramel,117.230.85.65,false,-2,enwiki,2024-10-27 03:57:57
357994312,Benutzer Diskussion:Arkaitz1974,Arkaitz1974,false,2,dewiki,2024-10-27 03:58:07
1833418012,Stella O'Malley,GRuban,false,93,enwiki,2024-10-27 03:58:14
1833418105,Palacio Municipal de Mazatlán,Bruce1ee,false,-18,enwiki,2024-10-27 03:58:33
1833418203,User:WP 1.0 bot/Tables/Project/Islam-related,WP 1.0 bot,true,0,enwiki,2024-10-27 03:58:46
1833417904,Makhmutovo,Monkbot,true,2,enwiki,2024-10-27 03:57:59
1833418014,Tomorrow's Schools,Nurg,false,6,enwiki,2024-10-27 03:58:13
1833418108,Mustafa Barghouti,Firecat93,false,-3988,enwiki,2024-10-27 03:58:32
1833418213,Henry Moore (police officer),Wabbuh,false,27,enwiki,2024-10-27 03:58:47
1833417906,Category talk:Religion and alcohol,Dpleibovitz,false,74,enwiki,2024-10-27 03:58:00
357994311,Département Haute-Saône,BrunoBoehmler,false,-4,dewiki,2024-10-27 03:58:01
1833418016,Typhlosion,Cukie Gherkin,false,14793,enwiki,2024-10-27 03:58:11
1833418112,Member of the Legislative Assembly (Northern Ireland),JalenBarks,false,-35,enwiki,2024-10-27 03:58:32
1833418212,Max Schuemann,Red Director,false,48,enwiki,2024-10-27 03:58:47
1833418300,Talk:The Netherlands Institute for the Near East,Surayeproject3,false,87,enwiki,2024-10-27 03:59:00
1833417907,Clarence W. Turner,Simeon,false,14,enwiki,2024-10-27 03:57:58
1833418017,James Houston Thomas,Simeon,false,14,enwiki,2024-10-27 03:58:14
1833418113,Sincere Haynesworth,Jrooster49,false,-250,enwiki,2024-10-27 03:58:34
1833418214,Hugh Roe O'Donnell,SkywalkerEccleston,false,19,enwiki,2024-10-27 03:58:41
1833418301,Urshakbashkaramaly,Monkbot,true,2,enwiki,2024-10-27 03:59:00
1833417908,Chicago State Cougars men's basketball,71.31.178.157,false,-5,enwiki,2024-10-27 03:58:00
1833418018,Wikipedia:Version 1.0 Editorial Team/Interstate Highway System articles by quality log,WP 1.0 bot,true,448,enwiki,2024-10-27 03:58:16
1833418115,Wikipedia:Version 1.0 Editorial Team/Semantic Web articles by quality log,WP 1.0 bot,true,0,enwiki,2024-10-27 03:58:35
1833418217,Wikipedia:Version 1.0 Editorial Team/Seychelles articles by quality log,WP 1.0 bot,true,1005,enwiki,2024-10-27 03:58:49
1833418304,User:Eurodog/sandbox421,Eurodog,false,29,enwiki,2024-10-27 03:58:57
1833417909,Madman theory,KiharaNoukan,false,979,enwiki,2024-10-27 03:58:00
1833418008,Wikipedia:Version 1.0 Editorial Team/Internet articles by quality log,WP 1.0 bot,true,2258,enwiki,2024-10-27 03:58:12
1833418019,Wikipedia:Version 1.0 Editorial Team/Scottish television articles by quality log,WP 1.0 bot,true,0,enwiki,2024-10-27 03:58:17
1833418116,John May Taylor,Simeon,false,14,enwiki,2024-10-27 03:58:34
1833418218,Pouydesseaux,Monkbot,true,1,enwiki,2024-10-27 03:58:46
1833418307,Wikipedia:Version 1.0 Editorial Team/Sharjah articles by quality log,WP 1.0 bot,true,0,enwiki,2024-10-27 03:59:02
1833418009,Saint-Maurice-de-Lestapel,Monkbot,true,1,enwiki,2024-10-27 03:58:11
1833418100,Napoleon Orda,Monkbot,true,3,enwiki,2024-10-27 03:58:30
1833418117,Talk:2020–2022 catalytic converter theft ring/GA1,IntentionallyDense,false,377,enwiki,2024-10-27 03:58:35
1833418306,List of radio stations in Greece,Nioqueen,false,0,enwiki,2024-10-27 03:58:57
1833418010,User talk:Datnumber9,Robby.is.on,false,514,enwiki,2024-10-27 03:58:15
1833418101,Jorge Luis Borges,Knitsey,false,102,enwiki,2024-10-27 03:58:25
1833418118,Saint-Jean-Lherm,Monkbot,true,1,enwiki,2024-10-27 03:58:32
357994319,Der scharlachrote Rock,Senechthon,false,1143,dewiki,2024-10-27 03:58:56
1833418319,102nd SS Heavy Panzer Battalion,Monkbot,true,1,enwiki,2024-10-27 03:59:02
1833418011,Joseph Stopford,Pinkpollyanna,false,41,enwiki,2024-10-27 03:58:14
357994314,Patrick Lange (Triathlet),Wikipädin,false,160,dewiki,2024-10-27 03:58:24
1833418103,User:Indylover2010,Indylover2010,false,0,enwiki,2024-10-27 03:58:24
1833418119,Airrack,Clioos,false,227,enwiki,2024-10-27 03:58:34
1833418013,User:WP 1.0 bot/Tables/Project/Interstate Highway System,WP 1.0 bot,true,-118,enwiki,2024-10-27 03:58:14
1833418102,List of solved missing person cases: 1950–1999,Kieronoldham,false,2764,enwiki,2024-10-27 03:58:17
1833418200,2024 North Texas SC season,Logan Z Man 2022!,false,-3,enwiki,2024-10-27 03:58:42
1833418404,Theodore I Calliopas,Monkbot,true,2,enwiki,2024-10-27 03:59:22
1833418616,Politarch,Monkbot,true,1,enwiki,2024-10-27 03:00:02
1833418709,Benagues,Monkbot,true,1,enwiki,2024-10-27 03:00:15
1833418406,Jonathan Joseph-Augustin,Lepricavark,false,-49,enwiki,2024-10-27 03:59:23
1833418501,Jonathan Mendes,Lepricavark,false,12,enwiki,2024-10-27 03:59:40
1833418619,User:AmandaNP/UAA/Time,DeltaQuadBot,true,0,enwiki,2024-10-27 03:00:03
1833418405,Wikipedia:Featured article candidates/Corleck Head/archive1,Jens Lallensack,false,1087,enwiki,2024-10-27 03:59:23
1833418502,User:AnomieBOT/SPERTable,AnomieBOT,false,342,enwiki,2024-10-27 03:59:40
1833418408,Wikipedia:Version 1.0 Editorial Team/Sia (musician) articles by quality log,WP 1.0 bot,true,0,enwiki,2024-10-27 03:59:24
1833418509,Dylan Armstrong,Citation bot,true,-2,enwiki,2024-10-27 03:59:39
1833418409,User:WP 1.0 bot/Tables/Project/Italian cinema,WP 1.0 bot,true,0,enwiki,2024-10-27 03:59:23
1833418511,Madman theory,KiharaNoukan,false,-1,enwiki,2024-10-27 03:59:42
1833418412,1966 Ohio gubernatorial election,Indylover2010,false,34,enwiki,2024-10-27 03:59:22
1833418515,User talk:Datnumber9,Robby.is.on,false,50,enwiki,2024-10-27 03:59:44
1833418415,Oklahoma State Cowboys football,Xbox982,false,0,enwiki,2024-10-27 03:59:20
1833418519,Velké Němčice,Monkbot,true,1,enwiki,2024-10-27 03:59:42
1833418601,User:WP 1.0 bot/Tables/Project/Insects,WP 1.0 bot,true,0,enwiki,2024-10-27 03:59:59
1833418414,Dav (journal),Tony1,false,-175,enwiki,2024-10-27 03:59:24
1833418602,Athletes (film),Monkbot,true,1,enwiki,2024-10-27 03:59:58
1833418416,Wikipedia:Version 1.0 Editorial Team/Italian cinema articles by quality log,WP 1.0 bot,true,1026,enwiki,2024-10-27 03:59:24
1833418605,Religion of the Shang dynasty,Remsense,false,57,enwiki,2024-10-27 03:59:50
1833418700,Wikipedia:Version 1.0 Editorial Team/Japanese cinema articles by quality log,WP 1.0 bot,true,500,enwiki,2024-10-27 03:00:15
1833418418,User:TheNuggeteer/sandbox1,TheNuggeteer,false,384,enwiki,2024-10-27 03:59:25
1833418615,Wikipedia:Version 1.0 Editorial Team/Insects articles by quality log,WP 1.0 bot,true,-36359,enwiki,2024-10-27 03:00:02
1833418703,2024 North Texas SC season,Logan Z Man 2022!,false,0,enwiki,2024-10-27 03:00:13
