1833573005,Sergei Butenko,Monkbot,true,1,enwiki,2024-10-27 14:38:17
1833573012,Yeedle Werdyger,164.39.192.51,false,27,enwiki,2024-10-27 14:38:20
1833573014,Template:Backlog of the day,AnomieBOT,true,0,enwiki,2024-10-27 14:38:22
1833573013,Goosebumps (1995 TV series),2601:540:8201:27C0:29B2:2342:3F0F:5DFC,false,222,enwiki,2024-10-27 14:38:17
1833573017,Dr. Syed Karrar Hussain,Syed Shahzaman1,false,67,enwiki,2024-10-27 14:38:23
1833573015,Draft:Building America's Future,Doug Weller,false,1,enwiki,2024-10-27 14:38:23
1833573001,Talk:Mahandri,Wikibear47,false,19,enwiki,2024-10-27 14:38:18
1833573018,"Salles, Lot-et-Garonne",Monkbot,true,1,enwiki,2024-10-27 14:38:20
1833573003,Max Watters,GiantSnowman,false,0,enwiki,2024-10-27 14:38:17
1833573019,User:Flibirigit/ice hockey,Flibirigit,false,-185,enwiki,2024-10-27 14:38:23
1833573002,Alita: Battle Angel,Captainllama,false,27,enwiki,2024-10-27 14:38:13
1833573100,Joseph May Swing,DB1729,false,1,enwiki,2024-10-27 14:38:40
1833573214,Yorkshire Coastliner,HeyI'mAmethyst,false,61,enwiki,2024-10-27 14:38:56
1833573316,Friedrich Deneken,Simeon,false,14,enwiki,2024-10-27 14:39:16
1833573405,Edmund Germer,Simeon,false,2,enwiki,2024-10-27 14:39:36
1833573102,Dr. Syed Karrar Hussain,Syed Shahzaman1,false,-1,enwiki,2024-10-27 14:38:41
1833573300,2024 Guangzhou Open,Wolbo,false,10,enwiki,2024-10-27 14:39:11
1833573317,Talk:Maikay Ki Yaad Na Aaye,Wikibear47,false,5,enwiki,2024-10-27 14:39:16
358012112,Fiebig,Buchbibliothek,false,21,dewiki,2024-10-27 14:39:38
1833573104,User talk:Unosatriawicaksono,JarrahTree,false,261,enwiki,2024-10-27 14:38:42
1833573215,Human resource management,MrOllie,false,20,enwiki,2024-10-27 14:38:55
358012102,Bayerische PtL 2/2,Firobuz,false,52,dewiki,2024-10-27 14:39:09
1833573303,Talk:Hindu American Foundation,TrangaBellam,false,0,enwiki,2024-10-27 14:39:10
1833573319,Macy's Thanksgiving Day Parade,No No No No Name fu,false,829,enwiki,2024-10-27 14:39:12
1833573408,Kurtlykul,Monkbot,true,2,enwiki,2024-10-27 14:39:37
1833573111,Radashkovichy,Monkbot,true,4,enwiki,2024-10-27 14:38:40
1833573216,Quaternion,Anita5192,false,10,enwiki,2024-10-27 14:38:50
358012105,Jasmin Putschbach,M2k~dewiki,false,20,dewiki,2024-10-27 14:39:14
358012107,Hungarian International 2011,Florentyna,false,63,dewiki,2024-10-27 14:39:19
358012114,Benutzer:Asakura Akira/Baustelle/Ergebnisse der japanischen Abgeordnetenhauswahl 202x,Asakura Akira,false,6,dewiki,2024-10-27 14:39:35
1833573113,Roti,2409:4060:319:BC4A:F874:F6FF:FE85:9A4F,false,95,enwiki,2024-10-27 14:38:38
1833573217,Talk:Mahni Sial,Wikibear47,false,18,enwiki,2024-10-27 14:38:59
1833573306,Metro Manila Film Festival,Itslouagain,false,1477,enwiki,2024-10-27 14:39:10
358012110,Wikipedia:Auskunft,92.117.131.243,false,245,dewiki,2024-10-27 14:39:22
358012111,Entrup (Lemgo),Der blaue Reiter kehrt zurück,false,146,dewiki,2024-10-27 14:39:33
1833573410,Integrated Medical Systems International,Clarityfiend,false,0,enwiki,2024-10-27 14:39:39
1833573115,Talk:Mahmood Hamid,Wikibear47,false,14,enwiki,2024-10-27 14:38:42
1833573218,Saumont,Monkbot,true,1,enwiki,2024-10-27 14:38:57
1833573308,Talk:Maidan (Tirah),Wikibear47,false,18,enwiki,2024-10-27 14:39:14
1833573400,Potůčky,Monkbot,true,1,enwiki,2024-10-27 14:39:33
1833573411,Italian F4 Championship,GalacticVelocity08,false,192,enwiki,2024-10-27 14:39:38
1833573116,Utopia (Travis Scott album),210.50.169.65,false,0,enwiki,2024-10-27 14:38:38
1833573219,"Gangi, Sicily",GreenWolfyVillager,false,304,enwiki,2024-10-27 14:39:00
1833573309,"Hedwig Jagiellon, Duchess of Bavaria",Monkbot,true,3,enwiki,2024-10-27 14:39:13
358012108,Liste der Träger des Großen Bundesverdienstkreuzes mit Stern und Schulterband,Asperatus,false,37,dewiki,2024-10-27 14:39:20
1833573401,Talk:Voice (disambiguation),Anita5192,false,-178,enwiki,2024-10-27 14:39:36
1833573412,José Benavides (director),Lord Cornwallis,false,-4,enwiki,2024-10-27 14:39:39
1833573310,Otago,203.96.200.167,false,50,enwiki,2024-10-27 14:39:12
1833573402,User:WWGB,WWGB,false,481,enwiki,2024-10-27 14:39:36
1833573413,List of Iranian singers,Lanak20,false,28,enwiki,2024-10-27 14:39:39
1833573117,Reuben De Melo,Wikisteveb4,false,332,enwiki,2024-10-27 14:38:42
1833573315,User:Minorax/CSD log/2024,Minorax,false,98,enwiki,2024-10-27 14:39:05
1833573403,Wikipedia:Articles for deletion/List of West Virginia cryptids,5Q5,false,1802,enwiki,2024-10-27 14:39:37
1833573213,The Voice (Australian TV series) season 13,2601:985:600:B460:20F2:1EAF:1F73:578E,false,49,enwiki,2024-10-27 14:38:57
358012100,Jasmin Putschbach,M2k~dewiki,false,186,dewiki,2024-10-27 14:39:08
1833573314,Wikipedia:Requests for page protection/Increase,Timtrent,false,793,enwiki,2024-10-27 14:39:16
1833573404,Rocco Forte,DoubleGrazing,false,219,enwiki,2024-10-27 14:39:36
358012119,Hungarian International 2011,Florentyna,false,8,dewiki,2024-10-27 14:39:48
1833573510,List of White Pass and Yukon Route locomotives and cars,Buffalo Robert,false,-7,enwiki,2024-10-27 14:40:14
1833573607,Wikipedia:Articles for deletion/List of West Virginia cryptids,5Q5,false,0,enwiki,2024-10-27 14:41:01
1833573511,User:Joflaher/sandbox,Joflaher,false,272,enwiki,2024-10-27 14:40:21
1833573606,Peasant Revolt (Albania),88.192.38.253,false,40,enwiki,2024-10-27 14:40:58
1833573512,1st Belgrade Special Combat detachment,Vipz,false,25,enwiki,2024-10-27 14:40:21
1833573608,User talk:WDROBERTS,Glane23,false,767,enwiki,2024-10-27 14:41:02
1833573513,List of Saskatchewan Roughriders seasons,Cmm3,false,267,enwiki,2024-10-27 14:40:21
1833573611,Lyle and Erik Menendez,Esprit15d,false,67,enwiki,2024-10-27 14:41:00
1833573515,List of Montreal Alouettes seasons,Cmm3,false,261,enwiki,2024-10-27 14:40:23
1833573614,User:DumbBOT/ProdSummary,DumbBOT,true,13238,enwiki,2024-10-27 14:41:03
1833573502,Discover Card,Elserbio00,false,4,enwiki,2024-10-27 14:40:17
1833573516,Arts in the Armed Forces,Citation bot,true,67,enwiki,2024-10-27 14:40:22
1833573615,Talk:Majhot,Wikibear47,false,19,enwiki,2024-10-27 14:41:06
1833573504,2024 Guangzhou Open,Wolbo,false,52,enwiki,2024-10-27 14:40:18
1833573518,Rüdiger Frank,Simeon,false,12,enwiki,2024-10-27 14:40:24
1833573507,Talk:Elon Musk,Doug Weller,false,286,enwiki,2024-10-27 14:40:11
1833573601,Utopia (Travis Scott album),210.50.169.65,false,0,enwiki,2024-10-27 14:40:55
1833573508,List of Calgary Stampeders seasons,Cmm3,false,218,enwiki,2024-10-27 14:40:20
1833573603,Sporting Khalsa F.C.,Harold9595959,false,-1,enwiki,2024-10-27 14:40:58
1833573509,Promptuarium Iconum Insigniorum,BorgQueen,false,0,enwiki,2024-10-27 14:40:20
1833573604,Paula Badosa,Victorguezm,false,-1608,enwiki,2024-10-27 14:40:58
1833573618,Tamilaga Vettri Kazhagam,TamilDravidian,false,-736,enwiki,2024-10-27 14:41:05
1833573709,Kim Jong Un National Defense University,Rakoon,false,16,enwiki,2024-10-27 14:41:30
1833573811,Shan United F.C.,2403:6200:88A7:C82:6C09:4DB:D100:8A0F,false,0,enwiki,2024-10-27 14:42:06
1833573710,Dispilio Tablet,"Мен УИКИНГЕР көзіңді ойып аламын, ешкі сүйетін",false,83,enwiki,2024-10-27 14:41:30
1833573815,Story of the Year,DonkeyDood15 ukog-monkey,false,-6786,enwiki,2024-10-27 14:42:07
1833573711,2024 Italian F4 Championship,GalacticVelocity08,false,48,enwiki,2024-10-27 14:41:24
1833573814,Tyrone All-County Reserve Football Leagues,Skynet2004,false,16,enwiki,2024-10-27 14:42:08
1833573712,RuPay,Elserbio00,false,4,enwiki,2024-10-27 14:41:24
1833573800,Governor of Yamalo-Nenets Autonomous Okrug,Monkbot,true,1,enwiki,2024-10-27 14:42:04
1833573816,Todd Staples,Smallangryplanet,false,-14,enwiki,2024-10-27 14:42:04
1833573802,Isolde Hausser,Simeon,false,14,enwiki,2024-10-27 14:42:04
1833573817,Human (Rag'n'Bone Man song),Szyign,false,112,enwiki,2024-10-27 14:42:06
1833573702,Yuichi Nakamura (voice actor),Cukie Gherkin,false,8,enwiki,2024-10-27 14:41:24
1833573801,Amstrad CPC 464,RapidAssistant,false,243,enwiki,2024-10-27 14:42:05
1833573818,Jērcēni Parish,Marcocapelle,false,-21,enwiki,2024-10-27 14:42:07
1833573703,List of leaders of Georgia (country),Bakir123,false,-50,enwiki,2024-10-27 14:41:28
1833573715,Liberal Youth of Sweden,BumbleBeeBelle,false,212,enwiki,2024-10-27 14:41:32
1833573803,List of international presidential trips made by Bajram Begaj,Iaof2017,false,0,enwiki,2024-10-27 14:42:03
1833573704,Vasily Badanov,Monkbot,true,1,enwiki,2024-10-27 14:41:27
1833573717,User:GrabUp/sandbox,GrabUp,false,53,enwiki,2024-10-27 14:41:33
1833573805,"Moulay Hassan, Crown Prince of Morocco",ElegantEgotist,false,-6,enwiki,2024-10-27 14:42:05
1833573718,Bolesław III Wrymouth,Monkbot,true,1,enwiki,2024-10-27 14:41:31
1833573809,Georges Lemaître,Eb.hoop2,false,-24,enwiki,2024-10-27 14:42:04
1833573707,User talk:Liz,칼빈500,false,299,enwiki,2024-10-27 14:41:16
1833573719,"Marathia, Evrytania",Monkbot,true,1,enwiki,2024-10-27 14:41:34
1833573810,2024–25 Bangkok United F.C. season,Iancash81,false,47,enwiki,2024-10-27 14:42:02
1833573904,American mutilation of Japanese war dead,StarWarsFan501st,false,0,enwiki,2024-10-27 14:42:25
358012201,Portal:Pfälzerwald/Fehlende Artikel,AF666,false,-31,dewiki,2024-10-27 14:42:34
1833574006,Talk:Malach Union Council,Wikibear47,false,18,enwiki,2024-10-27 14:42:53
358012216,Joey Juschka,AHZ,false,47,dewiki,2024-10-27 14:42:57
1833574106,"Moffat County, Colorado",Quebec99,false,-46,enwiki,2024-10-27 14:43:14
1833573907,"Mitchell County, Kansas",Quebec99,false,-44,enwiki,2024-10-27 14:42:25
1833574007,ZF 4HP transmission,Musikgeniesser,false,66,enwiki,2024-10-27 14:42:49
358012217,Die Erschiessung des Landesverräters Ernst S.,Fonero,false,230,dewiki,2024-10-27 14:42:57
1833574107,Anna Rambabu,KishorEdits,false,95,enwiki,2024-10-27 14:43:15
1833573908,RSS Racing,JRnation88,false,131,enwiki,2024-10-27 14:42:23
1833574010,Wikipedia:Administrator intervention against vandalism/TB2,ClueBot NG,false,407,enwiki,2024-10-27 14:42:54
358012218,Benutzer:Mailtosap/Werkstatt,Mailtosap,false,127,dewiki,2024-10-27 14:42:58
1833573910,"Sofía Álvarez (actress, born 1913)",Lord Cornwallis,false,32,enwiki,2024-10-27 14:42:28
358012202,Nordkoreanisch-ukrainische Beziehungen,OzelotOdyssee,false,378,dewiki,2024-10-27 14:42:36
1833574011,Merzouga,Hussierhussier1,false,-528,enwiki,2024-10-27 14:42:53
1833574111,Kostas Papachristos,Monkbot,true,1,enwiki,2024-10-27 14:43:16
1833573909,59 (number),2409:40D0:100F:69FB:8000:0:0:0,false,-5,enwiki,2024-10-27 14:42:25
358012208,Christuskirche (Fulda),Ulamm,false,433,dewiki,2024-10-27 14:42:47
358012210,Gauß-Gymnasium Worms,2003:C8:9F03:4CF4:609A:7516:4116:A816,false,-6,dewiki,2024-10-27 14:42:50
358012215,Untreue (Deutschland),Gesetzesfreak,false,350,dewiki,2024-10-27 14:42:51
1833574112,User talk:Mandi News,331dot,false,1058,enwiki,2024-10-27 14:43:16
1833573911,Žitaičiai,Monkbot,true,2,enwiki,2024-10-27 14:42:26
1833574014,Vilnius Land Bank,Monkbot,true,3,enwiki,2024-10-27 14:42:54
1833574114,Germany (disambiguation),Ehrenkater,false,-90,enwiki,2024-10-27 14:43:18
1833573900,2019 Malagasy parliamentary election,Joshuagaming12,false,1,enwiki,2024-10-27 14:42:26
358012205,Leyes de Ayllón,92.210.50.4,false,38,dewiki,2024-10-27 14:42:42
1833574015,Wikipedia:WikiProject Skepticism/Discussions,Reports bot,true,33,enwiki,2024-10-27 14:42:56
1833574116,Template:Taxonomy/Galeus,Quetzal1964,false,1,enwiki,2024-10-27 14:43:18
1833573902,Wikipedia talk:WikiProject Israel,Ca,false,247,enwiki,2024-10-27 14:42:25
358012211,Jeff-Denis Fehr,ArthurMcGill,false,-52,dewiki,2024-10-27 14:42:52
1833574016,Murder,ClueBot NG,false,4,enwiki,2024-10-27 14:42:50
1833574117,Wikipedia:Administrator intervention against vandalism,Knitsey,false,487,enwiki,2024-10-27 14:43:17
1833574000,Accumulated Campaign Service Medal,Gaia Octavia Agrippa,false,306,enwiki,2024-10-27 14:42:51
1833574017,Talk:Malakhra,Wikibear47,false,5,enwiki,2024-10-27 14:42:56
358012219,Thomas Söding,Thomas Schulte im Walde,false,4,dewiki,2024-10-27 14:43:00
1833574102,Military coups in Nigeria,178.148.148.176,false,36,enwiki,2024-10-27 14:43:12
1833573903,Chen Huihui,119.74.102.68,false,274,enwiki,2024-10-27 14:42:24
1833574003,Chen Huihui,119.74.102.68,false,-6,enwiki,2024-10-27 14:42:50
1833574018,Rizal Memorial Sports Complex,Lowkeypedia,false,121,enwiki,2024-10-27 14:42:55
1833574101,Stary Kichkinyash,Monkbot,true,2,enwiki,2024-10-27 14:43:13
1833574212,Saint-Pardoux-d'Arnet,Monkbot,true,1,enwiki,2024-10-27 14:43:47
1833574315,2024–25 Alaska Anchorage Seawolves men's ice hockey season,PensRule11385,false,22,enwiki,2024-10-27 14:44:08
1833574414,Talk:List of North Korean propaganda slogans,AnomieBOT,false,92,enwiki,2024-10-27 14:44:35
1833574213,Easter (disambiguation),180.251.159.14,false,61,enwiki,2024-10-27 14:43:50
1833574317,"Montgomery County, Kansas",Quebec99,false,-44,enwiki,2024-10-27 14:44:10
1833574417,Talk:Abraham Rodriguez (soccer),Tom.Reding,false,-9,enwiki,2024-10-27 14:44:35
1833574201,Bach Medal,Grimes2,false,-4,enwiki,2024-10-27 14:43:46
1833574316,Katia Dandoulaki,Monkbot,true,1,enwiki,2024-10-27 14:44:11
1833574400,Wikipedia:Articles for deletion/Yoel Bouza,ActivelyDisinterested,false,2117,enwiki,2024-10-27 14:44:32
1833574202,Tesla,ClueBot NG,false,-62,enwiki,2024-10-27 14:43:47
1833574215,Bhagwandin Kushwaha,Adamantine123,false,166,enwiki,2024-10-27 14:43:50
1833574318,2024–25 Liga 2 (Indonesia),Fire Law Stone,false,368,enwiki,2024-10-27 14:43:51
1833574401,John Fatheree,Aydoh8,false,66,enwiki,2024-10-27 14:44:30
1833574203,Draft:Usama Sarwar,Minorax,false,21,enwiki,2024-10-27 14:43:46
1833574214,Vehicle registration plates of California,Illegitimate Barrister,false,1,enwiki,2024-10-27 14:43:47
1833574300,Kazakhstan Hockey Federation,Monkbot,true,2,enwiki,2024-10-27 14:44:05
1833574404,Kamnjek,Monkbot,true,2,enwiki,2024-10-27 14:44:31
1833574301,Cyrtomium falcatum,AnomieBOT,true,36,enwiki,2024-10-27 14:44:05
1833574406,Talk:Maliar,Wikibear47,false,17,enwiki,2024-10-27 14:44:33
1833574207,User talk:UsamaSarwar,Minorax,false,2093,enwiki,2024-10-27 14:43:48
1833574302,Colchester United F.C.,92.22.16.245,false,136,enwiki,2024-10-27 14:44:03
1833574407,Talk:Ethnocentrism/Archive 1,Lowercase sigmabot III,true,1252,enwiki,2024-10-27 14:44:32
1833574305,User talk:UsamaSarwar,Minorax,false,585,enwiki,2024-10-27 14:44:08
1833574210,Draft:Nokia 450 (Centertel),SafariScribe,false,92,enwiki,2024-10-27 14:43:49
1833574306,Bernard of Niemodlin,Monkbot,true,1,enwiki,2024-10-27 14:44:08
1833574408,User:GrabUp/sandbox,GrabUp,false,42,enwiki,2024-10-27 14:44:33
1833574211,User talk:Baro Bromberger,SafariScribe,false,2552,enwiki,2024-10-27 14:43:50
1833574314,Talk:Kristo Strickler,Tom.Reding,false,-9,enwiki,2024-10-27 14:44:11
1833574411,2024 Auckland City FC season,Kezyfooty,false,2,enwiki,2024-10-27 14:44:26
1833574504,Beer Lovers Party (Belarus),"Spring tides, Summer holidays, Autumn leaves, Winter warmers",false,-2,enwiki,2024-10-27 14:44:49
1833574713,2024 Auckland City FC season,Kezyfooty,false,0,enwiki,2024-10-27 14:45:22
1833574506,Draft:Olapeju Ibekwe,ImpracticalIdeologue,false,-1039,enwiki,2024-10-27 14:44:50
1833574604,User:Flibirigit/ice hockey,Flibirigit,false,11,enwiki,2024-10-27 14:45:08
1833574714,Operation Gyroscope,Rolex Niloy,false,-4243,enwiki,2024-10-27 14:45:30
1833574507,Qi Xieyuan,RevelationDirect,false,-42,enwiki,2024-10-27 14:44:51
1833574605,Malaysians of Indian descent in Penang,2001:E68:540F:2A7:AD53:5265:D389:9056,false,114,enwiki,2024-10-27 14:45:07
1833574717,Mikulovice (Jeseník District),Monkbot,true,2,enwiki,2024-10-27 14:45:29
1833574513,"Zajezierze, Masovian Voivodeship",Monkbot,true,2,enwiki,2024-10-27 14:44:50
1833574606,Reuben De Melo,Wikisteveb4,false,19,enwiki,2024-10-27 14:45:09
1833574700,Talk:Tamara (name),The Blue Rider,false,481,enwiki,2024-10-27 14:45:24
1833574718,2010 Oriente Petrolero season,Aydoh8,false,50,enwiki,2024-10-27 14:45:23
358012304,Florian Lechner,Wce17,false,90,dewiki,2024-10-27 14:45:39
1833574519,Wikipedia:Reference desk/Science,94.6.86.81,false,354,enwiki,2024-10-27 14:44:48
1833574607,Peasant Revolt (Albania),Durraz0,false,-40,enwiki,2024-10-27 14:45:07
1833574705,Illegal drug trade,CosmLearner,false,-103,enwiki,2024-10-27 14:45:21
1833574608,Hermann Gutzmann,Simeon,false,53,enwiki,2024-10-27 14:45:08
358012300,Wiktorija Ruslanowna Demidowa,Kompetenter,false,76,dewiki,2024-10-27 14:45:37
1833574500,ZF 5HP transmission,Musikgeniesser,false,66,enwiki,2024-10-27 14:44:43
1833574611,Nosferatu (Hugh Cornwell and Robert Williams album),Fomalhaut22,false,24,enwiki,2024-10-27 14:45:09
1833574707,Sam Curran,103.175.100.210,false,249,enwiki,2024-10-27 14:45:23
1833574501,Velichov,Monkbot,true,1,enwiki,2024-10-27 14:44:47
1833574617,Lara Baladi,BilletsMauves,false,0,enwiki,2024-10-27 14:45:10
1833574708,German Sea Rescue Society,Monkbot,true,1,enwiki,2024-10-27 14:45:26
1833574602,Talk:Omar Malik,Wikibear47,false,31,enwiki,2024-10-27 14:45:08
1833574710,Soviet–Japanese border conflicts,Vbbanaz05,false,2,enwiki,2024-10-27 14:45:28
1833574503,Talk:Asad Malik,Wikibear47,false,28,enwiki,2024-10-27 14:44:50
1833574603,Times New Roman,2600:1700:6CB2:8810:454B:E65C:B077:4271,false,-4,enwiki,2024-10-27 14:45:01
1833574618,Curtis Tilt,GiantSnowman,false,1,enwiki,2024-10-27 14:45:10
1833574712,Wikipedia:Community portal/Open tasks,SuggestBot,false,-115,enwiki,2024-10-27 14:45:30
1833574804,Coulgens,Monkbot,true,1,enwiki,2024-10-27 14:45:48
358012318,Portal:Pfälzerwald/Fehlende Artikel,AF666,false,32,dewiki,2024-10-27 14:46:11
1833574918,List of White Pass and Yukon Route locomotives and cars,Buffalo Robert,false,-8,enwiki,2024-10-27 14:46:12
1833574805,Keith Jardine,199.246.162.6,false,8,enwiki,2024-10-27 14:45:49
358012316,Hallenradsport-Weltmeisterschaften 2024,Rz98,false,1745,dewiki,2024-10-27 14:46:04
1833574919,List of Bengali films of 1972,Raajudash,false,89,enwiki,2024-10-27 14:46:20
358012307,Portal:Pfälzerwald/Fehlende Artikel,AF666,false,1,dewiki,2024-10-27 14:45:44
1833574807,User talk:UsamaSarwar,Spiderone,false,2931,enwiki,2024-10-27 14:45:51
1833574904,"Poliske, Korosten Raion, Zhytomyr Oblast",BilletsMauves,false,0,enwiki,2024-10-27 14:46:15
1833574809,Draft:Usama Sarwar,Spiderone,false,-59,enwiki,2024-10-27 14:45:50
358012315,Regino-Preis,32X,false,252,dewiki,2024-10-27 14:46:02
358012319,Liste der Träger des Großen Bundesverdienstkreuzes mit Stern und Schulterband,Asperatus,false,236,dewiki,2024-10-27 14:46:13
358012310,Florian,Wce17,false,21,dewiki,2024-10-27 14:45:52
1833574907,Sadillac,Monkbot,true,1,enwiki,2024-10-27 14:46:15
1833574811,East Zagori,Monkbot,true,1,enwiki,2024-10-27 14:45:51
358012313,Wikipedia:Redaktion Chemie,Benff,false,220,dewiki,2024-10-27 14:45:58
1833574908,Irene Burillo Escorihuela,Sherman1998,false,221,enwiki,2024-10-27 14:46:17
1833574814,Rudolf Hercher,Simeon,false,14,enwiki,2024-10-27 14:45:53
1833574909,User:Sohom Datta/common.js,Sohom Datta,false,110,enwiki,2024-10-27 14:46:19
358012306,Liste der DFB-Schiedsrichter,Wce17,false,45,dewiki,2024-10-27 14:45:42
358012311,Baisch,Buchbibliothek,false,-4,dewiki,2024-10-27 14:45:56
1833574911,Victor Hensen,Simeon,false,14,enwiki,2024-10-27 14:46:18
358012314,Jekyll & Hyde (Musical),213.188.116.54,false,369,dewiki,2024-10-27 14:46:00
1833574914,User:ClueBot III/Detailed Indices/User talk:ImprovedWikiImprovment/Archive 2024,ClueBot III,true,243,enwiki,2024-10-27 14:46:21
1833574802,Harrogate Bus Company,HeyI'mAmethyst,false,27,enwiki,2024-10-27 14:45:46
358012312,Alliance Witan,Qwertz1894,false,-21,dewiki,2024-10-27 14:45:57
1833574916,Anti-aircraft warfare,Nafis Fuad Ayon,false,36,enwiki,2024-10-27 14:46:18
1833575019,List of French flat horse races,BarnhallBoy,false,21,enwiki,2024-10-27 14:46:44
1833575117,Cotter baronets,Jac752023,false,1,enwiki,2024-10-27 14:47:14
1833575208,Talk:Tamara (name),The Blue Rider,false,1,enwiki,2024-10-27 14:47:35
1833575209,Liberty Belle Riverboat,2600:1006:B128:892B:7DD8:68E8:B095:8D3D,false,-1,enwiki,2024-10-27 14:47:33
1833575000,Harvey Macadam,GiantSnowman,false,4,enwiki,2024-10-27 14:46:42
1833575107,Critérium de Saint-Cloud,BarnhallBoy,false,23,enwiki,2024-10-27 14:47:11
1833575211,User:SafariScribe/AfC log,SafariScribe,false,158,enwiki,2024-10-27 14:47:10
1833575001,2024–25 Bentley Falcons men's ice hockey season,PensRule11385,false,48,enwiki,2024-10-27 14:46:40
1833575215,Category talk:Professional sports leagues in Belgium,PKT,false,-2,enwiki,2024-10-27 14:47:37
1833575002,The Mall Maidstone,FRibeiro66,false,0,enwiki,2024-10-27 14:46:43
1833575110,Template:Story of the Year,DonkeyDood15 ukog-monkey,false,21,enwiki,2024-10-27 14:47:13
1833575214,Rontignon,Monkbot,true,1,enwiki,2024-10-27 14:47:34
1833575005,Welcome to Kodaikanal,117.204.137.247,false,28,enwiki,2024-10-27 14:46:43
1833575111,Draft:Steins;Gate Re:Boot,JustAMadScientist,false,10,enwiki,2024-10-27 14:47:12
1833575200,File:Australian Signals Directorate program logo.svg,Idiosincrático,false,13,enwiki,2024-10-27 14:47:34
1833575216,Rencēni Parish,Marcocapelle,false,-21,enwiki,2024-10-27 14:47:38
1833575006,"Chord Line, Tamil Nadu",2406:7400:75:21E2:7DB5:92EE:CCDF:55F4,false,0,enwiki,2024-10-27 14:46:40
1833575112,Marcus Dackers,GiantSnowman,false,3,enwiki,2024-10-27 14:47:12
1833575202,Wikipedia:Redirects for discussion/Log/2024 October 27,Lunamann,false,333,enwiki,2024-10-27 14:47:33
1833575217,Valeri Nenenko,Monkbot,true,1,enwiki,2024-10-27 14:47:38
1833575009,Homeland Party (United Kingdom),82.46.185.107,false,5,enwiki,2024-10-27 14:46:42
1833575115,Buchlovice,Monkbot,true,1,enwiki,2024-10-27 14:47:11
1833575010,Nicholas White (lawyer),Unoquha,false,5,enwiki,2024-10-27 14:46:44
1833575116,Draft:List of expatriate football managers in the Malaysian League,SaWaGaAz,false,81,enwiki,2024-10-27 14:47:13
1833575409,Protestantism in Germany,Monkbot,true,1,enwiki,2024-10-27 14:48:27
358012403,Jörg Immendorff,Gge,false,-1579,dewiki,2024-10-27 14:48:34
358012409,Kurt Hertha,IWL04,false,4,dewiki,2024-10-27 14:48:45
358012413,Portal Diskussion:Dresden,Stefan Kühn,false,552,dewiki,2024-10-27 14:48:45
1833575400,Szamotuły County,Monkbot,true,1,enwiki,2024-10-27 14:48:24
1833575410,"Tyler, the Creator discography",RapsTooFocussed,false,174,enwiki,2024-10-27 14:48:27
358012414,Darrell Scott,Aka,false,14,dewiki,2024-10-27 14:48:48
1833575411,Skaņkalne Parish,Marcocapelle,false,-21,enwiki,2024-10-27 14:48:29
358012410,Tommaso Bernetti,Aka,false,15,dewiki,2024-10-27 14:48:46
1833575412,Operação Prato,LuckyLouie,false,-253,enwiki,2024-10-27 14:48:30
1833575403,Wikipedia:Biographies of living persons/randomunreferenced1,AnomieBOT,true,-3,enwiki,2024-10-27 14:48:27
1833575413,Reuben De Melo,Wikisteveb4,false,131,enwiki,2024-10-27 14:48:31
358012406,Burnet R. Maybank,Aka,false,15,dewiki,2024-10-27 14:48:37
1833575405,New Zealand–Taiwan relations,2001:56A:F823:C700:B1F9:31E3:6D4E:1F70,false,167,enwiki,2024-10-27 14:48:26
1833575414,Janet Suzman,Jean-de-Nivelle,false,-177,enwiki,2024-10-27 14:48:31
358012407,Roderich Kiesewetter,Serols,false,-30,dewiki,2024-10-27 14:48:43
358012411,Untreue (Deutschland),Gesetzesfreak,false,43,dewiki,2024-10-27 14:48:43
358012415,Herrengedeck,GreyGens,false,100,dewiki,2024-10-27 14:48:49
1833575416,Show business,Citation bot,true,-5,enwiki,2024-10-27 14:48:31
358012412,Voßheide,Der blaue Reiter kehrt zurück,false,148,dewiki,2024-10-27 14:48:47
1833575406,Bairwa,C.Fred,false,261,enwiki,2024-10-27 14:48:29
1833575417,Karlsruhe Palace,Monkbot,true,1,enwiki,2024-10-27 14:48:31
1833575407,Jukka Raitala,Syvä-äksy,false,229,enwiki,2024-10-27 14:48:28
1833575309,Tom Gregory (singer),Szyign,false,221,enwiki,2024-10-27 14:48:04
1833575408,Northern Ireland peace process,146.199.140.26,false,-35,enwiki,2024-10-27 14:48:28
358012401,Germany Schulz,Aka,false,15,dewiki,2024-10-27 14:48:34
358012408,Emile Chérif,Marina Ultrablue,false,-3,dewiki,2024-10-27 14:48:45
358012417,Uhudler,Keuk,false,-1,dewiki,2024-10-27 14:48:53
1833575511,Reuben De Melo,Wikisteveb4,false,332,enwiki,2024-10-27 14:49:00
1833575512,User:Aafaqf1,Aafaqf1,false,1409,enwiki,2024-10-27 14:49:02
1833575500,"Minywa, Magway",EmeraldRange,false,-1,enwiki,2024-10-27 14:48:57
1833575513,Bikbulatovo,Monkbot,true,2,enwiki,2024-10-27 14:49:00
1833575501,User:GrabUp/common.js,GrabUp,false,22,enwiki,2024-10-27 14:48:58
1833575514,List of European records in masters athletics,LF1961,false,224,enwiki,2024-10-27 14:48:50
358012418,Kris Kross Amsterdam,YGO24895,false,68,dewiki,2024-10-27 14:48:54
1833575502,Template:Bosnian Premier League managers,Bakir123,false,-19,enwiki,2024-10-27 14:48:58
1833575503,User talk:Soapwort,ClueBot III,true,-739,enwiki,2024-10-27 14:48:58
1833575516,Chemical element,ModernDaySlavery,false,-3,enwiki,2024-10-27 14:48:46
358012419,Terry Ronald LaValley,Aka,false,15,dewiki,2024-10-27 14:48:56
1833575504,The True Jacob (1931 film),Monkbot,true,1,enwiki,2024-10-27 14:48:57
1833575517,Sam Hunt Racing,JRnation88,false,0,enwiki,2024-10-27 14:49:01
1833575508,Red River,Zigwithbag,false,44,enwiki,2024-10-27 14:48:59
1833575518,Disney Club,112.203.130.180,false,0,enwiki,2024-10-27 14:49:04
1833575601,Ethan Hamilton,Lincoln Owl,false,0,enwiki,2024-10-27 14:49:24
1833575612,Talk:Jan Dziekański,PKT,false,52,enwiki,2024-10-27 14:49:31
1833575710,Louie del Carmen,1ctinus,false,74,enwiki,2024-10-27 14:49:51
1833575602,Sonny Aljofree,GiantSnowman,false,0,enwiki,2024-10-27 14:49:26
1833575614,User:ChristieBot/SortableGANoms,ChristieBot,true,8,enwiki,2024-10-27 14:49:27
1833575711,User:GrabUp/sandbox,GrabUp,false,24,enwiki,2024-10-27 14:49:51
1833575615,Critérium de Saint-Cloud,BarnhallBoy,false,209,enwiki,2024-10-27 14:49:31
1833575715,Tom Gregory (singer),Szyign,false,-20,enwiki,2024-10-27 14:49:52
1833575603,Tverečius,Monkbot,true,3,enwiki,2024-10-27 14:49:26
1833575719,Timeline of the Troubles,146.199.140.26,false,-17,enwiki,2024-10-27 14:49:49
1833575604,Draft:Stamina Model -Human Recource Improvement,Jideck,false,787,enwiki,2024-10-27 14:49:29
1833575607,Bose Venkat,223.233.85.30,false,0,enwiki,2024-10-27 14:49:29
1833575608,Draft:Steins;Gate Re:Boot,JustAMadScientist,false,-14,enwiki,2024-10-27 14:49:29
1833575610,Vaidava Parish,Marcocapelle,false,-21,enwiki,2024-10-27 14:49:29
1833575708,Wikipedia:WikiProject Russia/Random,AnomieBOT,false,-4,enwiki,2024-10-27 14:49:52
1833575611,Elymnioi,Monkbot,true,1,enwiki,2024-10-27 14:49:29
1833575800,"Chord Line, Tamil Nadu",2406:7400:75:21E2:7DB5:92EE:CCDF:55F4,false,14,enwiki,2024-10-27 14:50:12
1833575801,Elizabethan England (Tenison),Biohistorian15,false,-8,enwiki,2024-10-27 14:50:15
1833575802,"Liam Coyle (footballer, born 1999)",GiantSnowman,false,0,enwiki,2024-10-27 14:50:15
1833575804,Uam,RussBot,true,25,enwiki,2024-10-27 14:50:16
1833575805,Tarryn Stokes,Wikisteveb4,false,14,enwiki,2024-10-27 14:50:16
1833575806,Wikipedia:Administrator intervention against vandalism/TB2,DatBot,true,402,enwiki,2024-10-27 14:50:17
1833575808,"Barykino (Yesiplevskoye Rural Settlement), Kolchuginsky District, Vladimir Oblast",Monkbot,true,1,enwiki,2024-10-27 14:50:16
1833576010,"Wardrobe of Mary, Queen of Scots",Unoquha,false,114,enwiki,2024-10-27 14:51:05
358012505,Kim Ok,Aka,false,14,dewiki,2024-10-27 14:51:14
358012507,Benutzer:H.p.frei/Thiard (Adelsfamilie),H.p.frei,false,62,dewiki,2024-10-27 14:51:18
358012508,Benaissa Lamroubal,Aka,false,15,dewiki,2024-10-27 14:51:20
1833575904,User:AnomieBOT/SPERTable,AnomieBOT,false,380,enwiki,2024-10-27 14:50:45
1833576011,Aleu,Monkbot,true,1,enwiki,2024-10-27 14:51:04
1833576110,Wikipedia:Village pump (technical),Blueboar,false,187,enwiki,2024-10-27 14:51:17
358012510,League Cup 1968/69,Vince2004,false,3,dewiki,2024-10-27 14:51:25
1833575909,Antonio de Ferraris,Monkbot,true,4,enwiki,2024-10-27 14:50:45
1833576012,Meat Puppets II,50.102.149.14,false,-7,enwiki,2024-10-27 14:51:06
358012503,Wikipedia:Persönliche Bekanntschaften/neue Einträge,Ghilt,false,143,dewiki,2024-10-27 14:51:13
1833576112,Northwest Territories (electoral district),Masterhatch,false,-9,enwiki,2024-10-27 14:51:18
1833576002,Richard N. Gladstein,Feirstein,false,-5,enwiki,2024-10-27 14:51:04
1833576013,Talk:José Olivarez,Tom.Reding,false,-8,enwiki,2024-10-27 14:51:07
358012504,Leonie Pieper,Aka,false,15,dewiki,2024-10-27 14:51:12
1833576113,Draft talk:Alan (Zig) St Clair Gibson,ZigGibson,false,63,enwiki,2024-10-27 14:51:22
1833575810,Dr. Syed Karrar Hussain,Maria Gemmi,false,-76,enwiki,2024-10-27 14:50:19
1833576003,Talk:Somali Civil War (2009–present),Mason7512,false,350,enwiki,2024-10-27 14:51:03
1833576014,Dallas Black Dance Theatre,DB1729,false,-1,enwiki,2024-10-27 14:51:07
1833576117,Talk:Manuel Marrero Cruz,Tom.Reding,false,-9,enwiki,2024-10-27 14:51:22
1833576015,User:Minorax/CSD log/2024,Minorax,false,157,enwiki,2024-10-27 14:50:55
1833576102,Talk:Nadya Mason,Tom.Reding,false,-8,enwiki,2024-10-27 14:51:19
1833576116,Cross of Merit with Swords (Poland),Monkbot,true,1,enwiki,2024-10-27 14:51:21
1833576005,Dirk van Duijvenbode,31.11.209.5,false,90,enwiki,2024-10-27 14:51:01
1833576103,Book Covers of Theodelinda,BrownsCruz,false,612,enwiki,2024-10-27 14:51:19
358012509,Martin Peichl,Aka,false,15,dewiki,2024-10-27 14:51:22
1833576007,Zilaiskalns Parish,Marcocapelle,false,-21,enwiki,2024-10-27 14:51:04
1833576019,Andriy Zholdak,86.93.222.134,false,850,enwiki,2024-10-27 14:51:07
1833576106,Draft:List of expatriate football managers in the Malaysian League,SaWaGaAz,false,56,enwiki,2024-10-27 14:51:20
1833576115,Rocket League,130.43.33.79,false,13,enwiki,2024-10-27 14:51:18
1833576008,Sam Hunt Racing,JRnation88,false,-1,enwiki,2024-10-27 14:51:04
1833576107,Halloween (disambiguation),AusLondonder,false,-128,enwiki,2024-10-27 14:51:20
1833575903,Debuccalization,DDG9912,false,426,enwiki,2024-10-27 14:50:43
1833576009,Latent diffusion model,Perceptron599,false,44,enwiki,2024-10-27 14:51:04
358012501,Wikipedia:Wartungsbausteinwettbewerb/Statistik/Meisterschaft 2011,Lómelinde,false,-10,dewiki,2024-10-27 14:51:10
358012506,Susumu Yokota,Dentalum,false,25,dewiki,2024-10-27 14:51:18
1833576108,Nidal Asmar,SmartyPants22,false,224,enwiki,2024-10-27 14:51:20
358012511,Ihsan Maulana Mustofa,Aka,false,16,dewiki,2024-10-27 14:51:28
1833576215,Tom Pope,Stubbs10,false,0,enwiki,2024-10-27 14:51:32
358012517,Wikipedia:Persönliche Bekanntschaften/neue Einträge,Ghilt,false,142,dewiki,2024-10-27 14:51:34
1833576216,Polish marka,Monkbot,true,1,enwiki,2024-10-27 14:51:37
1833576317,User:RevelationDirect/sandbox,RevelationDirect,false,99,enwiki,2024-10-27 14:51:50
1833576402,Quebrada de las Flechas,Waterfaux,false,-6930,enwiki,2024-10-27 14:52:15
1833576401,Joel Grodowski,Darwinek,false,41,enwiki,2024-10-27 14:52:14
1833576319,User talk:Tholumuzikhuboni,Timtrent,false,2704,enwiki,2024-10-27 14:51:59
1833576410,Timeline of the Israel–Hezbollah conflict (17 September 2024 – present),Chomik1129,false,407,enwiki,2024-10-27 14:51:56
1833576309,2024–25 Augustana (South Dakota) Vikings men's ice hockey season,PensRule11385,false,42,enwiki,2024-10-27 14:51:50
1833576411,Military dictatorship in Nigeria,178.148.148.176,false,5,enwiki,2024-10-27 14:52:14
358012515,Bergen (Norwegen),YMS,false,-1,dewiki,2024-10-27 14:51:27
1833576312,Spiral (1978 film),Monkbot,true,1,enwiki,2024-10-27 14:51:53
1833576412,Northeast megalopolis,66.44.62.69,false,7,enwiki,2024-10-27 14:52:13
358012518,Iris Hanika,Aka,false,15,dewiki,2024-10-27 14:51:34
1833576208,Wikipedia:Articles for deletion/Old,Mathbot,true,0,enwiki,2024-10-27 14:51:37
1833576311,Rocket League,CosmLearner,false,-13,enwiki,2024-10-27 14:51:48
1833576414,Paudie O'Connor,Lincoln Owl,false,0,enwiki,2024-10-27 14:52:14
358012519,Katzendreckgestank-Affäre,Bernd Bergmann,false,-16,dewiki,2024-10-27 14:51:35
1833576206,Talk:Lianna Haroutounian,Tom.Reding,false,-9,enwiki,2024-10-27 14:51:37
1833576313,Talk:Bertha Zúñiga,Tom.Reding,false,-15,enwiki,2024-10-27 14:51:54
1833576416,Wikipedia:Requested moves/Current discussions (table),RMCD bot,true,274,enwiki,2024-10-27 14:52:14
1833576214,Easter (disambiguation),AusLondonder,false,-95,enwiki,2024-10-27 14:51:38
1833576314,George Kambosos Jr.,Fep70,false,36,enwiki,2024-10-27 14:51:54
1833576418,Wikipedia:Requested moves/Current discussions (alt),RMCD bot,true,961,enwiki,2024-10-27 14:52:11
1833576511,"Wardrobe of Mary, Queen of Scots",Unoquha,false,114,enwiki,2024-10-27 14:52:32
1833576602,Dom Jefferies,Lincoln Owl,false,0,enwiki,2024-10-27 14:52:48
1833576706,Talk:Yomi Scintu,Tom.Reding,false,-1,enwiki,2024-10-27 14:53:07
1833576815,"Sergio Díaz (footballer, born 1985)",BilletsMauves,false,0,enwiki,2024-10-27 14:53:35
358012605,Willi Hoselmann,Tfjt,false,0,dewiki,2024-10-27 14:53:39
1833576605,States and union territories of India,2409:40F2:205E:E484:8000:0:0:0,false,1,enwiki,2024-10-27 14:52:45
1833576707,Talk:2024 Toray Pan Pacific Open – Singles,Wolbo,false,120,enwiki,2024-10-27 14:53:07
1833576816,Charles Esten,Petzy012,false,-7,enwiki,2024-10-27 14:53:34
1833576608,Peasant armament support march,BumbleBeeBelle,false,475,enwiki,2024-10-27 14:52:51
1833576708,Ghajar,The Mountain of Eden,false,13,enwiki,2024-10-27 14:53:06
358012604,Liste der Träger des Großen Bundesverdienstkreuzes mit Stern,Asperatus,false,50,dewiki,2024-10-27 14:53:36
1833576803,The Substance,77.239.89.14,false,-2,enwiki,2024-10-27 14:53:26
1833576709,Hillal Soudani,Snowflake91,false,0,enwiki,2024-10-27 14:53:05
1833576804,Talk:Will Reilly,Tom.Reding,false,-2,enwiki,2024-10-27 14:53:29
1833576806,2024 ACC Emerging Teams Asia Cup,Janeesh 22,false,-1,enwiki,2024-10-27 14:53:29
1833576701,Ludhiana Airport,BIKESHJONAS,false,31,enwiki,2024-10-27 14:53:05
1833576712,Tahir Zaman Priyo,220 of Borg,false,-183,enwiki,2024-10-27 14:53:08
358012600,Michael Smolik,88.72.163.86,false,170,dewiki,2024-10-27 14:53:18
1833576807,Talk:Eddy Prugh,Tom.Reding,false,-5,enwiki,2024-10-27 14:53:32
1833576713,List of NCAA college football rivalry games,KingSkyLord,false,0,enwiki,2024-10-27 14:53:05
1833576810,Spanish American wars of independence,Pipo1955,false,157,enwiki,2024-10-27 14:53:28
1833576705,Ford 6R transmission,Musikgeniesser,false,20,enwiki,2024-10-27 14:53:04
1833576813,Talk:Tabort Etaka Preston,Tom.Reding,false,-5,enwiki,2024-10-27 14:53:34
1833576500,List of equipment of the Italian Army,Fabrice Ram,false,10523,enwiki,2024-10-27 14:52:21
1833576600,Talk:Toni Soler,Tom.Reding,false,-7,enwiki,2024-10-27 14:52:49
358012601,Wikipedia Diskussion:Kurier,Psittacuso,false,1457,dewiki,2024-10-27 14:53:21
1833576814,2024 Rolex Paris Masters – Singles,101.57.34.71,false,14,enwiki,2024-10-27 14:53:31
358012606,Göksel,Tymo35,false,44,dewiki,2024-10-27 14:53:41
358012613,PETA,Aemijork,false,4,dewiki,2024-10-27 14:53:56
1833576915,Category:Theresa May,Tuhin,false,52,enwiki,2024-10-27 14:54:01
358012619,Regenbogenfraktion (1984–1989),Saehrimnir,false,0,dewiki,2024-10-27 14:54:12
1833577002,List of Bad Education episodes,Indagate,false,285,enwiki,2024-10-27 14:54:19
1833577012,Talk:Alex Mighten,Tom.Reding,false,-11,enwiki,2024-10-27 14:54:22
1833577111,Wikipedia:Reference desk/Science,94.6.86.81,false,56,enwiki,2024-10-27 14:54:36
1833576903,Hey Whatever,191.240.191.50,false,0,enwiki,2024-10-27 14:53:58
1833576919,Talk:Denis Nekrasov,Tom.Reding,false,-11,enwiki,2024-10-27 14:54:02
1833577004,User talk:Andy Dingley/Archive 2009 July,Hilst,false,-4,enwiki,2024-10-27 14:54:21
1833577014,Kate's Ice Cream,PinkDucky91,false,50,enwiki,2024-10-27 14:54:22
1833576904,Maria Polydouri,Monkbot,true,1,enwiki,2024-10-27 14:53:57
1833577015,User talk:Andy Dingley/Archive 2009 June,Hilst,false,-4,enwiki,2024-10-27 14:54:24
1833577112,I＞3UQTINVU,MSMST1543,false,-14,enwiki,2024-10-27 14:54:39
358012614,Wikipedia:Wartungsbausteinwettbewerb/Statistik/Meisterschaft 2008,Lómelinde,false,-10,dewiki,2024-10-27 14:53:58
358012617,Wikipedia:Löschkandidaten/25. Oktober 2024,2A02:3037:40B:CDC3:7FE7:7F72:1C74:3889,false,6,dewiki,2024-10-27 14:54:04
1833577005,2024 Montana Grizzlies football team,MKP2020,false,12,enwiki,2024-10-27 14:54:20
1833577017,Talk:Promega,Amigao,false,19,enwiki,2024-10-27 14:54:24
1833577113,2024 Jharkhand Legislative Assembly election,RITWIK MAHATA,false,74,enwiki,2024-10-27 14:54:34
1833576906,Talk:Dan Nlundulu,Tom.Reding,false,-7,enwiki,2024-10-27 14:53:59
358012615,Zöbernbach,2A02:1748:DD5E:E580:E16F:8459:64CC:A7F7,false,48,dewiki,2024-10-27 14:54:03
1833577007,Paete,Calonmenisback,false,0,enwiki,2024-10-27 14:54:18
1833576907,Ode to J. Smith,The Banner,false,-64,enwiki,2024-10-27 14:53:59
1833577009,Mike Harmon Racing,JRnation88,false,0,enwiki,2024-10-27 14:54:18
358012608,Billie Eilish,Wce17,false,30,dewiki,2024-10-27 14:53:44
1833576908,Mike Harmon Racing,JRnation88,false,48,enwiki,2024-10-27 14:53:55
358012616,"Hans Albrecht (Politiker, 1919)",Gesetzesfreak,false,-5,dewiki,2024-10-27 14:54:03
1833577008,Komenda,Monkbot,true,8,enwiki,2024-10-27 14:54:20
1833577101,Talk:Celal Şener,LibStar,false,44,enwiki,2024-10-27 14:54:37
358012612,Sommer-Paralympics 2016/Teilnehmer (Aserbaidschan),Loper12321,false,6,dewiki,2024-10-27 14:53:57
1833576909,User:LR.127/common.js,LR.127,false,143,enwiki,2024-10-27 14:54:01
1833577010,Draft:Haji Golam Sultan Chowdhury Mosque,Minorax,false,3047,enwiki,2024-10-27 14:54:22
1833577102,Vadim Kirichenko,Monkbot,true,1,enwiki,2024-10-27 14:54:36
1833576900,Talk:David Norman Jr.,Tom.Reding,false,-8,enwiki,2024-10-27 14:53:57
1833576912,Namiestnik of Poland,Monkbot,true,5,enwiki,2024-10-27 14:54:00
1833577000,Contessa Entellina,GreenWolfyVillager,false,295,enwiki,2024-10-27 14:54:18
1833577107,Northeast megalopolis,66.44.62.69,false,4,enwiki,2024-10-27 14:54:35
1833576902,User talk:Andy Dingley/Archive 2008 December,Hilst,false,-4,enwiki,2024-10-27 14:53:58
1833576913,User talk:Andy Dingley/Archive 2008 November,Hilst,false,-4,enwiki,2024-10-27 14:54:00
1833577001,Ivan Alexander of Bulgaria,Knitsey,false,-33,enwiki,2024-10-27 14:54:17
1833577011,John C. Watson (judge),BD2412,false,54,enwiki,2024-10-27 14:54:22
1833577110,God in Christianity,2A00:23C6:F389:B301:E151:2E41:C5C1:80BC,false,9,enwiki,2024-10-27 14:54:34
1833577118,France–Taiwan relations,2001:56A:F823:C700:B1F9:31E3:6D4E:1F70,false,-83,enwiki,2024-10-27 14:54:39
1833577213,Talk:Daniela Mack,Tom.Reding,false,-11,enwiki,2024-10-27 14:55:00
1833577300,Heinz Conrads,Kafash 1989,false,89,enwiki,2024-10-27 14:55:18
1833577316,Frederick S. Jones,Simeon,false,14,enwiki,2024-10-27 14:55:21
1833577414,User:Skyshifter/sandbox,Skyshifter,false,1197,enwiki,2024-10-27 14:55:39
1833577214,User talk:Andy Dingley/Archive 2010 March,Hilst,false,-4,enwiki,2024-10-27 14:55:00
1833577302,Tom Hamer,Lincoln Owl,false,1,enwiki,2024-10-27 14:55:17
1833577319,Draft:List of expatriate football managers in the Malaysian League,SaWaGaAz,false,102,enwiki,2024-10-27 14:55:22
1833577402,Andrew Agozzino,Triggerbit,false,26,enwiki,2024-10-27 14:55:40
1833577415,2024–25 Western Michigan Broncos men's ice hockey season,PensRule11385,false,17,enwiki,2024-10-27 14:55:40
1833577216,Faroe Islands women's national football team,Tomrtn,false,-404,enwiki,2024-10-27 14:54:58
1833577307,User talk:Andy Dingley/Archive 2011 April,Hilst,false,-4,enwiki,2024-10-27 14:55:19
1833577317,Gio Benitez,ClueBot NG,false,-11,enwiki,2024-10-27 14:55:21
1833577403,User talk:Andy Dingley/Archive 2011 May,Hilst,false,-4,enwiki,2024-10-27 14:55:41
1833577416,Johnny Gottselig,Monkbot,true,1,enwiki,2024-10-27 14:55:43
1833577215,October 2024 Israeli strikes on Iran,Makeandtoss,false,-50,enwiki,2024-10-27 14:54:57
1833577405,2024–25 Premier League of Bosnia and Herzegovina,Bakir123,false,354,enwiki,2024-10-27 14:55:40
1833577218,Burj Al Babas,ERAGON,false,818,enwiki,2024-10-27 14:55:01
1833577309,Belgorod Oblast Duma,Monkbot,true,1,enwiki,2024-10-27 14:55:18
1833577404,Torwood,Science pirate,false,32,enwiki,2024-10-27 14:55:40
1833577418,User talk:Andy Dingley/Archive 2011 November,Hilst,false,-4,enwiki,2024-10-27 14:55:44
1833577206,Talk:Alison Macrina,Tom.Reding,false,-12,enwiki,2024-10-27 14:54:57
1833577219,Pedro Elviro,Lord Cornwallis,false,84,enwiki,2024-10-27 14:55:01
1833577310,Wikipedia:Articles for deletion/Syed Karrar Hussain,C.Fred,false,-16,enwiki,2024-10-27 14:55:21
1833577408,Maraden Panggabean,RyanW1995,false,-15,enwiki,2024-10-27 14:55:38
1833577419,Tom Hamer,Lincoln Owl,false,1,enwiki,2024-10-27 14:55:44
1833577205,Alien: Romulus,Lankyant,false,9,enwiki,2024-10-27 14:54:55
1833577311,Stanisław Mielech,KibolLP,false,1691,enwiki,2024-10-27 14:55:18
1833577410,Onno Klopp,Simeon,false,14,enwiki,2024-10-27 14:55:42
1833577207,Land of Silence and Darkness,Monkbot,true,1,enwiki,2024-10-27 14:54:56
1833577314,Talk:Sreeleela,Tom.Reding,false,4,enwiki,2024-10-27 14:55:20
1833577401,Takis Vougiouklakis,Monkbot,true,1,enwiki,2024-10-27 14:55:40
1833577411,Seagull management,Chemooa15 hild,false,237,enwiki,2024-10-27 14:55:42
1833577208,User talk:Andy Dingley/Archive 2010 June,Hilst,false,-4,enwiki,2024-10-27 14:54:58
1833577315,Group Portrait of an Unknown Family or Company,Jane & the Angels,false,1,enwiki,2024-10-27 14:55:21
1833577209,"Sir Richard Hoare, 2nd Baronet",Aydoh8,false,-5,enwiki,2024-10-27 14:54:57
1833577513,User talk:Andy Dingley/Archive 2012 March,Hilst,false,-4,enwiki,2024-10-27 14:56:10
1833577609,MediaWiki,Zygimantus,false,-11,enwiki,2024-10-27 14:56:27
1833577500,The Secret Series (Enid Blyton),Rich Farmbrough,false,1,enwiki,2024-10-27 14:56:07
1833577516,Otto Ernst Heinrich Klemperer,Simeon,false,14,enwiki,2024-10-27 14:56:11
1833577610,Talk:Chris Hurst (Virginia politician),Tom.Reding,false,-11,enwiki,2024-10-27 14:56:34
1833577712,User talk:B.Korlah,Afrowriter,false,327,enwiki,2024-10-27 14:56:53
1833577502,User talk:Andy Dingley/Archive 2012 June,Hilst,false,-4,enwiki,2024-10-27 14:56:07
1833577518,Ulsan Industrial Center Monument,AusLondonder,false,-55,enwiki,2024-10-27 14:56:11
1833577612,Gout-Rossignol,Monkbot,true,1,enwiki,2024-10-27 14:56:31
1833577701,Peasant armament support march,BumbleBeeBelle,false,58,enwiki,2024-10-27 14:56:51
1833577713,Draft:Syed Karrar Hussain,Syed Shahzaman1,false,-439,enwiki,2024-10-27 14:56:54
1833577503,Sajevec,Monkbot,true,1,enwiki,2024-10-27 14:56:05
1833577517,User:GrabUp/sandbox,GrabUp,false,21,enwiki,2024-10-27 14:56:12
1833577613,Talk:Mark Weisbrot,Burrobert,false,171,enwiki,2024-10-27 14:56:31
1833577702,Talk:Sophie Gonzales (writer),Tom.Reding,false,-9,enwiki,2024-10-27 14:56:51
1833577714,Quebrada de Las Flechas,Waterfaux,false,217,enwiki,2024-10-27 14:56:52
1833577504,User:AnomieBOT/PERTable,AnomieBOT,false,517,enwiki,2024-10-27 14:56:07
1833577519,Ekaterina Beliaeva,BilletsMauves,false,0,enwiki,2024-10-27 14:56:12
1833577614,Sketches for My Sweetheart the Drunk,Martin IIIa,false,525,enwiki,2024-10-27 14:56:33
1833577703,Isabelle Haverlag,Sherman1998,false,336,enwiki,2024-10-27 14:56:51
1833577715,Nyam-Osor Naranbold,Billjones94,false,2,enwiki,2024-10-27 14:56:53
1833577505,Template:DragRaceProgressTable/16,Noahp2,false,0,enwiki,2024-10-27 14:56:07
1833577617,Wikipedia talk:WikiProject Politics of the United Kingdom,LunaExplorer,false,-51,enwiki,2024-10-27 14:56:36
1833577600,41st Federal Congress of the PSOE,Impru20,false,43,enwiki,2024-10-27 14:56:30
1833577618,Lathom House,EPEAviator,false,63,enwiki,2024-10-27 14:56:34
1833577704,User talk:Andy Dingley/Archive 2019,Hilst,false,-4,enwiki,2024-10-27 14:56:47
1833577717,User talk:Andy Dingley/Archive 2021,Hilst,false,-4,enwiki,2024-10-27 14:56:54
1833577508,Nilofer Khan,Aafi,false,-19,enwiki,2024-10-27 14:56:08
1833577601,Talk:Saboi Imboela,Tom.Reding,false,-11,enwiki,2024-10-27 14:56:31
1833577707,User talk:Andy Dingley/Archive 2020,Hilst,false,-4,enwiki,2024-10-27 14:56:51
1833577510,User:Therealtwo/sandbox,Therealtwo,false,0,enwiki,2024-10-27 14:56:10
1833577603,User:Samuel Adrian Antz/Drafts,Samuel Adrian Antz,false,354,enwiki,2024-10-27 14:56:27
1833577619,Reichman University,Gonnym,false,26,enwiki,2024-10-27 14:56:35
358012719,Benutzer:Suschni/Artikelentwurf,Suschni,false,8,dewiki,2024-10-27 14:56:44
1833577710,Heinrich Kiepert,Simeon,false,2,enwiki,2024-10-27 14:56:52
1833577511,Sitagroi,Monkbot,true,1,enwiki,2024-10-27 14:56:08
1833577605,Bangladeshi cricket team in the West Indies in 2024–25,Goodknowme,false,213,enwiki,2024-10-27 14:56:31
1833577804,Salzburg Music Prize,Monkbot,true,1,enwiki,2024-10-27 14:57:10
1833577814,Talk:Annett Fleischer,Tom.Reding,false,-6,enwiki,2024-10-27 14:57:14
1833577907,Polish Army Medal,Monkbot,true,1,enwiki,2024-10-27 14:57:36
1833578015,Roughtail catshark,Quetzal1964,false,1,enwiki,2024-10-27 14:58:02
1833577803,40th Federal Congress of the PSOE,Impru20,false,45,enwiki,2024-10-27 14:57:11
1833577908,Talk:Lynne DiSanto,Tom.Reding,false,-12,enwiki,2024-10-27 14:57:36
1833578003,Talk:Illuminati,Knitsey,false,-217,enwiki,2024-10-27 14:57:57
1833577805,René Cardona,Lord Cornwallis,false,61,enwiki,2024-10-27 14:57:11
1833577818,User talk:Joseywales1961,Joseywales1961,false,0,enwiki,2024-10-27 14:57:15
1833577911,Illegal drug trade,CosmLearner,false,-163,enwiki,2024-10-27 14:57:33
1833578004,John Rolfe,Stevenmitchell,false,8,enwiki,2024-10-27 14:57:57
1833578016,"Urman, Bakalinsky District, Republic of Bashkortostan",Monkbot,true,1,enwiki,2024-10-27 14:58:01
1833578005,Talk:Yaya Cisse,Tom.Reding,false,-9,enwiki,2024-10-27 14:57:59
1833577900,Alex Newby,GiantSnowman,false,0,enwiki,2024-10-27 14:57:35
1833577914,The Golden Ball and Other Stories,Prairieplant,false,1916,enwiki,2024-10-27 14:57:37
1833578007,Lezgian language,Eurohunter,false,17,enwiki,2024-10-27 14:57:57
1833577902,Lezgian language,Eurohunter,false,16,enwiki,2024-10-27 14:57:33
1833577915,Draft:Syed Karrar Hussain,Syed Shahzaman1,false,59,enwiki,2024-10-27 14:57:39
1833578006,Reichman University,Gonnym,false,-4,enwiki,2024-10-27 14:57:58
1833577806,Talk:Mihingarangi Forbes,Tom.Reding,false,-9,enwiki,2024-10-27 14:57:11
1833577903,User:GrabUp/common.js,GrabUp,false,126,enwiki,2024-10-27 14:57:36
1833577918,Sexed Up,191.240.191.50,false,-159,enwiki,2024-10-27 14:57:38
1833578008,Planioles,Monkbot,true,1,enwiki,2024-10-27 14:57:57
1833577810,Jack Moylan,Lincoln Owl,false,0,enwiki,2024-10-27 14:57:11
1833577905,Oliver Dimon Kellogg,Simeon,false,14,enwiki,2024-10-27 14:57:36
1833577919,MSNBC Reports,Rillington,false,0,enwiki,2024-10-27 14:57:38
1833577906,Leonel Ferroni,Aydoh8,false,-2,enwiki,2024-10-27 14:57:36
1833578012,Khovd FC,Billjones94,false,-109,enwiki,2024-10-27 14:58:00
1833578002,Kantipur Publications,27.34.65.141,false,83,enwiki,2024-10-27 14:57:57
1833578014,Talk:Michael Chu (private equity investor),Tom.Reding,false,-6,enwiki,2024-10-27 14:58:01
1833578201,Wonder Woman,Smallangryplanet,false,-110,enwiki,2024-10-27 14:58:31
1833578214,Talk:Ute Bertram,Tom.Reding,false,-7,enwiki,2024-10-27 14:58:47
1833578107,"Talk:Caju (footballer, born 1995)",Tom.Reding,false,-11,enwiki,2024-10-27 14:58:22
1833578118,Pang War,EmeraldRange,false,333,enwiki,2024-10-27 14:58:23
1833578202,Larisa Peleshenko,Monkbot,true,1,enwiki,2024-10-27 14:58:41
1833578219,Talk:Dominique Bergmann,Tom.Reding,false,-13,enwiki,2024-10-27 14:58:49
1833578108,Template:DragRaceProgressTable/Thailand3,Noahp2,false,-86,enwiki,2024-10-27 14:58:22
358012800,Stijn Streuvels,Aka,false,15,dewiki,2024-10-27 14:58:24
1833578203,Difluoropine,JWBE,false,38,enwiki,2024-10-27 14:58:42
358012814,Motorradsport,Wiegels,false,0,dewiki,2024-10-27 14:58:49
1833578109,Bhagwandin Kushwaha,Adamantine123,false,28,enwiki,2024-10-27 14:58:21
1833578119,User:GrabUp/sandbox,GrabUp,false,-20,enwiki,2024-10-27 14:58:24
1833578204,Talk:Bicou Bissainthe,Tom.Reding,false,-12,enwiki,2024-10-27 14:58:44
358012817,Gerardo Mejía,Aka,false,15,dewiki,2024-10-27 14:58:55
358012810,Liste profanierter Kirchen im Bistum Speyer,AF666,false,142,dewiki,2024-10-27 14:58:29
358012811,Esra Limbacher,Aka,false,15,dewiki,2024-10-27 14:58:33
1833578206,Subir Sachdev,Ctindusganges,false,-79,enwiki,2024-10-27 14:58:44
358012816,Frauke Hundeling,Aka,false,13,dewiki,2024-10-27 14:58:52
1833578112,Gustav Karsten,Simeon,false,14,enwiki,2024-10-27 14:58:22
1833578207,Talk:World record progression 50 metres butterfly,Montell 74,false,-250,enwiki,2024-10-27 14:58:45
1833578113,Murghob,Monkbot,true,2,enwiki,2024-10-27 14:58:21
358012813,Benutzer:Elmar Nolte/Uwe Wieczorek,Elmar Nolte,false,65,dewiki,2024-10-27 14:58:46
358012818,Grafton Galleries,MeCorbeau,false,271,dewiki,2024-10-27 14:58:57
1833578100,Lyle and Erik Menendez,Esprit15d,false,278,enwiki,2024-10-27 14:58:17
358012801,Wikipedia:Qualitätssicherung/27. Oktober 2024,92.210.50.4,false,104,dewiki,2024-10-27 14:58:26
1833578208,Dunedin,203.96.200.167,false,25,enwiki,2024-10-27 14:58:40
1833578101,Roughtail catshark,Quetzal1964,false,6,enwiki,2024-10-27 14:58:20
1833578114,Primary election,180 Degree Open Angedre,false,-39,enwiki,2024-10-27 14:58:20
1833578209,Ryan Tafazolli,82.0.137.172,false,18,enwiki,2024-10-27 14:58:44
358012819,Leichtathletik-Europameisterschaften 2006,Loper12321,false,15,dewiki,2024-10-27 14:58:53
1833578102,User talk:2601:540:8201:27C0:29B2:2342:3F0F:5DFC,CosmLearner,false,863,enwiki,2024-10-27 14:58:21
1833578115,TAROM,Jetstreamer,false,1055,enwiki,2024-10-27 14:58:20
358012812,Gijs Blom,Aka,false,15,dewiki,2024-10-27 14:58:43
1833578211,Aygyrbatkan,Monkbot,true,2,enwiki,2024-10-27 14:58:45
1833578312,Talk:Jean Bahr,Tom.Reding,false,-11,enwiki,2024-10-27 14:59:12
1833578404,Nemesnádudvar,Darwinek,false,85,enwiki,2024-10-27 14:59:31
1833578508,Deke Anderson,Lepricavark,false,36,enwiki,2024-10-27 14:59:54
1833578301,Care Bears Movie II: A New Generation,166.216.159.122,false,24,enwiki,2024-10-27 14:59:00
1833578310,Otago,Alexeyevitch,false,-97,enwiki,2024-10-27 14:59:10
1833578407,Talk:Muhaned Abu Khumra,Tom.Reding,false,-11,enwiki,2024-10-27 14:59:32
1833578513,Wikipedia:Usernames for administrator attention,HBC AIV helperbot14,true,-206,enwiki,2024-10-27 14:59:54
1833578300,Bit Boy!! Arcade,Monkbot,true,1,enwiki,2024-10-27 14:59:07
1833578314,Baliwag,FILWISE,false,48,enwiki,2024-10-27 14:59:03
1833578409,ASD Cjarlins Muzane,2001:B07:6471:5D3D:C80A:434B:150B:B726,false,-1,enwiki,2024-10-27 14:59:31
1833578302,Talk:Ernst Bamberg,Tom.Reding,false,-12,enwiki,2024-10-27 14:59:09
1833578318,The Bedroom (Karlsruhe),Jane & the Angels,false,-38,enwiki,2024-10-27 14:59:14
1833578408,Debbie Bramwell-Washington,Lepricavark,false,36,enwiki,2024-10-27 14:59:32
1833578319,Pavel Kiselyov,Monkbot,true,1,enwiki,2024-10-27 14:59:13
1833578411,User:DreamRimmer/EFFPRH.js,DreamRimmer,false,-3,enwiki,2024-10-27 14:59:34
1833578304,Al-Alam (book),Biohistorian15,false,-3,enwiki,2024-10-27 14:59:10
1833578400,User talk:IceWelder,86.126.184.169,false,154,enwiki,2024-10-27 14:59:30
1833578413,"Kalamos, Attica",Monkbot,true,1,enwiki,2024-10-27 14:59:32
1833578306,2025 AFC U-17 Asian Cup qualification,HiddenFace101,false,194,enwiki,2024-10-27 14:59:03
1833578401,Talk:Paola Álvarez,Tom.Reding,false,-9,enwiki,2024-10-27 14:59:29
1833578506,2017 Toray Pan Pacific Open,Wolbo,false,-3,enwiki,2024-10-27 14:59:53
1833578308,Template:DragRaceProgressTable/AS8,Noahp2,false,-35,enwiki,2024-10-27 14:59:10
1833578417,2014 State Basketball League season,DaHuzyBru,false,23550,enwiki,2024-10-27 14:59:32
1833578311,Bandaranaike International Airport,AnomieBOT,true,234,enwiki,2024-10-27 14:59:07
1833578402,Australian Signals Directorate,Idiosincrático,false,-3,enwiki,2024-10-27 14:59:29
1833578507,User talk:Afrowriter,B.Korlah,false,2097,enwiki,2024-10-27 14:59:51
1833578309,Krasnoarmeyskaya,Monkbot,true,1,enwiki,2024-10-27 14:59:10
1833578403,Thalamy,Monkbot,true,1,enwiki,2024-10-27 14:59:29
1833578808,Battle of Trabzon (1834),Maymuni,false,32,enwiki,2024-10-27 15:00:45
1833578913,The Golden Boat (1947 film),Lord Cornwallis,false,125,enwiki,2024-10-27 15:01:04
1833578609,User:DatBot/pendingbacklog,DatBot,true,-1,enwiki,2024-10-27 15:00:16
1833578702,Basti (film),Sid95Q,false,44,enwiki,2024-10-27 15:00:28
1833578807,Rock Odyssey,173.72.244.56,false,61,enwiki,2024-10-27 15:00:44
358012918,Bruno von Mudra,Aka,false,15,dewiki,2024-10-27 15:01:05
1833578600,Shinobi Legions,Waxworker,false,38,enwiki,2024-10-27 15:00:13
1833578703,Saudi Arabia national football team,42.1.70.92,false,2,enwiki,2024-10-27 15:00:03
358012903,Denen man nicht vergibt,Walmaul,false,-158,dewiki,2024-10-27 15:00:46
1833578903,Care Bears Movie II: A New Generation,166.216.159.122,false,14,enwiki,2024-10-27 15:00:56
358012917,Wang Kemin,Silewe,false,-44,dewiki,2024-10-27 15:01:05
1833578603,2017 Toray Pan Pacific Open,Wolbo,false,-19,enwiki,2024-10-27 15:00:13
1833578613,Johannes Knoblauch,Simeon,false,1,enwiki,2024-10-27 15:00:15
1833578705,Talk:The Graybar Hotel,Tom.Reding,false,0,enwiki,2024-10-27 15:00:29
1833578801,Talk:Second Cabinet of Alexis Tsipras,Tom.Reding,false,0,enwiki,2024-10-27 15:00:44
1833578811,The Undertaker,Fylindfotberserk,false,0,enwiki,2024-10-27 15:00:37
1833578907,Burari deaths,202.5.58.70,false,-41,enwiki,2024-10-27 15:01:02
1833578915,Hedge fund industry in China,1ctinus,false,27,enwiki,2024-10-27 15:01:05
1833578601,Talk:With the Dead,Tom.Reding,false,0,enwiki,2024-10-27 15:00:14
1833578611,User:Incognito melon,Incognito melon,false,-11680,enwiki,2024-10-27 15:00:04
1833578706,User:GrabUp/sandbox,GrabUp,false,21,enwiki,2024-10-27 15:00:28
1833578813,User:AnomieBOT/C/Wikipedia featured article candidates,AnomieBOT,true,-101,enwiki,2024-10-27 15:00:46
1833578906,"Drama, Šentjernej",Monkbot,true,2,enwiki,2024-10-27 15:01:02
1833578919,User:AnomieBOT/C/Current peer reviews,AnomieBOT,true,-131,enwiki,2024-10-27 15:01:06
1833578602,Ario Nahavandi,Lanak20,false,217,enwiki,2024-10-27 15:00:12
1833578707,2024–25 figure skating season,Clemkr,false,318,enwiki,2024-10-27 15:00:19
1833578802,Biotechnology industry in China,1ctinus,false,27,enwiki,2024-10-27 15:00:44
1833578816,Talk:Rachel's Valentina,Tom.Reding,false,0,enwiki,2024-10-27 15:00:47
1833578908,User:Loibird90/sandbox,Loibird90,false,42,enwiki,2024-10-27 15:01:03
1833578604,"Henry II, Duke of Świdnica",Monkbot,true,3,enwiki,2024-10-27 15:00:13
1833578803,Luke Woodhouse,JamesVilla44,false,-3,enwiki,2024-10-27 15:00:44
1833578817,Disney Club,112.203.130.180,false,104,enwiki,2024-10-27 15:00:46
358012908,Diskussion:1&1 AG,Wosch21149,false,425,dewiki,2024-10-27 15:00:56
358012911,"Diskussion:Hans Albrecht (Politiker, 1919)",Tohma,false,421,dewiki,2024-10-27 15:00:59
358012913,Pär Stenbäck,Marcus.palapar,false,192,dewiki,2024-10-27 15:01:01
1833578909,Mariam Bolkvadze,Sherman1998,false,349,enwiki,2024-10-27 15:01:02
1833578607,Wikipedia:Usernames for administrator attention,HBC AIV helperbot14,true,-308,enwiki,2024-10-27 15:00:14
1833578711,Template:AfC statistics/declined,EarwigBot,true,2149,enwiki,2024-10-27 15:00:27
1833578804,Wikipedia talk:WikiProject Musical Theatre/talkarchive10-19-07,Hilst,false,-66,enwiki,2024-10-27 15:00:45
358012904,Michael Loehr,TJCB,false,172,dewiki,2024-10-27 15:00:46
358012905,Theo Pfeil,Tfjt,false,4,dewiki,2024-10-27 15:00:50
358012906,Colette Renard,Aka,false,15,dewiki,2024-10-27 15:00:53
358012909,Leichtathletik-Europacup 2006,Loper12321,false,15,dewiki,2024-10-27 15:00:53
1833578911,Talk:Megalodon Collective,Tom.Reding,false,0,enwiki,2024-10-27 15:01:04
1833578605,Sri Lankan cricket team in South Africa in 2024–25,Goodknowme,false,135,enwiki,2024-10-27 15:00:13
1833578712,2024–25 Burton Albion F.C. season,ChampsRT,false,-15,enwiki,2024-10-27 15:00:25
1833578805,2017 Toray Pan Pacific Open – Doubles,Wolbo,false,4,enwiki,2024-10-27 15:00:45
1833578912,List of White Pass and Yukon Route locomotives and cars,Buffalo Robert,false,-5,enwiki,2024-10-27 15:00:55
1833578608,Sere nere,191.240.191.50,false,-159,enwiki,2024-10-27 15:00:14
1833578700,Adelaide University Cricket Club,Aydoh8,false,83,enwiki,2024-10-27 15:00:27
1833578719,Template:AfC statistics/pending,EarwigBot,true,-52,enwiki,2024-10-27 15:00:17
1833578806,Stolyarovka,Monkbot,true,1,enwiki,2024-10-27 15:00:44
358012910,Bobby Vinton,Aka,false,14,dewiki,2024-10-27 15:00:56
358012916,Artur Ullrich,MatthiasTheSoccerFan,false,422,dewiki,2024-10-27 15:01:04
1833579008,"San Miguel, Bulacan",FILWISE,false,65,enwiki,2024-10-27 15:01:10
1833579113,User:RevelationDirect/sandbox,RevelationDirect,false,4,enwiki,2024-10-27 15:01:29
1833579200,Kosmos 2411,Monkbot,true,1,enwiki,2024-10-27 15:01:46
1833579216,Electronic waste in China,1ctinus,false,27,enwiki,2024-10-27 15:01:49
1833579009,Wikipedia:Changing username/Simple,FlightTime,false,812,enwiki,2024-10-27 15:01:18
1833579114,The Thing (2011 film),Keith-264,false,1,enwiki,2024-10-27 15:01:32
1833579202,Talk:Colour TV case,Tom.Reding,false,0,enwiki,2024-10-27 15:01:47
1833579012,Airlink,Metrosfan,false,-25,enwiki,2024-10-27 15:01:15
1833579203,Peach production in China,1ctinus,false,27,enwiki,2024-10-27 15:01:47
1833579217,Anton the Last,Monkbot,true,1,enwiki,2024-10-27 15:01:49
1833579013,Izera railway,Monkbot,true,2,enwiki,2024-10-27 15:01:18
1833579014,Shōnin yo Taishi wo Idake!!,Waxworker,false,39,enwiki,2024-10-27 15:01:19
1833579219,2024 Japan Series,Kboybaseball1994,false,0,enwiki,2024-10-27 15:01:47
1833579016,Template:Cratstats,Cyberbot I,true,0,enwiki,2024-10-27 15:01:20
1833579000,Railway equipment industry in China,1ctinus,false,27,enwiki,2024-10-27 15:01:17
1833579015,Draft:Standish Masterman,Charles Matthews,false,2,enwiki,2024-10-27 15:01:19
1833579100,Counter-Japanese resistance volunteers in China,1ctinus,false,27,enwiki,2024-10-27 15:01:33
1833579206,2024 Maine Black Bears football team,MKP2020,false,13,enwiki,2024-10-27 15:01:46
1833579001,Wikipedia talk:WikiProject Musical Theatre/Archive 12,Hilst,false,-49,enwiki,2024-10-27 15:01:13
1833579017,Template:Züm Queen map,2607:FEA8:7C9F:5400:B50E:51F2:3150:F9E1,false,29,enwiki,2024-10-27 15:01:18
1833579101,Wikipedia:Requests for page protection/Decrease,Timtrent,false,761,enwiki,2024-10-27 15:01:33
1833579208,Talk:Carrington-Brown,Tom.Reding,false,0,enwiki,2024-10-27 15:01:49
1833579018,Urban society in China,1ctinus,false,27,enwiki,2024-10-27 15:01:19
1833579212,SimIsle: Missions in the Rainforest,Waxworker,false,38,enwiki,2024-10-27 15:01:50
1833579003,Jovan Santric,PinkDucky91,false,-45,enwiki,2024-10-27 15:01:18
1833579019,Talk:List of 2018 FIFA World Cup controversies,Tom.Reding,false,0,enwiki,2024-10-27 15:01:19
1833579102,Talk:First Johnson ministry,Tom.Reding,false,-1,enwiki,2024-10-27 15:01:32
1833579215,Nick Akoto,203.164.206.141,false,-21,enwiki,2024-10-27 15:01:50
1833579500,Yohan Mendis,2402:4000:B181:3FD:FDED:3D1:EC01:A663,false,1,enwiki,2024-10-27 15:02:33
1833579513,Elena Seiple,Lepricavark,false,36,enwiki,2024-10-27 15:02:35
1833579605,NBL1 West Most Valuable Player Award,DaHuzyBru,false,40,enwiki,2024-10-27 15:02:49
1833579618,Dixie Flyer (train),Mackensen,false,170,enwiki,2024-10-27 15:02:51
1833579715,2025 AFC U-17 Asian Cup qualification,HiddenFace101,false,202,enwiki,2024-10-27 15:03:04
1833579319,Category:Labor ministers,AusLondonder,false,347,enwiki,2024-10-27 15:02:06
1833579414,Edith Connor,Lepricavark,false,36,enwiki,2024-10-27 15:02:19
1833579607,User:ClueBot III/Detailed Indices/User talk:Victor Schmidt/Archive 4,ClueBot III,true,412,enwiki,2024-10-27 15:02:50
1833579619,Wikipedia:WikiProject Articles for creation/Help desk,331dot,false,239,enwiki,2024-10-27 15:02:44
1833579401,SimTown,Waxworker,false,38,enwiki,2024-10-27 15:02:17
1833579418,Peanut production in China,1ctinus,false,27,enwiki,2024-10-27 15:02:19
358013007,Leyes de Ayllón,2A01:599:70B:8A59:E091:FC1A:1E00:378E,false,-100,dewiki,2024-10-27 15:02:32
1833579502,Nina's Journey,Monkbot,true,2,enwiki,2024-10-27 15:02:33
1833579606,TVyNovelas Award for Best Comedy Program,Fuddle,false,-104,enwiki,2024-10-27 15:02:49
1833579716,Stanisław Nogaj,Kafash 1989,false,66,enwiki,2024-10-27 15:03:09
1833579303,Land reclamation in China,1ctinus,false,27,enwiki,2024-10-27 15:02:03
1833579402,List of heads of state of Nigeria,178.148.148.176,false,48,enwiki,2024-10-27 15:02:14
358013001,Zugnummer,Jan LICHTERFELDE,false,3,dewiki,2024-10-27 15:02:25
1833579506,Sri Lankan Tamil nationalism,Obi2canibe,false,15,enwiki,2024-10-27 15:02:33
1833579610,Mississippi's 1st congressional district,Jimbo218,false,44,enwiki,2024-10-27 15:02:47
1833579717,Tom Bradbury,GiantSnowman,false,1,enwiki,2024-10-27 15:03:09
1833579302,Liaquat Khattak,SheriffIsInTown,false,-5,enwiki,2024-10-27 15:02:03
1833579407,Talk:UEFA Euro 2016 riots,Tom.Reding,false,0,enwiki,2024-10-27 15:02:17
1833579419,Paula Badosa,Victorguezm,false,11364,enwiki,2024-10-27 15:02:17
358013010,Wikipedia:Vandalismusmeldung,Alrael,false,439,dewiki,2024-10-27 15:02:34
358013014,Jesuiten,Marina Ultrablue,false,-11,dewiki,2024-10-27 15:02:45
1833579611,Talk:ReAwaken America Tour,Tom.Reding,false,-1,enwiki,2024-10-27 15:02:50
1833579718,Saint-Hilaire-Taurieux,Monkbot,true,1,enwiki,2024-10-27 15:03:07
1833579304,2007 Nevelsk earthquake,Dora the Axe-plorer,false,505,enwiki,2024-10-27 15:02:03
1833579408,Rudolf Kochendörffer,Simeon,false,14,enwiki,2024-10-27 15:02:17
358013005,Benutzer:Aka/Fehlerlisten/Typographische Anführungszeichen/005,Dk1909,false,-1066,dewiki,2024-10-27 15:02:29
1833579509,Talk:Skyscraper Live,Tom.Reding,false,1,enwiki,2024-10-27 15:02:35
1833579613,Environmentalism in China,1ctinus,false,27,enwiki,2024-10-27 15:02:49
1833579719,2024 Japan Series,Kboybaseball1994,false,260,enwiki,2024-10-27 15:03:06
1833579305,Talk:2025 Bohol local elections,Tom.Reding,false,0,enwiki,2024-10-27 15:02:04
1833579409,2024–25 Southern Combination Football League,ViperousRex1,false,0,enwiki,2024-10-27 15:02:14
1833579510,Draft:Future of Banking and Fintech,YesI'mOnFire,false,21,enwiki,2024-10-27 15:02:35
358013011,Ziga (Gemeinde),Toni Müller,false,-142,dewiki,2024-10-27 15:02:38
358013015,Benutzer Diskussion:Renatoorsini,Sokrates 399,false,260,dewiki,2024-10-27 15:02:48
1833579612,Naujac-sur-Mer,Monkbot,true,1,enwiki,2024-10-27 15:02:47
358013019,Assenmacher,Tfjt,false,53,dewiki,2024-10-27 15:02:53
1833579306,Kailer Yamamoto,Triggerbit,false,179,enwiki,2024-10-27 15:02:04
1833579411,Urban planning in China,1ctinus,false,27,enwiki,2024-10-27 15:02:17
1833579511,Stem cell laws and policy in China,1ctinus,false,27,enwiki,2024-10-27 15:02:35
358013017,Liste der Baudenkmale der Außenbezirke der Stadt Cuxhaven,Roland Kutzki,false,46,dewiki,2024-10-27 15:02:49
1833579410,TVyNovelas Award for Best Child Performance,Fuddle,false,-108,enwiki,2024-10-27 15:02:18
1833579512,Talk:2024 Atlantic hurricane season,SomeoneWiki04,false,348,enwiki,2024-10-27 15:02:32
358013012,Virginischer Wacholder,Jed,false,21,dewiki,2024-10-27 15:02:41
358013013,Alice Brauner,Thomas Schulte im Walde,false,38,dewiki,2024-10-27 15:02:42
358013018,Seilbahn Lezha–Vora,Albinfo,false,43,dewiki,2024-10-27 15:02:50
1833579700,Yohan Mendis,Arcendeight,false,-1,enwiki,2024-10-27 15:03:08
1833579314,Applied behavior analysis,219.76.43.21,false,76,enwiki,2024-10-27 15:02:02
1833579412,"Ushakovo, Novomoskovsky Rural Okrug, Guryevsky District, Kaliningrad Oblast",Monkbot,true,4,enwiki,2024-10-27 15:02:17
358013003,Ziga,Toni Müller,false,152,dewiki,2024-10-27 15:02:28
358013008,Helpup,Der blaue Reiter kehrt zurück,false,135,dewiki,2024-10-27 15:02:33
1833579514,User:Skyshifter/sandbox,Skyshifter,false,-11914,enwiki,2024-10-27 15:02:32
358013016,Idrialin,Andydoubleyou,false,-1,dewiki,2024-10-27 15:02:49
1833579617,Laws regarding religious activities in China,1ctinus,false,27,enwiki,2024-10-27 15:02:51
1833579707,Training schools in China,1ctinus,false,27,enwiki,2024-10-27 15:03:09
1833579904,Jodorowsky (surname),Cinemaniac86,false,1,enwiki,2024-10-27 15:03:45
1833580113,Ares in popular culture,Monkbot,true,2,enwiki,2024-10-27 15:04:31
1833579810,Ayorinde,Tunde Akangbe,false,23,enwiki,2024-10-27 15:03:25
1833579907,2024–25 Southern Combination Football League,ViperousRex1,false,3,enwiki,2024-10-27 15:03:42
1833580004,2024 Villanova Wildcats football team,MKP2020,false,14,enwiki,2024-10-27 15:04:12
1833580115,Wikipedia:WikiProject Articles for creation/Help desk,UsamaSarwar,false,391,enwiki,2024-10-27 15:04:25
1833579908,Dolmayrac,Monkbot,true,1,enwiki,2024-10-27 15:03:43
1833580005,Talk:Piggate,Tom.Reding,false,2,enwiki,2024-10-27 15:04:13
1833580100,Demy (coin),Kafash 1989,false,76,enwiki,2024-10-27 15:04:29
1833580117,User talk:Isochrone,ClueBot III,true,-858,enwiki,2024-10-27 15:04:33
1833579910,Lapmežciems Parish,Marcocapelle,false,-21,enwiki,2024-10-27 15:03:46
1833580008,Ynon Kreiz,Inpops,false,31,enwiki,2024-10-27 15:04:13
1833579911,Lower Saxon Hills,Monkbot,true,2,enwiki,2024-10-27 15:03:47
1833580010,Tallykul,Monkbot,true,2,enwiki,2024-10-27 15:04:13
1833580101,User:GrabUp/sandbox,JJMC89 bot,true,-28,enwiki,2024-10-27 15:04:30
1833579913,Template:IPA templates,Gonnym,false,11,enwiki,2024-10-27 15:03:49
1833580012,Talk:My Thoughts Exactly,Tom.Reding,false,2,enwiki,2024-10-27 15:04:15
1833580102,Talk:List of The X Factor finalists (British series 13),Tom.Reding,false,1,enwiki,2024-10-27 15:04:30
1833580013,2024–25 FIS Alpine Ski World Cup,Gro456,false,70,enwiki,2024-10-27 15:04:13
1833580103,The Armada (book),Biohistorian15,false,5,enwiki,2024-10-27 15:04:30
1833579800,Talk:Mihály Sáfrán,Glane23,false,229,enwiki,2024-10-27 15:03:24
1833579916,List of college bowl games,JMyrleFuller,false,77,enwiki,2024-10-27 15:03:45
1833580000,The Army Air Forces in World War II,Biohistorian15,false,31,enwiki,2024-10-27 15:04:12
1833580014,TVyNovelas Award for Best Leading Actress,Fuddle,false,-90,enwiki,2024-10-27 15:04:15
1833580105,2025 ICC Champions Trophy,Jokerrockonmoon,false,-3,enwiki,2024-10-27 15:04:30
1833579807,Wikipedia:WikiProject Articles for creation/Help desk,331dot,false,-140,enwiki,2024-10-27 15:03:21
1833579902,Draft:Syed Karrar Hussain,C.Fred,false,5,enwiki,2024-10-27 15:03:45
1833580001,Slipstream 5000,Waxworker,false,38,enwiki,2024-10-27 15:04:13
1833580019,Draft:Japan–Syria relations,RamiPat,false,1582,enwiki,2024-10-27 15:04:16
1833580106,User:Incognito melon,Incognito melon,false,-4156,enwiki,2024-10-27 15:04:19
1833579809,Relocation of professional sports teams in China,1ctinus,false,27,enwiki,2024-10-27 15:03:25
1833579901,State Basketball League Most Improved Player Award,DaHuzyBru,false,40,enwiki,2024-10-27 15:03:44
1833580002,Talk:Early history of the IRT subway,Mason7512,false,31,enwiki,2024-10-27 15:04:12
1833580112,User talk:Isochrone/Archives/2024/September,ClueBot III,true,857,enwiki,2024-10-27 15:04:32
1833580308,Draft:2021 Japanese general election in Kinki,ギルディアス156世,false,-304,enwiki,2024-10-27 15:04:59
1833580319,Rajnath Singh,Loveforwiki,false,9,enwiki,2024-10-27 15:05:04
358013216,Tokyo Disney Resort,2001:16B8:BAB1:2E00:F934:2AAE:3161:D08F,false,141,dewiki,2024-10-27 15:05:14
1833580510,Talk:Elon Musk,Largoplazo,false,144,enwiki,2024-10-27 15:05:44
358013205,Benutzerin:Alpenhexe/Krempel und Sonstiges,Alpenhexe,false,179,dewiki,2024-10-27 15:05:09
1833580410,41st Federal Congress of the PSOE,Impru20,false,1891,enwiki,2024-10-27 15:05:29
1833580500,Mudhalvan,Kailash29792,false,-68,enwiki,2024-10-27 15:05:47
1833580309,Rome Film Festival,Rickyurs,false,61,enwiki,2024-10-27 15:05:08
358013219,Anne Zernike,Aka,false,15,dewiki,2024-10-27 15:05:17
1833580411,TVyNovelas Award for Best Musical Theme,Fuddle,false,-102,enwiki,2024-10-27 15:05:30
1833580502,Wikipedia:WikiProject Articles for creation/Help desk,DoubleGrazing,false,396,enwiki,2024-10-27 15:05:44
1833580511,R. Sarathkumar,Fylindfotberserk,false,-30,enwiki,2024-10-27 15:05:50
1833580310,Anastasia Avramidou,Monkbot,true,1,enwiki,2024-10-27 15:05:08
1833580512,Doug Tharme,GiantSnowman,false,0,enwiki,2024-10-27 15:05:53
1833580212,Telecommunications in India,2A00:F29:228:9D7F:8304:478E:7B69:ABAC,false,-2,enwiki,2024-10-27 15:04:41
1833580311,Union of South Africa,197.229.7.41,false,32,enwiki,2024-10-27 15:05:04
1833580412,Shawnee Smith,CosmLearner,false,-110,enwiki,2024-10-27 15:05:28
1833580504,2024 Erovnuli Liga,Lado85,false,1,enwiki,2024-10-27 15:05:48
1833580513,Pornographic film,Loriendrew,false,-11,enwiki,2024-10-27 15:05:49
1833580300,Kamaljit,Gotitbro,false,471,enwiki,2024-10-27 15:05:06
1833580312,Talk:Erin Morrow Hawley,Tom.Reding,false,1,enwiki,2024-10-27 15:05:10
1833580414,List of women's Twenty20 International cricket grounds,Bs1jac,false,0,enwiki,2024-10-27 15:05:20
1833580507,User:ClueBot III/Detailed Indices/User talk:Isochrone/Archives/2024/September,ClueBot III,true,273,enwiki,2024-10-27 15:05:53
1833580514,Girchi – More Freedom,Rutdam,false,437,enwiki,2024-10-27 15:05:52
1833580213,Timeline of the Israel–Hamas war (27 September 2024 – present),Pachu Kannan,false,1859,enwiki,2024-10-27 15:04:24
1833580301,Maria Houkli,Monkbot,true,1,enwiki,2024-10-27 15:05:05
1833580314,University of North Carolina at Chapel Hill,636Buster,false,190,enwiki,2024-10-27 15:05:05
358013218,Arsène Tchakarian,Aka,false,6,dewiki,2024-10-27 15:05:15
1833580401,M3 submachine gun,Loafiewa,false,-66,enwiki,2024-10-27 15:05:26
1833580413,Talk:Campus of Bates College,Tom.Reding,false,6,enwiki,2024-10-27 15:05:30
1833580506,Pioneer Farms,Memer15151,false,42,enwiki,2024-10-27 15:05:52
1833580517,O Fenômeno Rebelde,Fuddle,false,37,enwiki,2024-10-27 15:05:54
1833580215,Talk:List of awards received by Edward Snowden,Tom.Reding,false,1,enwiki,2024-10-27 15:04:50
1833580302,Scariff GAA,78.17.153.251,false,47,enwiki,2024-10-27 15:05:05
1833580316,TVyNovelas Award for Best Telenovela Multiplatform,Fuddle,false,-102,enwiki,2024-10-27 15:05:10
1833580404,"Danny Rose (footballer, born 1993)",GiantSnowman,false,0,enwiki,2024-10-27 15:05:28
1833580415,List of multiple discoveries,Monkbot,true,1,enwiki,2024-10-27 15:05:28
358013203,Abraham Frowein (Industrieller),Georg Hügler,false,6,dewiki,2024-10-27 15:05:06
358013204,Leyes de Ayllón,Doc.Heintz,false,-3,dewiki,2024-10-27 15:05:09
358013212,MÁV-Baureihe 390,Hattori 15,false,74,dewiki,2024-10-27 15:05:12
358013215,Walter Strobelt,Tomyiy,false,-155,dewiki,2024-10-27 15:05:14
1833580406,Kielsen I Cabinet,Chemooa15 hild,false,204,enwiki,2024-10-27 15:05:28
1833580416,Wikipedia:Administrator intervention against vandalism,HBC AIV helperbot14,true,-376,enwiki,2024-10-27 15:05:30
1833580509,Wikipedia:Administrator intervention against vandalism/TB2,HBC AIV helperbot14,true,-344,enwiki,2024-10-27 15:05:52
1833580219,Prince William of Baden (1829–1897),Monkbot,true,10,enwiki,2024-10-27 15:04:48
358013200,Grafton Galleries,MeCorbeau,false,285,dewiki,2024-10-27 15:05:03
1833580307,Talk:Far-right politics in Slovenia,Tom.Reding,false,0,enwiki,2024-10-27 15:05:08
358013213,Ayşen Gruda,Aka,false,15,dewiki,2024-10-27 15:05:11
1833580508,"Montpensier, Puy-de-Dôme",Monkbot,true,1,enwiki,2024-10-27 15:05:50
1833580610,MV Panagiotis,Monkbot,true,1,enwiki,2024-10-27 15:06:23
1833580704,Wikipedia:WikiProject Articles for creation/Help desk,UsamaSarwar,false,-1192,enwiki,2024-10-27 15:06:49
1833580718,It's Alive (2009 film),Peacefulman1987,false,7,enwiki,2024-10-27 15:06:58
1833580600,2024 in animation,45.56.209.0,false,-4,enwiki,2024-10-27 15:06:17
1833580613,European Ultimate Federation,Atreois,false,25,enwiki,2024-10-27 15:06:23
358013301,Kim Jong-nam,Aka,false,15,dewiki,2024-10-27 15:06:33
1833580705,Pavlov (Břeclav District),Monkbot,true,1,enwiki,2024-10-27 15:06:51
1833580601,Shymbulak,Monkbot,true,3,enwiki,2024-10-27 15:06:20
1833580706,Ian Rush,EliasAntonakos,false,199,enwiki,2024-10-27 15:06:50
1833580602,Giulio Andreotti,Tenpop421,false,22,enwiki,2024-10-27 15:06:16
1833580616,User:Tomdav2747,Tomdav2747,false,28,enwiki,2024-10-27 15:06:28
1833580708,User talk:Fdssdf/Archives/2022/December,Hilst,false,-1,enwiki,2024-10-27 15:06:54
358013313,Zulassung von Fahrzeugen zum Straßenverkehr,Yuseifudo500,false,62,dewiki,2024-10-27 15:07:03
1833580617,Polish underground press,Monkbot,true,2,enwiki,2024-10-27 15:06:26
358013303,Magdi Yacoub,Aka,false,15,dewiki,2024-10-27 15:06:41
1833580709,2024–25 Liga Portugal 2,Secretaria,false,10,enwiki,2024-10-27 15:06:52
1833580605,Cotter baronets,Jac752023,false,-1,enwiki,2024-10-27 15:06:23
1833580618,"Convent of St. Francis, Valladolid",Laggan Boy,false,23,enwiki,2024-10-27 15:06:26
358013305,Europawahl in Italien 1984,Saehrimnir,false,4,dewiki,2024-10-27 15:06:43
1833580712,"Theodor, Prince of Podolia",Monkbot,true,3,enwiki,2024-10-27 15:06:55
358013312,Disteln,AnRo0002,false,18,dewiki,2024-10-27 15:07:01
1833580701,User:Wizardman,Wizardman,false,71,enwiki,2024-10-27 15:06:52
1833580715,2015 in baseball,DB1729,false,0,enwiki,2024-10-27 15:06:54
358013315,Wikipedia:Redaktion Film und Fernsehen/Glashütte/Tatort: Schweigen,Bergfalke2,false,480,dewiki,2024-10-27 15:07:06
1833580607,TVyNovelas Award for Best Original Story or Adaptation,Fuddle,false,-104,enwiki,2024-10-27 15:06:24
1833580619,Cameron McJannet,GiantSnowman,false,0,enwiki,2024-10-27 15:06:28
358013304,Wikipedia:WikiProjekt Frauen/Frauen in Rot/Fehlende Artikel nach Nationalität/Südafrikanerinnen,TaxonBot,true,-791,dewiki,2024-10-27 15:06:22
358013306,Hortense Anda-Bührle,Aka,false,15,dewiki,2024-10-27 15:06:48
1833580703,Powerless (Say What You Want),191.240.191.50,false,22,enwiki,2024-10-27 15:06:51
358013310,Carson McCullers,Aka,false,15,dewiki,2024-10-27 15:06:57
1833580608,Velana International Airport,Metrosfan,false,-24,enwiki,2024-10-27 15:06:22
358013300,Geta (Schuhe),Serols,false,-52,dewiki,2024-10-27 15:06:32
358013308,Wikipedia:Vandalismusmeldung,Serols,false,324,dewiki,2024-10-27 15:06:52
1833580717,User talk:Chan Pak Yu Aden,FireflyBot,true,762,enwiki,2024-10-27 15:06:59
1833580609,Sai Pallavi,49.47.218.192,false,26104,enwiki,2024-10-27 15:06:19
358013309,Benutzer:Wurgl/Fehler GND,Silewe,false,-588,dewiki,2024-10-27 15:06:41
358013311,In 80 Tagen um die Welt (1989),2A02:8109:3BC0:209B:AC01:D0CF:4995:5EDD,false,95,dewiki,2024-10-27 15:06:59
1833580807,Finnur Justinussen,Caber33,false,4,enwiki,2024-10-27 15:07:18
1833580913,Pataste,Monkbot,true,1,enwiki,2024-10-27 15:07:45
1833581010,User:MacronMonitor/Alerts,MacronMonitor,false,237,enwiki,2024-10-27 15:08:17
358013319,St. Maria Magdalena (Pieszkowo),2003:D0:9719:E659:70B1:B9F9:31B6:CEA9,false,6,dewiki,2024-10-27 15:07:18
1833580914,Xavi Moro,171.101.229.131,false,0,enwiki,2024-10-27 15:07:47
1833581014,Bhagwandin Kushwaha,Adamantine123,false,212,enwiki,2024-10-27 15:08:19
358013317,Ceylan Avcı,Tymo35,false,26,dewiki,2024-10-27 15:07:12
1833580808,1994 in British television,Mr Bonkman,false,83,enwiki,2024-10-27 15:07:15
1833581013,Assasination of Luis Carlos Galán,JeanMercier90,false,172,enwiki,2024-10-27 15:08:16
1833580810,Pang War,EmeraldRange,false,0,enwiki,2024-10-27 15:07:18
1833580812,User talk:RacnBandit2,FireflyBot,true,838,enwiki,2024-10-27 15:07:19
1833580902,Neogrammarian,Monkbot,true,1,enwiki,2024-10-27 15:07:42
1833580915,Miss Grand Spain 2025,Thomson Walt,false,-24,enwiki,2024-10-27 15:07:46
1833581017,"Kosti, Burgas Province",Monkbot,true,2,enwiki,2024-10-27 15:08:20
1833580903,List of The Young and the Restless characters introduced in 2012,WILDMANC,false,23,enwiki,2024-10-27 15:07:42
1833580917,User talk:Jerrytherat,FireflyBot,true,775,enwiki,2024-10-27 15:07:49
1833580803,Justin Obikwu,GiantSnowman,false,0,enwiki,2024-10-27 15:07:16
1833580814,Letter box,Ehrenkater,false,-96,enwiki,2024-10-27 15:07:18
1833580907,2024–25 Liga Portugal 2,Secretaria,false,6,enwiki,2024-10-27 15:07:43
1833580918,Nadim Kassar,R2kd2,false,53,enwiki,2024-10-27 15:07:48
1833581005,User talk:AstrooKai,Relayed,false,1033,enwiki,2024-10-27 15:08:16
1833581019,Balance of payments,188.120.87.188,false,0,enwiki,2024-10-27 15:08:19
1833580802,FC Yessentuki,Monkbot,true,1,enwiki,2024-10-27 15:07:16
1833580817,List of White Pass and Yukon Route locomotives and cars,Buffalo Robert,false,-12,enwiki,2024-10-27 15:07:11
1833580910,Tyrone All-County Reserve Football Leagues,Skynet2004,false,48,enwiki,2024-10-27 15:07:45
1833580919,Ghajar,The Mountain of Eden,false,1,enwiki,2024-10-27 15:07:47
1833581006,Shochiku,Joshuat1306,false,1,enwiki,2024-10-27 15:08:17
1833580801,Wikipedia talk:Manual of Style/Capital letters,Hey man im josh,false,391,enwiki,2024-10-27 15:07:13
1833580818,Rome Film Festival,Rickyurs,false,77,enwiki,2024-10-27 15:07:20
1833580911,User:Zamroni111/common.js,Zamroni111,false,-18,enwiki,2024-10-27 15:07:47
1833581007,GAS Kilkis,Monkbot,true,1,enwiki,2024-10-27 15:08:17
1833580804,Space Invaders '95,Waxworker,false,39,enwiki,2024-10-27 15:07:17
1833580912,2024 Erovnuli Liga,Lado85,false,0,enwiki,2024-10-27 15:07:42
1833581008,Kazi Rafiqul Alam,CommonsDelinker,true,-22,enwiki,2024-10-27 15:08:18
1833581110,Seven TV,Monkbot,true,1,enwiki,2024-10-27 15:08:44
358013406,Kaufmann Frust,Thomas Dresler,false,-69,dewiki,2024-10-27 15:09:34
1833581406,User:Tom A Torstensen,Tom A Torstensen,false,1619,enwiki,2024-10-27 15:09:44
1833581111,TVyNovelas Award for Best Supporting Actor,Fuddle,false,-96,enwiki,2024-10-27 15:08:46
1833581319,Zenon Kuzelia,Doremo,false,4,enwiki,2024-10-27 15:09:27
1833581408,Jatropha biodiesel in India,1ctinus,false,27,enwiki,2024-10-27 15:09:42
1833581201,Android 11,71.41.33.28,false,5,enwiki,2024-10-27 15:09:02
358013403,European Train Control System,Bigbug21,false,25,dewiki,2024-10-27 15:09:02
1833581113,Family tree of English monarchs,"Scotty\"trains\"uk",false,-15,enwiki,2024-10-27 15:08:42
1833581203,Troshkino,Monkbot,true,1,enwiki,2024-10-27 15:09:03
1833581305,Linguistic homeland,Kanguole,false,-978,enwiki,2024-10-27 15:09:22
358013404,Tulsa King,Hdefef,false,24,dewiki,2024-10-27 15:09:26
1833581114,User talk:182.184.129.28,DVdm,false,787,enwiki,2024-10-27 15:08:47
358013400,Liste der Baudenkmale der Außenbezirke der Stadt Cuxhaven,Roland Kutzki,false,44,dewiki,2024-10-27 15:09:15
1833581307,Allschwil,Monkbot,true,2,enwiki,2024-10-27 15:09:21
358013410,Liste der Träger des Großen Bundesverdienstkreuzes mit Stern,Asperatus,false,346,dewiki,2024-10-27 15:09:39
1833581115,Child and Adolescent Mental Health Services,Millstream3,false,-78,enwiki,2024-10-27 15:08:46
1833581207,Great Lake Swimmers,Drmies,false,1,enwiki,2024-10-27 15:09:05
1833581312,Street children in India,1ctinus,false,27,enwiki,2024-10-27 15:09:24
358013407,Diskussion:Apokalyptische Reiter,Aufklärung-Bibel-Christentum,false,2218,dewiki,2024-10-27 15:09:37
1833581102,2006 Nobel Prize in Literature,DVdm,false,46,enwiki,2024-10-27 15:08:42
1833581116,Paraguay national football team,Chrisrd526,false,-1296,enwiki,2024-10-27 15:08:35
1833581212,In the Wake of Determination,Drmies,false,1,enwiki,2024-10-27 15:09:05
358013401,Voe (Delting),Invisigoth67,false,2,dewiki,2024-10-27 15:09:17
1833581313,"Category:People from Diss, Norfolk",Ernsanchez00,false,55,enwiki,2024-10-27 15:09:26
1833581105,Tim Bray,2804:431:C343:800:A82D:8EA7:7809:72A3,false,3,enwiki,2024-10-27 15:08:45
1833581118,User:Loibird90/sandbox,Loibird90,false,37,enwiki,2024-10-27 15:08:47
1833581214,TVyNovelas Award for Best Unit Program,Fuddle,false,-100,enwiki,2024-10-27 15:09:06
1833581314,TVyNovelas Award for Best Variety Program,Fuddle,false,-106,enwiki,2024-10-27 15:09:25
358013408,Reusa mit Sorga,Janneck Pascal,false,-60,dewiki,2024-10-27 15:09:37
1833581401,2018–19 UEFA Futsal Champions League,Haggis MacHaggis,false,77,enwiki,2024-10-27 15:09:30
1833581104,Louis Botha,Arcendeight,false,-55,enwiki,2024-10-27 15:08:42
1833581119,Burkard Wilhelm Leist,Simeon,false,50,enwiki,2024-10-27 15:08:47
1833581216,Wikipedia:Reference desk/Archives/Science/2013 March 12,YesI'mOnFire,false,-133,enwiki,2024-10-27 15:09:07
1833581315,Anastasios Dimitriadis,Monkbot,true,1,enwiki,2024-10-27 15:09:25
1833581402,Wagon numbering system in India,1ctinus,false,27,enwiki,2024-10-27 15:09:40
1833581108,Wikipedia:WikiProject Articles for creation/Help desk,UsamaSarwar,false,-4165,enwiki,2024-10-27 15:08:40
1833581217,Pharaoh (film),Monkbot,true,2,enwiki,2024-10-27 15:09:06
358013402,Europawahl in Belgien 1984,Saehrimnir,false,4,dewiki,2024-10-27 15:09:15
1833581318,Pulp and paper industry in India,1ctinus,false,27,enwiki,2024-10-27 15:09:26
1833581403,"Dvarčininkai, Kėdainiai",Monkbot,true,2,enwiki,2024-10-27 15:09:40
1833581411,"Cathedral Island, Wrocław",Monkbot,true,3,enwiki,2024-10-27 15:09:43
358013413,Wikipedia:Hauptseite/Jahrestage/November/1,Wiegels,false,16,dewiki,2024-10-27 15:09:47
358013419,Ernst Peter Berghaus,Dabefewulu,false,-27,dewiki,2024-10-27 15:09:56
1833581608,OnePlus 12R,HTGS,false,117,enwiki,2024-10-27 15:10:17
1833581714,Winter sports in India,1ctinus,false,27,enwiki,2024-10-27 15:10:39
1833581410,2025 AFC U-17 Asian Cup qualification,HiddenFace101,false,-47,enwiki,2024-10-27 15:09:38
358013414,Das wahre Leben der Alice im Wunderland,Alraunenstern,false,-212,dewiki,2024-10-27 15:09:47
1833581500,Australia women's cricket team in India in 1983–84,1ctinus,false,27,enwiki,2024-10-27 15:10:02
1833581609,Category:People from Forncett,Ernsanchez00,false,60,enwiki,2024-10-27 15:10:18
1833581701,User talk:182.184.129.28,DVdm,false,23,enwiki,2024-10-27 15:10:37
1833581716,Forgery of Foreign Bills Act 1803,Hughbe98,false,19,enwiki,2024-10-27 15:10:39
358013411,Benutzer:Aka/Fehlerlisten/Typographische Anführungszeichen/Ausschluss,Dk1909,false,44,dewiki,2024-10-27 15:09:40
1833581501,"Sosnovsky District, Chelyabinsk Oblast",Monkbot,true,1,enwiki,2024-10-27 15:10:01
1833581611,Navin Nischol,Gotitbro,false,-65,enwiki,2024-10-27 15:10:17
1833581718,O Fenômeno Rebelde,Fuddle,false,33,enwiki,2024-10-27 15:10:40
1833581413,Australia women's cricket team in India in 2017–18,1ctinus,false,27,enwiki,2024-10-27 15:09:44
1833581506,Hubert Trzybinski,Michaelwallace22,false,3,enwiki,2024-10-27 15:10:03
1833581612,Danilovgrad Municipality,Bruce1ee,false,-36,enwiki,2024-10-27 15:10:18
1833581412,Bhagwandin Kushwaha,Adamantine123,false,1,enwiki,2024-10-27 15:09:45
358013415,Benutzer:Aka/Fehlerlisten/Typographische Anführungszeichen/005,Dk1909,false,-3085,dewiki,2024-10-27 15:09:48
1833581507,Central State University,636Buster,false,61,enwiki,2024-10-27 15:10:03
1833581604,Basketball in India,1ctinus,false,27,enwiki,2024-10-27 15:10:15
1833581614,"Ulrich V, Count of Württemberg",Monkbot,true,1,enwiki,2024-10-27 15:10:16
1833581704,Talk:Alèthe de Montbard,Wizardman,false,26,enwiki,2024-10-27 15:10:36
1833581719,Sabaillan,Monkbot,true,1,enwiki,2024-10-27 15:10:37
1833581416,House's Chimney,Babybrew6,false,803,enwiki,2024-10-27 15:09:45
1833581602,West Lafayette Junior-Senior High School,CosmLearner,false,-4,enwiki,2024-10-27 15:10:16
1833581617,Chile national football team,Chrisrd526,false,-771,enwiki,2024-10-27 15:10:05
1833581703,Template:AVIC aircraft,GalacticOrbits,false,23,enwiki,2024-10-27 15:10:38
1833581417,Palestinian Ministry of Labour,AusLondonder,false,5,enwiki,2024-10-27 15:09:45
1833581509,Sutton United F.C.,WaiteB,false,379,enwiki,2024-10-27 15:10:02
1833581603,A Mother's Duty,Jane & the Angels,false,21,enwiki,2024-10-27 15:10:17
1833581618,Legal education in India,1ctinus,false,27,enwiki,2024-10-27 15:10:19
1833581707,Ian Rush,EliasAntonakos,false,0,enwiki,2024-10-27 15:10:34
358013412,Uwe Wieczorek,Elmar Nolte,false,0,dewiki,2024-10-27 15:09:47
1833581513,TVyNovelas Award for Best Young Lead Actress,Fuddle,false,-86,enwiki,2024-10-27 15:10:05
1833581605,Genocides in history (before World War I),Cdjp1,false,147,enwiki,2024-10-27 15:10:05
1833581709,User talk:UsamaSarwar,UsamaSarwar,false,-2094,enwiki,2024-10-27 15:10:39
1833581418,TVyNovelas Award for Best Young Lead Actor,Fuddle,false,-86,enwiki,2024-10-27 15:09:46
1833581518,Online journalism in India,1ctinus,false,27,enwiki,2024-10-27 15:10:05
1833581607,Wikipedia:WikiProject Articles for creation/Help desk,331dot,false,5357,enwiki,2024-10-27 15:10:11
1833581710,Max Lenz,Simeon,false,14,enwiki,2024-10-27 15:10:38
1833581419,2024 Jharkhand Legislative Assembly election,RITWIK MAHATA,false,127,enwiki,2024-10-27 15:09:41
1833581610,West Indies women's cricket team in India in 2010–11,1ctinus,false,27,enwiki,2024-10-27 15:10:17
1833581711,Net neutrality in India,1ctinus,false,27,enwiki,2024-10-27 15:10:37
1833581803,"Wikipedia:WikiProject Kilgore, Texas",No No No No Name fu,false,2,enwiki,2024-10-27 15:10:58
1833581815,Vaccination in India,1ctinus,false,27,enwiki,2024-10-27 15:10:59
1833581905,Kasem Bin Abu Bakar,UzbukUdash,false,57,enwiki,2024-10-27 15:11:16
1833581916,2017–18 UEFA Futsal Cup,Haggis MacHaggis,false,77,enwiki,2024-10-27 15:11:07
1833582011,Public relations in India,1ctinus,false,27,enwiki,2024-10-27 15:11:35
358013513,Kaulla (Unternehmerfamilie),Thomas Dresler,false,-1,dewiki,2024-10-27 15:11:41
1833582119,La llama de tu amor,Fuddle,false,-1,enwiki,2024-10-27 15:11:47
1833582216,Laurentius Corvinus,Monkbot,true,2,enwiki,2024-10-27 15:12:02
1833582316,Library science education in India,1ctinus,false,27,enwiki,2024-10-27 15:12:15
1833581816,Zemīte Parish,Marcocapelle,false,-21,enwiki,2024-10-27 15:10:59
1833581906,Template:Electronics industry in China,Imcdc,false,14,enwiki,2024-10-27 15:11:16
1833581917,Zavlekov,Monkbot,true,1,enwiki,2024-10-27 15:11:16
1833582012,Sutton United F.C.,WaiteB,false,4,enwiki,2024-10-27 15:11:33
1833582104,Elizabeth Esteve-Coll,Pierrette13,false,298,enwiki,2024-10-27 15:11:45
1833582217,Talk:Artificial intelligence art/Archive 1,ClueBot III,true,3426,enwiki,2024-10-27 15:12:02
1833581808,Health insurance in India,1ctinus,false,27,enwiki,2024-10-27 15:10:57
358013519,Jan van Stuijvenberg,Aka,false,15,dewiki,2024-10-27 15:11:46
1833582219,Leandro Mercado,Miwna,false,2,enwiki,2024-10-27 15:12:03
1833581807,Semiconductor industry in China,Imcdc,false,15,enwiki,2024-10-27 15:10:56
1833581907,Reliability of Wikipedia,2001:4450:4F8A:1900:B853:7971:6DDA:D394,false,44,enwiki,2024-10-27 15:11:08
1833581918,BCRC,Bkonrad,false,-99,enwiki,2024-10-27 15:11:19
1833582107,Song Qitao,Aydoh8,false,12,enwiki,2024-10-27 15:11:45
1833582218,Derwent Sailing Squadron,CineBrick315,false,2,enwiki,2024-10-27 15:12:04
1833582303,"Convent of St. Francis, Valladolid",Laggan Boy,false,-1,enwiki,2024-10-27 15:12:11
1833581810,Category talk:Brisbane Roar FC matches,JarrahTree,false,41,enwiki,2024-10-27 15:10:59
1833581908,Transdev Blazefield,HeyI'mAmethyst,false,179,enwiki,2024-10-27 15:11:15
358013500,Arnold Samuel Shapiro,John Red,false,110,dewiki,2024-10-27 15:11:19
358013507,Kharayeb,Invisigoth67,false,-14,dewiki,2024-10-27 15:11:30
1833582114,Toronto Airport Express,Kafash 1989,false,109,enwiki,2024-10-27 15:11:46
1833582306,Suicide prevention and intervention in India,1ctinus,false,27,enwiki,2024-10-27 15:12:13
1833581811,Talk:Nobahle Mdelwa,Wizardman,false,23,enwiki,2024-10-27 15:10:59
1833581910,Cave research in India,1ctinus,false,27,enwiki,2024-10-27 15:11:17
1833582002,Gdynia Aquarium,Monkbot,true,1,enwiki,2024-10-27 15:11:33
358013509,Ivan Softa,Guslar,false,194,dewiki,2024-10-27 15:11:37
358013514,Sandy Point Town,Herzi Pinki,false,0,dewiki,2024-10-27 15:11:42
1833582115,Hazard symbol,JSoos,false,-205,enwiki,2024-10-27 15:11:45
1833582308,Kostas Mitroglou,"Spring tides, Summer holidays, Autumn leaves, Winter warmers",false,-2,enwiki,2024-10-27 15:12:08
1833581812,2024 Erovnuli Liga,Lado85,false,1,enwiki,2024-10-27 15:10:56
1833581909,Nasri Abu Jaish,AusLondonder,false,2,enwiki,2024-10-27 15:11:16
358013503,Christian Zacharias,Aka,false,15,dewiki,2024-10-27 15:11:24
358013505,Grafton Galleries,Alinea,false,9,dewiki,2024-10-27 15:11:28
1833582005,Talk:Amanda Cooper (politician),Wizardman,false,108,enwiki,2024-10-27 15:11:34
358013510,Heinz Berghaus,Dabefewulu,false,-11,dewiki,2024-10-27 15:11:40
1833582116,K2,Babybrew6,false,4,enwiki,2024-10-27 15:11:39
1833582203,E-courts In India,1ctinus,false,27,enwiki,2024-10-27 15:12:01
1833582307,2003 Polish Figure Skating Championships,Monkbot,true,1,enwiki,2024-10-27 15:12:12
1833581813,Hedwig of Sagan,Monkbot,true,1,enwiki,2024-10-27 15:10:58
1833581913,User talk:CookieMonster755/Archive/2021,Hilst,false,-58,enwiki,2024-10-27 15:11:13
358013508,Charles Warren Stone,Aka,false,15,dewiki,2024-10-27 15:11:31
1833582007,Kevin Feige,Bruce1ee,false,0,enwiki,2024-10-27 15:11:32
1833582205,Lannecaube,Monkbot,true,1,enwiki,2024-10-27 15:11:58
1833582310,User:ClueBot III/Detailed Indices/Talk:Artificial intelligence art/Archive 1,ClueBot III,true,175,enwiki,2024-10-27 15:12:14
1833581814,Osamu Kanemura,Michaelwallace22,false,13,enwiki,2024-10-27 15:10:59
1833581914,University of Akron,636Buster,false,29,enwiki,2024-10-27 15:11:17
358013506,Kaukasus,Thomas Dresler,false,-1,dewiki,2024-10-27 15:11:27
1833582008,University of Toledo,636Buster,false,101,enwiki,2024-10-27 15:11:33
358013511,Shibley Telhami,Aka,false,15,dewiki,2024-10-27 15:11:41
1833582117,Mark Lidzbarski,Simeon,false,14,enwiki,2024-10-27 15:11:46
1833582208,42 Geo. 3,Hughbe98,false,6,enwiki,2024-10-27 15:12:01
1833582309,Kleinkötz,Kafash 1989,false,43,enwiki,2024-10-27 15:12:13
1833581802,Želkovice,Monkbot,true,1,enwiki,2024-10-27 15:10:54
1833581900,2024 FIBA U15 Women's Oceania Cup,Maiō T.,false,-14,enwiki,2024-10-27 15:11:14
1833582009,Israeli bombing of the Gaza Strip,Réalgard,false,325,enwiki,2024-10-27 15:11:26
358013512,Gute Freunde kann niemand trennen,IWL04,false,1302,dewiki,2024-10-27 15:11:40
1833582118,Wenceslaus I of Legnica,Monkbot,true,2,enwiki,2024-10-27 15:11:45
1833582215,Kasem Bin Abu Bakar,UzbukUdash,false,3,enwiki,2024-10-27 15:12:03
1833582311,SS Manganese,Mjroots,false,152,enwiki,2024-10-27 15:12:14
