1833563519,Talk:Langrial (Abbottabad district),Wikibear47,false,19,enwiki,2024-10-27 14:00:20
1833563501,Wintersun,AusLondonder,false,-4,enwiki,2024-10-27 14:00:15
358010700,Die Linke Thüringen,Mirmok12,false,4,dewiki,2024-10-27 14:00:22
1833563502,Sasural Simar Ka,2001:EE0:55FA:5ED0:593E:A314:3194:894,false,4,enwiki,2024-10-27 14:00:14
358010701,Vorlage:Revert-Statistik,Revert-Statistik,true,0,dewiki,2024-10-27 14:00:22
1833563503,User talk:Oliwiasocz,SafariScribe,false,1912,enwiki,2024-10-27 14:00:07
1833563505,Big Machine Racing,JRnation88,false,0,enwiki,2024-10-27 14:00:16
1833563511,User:DatBot/newpagesbacklog,DatBot,true,-1,enwiki,2024-10-27 14:00:19
1833563514,User:DreamRimmer bot/Redirects.json,DreamRimmer bot,true,-2602,enwiki,2024-10-27 14:00:19
358010702,Wikipedia:Löschkandidaten,TaxonBota,true,0,dewiki,2024-10-27 14:00:23
1833563513,God the Father,Ednabrenze,false,340,enwiki,2024-10-27 14:00:15
1833563517,Loubersan,Monkbot,true,1,enwiki,2024-10-27 14:00:17
358010703,Benutzer:Aka/Fehlerlisten/Typographische Anführungszeichen/004,Dk1909,false,-2040,dewiki,2024-10-27 14:00:24
1833563616,Anton Zemlyanukhin,Monkbot,true,1,enwiki,2024-10-27 14:00:38
358010713,"Datei:Stolpersteine für Familie Löwenstein, Hübschmannstrasse 19, Chemnitz (2).jpg",Cookroach,false,95,dewiki,2024-10-27 14:00:46
1833563807,Laura Siegemund career statistics,BundesBerti,false,10,enwiki,2024-10-27 14:01:18
1833563817,Video games in Japan,Pinkgamergirl,false,38,enwiki,2024-10-27 14:01:14
358010707,Cembalokonzert in g-Moll,Motmel,false,451,dewiki,2024-10-27 14:00:29
358010710,Hans Asperger,ThomW,false,132,dewiki,2024-10-27 14:00:31
358010714,Tahsim Durgun,DH93,false,7,dewiki,2024-10-27 14:00:47
358010717,Matteo Hotop,XaviYuahanda,false,0,dewiki,2024-10-27 14:00:53
1833563808,"Jimmy Dunne (footballer, born 1997)",GiantSnowman,false,0,enwiki,2024-10-27 14:01:21
1833563916,Philip Segal,2.24.70.155,false,15,enwiki,2024-10-27 14:01:42
1833564002,Talk:Carnian pluvial episode,Schweinchen,false,840,enwiki,2024-10-27 14:02:04
358010705,Portal:Tiermedizin/Index/U,Uwe Gille,false,16,dewiki,2024-10-27 14:00:26
1833563818,Twenty One Pilots discography,Creatureofthedungeon,false,0,enwiki,2024-10-27 14:01:20
1833563917,Talk:Mufti Ghulam Sarwar Lahori,Wikibear47,false,6,enwiki,2024-10-27 14:01:44
1833564004,Fons-sur-Lussan,Monkbot,true,1,enwiki,2024-10-27 14:02:03
358010718,Max Himmelheber,Moma-be,false,56,dewiki,2024-10-27 14:00:53
1833563710,"Church of the Sacred Heart of Jesus, Bydgoszcz",Monkbot,true,1,enwiki,2024-10-27 14:01:01
1833563811,User talk:TheDoctorWho/archive4,Hilst,false,47,enwiki,2024-10-27 14:01:18
1833563606,26 G. 2,Hughbe98,false,6,enwiki,2024-10-27 14:00:38
1833563712,Mariya Dmitriyenko,SmartyPants22,false,81,enwiki,2024-10-27 14:01:03
1833563812,Anjuman-e-Taraqqi-e-Urdu Bihar,TheChronikler7,false,122,enwiki,2024-10-27 14:01:22
1833563918,Pardies-Piétat,Monkbot,true,1,enwiki,2024-10-27 14:01:42
1833564005,1997 Tennessee Oilers season,72.133.196.210,false,-1,enwiki,2024-10-27 14:02:02
358010708,Modul:Wikidata2Lemma,Jobu0101,false,-76,dewiki,2024-10-27 14:00:31
1833563607,User:SafariScribe/AfC log,SafariScribe,false,104,enwiki,2024-10-27 14:00:09
1833563714,Diving chamber,Sufiyaan3250,false,294,enwiki,2024-10-27 14:00:59
1833563813,Wikipedia:Requests for comment/History and geography,Legobot,true,-292,enwiki,2024-10-27 14:01:22
1833564007,Tampermonkey,DANGA14,false,-6,enwiki,2024-10-27 14:02:04
1833563608,Draft:Battle of Adji-Gozle,DannyS712 bot,false,22,enwiki,2024-10-27 14:00:38
1833563715,Forest Theater,Melchior2006,false,-1456,enwiki,2024-10-27 14:01:02
1833563800,Wikipedia:Requests for comment/Biographies,Legobot,true,-348,enwiki,2024-10-27 14:01:21
1833563900,Talk:Shakir Lashari,Wikibear47,false,8,enwiki,2024-10-27 14:01:41
1833563919,Cardiff,Seth Whales,false,588,enwiki,2024-10-27 14:01:33
1833564008,Braian Mansilla,Geregen2,false,0,enwiki,2024-10-27 14:02:05
1833563610,Osroene,94.191.136.86,false,-52,enwiki,2024-10-27 14:00:35
1833563718,28 Geo. 2,Hughbe98,false,6,enwiki,2024-10-27 14:01:05
1833563805,Tampermonkey,197.37.215.23,false,6,enwiki,2024-10-27 14:01:21
1833563814,"Wikipedia:Requests for comment/Maths, science, and technology",Legobot,true,-292,enwiki,2024-10-27 14:01:23
1833563901,Arqa River,ByteBaldur,false,6,enwiki,2024-10-27 14:01:42
358010706,Propaganda der Russischen Föderation,Nuuk,false,-115,dewiki,2024-10-27 14:00:26
1833563614,Han Chinese,Leoshuo,false,18,enwiki,2024-10-27 14:00:27
1833563719,Taiwan–United Kingdom relations,2001:56A:F823:C700:B1F9:31E3:6D4E:1F70,false,4,enwiki,2024-10-27 14:01:03
1833563815,"Wierzchowo, Pomeranian Voivodeship",Monkbot,true,1,enwiki,2024-10-27 14:01:22
1833563903,Isarapa Imprasertsuk,SmartyPants22,false,117,enwiki,2024-10-27 14:01:41
1833564001,August Revolution,2001:EE0:4D08:E670:C82A:F71D:7193:1FEC,false,75,enwiki,2024-10-27 14:01:59
358010709,Benutzer Diskussion:GHA Berlin,GHA Berlin,false,431,dewiki,2024-10-27 14:00:32
358010712,Catskill Park,Herzi Pinki,false,13,dewiki,2024-10-27 14:00:39
358010716,Wikipedia:Fragen zur Wikipedia,2003:DA:1706:CAA6:F5E9:F74E:DE8F:4B2D,false,985,dewiki,2024-10-27 14:00:50
358010719,Benutzer:Jobu0101/Lemmata für zukünftige Artikel,Jobu0101,false,-59,dewiki,2024-10-27 13:59:21
1833563806,1997 Indianapolis Colts season,72.133.196.210,false,-2,enwiki,2024-10-27 14:01:19
1833564011,Egyptian–Ottoman War (1839–1841),Lenovya,false,-51,enwiki,2024-10-27 14:02:04
1833564104,Wikipedia:Database reports/Largely duplicative file names,HaleBot,true,0,enwiki,2024-10-27 14:02:31
358010802,Joey Juschka,AxelHH,false,-32,dewiki,2024-10-27 14:02:34
1833564204,The Voice (Australian TV series) season 13,Wikisteveb4,false,21,enwiki,2024-10-27 14:02:54
358010817,Friedrich Ernst von Reitzenstein,Verifizierer,false,2738,dewiki,2024-10-27 14:03:06
1833564103,Sabrina Chowdhury Tithi,220 of Borg,false,18,enwiki,2024-10-27 14:02:29
1833564205,Edinburgh Airport,Pmbma,false,163,enwiki,2024-10-27 14:02:53
1833564300,Arqa River,ByteBaldur,false,142,enwiki,2024-10-27 14:03:22
1833564012,Sultan Kudarat,Lowkeypedia,false,2,enwiki,2024-10-27 14:01:59
1833564102,Family tree of English monarchs,"Scotty\"trains\"uk",false,11,enwiki,2024-10-27 14:02:26
358010804,Dominik Velecký,XaviYuahanda,false,1,dewiki,2024-10-27 14:02:39
358010810,Benutzer:Bacci/Baustelle11,Bacci,false,-1,dewiki,2024-10-27 14:02:48
1833564208,Jordhy Thompson,Geregen2,false,0,enwiki,2024-10-27 14:02:56
1833564301,3 G. 3,Hughbe98,false,6,enwiki,2024-10-27 14:03:23
1833564013,The Usos,2600:1700:36A0:D2C0:3A78:9A8A:DBDB:E89E,false,-20,enwiki,2024-10-27 14:02:03
1833564107,User:GrabUp/common.js,GrabUp,false,294,enwiki,2024-10-27 14:02:31
358010805,Úrsula Corberó,Chr 85,false,30,dewiki,2024-10-27 14:02:41
1833564218,Wikipedia:Requests for page protection/Increase,Windborne Rider,false,411,enwiki,2024-10-27 14:02:58
1833564306,"Creysse, Dordogne",Monkbot,true,1,enwiki,2024-10-27 14:03:20
1833564307,User:Jdeolde/sandbox,Jdeolde,false,159,enwiki,2024-10-27 14:03:26
358010806,Wikipedia:Vandalismusmeldung,Mary Joanna,false,235,dewiki,2024-10-27 14:02:41
358010807,Benutzer:Wassermaus/persönliche Spielwiese,Wassermaus,false,111,dewiki,2024-10-27 14:02:45
1833564308,Sebastian Nerz,Monkbot,true,1,enwiki,2024-10-27 14:03:24
1833564017,"Category talk:Politicians from Augusta, Maine",Simeon,false,77,enwiki,2024-10-27 14:02:08
358010803,Ein-Kind-Politik,Erbsenesche,false,1,dewiki,2024-10-27 14:02:34
358010808,Benutzer Diskussion:AscompSoftware,Lutheraner,false,335,dewiki,2024-10-27 14:02:48
358010812,Allied Irish Banks,Qwertz1894,false,41,dewiki,2024-10-27 14:02:53
358010815,Gottfried Kinsky-Weinfurter,212.95.5.99,false,116,dewiki,2024-10-27 14:03:06
1833564310,Anglesia Visconti,Arjayay,false,1,enwiki,2024-10-27 14:03:26
1833564019,VOGA,MPGuy2824,false,55,enwiki,2024-10-27 14:02:09
1833564201,Foord,HangingSwordAlley,false,44,enwiki,2024-10-27 14:02:55
358010816,Eric Gujer,178.197.218.252,false,244,dewiki,2024-10-27 14:03:04
358010818,Lorenzo Coco,XaviYuahanda,false,0,dewiki,2024-10-27 14:03:08
1833564018,Audrey Bergot,Wolbo,false,131,enwiki,2024-10-27 14:02:09
358010800,Razewe,188.163.113.197,false,232,dewiki,2024-10-27 14:02:32
358010811,Jürgen Jung,Dmicha,false,-1,dewiki,2024-10-27 14:02:51
1833564202,Category talk:Maine politicians,Simeon,false,77,enwiki,2024-10-27 14:02:55
1833564101,Saksino,Monkbot,true,1,enwiki,2024-10-27 14:02:29
358010809,Emilian Metu,XaviYuahanda,false,1,dewiki,2024-10-27 14:02:48
1833564203,Alyssa Milano,Jullan3,false,37,enwiki,2024-10-27 14:02:50
358010814,Erion Aliji,XaviYuahanda,false,0,dewiki,2024-10-27 14:03:00
358010819,"Datei:Stolperstein für Charlotte Schreiber, Marianne-Brand-Straße 8, Chemnitz.jpg",Cookroach,false,93,dewiki,2024-10-27 14:03:09
1833564311,List of India Test cricket records,106.205.157.61,false,-1,enwiki,2024-10-27 14:03:09
1833564406,De re publica,2A00:23C6:693A:D701:9C0C:38:5ED3:653D,false,494,enwiki,2024-10-27 14:03:50
1833564313,Efthymis Kouloucheris,Monkbot,true,1,enwiki,2024-10-27 14:03:27
1833564407,Matt Hardy,27.2.139.154,false,-58,enwiki,2024-10-27 14:03:45
1833564500,Radovan Krstović,Gruesome Gary,false,409,enwiki,2024-10-27 14:04:12
1833564408,Eleni Zafeiriou,Monkbot,true,1,enwiki,2024-10-27 14:03:51
1833564501,2024 J3 League,GiofanniRahman,false,3,enwiki,2024-10-27 14:04:07
1833564316,Elvish Yadav,Studywithnazish,false,9,enwiki,2024-10-27 14:03:27
1833564413,Pooky,2400:74E0:10:4794:CC7B:566A:9CAC:E95B,false,53,enwiki,2024-10-27 14:03:53
1833564502,Al Nassr FC,2A02:CB80:4204:8A89:BA10:98BA:9127:512B,false,-26,enwiki,2024-10-27 14:04:00
1833564317,Youssef Maziz,184.82.211.119,false,182,enwiki,2024-10-27 14:03:29
1833564412,Talk:Tommy Robinson,Madewikid,false,411,enwiki,2024-10-27 14:03:48
1833564515,Battle of Nezib,Lenovya,false,-1266,enwiki,2024-10-27 14:04:13
1833564319,3 Geo. 3,Hughbe98,false,6,enwiki,2024-10-27 14:03:30
1833564414,The Land of Skulls,Cassigad,false,30,enwiki,2024-10-27 14:03:50
1833564519,"Jankūnai, Krakės",Monkbot,true,2,enwiki,2024-10-27 14:04:14
1833564401,Shenzhen Bao'an International Airport,Dennislyh,false,-54,enwiki,2024-10-27 14:03:43
1833564415,Chemical element,ModernDaySlavery,false,4,enwiki,2024-10-27 14:03:38
1833564416,5 G. 3,Hughbe98,false,6,enwiki,2024-10-27 14:03:53
1833564417,Arqa River,ByteBaldur,false,19,enwiki,2024-10-27 14:03:53
1833564403,Shubhangi Atre,Fylindfotberserk,false,-15,enwiki,2024-10-27 14:03:51
1833564608,Template:2024 Southern Conference football standings,KingSkyLord,false,0,enwiki,2024-10-27 14:04:40
1833564708,"Matt Murray (ice hockey, born 1994)",Triggerbit,false,178,enwiki,2024-10-27 14:05:01
358010905,Vorlage:Navigationsleiste Linienschiffe der Duncan-Klasse,Ambross07,false,18,dewiki,2024-10-27 14:05:47
1833564709,User:Adamantine123/sandbox,Adamantine123,false,220,enwiki,2024-10-27 14:05:01
358010907,Alter weißer Mann (Film),Einsenkungsmarke,false,19,dewiki,2024-10-27 14:05:47
1833564611,9 Geo. 3,Hughbe98,false,6,enwiki,2024-10-27 14:04:41
1833564712,Citymark Center,AnomieBOT,true,244,enwiki,2024-10-27 14:05:02
358010901,"Datei:Stolperstein für Ludwig Motulski, Zschopauer Straße 74, Chemnitz.jpg",Cookroach,false,86,dewiki,2024-10-27 14:05:42
1833564713,Ble (band),Monkbot,true,1,enwiki,2024-10-27 14:05:04
1833564801,Bologna Guglielmo Marconi Airport,Pmbma,false,163,enwiki,2024-10-27 14:05:30
358010900,Diskussion:Niarna,Spurzem,false,574,dewiki,2024-10-27 14:05:38
1833564700,Special Ops: Lioness,184.147.196.79,false,48,enwiki,2024-10-27 14:04:55
1833564714,Ethnic cleansing,Réalgard,false,22,enwiki,2024-10-27 14:05:02
1833564802,Draft:Muhammad Arif Gondal Chimoana,Merceless Groung,false,189,enwiki,2024-10-27 14:05:30
1833564601,User:Kllnstrk/sandbox,Kllnstrk,false,505,enwiki,2024-10-27 14:04:36
1833564702,User talk:105.112.112.222,Snowman304,false,1205,enwiki,2024-10-27 14:05:01
1833564715,Will Goodwin (footballer),GiantSnowman,false,2,enwiki,2024-10-27 14:05:05
1833564806,The Voice (Australian TV series),Wikisteveb4,false,1,enwiki,2024-10-27 14:05:30
358010903,PSA Squash Tour 2024/25,Squasher,false,25,dewiki,2024-10-27 14:05:42
1833564602,Lilac (disambiguation),Arjayay,false,-111,enwiki,2024-10-27 14:04:37
1833564704,User talk:TheDoctorWho/archive7,Hilst,false,1,enwiki,2024-10-27 14:04:58
1833564603,2006 Oklahoma elections,Incognito melon,false,73,enwiki,2024-10-27 14:04:34
1833564705,Don't Move (2024 film),MikeAllen,false,-2,enwiki,2024-10-27 14:05:00
1833564716,Teardrops (Liam Payne song),PeppaPigIsATaxFraud,false,24,enwiki,2024-10-27 14:05:06
1833564817,Tomoyuki Matsuda,SmartyPants22,false,319,enwiki,2024-10-27 14:05:35
1833564604,The Man from Mars,Monkbot,true,1,enwiki,2024-10-27 14:04:37
1833564707,Anime Himitsu no Hanazono,Monkbot,true,8,enwiki,2024-10-27 14:05:01
1833564717,Georgian Dream,Muaza Husni,false,66,enwiki,2024-10-27 14:04:58
1833564818,"Mitrofanova, Kursk Oblast",Monkbot,true,2,enwiki,2024-10-27 14:05:34
358010904,Adelsberg (Marktl),Lutheraner,false,143,dewiki,2024-10-27 14:05:46
1833564605,Sampoerna,Muhammad Rafly Thursandy 16,false,160,enwiki,2024-10-27 14:04:37
1833564706,Kutadgu Bilig,Beshogur,false,-23,enwiki,2024-10-27 14:05:02
1833564719,Sassoon family,Rangasyd,false,1856,enwiki,2024-10-27 14:05:05
1833564819,Miss Grand Taiwan,Thomson Walt,false,653,enwiki,2024-10-27 14:05:34
358010910,SkyTeam,2A01:599:640:7B44:F4CD:F901:2BB6:7319,false,-27,dewiki,2024-10-27 14:05:48
1833564908,Alèthe de Montbard,Sam Sailor,false,-190,enwiki,2024-10-27 14:05:53
1833565005,Wiranto,RyanW1995,false,-125,enwiki,2024-10-27 14:06:11
1833565117,Single Convention on Narcotic Drugs,83.134.44.215,false,2,enwiki,2024-10-27 14:06:41
358010911,Ramiz Harakaté,XaviYuahanda,false,1,dewiki,2024-10-27 14:05:49
1833564919,Spark New Zealand Mobile,Kreb,false,-1111,enwiki,2024-10-27 14:05:56
358010916,Major League Soccer 2024,Hveghi,false,0,dewiki,2024-10-27 14:06:02
1833565006,"Napier, Western Australia",Calistemon,false,225,enwiki,2024-10-27 14:06:17
1833565118,Empire Ballpark,PinkDucky91,false,86,enwiki,2024-10-27 14:06:45
358010915,Gabriel Kirejczyk,XaviYuahanda,false,0,dewiki,2024-10-27 14:05:58
1833565007,Triangle (2009 British film),24.20.80.220,false,-18,enwiki,2024-10-27 14:06:16
1833565100,Aristotelia Peloni,Monkbot,true,1,enwiki,2024-10-27 14:06:41
1833565119,User talk:TheDoctorWho/archive9,Hilst,false,47,enwiki,2024-10-27 14:06:42
1833564900,Talk:Alèthe de Montbard,Sam Sailor,false,132,enwiki,2024-10-27 14:05:53
1833565008,Spark New Zealand Mobile,Kreb,false,1111,enwiki,2024-10-27 14:06:17
1833565104,Athletics at the 1982 Central American and Caribbean Games – Results,Pietaster,false,1409,enwiki,2024-10-27 14:06:38
1833564901,Bauhaus,Alanscottwalker,false,6,enwiki,2024-10-27 14:05:52
1833565009,Duchess Marie Gabrielle in Bavaria,Monkbot,true,2,enwiki,2024-10-27 14:06:17
1833565107,History of Iceland,89.160.187.124,false,28,enwiki,2024-10-27 14:06:40
1833565200,Ali Mousavi,Simeon,false,12,enwiki,2024-10-27 14:07:08
1833564902,"Bergen Airport, Flesland",Pmbma,false,162,enwiki,2024-10-27 14:05:51
1833565011,Sirous Ghayeghran,Simeon,false,14,enwiki,2024-10-27 14:06:17
1833565110,12 G. 3,Hughbe98,false,6,enwiki,2024-10-27 14:06:44
1833565201,User:GrabUp/common.js,GrabUp,false,-23,enwiki,2024-10-27 14:07:10
1833564903,Pentagón Jr.,27.2.139.154,false,-9,enwiki,2024-10-27 14:05:51
1833565010,Pepijn Lijnders,Seasider53,false,-261,enwiki,2024-10-27 14:06:16
1833565202,Draft:Radhika Muthukumar,117.254.39.180,false,391,enwiki,2024-10-27 14:07:10
1833564907,Alderney,Ehrenkater,false,-4,enwiki,2024-10-27 14:05:54
1833565000,User:Peter I. Vardy/sandbox,Peter I. Vardy,false,676,enwiki,2024-10-27 14:06:15
1833565012,Hugh Roe O'Donnell,SkywalkerEccleston,false,292,enwiki,2024-10-27 14:06:13
1833565115,"Napier, Western Australia",Calistemon,false,1,enwiki,2024-10-27 14:06:44
1833564905,Liberal arts education,Sufiyaan3250,false,247,enwiki,2024-10-27 14:05:51
358010917,Elijah Just,XaviYuahanda,false,0,dewiki,2024-10-27 14:06:07
1833565002,Berlin Brandenburg Airport,Pmbma,false,163,enwiki,2024-10-27 14:06:08
1833565015,Pachymenia,Loopy30,false,41,enwiki,2024-10-27 14:06:19
1833565116,Przybkówko,Monkbot,true,1,enwiki,2024-10-27 14:06:44
1833565218,Category:People from Stiffkey,Ernsanchez00,false,59,enwiki,2024-10-27 14:07:15
1833565303,List of Billboard Hot Dance/Electronic Songs number ones,DanTheMusicMan2,false,0,enwiki,2024-10-27 14:07:27
1833565510,Shimizu S-Pulse,Karoumitomafan,false,106,enwiki,2024-10-27 14:08:10
1833565204,Emmanuel Adegboyega,GiantSnowman,false,-4,enwiki,2024-10-27 14:07:10
1833565219,Be Here Now (book),Randy Kryn,false,24,enwiki,2024-10-27 14:07:15
1833565308,User talk:Emmanuella643,GiantSnowman,false,586,enwiki,2024-10-27 14:07:34
1833565409,Braniewo County,Monkbot,true,1,enwiki,2024-10-27 14:07:51
358011002,Wikipedia:WikiProjekt Kategorien/Warteschlange,Perrak,false,322,dewiki,2024-10-27 14:08:14
358011008,Vorlage:Navigationsleiste Marvel-Real-Kinofilme,Ephraim33,false,53,dewiki,2024-10-27 14:08:20
1833565205,Barbarossa decree,Monkbot,true,2,enwiki,2024-10-27 14:07:10
1833565410,16 G. 3,Hughbe98,false,6,enwiki,2024-10-27 14:07:52
358011003,Wolfgang Wahlster,Renatoorsini,false,118,dewiki,2024-10-27 14:08:13
1833565512,Pike square,Dimadick,false,28,enwiki,2024-10-27 14:08:19
1833565206,Nathan Shepperd,Supersaints2014,false,26,enwiki,2024-10-27 14:07:11
1833565316,User:Wira rhea/Bali United F.C. season,Wira rhea,false,7,enwiki,2024-10-27 14:07:33
1833565412,Susumu Kobayashi,SmartyPants22,false,277,enwiki,2024-10-27 14:07:52
358011000,Diskussion:Motorradsport,Drahreg01,false,516,dewiki,2024-10-27 14:08:11
358011004,PSA Squash Tour der Damen 2024/25,Squasher,false,1,dewiki,2024-10-27 14:08:14
1833565501,User talk:Bluscott,FireflyBot,true,775,enwiki,2024-10-27 14:08:16
1833565207,Ain't It Funny (Murder Remix),Smallangryplanet,false,100,enwiki,2024-10-27 14:07:08
1833565317,Sammi Cheng discography,Mimi197208,false,1,enwiki,2024-10-27 14:07:35
1833565502,Talk:Dan Birikwalira,AnomieBOT,true,17,enwiki,2024-10-27 14:08:16
1833565208,Wikipedia:Database reports/Ownerless pages in the user space,HaleBot,true,158,enwiki,2024-10-27 14:07:12
358011006,Benutzer:Tim031002/Shopify-Rebellion,Tim031002,false,115,dewiki,2024-10-27 14:08:19
1833565211,University of Luxembourg,BelaNotte,false,1,enwiki,2024-10-27 14:07:12
1833565319,Laeticia Amihere,DaHuzyBru,false,571,enwiki,2024-10-27 14:07:35
1833565400,Nathan Shepperd,Supersaints2014,false,-2,enwiki,2024-10-27 14:07:49
1833565417,Wikipedia:Requested articles/Arts and entertainment,96.82.59.129,false,1213,enwiki,2024-10-27 14:07:47
358011005,Liste der portugiesischen Abgeordneten zum EU-Parlament (1989–1994),Saehrimnir,false,10,dewiki,2024-10-27 14:08:13
358011007,Germany’s Next Topmodel/Staffel 19,DH93,false,-24,dewiki,2024-10-27 14:08:17
1833565401,"Category:People from Warham, Norfolk",Ernsanchez00,false,57,enwiki,2024-10-27 14:07:50
1833565419,The Testimony of the Suns,Mlody1312,false,29,enwiki,2024-10-27 14:07:54
1833565507,Spark New Zealand Mobile,Kreb,false,-9,enwiki,2024-10-27 14:08:18
358011009,SECR-Klasse G,79.254.20.191,false,21,dewiki,2024-10-27 14:08:24
1833565212,Talk:Child marriage,Zero0000,false,1099,enwiki,2024-10-27 14:07:10
1833565301,Justine Clarke,HungryReptile,false,15,enwiki,2024-10-27 14:07:32
1833565402,List of Los Angeles Dodgers minor league affiliates,NatureBoyMD,false,-26,enwiki,2024-10-27 14:07:48
358011001,Reh (Hagen),"Bärwinkel,Klaus",false,-6,dewiki,2024-10-27 14:08:13
1833565509,"Drymos, Thessaloniki",Monkbot,true,2,enwiki,2024-10-27 14:08:18
1833565214,Lee June-seo,Shashvat Verma,false,33,enwiki,2024-10-27 14:07:12
1833565404,User:Wira rhea/Bali United F.C. season,Wira rhea,false,0,enwiki,2024-10-27 14:07:47
1833565511,User:MacronMonitor/Alerts,MacronMonitor,false,280,enwiki,2024-10-27 14:08:18
358011010,Wikipedia:Wartungsbausteinwettbewerb/Winter 2009,Lómelinde,false,-46,dewiki,2024-10-27 14:08:24
1833565617,Ben Gurion Airport,Antonbabich,false,6,enwiki,2024-10-27 14:08:44
1833565719,Saint-Clément-de-Valorgue,Monkbot,true,1,enwiki,2024-10-27 14:09:17
358011013,Referent,Dabefewulu,false,-122,dewiki,2024-10-27 14:08:37
1833565603,Shen Buhai,FourLights,false,36,enwiki,2024-10-27 14:08:44
1833565618,Scott Parker,Saintandy7,false,0,enwiki,2024-10-27 14:08:46
1833565708,Kreuzberg Saddle,Monkbot,true,1,enwiki,2024-10-27 14:09:14
1833565604,Arqa River,ByteBaldur,false,3,enwiki,2024-10-27 14:08:45
1833565619,Mankovice,Monkbot,true,1,enwiki,2024-10-27 14:08:48
1833565711,User talk:TheDoctorWho/archive11,Hilst,false,47,enwiki,2024-10-27 14:09:09
358011014,Liste der Fußballspielerinnen mit mindestens 100 Länderspielen,Rklingmann,false,0,dewiki,2024-10-27 14:08:24
1833565605,Schiltron,Dimadick,false,28,enwiki,2024-10-27 14:08:45
358011015,Benutzer:Jobu0101/Cineplex2Wikidata/2010–2014,Jobu0101,false,-30,dewiki,2024-10-27 14:08:26
1833565607,"Frederick I, Duke of Anhalt",Monkbot,true,2,enwiki,2024-10-27 14:08:45
1833565609,User talk:Lee Vilenski/Archives/2024/October,ClueBot III,true,1704,enwiki,2024-10-27 14:08:45
1833565712,22 Geo. 3,Hughbe98,false,5,enwiki,2024-10-27 14:09:16
1833565608,D'Angelo Wallace,Binguser2022,false,-120,enwiki,2024-10-27 14:08:45
1833565700,Rex Linn,Guest2625,false,27,enwiki,2024-10-27 14:09:09
1833565717,1998 San Diego Chargers season,72.133.196.210,false,-2,enwiki,2024-10-27 14:09:14
358011016,Benutzer:Bacci/Baustelle11,Bacci,false,-1,dewiki,2024-10-27 14:08:38
358011019,Michél Mazingu-Dinzey,95.90.253.122,false,12,dewiki,2024-10-27 14:08:41
1833565705,Vladimir Grigoryev,Monkbot,true,1,enwiki,2024-10-27 14:09:11
1833565718,Talk:Nimzowitsch-Larsen Attack,Pawnkingthree,false,262,enwiki,2024-10-27 14:09:17
358011012,Bezirk Reutte,PtrQs,false,0,dewiki,2024-10-27 14:08:26
358011017,Wolfgang Wahlster,Renatoorsini,false,10189,dewiki,2024-10-27 14:08:38
1833565611,Takashi Kawamura (politician),217.129.165.138,false,16,enwiki,2024-10-27 14:08:44
1833565706,Reliability of Wikipedia,2.96.155.199,false,-3,enwiki,2024-10-27 14:09:01
1833565614,User talk:Lee Vilenski,ClueBot III,true,-1705,enwiki,2024-10-27 14:08:47
1833565707,1972 in film,JSonicDog,false,64,enwiki,2024-10-27 14:09:12
1833565808,"Dickinson County, Kansas",Quebec99,false,-46,enwiki,2024-10-27 14:09:41
1833565905,Austrian Basketball Supercup,Monkbot,true,1,enwiki,2024-10-27 14:10:04
1833566013,Deštné v Orlických horách,Monkbot,true,1,enwiki,2024-10-27 14:10:30
1833565813,"Federal Medical Center, Carswell",Regulov,false,0,enwiki,2024-10-27 14:09:42
1833565907,2008–09 Atlanta Thrashers season,Sbaio,false,-49,enwiki,2024-10-27 14:10:04
1833566015,24 G. 3. Sess. 2,Hughbe98,false,6,enwiki,2024-10-27 14:10:33
1833565816,Taronites,Monkbot,true,2,enwiki,2024-10-27 14:09:44
1833565909,Paul Warne,Saintandy7,false,0,enwiki,2024-10-27 14:10:04
1833565817,2019–20 AEK Athens F.C. season,BEN917,false,1085,enwiki,2024-10-27 14:09:34
1833565913,24 Geo. 3. Sess. 1,Hughbe98,false,6,enwiki,2024-10-27 14:10:07
1833566017,Template talk:William Byrd,Tom.Reding,false,40,enwiki,2024-10-27 14:10:33
1833565819,User:Aedis1/Art1064,Aedis1,false,13,enwiki,2024-10-27 14:09:45
1833565914,Category talk:Foxconn people,Tom.Reding,false,31,enwiki,2024-10-27 14:10:07
1833565915,Talk:Huns,Lowercase sigmabot III,true,-3220,enwiki,2024-10-27 14:10:04
1833566000,25 Geo. 3,Hughbe98,false,6,enwiki,2024-10-27 14:10:30
1833565916,Cineas,Monkbot,true,1,enwiki,2024-10-27 14:10:07
1833566009,British European Airways Flight 548,Aviationwikiflight,false,196,enwiki,2024-10-27 14:10:29
1833565901,Talk:Huns/Archive 11,Lowercase sigmabot III,true,3220,enwiki,2024-10-27 14:10:03
1833566011,Kehot Publication Society,Minorax,false,15,enwiki,2024-10-27 14:10:31
1833565807,Sports in Oklahoma City,NatureBoyMD,false,-2,enwiki,2024-10-27 14:09:43
1833565904,IBM Research,Ashley Pomeroy,false,1,enwiki,2024-10-27 14:10:02
1833566012,Talk:Tommy Robinson,Doug Weller,false,219,enwiki,2024-10-27 14:10:30
1833566109,User:Kllnstrk/sandbox,Kllnstrk,false,-14,enwiki,2024-10-27 14:10:56
358011103,Emmanuele Antonio Cicogna,Hans-Jürgen Hübner,false,452,dewiki,2024-10-27 14:11:02
358011116,Zheng Qinwen,Fressbacke,false,10,dewiki,2024-10-27 14:11:27
1833566305,User:Hoben7599/sandbox,Hoben7599,false,-2,enwiki,2024-10-27 14:11:34
1833566111,List of Tunisian records in swimming,KhanSwim,false,-9,enwiki,2024-10-27 14:10:54
358011112,Diskussion:Lena Schilling,Rex250,false,489,dewiki,2024-10-27 14:11:08
1833566203,28 Geo. 3,Hughbe98,false,6,enwiki,2024-10-27 14:11:15
1833566309,29 Geo. 3,Hughbe98,false,6,enwiki,2024-10-27 14:11:36
1833566114,"Federal Medical Center, Carswell",Regulov,false,2,enwiki,2024-10-27 14:10:57
1833566202,File:OKC Comets cap.png,Minorax,false,-450,enwiki,2024-10-27 14:11:15
1833566315,Gerindra Party,Argo Carpathians,false,65,enwiki,2024-10-27 14:11:34
1833566116,User:Hoben7599/sandbox,Hoben7599,false,-1,enwiki,2024-10-27 14:10:59
1833566212,File:Quadball Canada logo.png,Minorax,false,-523,enwiki,2024-10-27 14:11:16
1833566316,Perdikaki,Monkbot,true,1,enwiki,2024-10-27 14:11:36
1833566115,26 G. 3,Hughbe98,false,6,enwiki,2024-10-27 14:10:59
1833566213,1998 Tampa Bay Buccaneers season,72.133.196.210,false,-2,enwiki,2024-10-27 14:11:14
358011117,Ivan Softa,Guslar,false,277,dewiki,2024-10-27 14:11:30
1833566317,User:Hh1718/sandbox4,Hh1718,false,88,enwiki,2024-10-27 14:11:39
1833566100,Lancashire Constabulary,Hullian111,false,47,enwiki,2024-10-27 14:10:53
1833566117,Maksim Gelman stabbing spree,Monkbot,true,1,enwiki,2024-10-27 14:10:58
1833566215,Mág (film),85.193.2.85,false,-1,enwiki,2024-10-27 14:11:16
1833566102,Mianwali Division,Umartoor,false,579,enwiki,2024-10-27 14:10:53
1833566118,Shu (Egyptian god),92.10.32.122,false,-150,enwiki,2024-10-27 14:10:57
1833566217,Talk:J. K. Rowling,Lowercase sigmabot III,true,-297,enwiki,2024-10-27 14:11:14
1833566301,Veldin Hodža,Geregen2,false,0,enwiki,2024-10-27 14:11:33
1833566105,Talk:Pakistani rupee,202.47.53.58,false,179,enwiki,2024-10-27 14:10:53
358011100,Sönke Gerhold,Dmicha,false,4,dewiki,2024-10-27 14:11:00
1833566304,List of programs broadcast by Mega Channel,2A02:586:C80F:7083:1848:E57D:305F:AFFF,false,39,enwiki,2024-10-27 14:11:32
1833566106,Calchaquí Valleys,Waterfaux,false,0,enwiki,2024-10-27 14:10:55
358011111,Wikipedia:Hauptseite/Aktuelles,WalterNeumann,false,0,dewiki,2024-10-27 14:11:09
1833566108,Litíč,Monkbot,true,1,enwiki,2024-10-27 14:10:54
358011101,Liste von Hochwasser-Ereignissen,Helium4,false,512,dewiki,2024-10-27 14:10:56
358011119,Mario Sebastián,Marabubalu,false,-3,dewiki,2024-10-27 14:11:32
1833566306,Nicosia Municipality,Monkbot,true,2,enwiki,2024-10-27 14:11:33
1833566413,User:GrabUp/common.js,GrabUp,false,367,enwiki,2024-10-27 14:12:03
1833566414,Greece women's national cricket team,Bs1jac,false,0,enwiki,2024-10-27 14:12:02
1833566615,Psychology of genocide,Réalgard,false,22,enwiki,2024-10-27 14:12:54
1833566416,Alèthe de Montbard,Sam Sailor,false,-22,enwiki,2024-10-27 14:12:04
1833566616,Koło County,Monkbot,true,1,enwiki,2024-10-27 14:12:53
1833566417,Le Triadou,Monkbot,true,1,enwiki,2024-10-27 14:12:02
1833566617,Orient (manga),2001:8003:A072:C700:8D9E:A220:E480:9037,false,49,enwiki,2024-10-27 14:12:51
1833566419,History of Iceland,89.160.187.124,false,18,enwiki,2024-10-27 14:12:02
1833566509,Jakkrit Panichpatikum,SmartyPants22,false,330,enwiki,2024-10-27 14:12:25
1833566600,Supreme Administrative Court of Austria,Monkbot,true,2,enwiki,2024-10-27 14:12:47
1833566401,Wikipedia:List of Wikipedians by number of edits/6001–7000,HaleBot,true,82,enwiki,2024-10-27 14:11:57
1833566510,"Agios Petros, Arcadia",Monkbot,true,1,enwiki,2024-10-27 14:12:25
1833566402,The Voice (Australian TV series) season 13,Wikisteveb4,false,4,enwiki,2024-10-27 14:11:59
1833566606,2024 in paleobotany,Macrochelys,false,425,enwiki,2024-10-27 14:12:43
1833566607,Talk:New Zealand,Lowercase sigmabot III,true,-2864,enwiki,2024-10-27 14:12:48
1833566406,Category:Landsknechts,Dimadick,false,67,enwiki,2024-10-27 14:12:02
1833566608,Ennstal Alps,Monkbot,true,1,enwiki,2024-10-27 14:12:50
1833566407,Relational algebra,Darcourse,false,-39,enwiki,2024-10-27 14:12:00
1833566610,32 Geo. 3,Hughbe98,false,6,enwiki,2024-10-27 14:12:52
1833566618,32 G. 3,Hughbe98,false,6,enwiki,2024-10-27 14:12:55
1833566708,Tahmid Bhuiyan Tamim,Rayhan Ahmed Tamim,false,6,enwiki,2024-10-27 14:13:13
1833566710,Under the Hanging Tree,Mlody1312,false,28,enwiki,2024-10-27 14:13:12
1833566711,Killing of Odair Moniz,DrMaster7,false,42,enwiki,2024-10-27 14:13:11
1833566713,Palaiostani,Monkbot,true,1,enwiki,2024-10-27 14:13:13
1833566715,Ramchandra,2409:4081:170C:26B8:0:0:B43:E8A0,false,-6,enwiki,2024-10-27 14:13:15
1833566716,Sebastian Bauer,Bocanegra,false,17,enwiki,2024-10-27 14:13:15
1833566718,"Bhartiya Janata Party, Kerala",Unknown FG,false,140,enwiki,2024-10-27 14:13:15
1833566804,Ivan Provedel,BigBlackCthulhu,false,0,enwiki,2024-10-27 14:13:39
1833566912,Star Search (Singaporean TV series) season 12,Sculture65,false,300,enwiki,2024-10-27 14:14:03
1833567000,Military coups in Argentina,178.148.148.176,false,1,enwiki,2024-10-27 14:14:24
1833567018,Panorama (The Cars album),BsoykaBot,true,-180,enwiki,2024-10-27 14:14:29
1833566807,List of ONS built-up areas in England by population,JMF,false,252,enwiki,2024-10-27 14:13:36
358011210,ProA 2024/25,Peter Pagel,false,218,dewiki,2024-10-27 14:13:48
1833566914,Dimitrios Chantakias,Monkbot,true,1,enwiki,2024-10-27 14:14:03
1833567019,Habilitation (rehabilitation),PinkDucky91,false,138,enwiki,2024-10-27 14:14:31
358011202,Benutzer:Tim031002/Shopify-Rebellion,Tim031002,false,0,dewiki,2024-10-27 14:13:38
1833566808,Template:St. Louis City SC squad,UncleTupelo1,false,-70,enwiki,2024-10-27 14:13:40
1833566915,Talk:Danny Carvajal,PKT,false,48,enwiki,2024-10-27 14:14:04
1833567001,User:GrabUp/External Links Remover.js,GrabUp,false,3601,enwiki,2024-10-27 14:14:27
1833566812,Aidan Bailey,Jevansen,false,52,enwiki,2024-10-27 14:13:41
358011212,Amtsgericht Buckau,Wilske,false,1,dewiki,2024-10-27 14:13:58
1833566918,Talk:Shasha River,Wbm1058,false,-1093,enwiki,2024-10-27 14:14:04
1833567003,User:Hoben7599/sandbox,Hoben7599,false,-11,enwiki,2024-10-27 14:14:27
1833566813,Touch and Go (The Cars song),BsoykaBot,true,-60,enwiki,2024-10-27 14:13:40
1833566900,File:Madison Genesis team logo 2016.jpg,Minorax,false,-185,enwiki,2024-10-27 14:14:01
358011215,Fußball-Afrikameisterschaft der Frauen 2014,Toni Müller,false,0,dewiki,2024-10-27 14:14:05
1833566814,Marsan,Monkbot,true,1,enwiki,2024-10-27 14:13:39
1833566901,List of Moroccan records in swimming,KhanSwim,false,289,enwiki,2024-10-27 14:13:58
1833567004,"Princess Sofia, Duchess of Värmland",Laggan Boy,false,1,enwiki,2024-10-27 14:14:25
358011203,Goryeo,WalterNeumann,false,5,dewiki,2024-10-27 14:13:42
1833566902,Project Hail Mary (film),86.44.172.205,false,37,enwiki,2024-10-27 14:14:00
358011216,Solnhofener Plattenkalk,2003:C3:1F30:8805:C1DF:1514:B841:F,false,1,dewiki,2024-10-27 14:14:05
1833567005,Wikipedia:WikiProject Missing encyclopedic articles/Dsp13 List/11,Dsp13,false,2,enwiki,2024-10-27 14:14:24
1833566800,"Bhartiya Janata Party, Kerala",Unknown FG,false,0,enwiki,2024-10-27 14:13:37
358011204,Benutzer:Zeniatta/Allegorie des Alten und Neuen Testaments,Zeniatta,false,569,dewiki,2024-10-27 14:13:42
358011207,Stubbe – Von Fall zu Fall: Opfer im Zwielicht,2A02:8108:9740:1494:78A4:DF:48EF:A240,false,13,dewiki,2024-10-27 14:13:47
358011213,Fußball-Afrikameisterschaft der Frauen 2012,Toni Müller,false,0,dewiki,2024-10-27 14:13:58
1833566908,"Federal Medical Center, Carswell",Regulov,false,1,enwiki,2024-10-27 14:14:01
358011217,Erich Kästner-Gymnasium (Köln),Nunki Coloniae,false,37,dewiki,2024-10-27 14:14:05
1833567006,1974–75 Atlanta Flames season,Sbaio,false,-49,enwiki,2024-10-27 14:14:27
1833566818,User:Hoben7599/sandbox,Hoben7599,false,-1,enwiki,2024-10-27 14:13:43
358011208,Melissa Maria Becker,Lutheraner,false,509,dewiki,2024-10-27 14:13:48
358011214,Jess Franco,Si! SWamP,false,27,dewiki,2024-10-27 14:13:59
1833566909,Gwalior Fort,Donchocolate,false,147,enwiki,2024-10-27 14:14:00
1833567015,Clara Udofa,Wolbo,false,-51,enwiki,2024-10-27 14:14:29
358011201,Kaien,Jag9889,false,0,dewiki,2024-10-27 14:13:36
1833566803,User:Hh1718/sandbox4,Hh1718,false,159,enwiki,2024-10-27 14:13:39
358011209,Benutzerin:Alpenhexe/Krempel und Sonstiges,Alpenhexe,false,2882,dewiki,2024-10-27 14:13:48
1833566911,Armidale,Dfadden,false,-23,enwiki,2024-10-27 14:14:01
358011218,Glucoalyssin,Anagkai,false,2,dewiki,2024-10-27 14:14:07
1833567016,Kapandriti,Monkbot,true,1,enwiki,2024-10-27 14:14:28
1833567109,Draft:Pink Velvet Theatre,TheMikaelEmanuelsson,false,1439,enwiki,2024-10-27 14:14:55
1833567114,Clermont-d'Excideuil,Monkbot,true,1,enwiki,2024-10-27 14:14:54
1833567206,Star Wars Jedi: Battle Scars,Mika1h,false,0,enwiki,2024-10-27 14:15:13
1833567116,Charles de Gaulle Airport,Pmbma,false,1960,enwiki,2024-10-27 14:14:52
1833567210,User:DreamRimmer bot/Redirects.json,DreamRimmer bot,true,432,enwiki,2024-10-27 14:15:16
1833567212,"Talk:John Bentinck, 5th Duke of Portland",82.16.72.221,false,126,enwiki,2024-10-27 14:15:16
1833567300,Masha Slamovich,80.187.127.38,false,60,enwiki,2024-10-27 14:15:36
1833567104,User:GrabUp/common.js,GrabUp,false,110,enwiki,2024-10-27 14:14:56
1833567215,Bulgaria women's national cricket team,Bs1jac,false,0,enwiki,2024-10-27 14:15:15
1833567216,Sean Strickland,AddedUpdatePoster,false,-49,enwiki,2024-10-27 14:15:12
1833567308,Karaikal,Drusekoana,false,557,enwiki,2024-10-27 14:15:38
1833567105,User:Hoben7599/sandbox,Hoben7599,false,7,enwiki,2024-10-27 14:14:55
1833567218,Wide Streets Commission,Ridiculopathy,false,606,enwiki,2024-10-27 14:15:16
1833567309,Criticism of the BBC,Citation bot,true,-45,enwiki,2024-10-27 14:15:33
1833567106,Pete's Hamburgers,Valereee,false,14,enwiki,2024-10-27 14:14:55
1833567201,Andreas Neocleous,Monkbot,true,1,enwiki,2024-10-27 14:15:12
1833567219,Campaign Against Homophobia,Monkbot,true,1,enwiki,2024-10-27 14:15:15
1833567310,Żnin County,Monkbot,true,1,enwiki,2024-10-27 14:15:40
1833567108,San Roque,Ganmatthew,false,157,enwiki,2024-10-27 14:14:53
1833567200,39 Geo. 3,Hughbe98,false,6,enwiki,2024-10-27 14:15:13
1833567110,1975–76 Atlanta Flames season,Sbaio,false,-29,enwiki,2024-10-27 14:14:55
1833567202,Deuterocanonical books,Quebec99,false,-266,enwiki,2024-10-27 14:15:09
1833567311,Ellen Pompeo,Slobodan Grasic,false,-1,enwiki,2024-10-27 14:15:40
1833567402,Richard Wagner,93.176.153.41,false,-17,enwiki,2024-10-27 14:15:55
358011305,Ort,Dabefewulu,false,-217,dewiki,2024-10-27 14:16:43
1833567518,SS-Green Light Racing,JRnation88,false,70,enwiki,2024-10-27 14:16:39
358011310,Andreas Sieling,Dmicha,false,28,dewiki,2024-10-27 14:16:58
1833567312,1978–79 Atlanta Flames season,Sbaio,false,-29,enwiki,2024-10-27 14:15:41
1833567403,Maurice Bishop International Airport,The Banner,false,66,enwiki,2024-10-27 14:16:04
358011306,Shūgiin-Wahl 2024,Asakura Akira,false,0,dewiki,2024-10-27 14:16:43
1833567313,List of India Test cricket records,Jeevan Singh Chundawat,false,3,enwiki,2024-10-27 14:15:30
1833567405,List of Pacific Coast League stadiums,NatureBoyMD,false,-8,enwiki,2024-10-27 14:16:01
358011304,Benutzer:A1000/wolrad,A1000,false,551,dewiki,2024-10-27 14:16:35
1833567510,Wikipedia:Database reports/Unused non-free files,HaleBot,true,2911,enwiki,2024-10-27 14:16:42
1833567519,List of acts of the Parliament of Great Britain from 1772,Hughbe98,false,61,enwiki,2024-10-27 14:16:37
358011309,Bahnstrecke Mannheim–Frankfurt am Main,Bigbug21,false,707,dewiki,2024-10-27 14:16:52
1833567407,Wikipedia:Articles for deletion/TECO Electric and Machinery,Rajix4,false,1985,enwiki,2024-10-27 14:16:06
358011300,Bis zum bitteren Ende (Redewendung),DeeDelDum,false,98,dewiki,2024-10-27 14:16:25
358011302,Benutzer:Wurgl/Fehler GND,Silewe,false,102,dewiki,2024-10-27 14:16:17
1833567511,Draft:David Novitz,Hogo-2020,false,238,enwiki,2024-10-27 14:16:44
1833567315,Nicophon,Monkbot,true,2,enwiki,2024-10-27 14:15:43
358011301,Körperverletzung (Österreich),Gesetzesfreak,false,154,dewiki,2024-10-27 14:16:26
1833567513,Berserk (manga),Xexerss,false,0,enwiki,2024-10-27 14:16:39
1833567316,"Category:People from Broome, Norfolk",Ernsanchez00,false,58,enwiki,2024-10-27 14:15:44
1833567410,A Jungle Book of Regulations,Monkbot,true,1,enwiki,2024-10-27 14:16:06
1833567512,Category talk:Sportspeople from Indiana by county,Simeon,false,27,enwiki,2024-10-27 14:16:44
1833567317,Blind audition,Citation bot,true,-67,enwiki,2024-10-27 14:15:43
1833567516,Trolleybuses in Salzburg,SJ Morg,false,0,enwiki,2024-10-27 14:16:44
1833567500,Christiana Loizu,Monkbot,true,4,enwiki,2024-10-27 14:16:37
1833567515,Březina (Rokycany District),Monkbot,true,1,enwiki,2024-10-27 14:16:43
1833567417,Scottish coronation of Charles II,Unoquha,false,11,enwiki,2024-10-27 14:16:08
358011303,Amtsgericht Buckau,Wilske,false,1,dewiki,2024-10-27 14:16:31
1833567507,My Schoolfriend,Monkbot,true,1,enwiki,2024-10-27 14:16:40
1833567514,2024 NCAA Division I FCS football season,KingSkyLord,false,129,enwiki,2024-10-27 14:16:42
1833567401,Wikipedia:WikiProject Missing encyclopedic articles/Dsp13 List/11,Dsp13,false,-233,enwiki,2024-10-27 14:16:00
1833567508,Alderney,Ehrenkater,false,-10,enwiki,2024-10-27 14:16:41
1833567517,ZF 8HP transmission,Musikgeniesser,false,14,enwiki,2024-10-27 14:16:36
358011308,César Franck,Double Croche,false,-962,dewiki,2024-10-27 14:16:53
1833567606,File:Open de Suède Vårgårda logo.png,Minorax,false,-314,enwiki,2024-10-27 14:17:06
1833567607,Belcaire,Monkbot,true,1,enwiki,2024-10-27 14:17:03
1833567806,User:Victoriaonguyenphd/sandbox,Victoriaonguyenphd,false,0,enwiki,2024-10-27 14:17:41
1833567616,Telecommunications in Australia,BlankEclair,false,-1,enwiki,2024-10-27 14:17:05
1833567809,Lochagos,Monkbot,true,2,enwiki,2024-10-27 14:17:40
1833567916,Capbreton,Monkbot,true,1,enwiki,2024-10-27 14:18:01
1833567713,User:Hh1718/sandbox4,Hh1718,false,204,enwiki,2024-10-27 14:17:28
1833567812,History of Georgia (country),Bakir123,false,10,enwiki,2024-10-27 14:17:38
1833567914,User:Zamroni111/common.js,Zamroni111,false,10,enwiki,2024-10-27 14:18:04
1833567617,Template:Miss Grand International titleholders,Thomson Walt,false,41,enwiki,2024-10-27 14:17:08
1833567714,2023 Ybor City shooting,Kboonstoppel,false,261,enwiki,2024-10-27 14:17:27
1833567915,Donald Trump 2024 presidential campaign,Kkuchnir,false,26,enwiki,2024-10-27 14:17:47
1833567618,Isaac Hutchinson,GiantSnowman,false,0,enwiki,2024-10-27 14:17:08
1833567700,Montaut-les-Créneaux,Monkbot,true,1,enwiki,2024-10-27 14:17:20
1833567814,Hugh S. Johnson,Crawdad Blues,false,235,enwiki,2024-10-27 14:17:41
1833567901,Eoin Toal,GiantSnowman,false,2,enwiki,2024-10-27 14:18:00
1833567917,Yokohama Red Brick Warehouse,Khairul hazim,false,56,enwiki,2024-10-27 14:18:04
1833567619,Where Is the Love?,191.240.191.50,false,-1,enwiki,2024-10-27 14:17:06
1833567701,User:Cukie Gherkin/Louis,Cukie Gherkin,false,0,enwiki,2024-10-27 14:17:24
1833567900,File:2001 World Wrestling Championships GR logo.png,Minorax,false,-254,enwiki,2024-10-27 14:18:01
1833567918,User:SafariScribe/AfC log,SafariScribe,false,107,enwiki,2024-10-27 14:17:39
1833567702,Metiochus and Parthenope,Monkbot,true,1,enwiki,2024-10-27 14:17:24
1833567817,User talk:Afus199620,Afus199620,false,173,enwiki,2024-10-27 14:17:36
1833567905,Reese Air Force Base,Patapsco913,false,22,enwiki,2024-10-27 14:18:01
1833567919,List of Hindu temples in Sri Lanka,GShas,false,-104,enwiki,2024-10-27 14:18:04
1833567703,File:Logo of the musical Allegiance.png,Minorax,false,-237,enwiki,2024-10-27 14:17:24
1833567819,Wikipedia:Articles for deletion/TECO Electric and Machinery,Rajix4,false,7,enwiki,2024-10-27 14:17:44
1833567906,Boris Lojkine,Joost Pauwels,false,24,enwiki,2024-10-27 14:18:01
1833567709,Shen Buhai,FourLights,false,-13,enwiki,2024-10-27 14:17:25
1833567804,Khamas (raga),2001:8F8:1A61:842:9D12:F96A:367:C1A0,false,117,enwiki,2024-10-27 14:17:38
1833567818,Al Nassr FC,2A02:CB80:4204:8A89:BA10:98BA:9127:512B,false,1,enwiki,2024-10-27 14:17:32
1833567907,File:2001 World Taekwondo Championships logo.png,Minorax,false,-254,enwiki,2024-10-27 14:18:02
1833567710,Hammad bin Zayd,A154,false,-1,enwiki,2024-10-27 14:17:25
1833567805,Pierre-Laurent Aimard,Grimes2,false,391,enwiki,2024-10-27 14:17:40
1833567908,Gorakhpur,Fylindfotberserk,false,-74,enwiki,2024-10-27 14:18:00
1833568005,Gujranwala Division,Umartoor,false,521,enwiki,2024-10-27 14:18:32
1833568019,File:1999 World Taekwondo Championships logo.png,Minorax,false,-254,enwiki,2024-10-27 14:18:38
1833568111,Sophia Hammons,138.248.135.9,false,0,enwiki,2024-10-27 14:18:53
1833568006,Auriac-du-Périgord,Monkbot,true,1,enwiki,2024-10-27 14:18:32
1833568117,Talk:League of Diet Members Supporting the Prosecution of the Holy War,Borgenland,false,25,enwiki,2024-10-27 14:18:55
1833568206,User:Jane023/philosophers,ListeriaBot,true,181,enwiki,2024-10-27 14:18:47
1833568007,Tear Me to Pieces,DonkeyDood15 ukog-monkey,false,-236,enwiki,2024-10-27 14:18:34
1833568118,"Imangulovo, Uchalinsky District, Republic of Bashkortostan",Monkbot,true,2,enwiki,2024-10-27 14:18:55
1833568207,"Tyler, the Creator discography",RapsTooFocussed,false,-29,enwiki,2024-10-27 14:19:22
1833568008,Gurpreet Singh (sport shooter),SmartyPants22,false,92,enwiki,2024-10-27 14:18:35
1833568119,List of Israeli inventions and discoveries,Abdurhman Ahmad,false,179,enwiki,2024-10-27 14:18:54
1833568209,요한 아우구스트 에버하르트,칼빈500,false,-1,enwiki,2024-10-27 14:19:26
1833568009,Family tree of English monarchs,"Scotty\"trains\"uk",false,-11,enwiki,2024-10-27 14:18:31
1833568201,List of acts of the Parliament of Great Britain from 1775,Hughbe98,false,61,enwiki,2024-10-27 14:19:17
1833568208,User:Hh1718/sandbox4,Hh1718,false,28,enwiki,2024-10-27 14:19:26
1833568010,2023 Ybor City shooting,Kboonstoppel,false,-11,enwiki,2024-10-27 14:18:35
1833568101,Luis Felipe Noé,Azzeda,false,79,enwiki,2024-10-27 14:18:50
1833568211,Left Front (India),Soman,false,-15944,enwiki,2024-10-27 14:19:26
1833568011,Randell Williams,GiantSnowman,false,0,enwiki,2024-10-27 14:18:35
1833568102,File:KOLZ 100.7 KOLT FM logo.png,Minorax,false,-279,enwiki,2024-10-27 14:18:52
1833568012,File:1999 World Wrestling Championships FS logo.png,Minorax,false,-185,enwiki,2024-10-27 14:18:36
1833568109,"Seta, Greece",Monkbot,true,1,enwiki,2024-10-27 14:18:52
1833568203,Fargues-sur-Ourbise,Monkbot,true,1,enwiki,2024-10-27 14:19:21
1833568214,Anne Briggs,MrEckLeckTick,false,31,enwiki,2024-10-27 14:19:26
1833568013,Warsaw Military District,Monkbot,true,1,enwiki,2024-10-27 14:18:36
1833568204,2024–25 Bangkok United F.C. season,Iancash81,false,264,enwiki,2024-10-27 14:19:20
1833568215,Abraham Ozler,Jigar1984,false,4,enwiki,2024-10-27 14:19:25
1833568001,Wikipedia:Meetup/NYC/Wikidata Day 2024,Wiki-xavi-d,false,-126,enwiki,2024-10-27 14:18:33
1833568110,File:Westworld Logo.jpg,Minorax,false,-287,enwiki,2024-10-27 14:18:54
1833568205,Takahiro Akimoto,184.82.211.119,false,-120,enwiki,2024-10-27 14:19:23
1833568216,Laeticia Amihere,DaHuzyBru,false,101,enwiki,2024-10-27 14:19:26
358011401,Günter Albusberger,Bernd Bergmann,false,24,dewiki,2024-10-27 14:19:49
1833568312,Stephen Hall (judge),Citation bot,true,-2,enwiki,2024-10-27 14:19:52
1833568400,User:Cukie Gherkin/Louis,Cukie Gherkin,false,413,enwiki,2024-10-27 14:20:15
1833568419,Wikipedia:Database reports/Unused templates/3,HaleBot,true,28,enwiki,2024-10-27 14:20:12
358011414,Ko Samui,LennBr,false,502,dewiki,2024-10-27 14:20:27
358011417,Liste der Baudenkmale der Außenbezirke der Stadt Cuxhaven,Roland Kutzki,false,47,dewiki,2024-10-27 14:20:32
1833568313,User:Gag0409/sandbox/6,Gag0409,false,-2701,enwiki,2024-10-27 14:19:29
358011410,Stolpersteine in Niedersachsen,Nortix08,false,0,dewiki,2024-10-27 14:20:11
1833568314,1993–94 Calgary Flames season,Sbaio,false,-29,enwiki,2024-10-27 14:19:51
1833568402,Taučiūnai,Monkbot,true,2,enwiki,2024-10-27 14:20:14
1833568300,Alèthe de Montbard,Sam Sailor,false,59,enwiki,2024-10-27 14:19:49
1833568316,Draft:Westbury Swimming Pool,Garuda3,false,795,enwiki,2024-10-27 14:19:54
1833568406,Ipomoea,MPF,false,155,enwiki,2024-10-27 14:20:14
1833568317,Talk:Laskani Wala,Wikibear47,false,5,enwiki,2024-10-27 14:19:54
358011405,Ulrich Griebel,Schelmentraum,false,11,dewiki,2024-10-27 14:20:00
1833568409,Meat Puppets II,50.102.149.14,false,7,enwiki,2024-10-27 14:20:15
1833568513,Gourgue,Monkbot,true,1,enwiki,2024-10-27 14:20:44
1833568301,The Last of Us,Indagate,false,-22,enwiki,2024-10-27 14:19:42
1833568318,Talk:Antifa (United States),Captainllama,false,238,enwiki,2024-10-27 14:19:48
358011406,Ligue de défense de la race nègre,Denis Barthel,false,986,dewiki,2024-10-27 14:19:59
1833568412,Telecommunications in Australia,BlankEclair,false,-1,enwiki,2024-10-27 14:20:15
1833568302,Talk:Lasi people,Wikibear47,false,6,enwiki,2024-10-27 14:19:51
1833568319,Voivodeship Administrative Court,Artemis Andromeda,false,-2,enwiki,2024-10-27 14:19:54
358011407,Daniel Ryser,2001:8E0:208F:4000:8547:520D:50CF:80F4,false,98,dewiki,2024-10-27 14:20:03
1833568414,Duke of Teck,Monkbot,true,1,enwiki,2024-10-27 14:20:17
1833568303,"Tyler, the Creator discography",RapsTooFocussed,false,7,enwiki,2024-10-27 14:19:49
1833568415,List of 14th-century religious leaders,EdTre,false,-6,enwiki,2024-10-27 14:20:18
358011413,I Saw the Devil,2A04:4540:6507:F600:AC2C:389F:6BF1:517E,false,-1,dewiki,2024-10-27 14:20:25
358011416,Benutzer:Wasquewhat/Burgstein,Wasquewhat,false,10,dewiki,2024-10-27 14:20:32
1833568304,Kim Dae-yoong,SmartyPants22,false,241,enwiki,2024-10-27 14:19:51
358011404,Liste der belgischen Abgeordneten zum EU-Parlament (1989–1994),Saehrimnir,false,8,dewiki,2024-10-27 14:19:55
358011408,Benutzer:Ephraim33/Projekt Vollständigkeit/Olympiateilnehmer,2001:4DD6:D2B1:0:2DAB:13D7:2900:DBE6,false,509,dewiki,2024-10-27 14:20:06
1833568417,Spider-Man in film,84.43.46.95,false,9,enwiki,2024-10-27 14:20:12
358011400,Jiangxi Open 2024/Qualifikation,Fressbacke,false,59,dewiki,2024-10-27 14:19:48
1833568305,Antonis Alexakis,Monkbot,true,1,enwiki,2024-10-27 14:19:51
358011411,Flugplatz Bouar,Adtonko,false,-37,dewiki,2024-10-27 14:20:20
1833568619,1991 Georgian presidential election,Bakir123,false,37,enwiki,2024-10-27 14:21:14
1833568801,User:Prince of Erebor/common.js,Prince of Erebor,false,70,enwiki,2024-10-27 14:21:51
1833568713,Yomif Kejelcha,146.232.65.146,false,49,enwiki,2024-10-27 14:21:25
1833568804,"Malar, Pakistan",2400:ADC1:17B:5300:D53A:7216:857B:49DD,false,190,enwiki,2024-10-27 14:21:50
1833568607,Talk:Tommy Robinson,Slatersteven,false,8,enwiki,2024-10-27 14:21:08
1833568716,Ivan Yordanov,PKT,false,-37,enwiki,2024-10-27 14:21:27
1833568718,Princess Louise Sophie of Schleswig-Holstein-Sonderburg-Augustenburg,Monkbot,true,1,enwiki,2024-10-27 14:21:29
1833568805,Draft:Ispahani Mirzapore Banglabid,Niloy Nasif,false,44,enwiki,2024-10-27 14:21:51
1833568609,Khrustalny,Monkbot,true,1,enwiki,2024-10-27 14:21:10
1833568610,Tomohiro Kida,SmartyPants22,false,320,enwiki,2024-10-27 14:21:10
1833568719,Category talk:Parishes in South Kurzeme Municipality,Tom.Reding,false,31,enwiki,2024-10-27 14:21:31
1833568808,Relational algebra,Darcourse,false,-70,enwiki,2024-10-27 14:21:50
1833568809,Talk:Nazir Leghari,Wikibear47,false,19,enwiki,2024-10-27 14:21:53
1833568612,Gas,Helper201,false,100,enwiki,2024-10-27 14:21:10
1833568602,Wikipedia:Database reports/Unused templates/8,HaleBot,true,37,enwiki,2024-10-27 14:21:02
1833568614,List of acts of the Parliament of Great Britain from 1783,Hughbe98,false,70,enwiki,2024-10-27 14:21:10
1833568810,"Lavalette, Aude",Monkbot,true,1,enwiki,2024-10-27 14:21:52
1833568615,Category talk:Parishes in Valmiera Municipality,Tom.Reding,false,31,enwiki,2024-10-27 14:21:14
1833568800,Wikipedia:Database reports/Unused templates/12,HaleBot,true,-70,enwiki,2024-10-27 14:21:42
1833568813,요한 아우구스트 에버하르트,칼빈500,false,-2,enwiki,2024-10-27 14:21:55
1833568919,Wikipedia:Database reports/Unused templates/15,HaleBot,true,-288,enwiki,2024-10-27 14:22:12
1833569005,Prosperous Justice Party,Pineapplethen,false,-37,enwiki,2024-10-27 14:22:40
1833569104,Amin Chiakha,YesI'mOnFire,false,300,enwiki,2024-10-27 14:23:08
1833568912,Nizhnekhozyatovo,Monkbot,true,2,enwiki,2024-10-27 14:22:15
1833569006,Dr. Syed Karrar Hussain,Maria Gemmi,false,85,enwiki,2024-10-27 14:22:44
1833569107,Wikipedia:Database reports/Unused templates/20,HaleBot,true,-107,enwiki,2024-10-27 14:23:02
1833568911,Dzhabrail Gadzhiev,83.120.51.189,false,237,enwiki,2024-10-27 14:22:15
1833569007,November Uprising,Monkbot,true,1,enwiki,2024-10-27 14:22:42
1833569108,"Karmaskaly, Sterlitamaksky District, Republic of Bashkortostan",Monkbot,true,2,enwiki,2024-10-27 14:23:10
1833568913,1999–2000 Calgary Flames season,Sbaio,false,-33,enwiki,2024-10-27 14:22:15
1833569110,List of Michelle Yeoh performances,BrandtM113,false,-13,enwiki,2024-10-27 14:23:12
1833569015,User talk:Syed Shahzaman1,Maria Gemmi,false,1348,enwiki,2024-10-27 14:22:46
1833568914,Talk:Jews,Lowercase sigmabot III,true,-605,enwiki,2024-10-27 14:22:15
1833569016,Baraqiel,Monkbot,true,1,enwiki,2024-10-27 14:22:46
1833568915,Kaalo,39.41.141.177,false,32,enwiki,2024-10-27 14:22:17
1833569001,Talk:Tommy Robinson,Madewikid,false,114,enwiki,2024-10-27 14:22:38
1833569019,User talk:Pickersgill-Cunliffe,Luka-Kalandadze2005,false,371,enwiki,2024-10-27 14:22:47
1833569002,Jack Armer,GiantSnowman,false,209,enwiki,2024-10-27 14:22:42
1833568904,Talk:Jews/Archive 34,Lowercase sigmabot III,true,605,enwiki,2024-10-27 14:22:13
1833568917,Timeline of the Israel–Hamas war (27 September 2024 – present),Pachu Kannan,false,1841,enwiki,2024-10-27 14:21:48
1833569003,User:Aedis1/Art1064,Aedis1,false,9,enwiki,2024-10-27 14:22:44
1833568907,Talk:Liberal Students Federation,Wikibear47,false,18,enwiki,2024-10-27 14:22:14
1833569105,Compact fluorescent lamp,OwenBlacker,false,-5,enwiki,2024-10-27 14:23:07
1833569113,Zelše,Monkbot,true,3,enwiki,2024-10-27 14:23:13
1833569208,Talk:Paul Sepp,Estopedist1,false,2,enwiki,2024-10-27 14:23:33
358011517,Hungarian International 2004,Florentyna,false,317,dewiki,2024-10-27 14:23:55
358011519,Rigi,Fonero,false,479,dewiki,2024-10-27 14:24:01
1833569114,Talk:British Library,GrindtXX,false,473,enwiki,2024-10-27 14:23:14
1833569210,Adalbert of Pomerania,Monkbot,true,2,enwiki,2024-10-27 14:23:33
358011508,Nikolaus Cybinski,Schelmentraum,false,21,dewiki,2024-10-27 14:23:37
1833569315,2006 Oklahoma elections,Incognito melon,false,1502,enwiki,2024-10-27 14:23:52
358011518,Regiowiki,Karl Gruber,false,25,dewiki,2024-10-27 14:23:58
1833569115,Sassoon family,Rangasyd,false,414,enwiki,2024-10-27 14:23:13
1833569211,User:Adamantine123/sandbox,Adamantine123,false,19,enwiki,2024-10-27 14:23:32
358011512,Hungarian International 2008,Florentyna,false,1387,dewiki,2024-10-27 14:23:43
1833569314,Gujrat Division,Umartoor,false,791,enwiki,2024-10-27 14:23:54
358011500,Star Trek: Der Aufstand,Bernd Bergmann,false,-1,dewiki,2024-10-27 14:23:27
358011506,Liste der irischen Abgeordneten zum EU-Parlament (1989–1994),Saehrimnir,false,10,dewiki,2024-10-27 14:23:33
358011514,Liste von Hochwasser-Ereignissen,Helium4,false,46,dewiki,2024-10-27 14:23:45
1833569316,1991 Georgian presidential election,Bakir123,false,54,enwiki,2024-10-27 14:23:55
1833569116,The Evil One,Morganfitzp,false,34,enwiki,2024-10-27 14:23:13
358011501,Liste der Träger des Großen Bundesverdienstkreuzes,Asperatus,false,65,dewiki,2024-10-27 14:23:27
1833569201,Kinopanorama,Monkbot,true,1,enwiki,2024-10-27 14:23:30
1833569212,Pang Wei,SmartyPants22,false,79,enwiki,2024-10-27 14:23:33
358011509,Rudolf Reichenberger,Asperatus,false,227,dewiki,2024-10-27 14:23:38
358011513,Nachal Alexander,Ulf Heinsohn,false,20,dewiki,2024-10-27 14:23:44
1833569302,Ron Perry (athletic director),Normantas Bataitis,false,44,enwiki,2024-10-27 14:23:52
1833569318,Seoul Broadcasting System,RafaelPPascual,false,84,enwiki,2024-10-27 14:23:53
1833569119,Heart of Stone (2023 film),DB1729,false,-1,enwiki,2024-10-27 14:23:15
358011502,Hungarian International 2007,Florentyna,false,1388,dewiki,2024-10-27 14:23:23
1833569202,Transvestism,2605:59C8:118D:9010:988:A6D1:51C2:A338,false,-160,enwiki,2024-10-27 14:23:27
1833569219,Oleg Zagorodnii,Regioncalifornia,false,30,enwiki,2024-10-27 14:23:34
1833569304,Elza Lezhdey,Анатолий Росдашин,false,44,enwiki,2024-10-27 14:23:54
1833569319,Timeline of the Israel–Hezbollah conflict (17 September 2024 – present),Pachu Kannan,false,1841,enwiki,2024-10-27 14:23:43
358011504,Francesco Vettori,Poschi33,false,-12,dewiki,2024-10-27 14:23:32
358011510,TSV 1860 München,Mirmok12,false,-1,dewiki,2024-10-27 14:23:37
1833569306,39 & 40 G. 3,Hughbe98,false,6,enwiki,2024-10-27 14:23:54
358011505,Simone Atangana Bekono,Eastfrisian,false,12,dewiki,2024-10-27 14:23:33
358011516,Wikipedia:Auskunft,77.3.189.113,false,2,dewiki,2024-10-27 14:23:53
1833569206,Talk:List of high commissioners of Sri Lanka to Pakistan,Wikibear47,false,18,enwiki,2024-10-27 14:23:33
1833569307,History of Georgia (country),Suwa,false,259,enwiki,2024-10-27 14:23:51
1833569207,The Piano Lesson (2024 film),AwardShowFan123,false,-396,enwiki,2024-10-27 14:23:32
358011511,Angst essen Seele auf,Si! SWamP,false,156,dewiki,2024-10-27 14:23:42
358011515,SpVgg Unterhaching,Mirmok12,false,292,dewiki,2024-10-27 14:23:49
1833569309,Northern Samar,Lowkeypedia,false,1139,enwiki,2024-10-27 14:23:49
1833569411,Template:Campaignbox Gaza–Israel conflict,Réalgard,false,53,enwiki,2024-10-27 14:24:29
1833569513,Imperial Russian Navy,Romanov loyalist,false,-3,enwiki,2024-10-27 14:24:49
1833569403,Right to sit in the United States,Bohemian Baltimore,false,22,enwiki,2024-10-27 14:24:22
1833569517,"Kingman County, Kansas",Quebec99,false,-44,enwiki,2024-10-27 14:24:51
1833569610,File:The Pony Club Logo.jpg,Minorax,false,-223,enwiki,2024-10-27 14:25:17
1833569406,The Piano Lesson (2024 film),AwardShowFan123,false,396,enwiki,2024-10-27 14:24:25
1833569412,Space Jam,58.111.66.252,false,167,enwiki,2024-10-27 14:24:20
1833569504,Khanate of Kalat,Wowzers122,false,-23,enwiki,2024-10-27 14:24:45
1833569405,User:Horsers,Horsers,false,95,enwiki,2024-10-27 14:24:24
1833569413,Oleg Zagorodnii,Regioncalifornia,false,96,enwiki,2024-10-27 14:24:30
1833569505,User:Aedis1/Art1064,Aedis1,false,115,enwiki,2024-10-27 14:24:50
1833569518,Shinobu Ohtaka,Xexerss,false,1,enwiki,2024-10-27 14:24:54
1833569611,Anatoli Papanov,Monkbot,true,1,enwiki,2024-10-27 14:25:16
1833569416,User:Kranti Foundation/sandbox,YesI'mOnFire,false,25,enwiki,2024-10-27 14:24:30
1833569506,Category:Tanzanian women physicians,Timrollpickering,false,363,enwiki,2024-10-27 14:24:50
1833569616,DWFM,MayaRini,false,62,enwiki,2024-10-27 14:25:18
1833569418,Gudgeon (fish),92.13.88.109,false,41,enwiki,2024-10-27 14:24:31
1833569507,Shimpi,AshutoshRapatwar30,false,1,enwiki,2024-10-27 14:24:50
1833569619,File:Roots & Shoots Logo.jpg,Minorax,false,-811,enwiki,2024-10-27 14:25:20
1833569408,Hrušky (Vyškov District),Monkbot,true,1,enwiki,2024-10-27 14:24:26
1833569419,Lomonosov Group,Monkbot,true,1,enwiki,2024-10-27 14:24:30
1833569508,2023–2024 Georgian protests,Muaza Husni,false,41,enwiki,2024-10-27 14:24:48
1833569604,Prince Karl of Auersperg,Monkbot,true,1,enwiki,2024-10-27 14:25:13
1833569409,Wikipedia:Database reports/Unused templates/28,HaleBot,true,-1579,enwiki,2024-10-27 14:24:22
1833569605,Aurora (province),FILWISE,false,352,enwiki,2024-10-27 14:25:09
1833569509,Zavetinsky District,Monkbot,true,1,enwiki,2024-10-27 14:24:49
1833569410,Wonder Woman,2601:540:8201:27C0:29B2:2342:3F0F:5DFC,false,68,enwiki,2024-10-27 14:24:15
1833569606,Pavel Korchagin (film),Анатолий Росдашин,false,-4,enwiki,2024-10-27 14:25:15
1833569804,User talk:Deacon Vorbis/Archive 2018,Hilst,false,53,enwiki,2024-10-27 14:25:51
1833569803,Hopscotch (art experience),Citation bot,true,-8,enwiki,2024-10-27 14:25:53
358011600,UEFA Champions League 2025/26,Kaisehr74,false,1176,dewiki,2024-10-27 14:25:40
1833569805,File:Translation Cloud logo.png,Minorax,false,-315,enwiki,2024-10-27 14:25:54
1833569812,Warrant discography,Difuso,false,0,enwiki,2024-10-27 14:25:55
358011606,Leyes de Ayllón,92.210.50.4,false,15,dewiki,2024-10-27 14:26:01
1833569705,Talk:List of people from Jhelum,Wikibear47,false,20,enwiki,2024-10-27 14:25:36
358011601,Benutzer Diskussion:Skranon,Skranon,false,277,dewiki,2024-10-27 14:25:42
1833569813,File:Burger Fuel logo.png,Minorax,false,-694,enwiki,2024-10-27 14:25:56
1833569707,Battle of Andros (1790),M.Bitton,false,-119,enwiki,2024-10-27 14:25:34
1833569708,Talk:Hezbollah/Archive 18,Lowercase sigmabot III,true,670,enwiki,2024-10-27 14:25:36
358011602,3. Fußball-Liga 2024/25,Flodder666,false,128,dewiki,2024-10-27 14:25:39
358011604,Diskussion:1&1 AG,2A02:3038:2E0:6B8F:ED12:6A94:CBC4:4F80,false,145,dewiki,2024-10-27 14:25:48
1833569709,Urman-Asty,Monkbot,true,2,enwiki,2024-10-27 14:25:36
1833569719,Lyle and Erik Menendez,Esprit15d,false,28,enwiki,2024-10-27 14:25:35
1833569802,User talk:Eshbowman,Diannaa,false,343,enwiki,2024-10-27 14:25:53
1833569902,Queendom (TV series),109.166.130.172,false,-18,enwiki,2024-10-27 14:26:04
358011614,Vrbno pod Pradědem,Stribrohorak,false,106,dewiki,2024-10-27 14:26:15
1833570000,File:Al-Ahbash Logo.png,Minorax,false,-265,enwiki,2024-10-27 14:26:38
1833570206,User:Zamroni111/common.js,Zamroni111,false,40,enwiki,2024-10-27 14:27:14
1833569908,Non-governmental organisations in Georgia,Muaza Husni,false,107,enwiki,2024-10-27 14:26:11
1833570002,Ilmari Niskanen,GiantSnowman,false,0,enwiki,2024-10-27 14:26:38
1833570108,Syracuse Orange men's soccer,Fma12,false,-20,enwiki,2024-10-27 14:26:51
1833570207,File:PharmVar logo.png,Minorax,false,-283,enwiki,2024-10-27 14:27:14
1833569911,File:Actors Federal Credit Union Logo.jpg,Minorax,false,-303,enwiki,2024-10-27 14:26:12
358011619,AMD Epyc,Skranon,false,573,dewiki,2024-10-27 14:26:19
1833570001,Castelnau-d'Estrétefonds,Monkbot,true,1,enwiki,2024-10-27 14:26:35
1833570110,File:Illionaire Records logo.jpg,Minorax,false,-739,enwiki,2024-10-27 14:26:55
1833570212,Battle of Erzurum (1821),70.50.43.44,false,2,enwiki,2024-10-27 14:27:14
1833569912,Julia Chang,Kazama16,false,6,enwiki,2024-10-27 14:26:11
1833570112,Talk:Clare embroidery,Lajmmoore,false,354,enwiki,2024-10-27 14:26:55
1833570213,Nanchang Changbei International Airport,Dennislyh,false,34,enwiki,2024-10-27 14:27:12
358011609,Wikipedia:Wartungsbausteinwettbewerb/Statistik/Meisterschaft 2015,Lómelinde,false,-15,dewiki,2024-10-27 14:26:07
1833569913,2023 Ybor City shooting,Kboonstoppel,false,1,enwiki,2024-10-27 14:26:12
1833570016,Hylates,Eponymous-Archon,false,2,enwiki,2024-10-27 14:26:41
1833570114,Millenic Alli,GiantSnowman,false,0,enwiki,2024-10-27 14:26:56
1833570214,Saygafar,Monkbot,true,2,enwiki,2024-10-27 14:27:14
1833569918,Honestly (Daniel Schuhmacher song),8086-PC,false,-106,enwiki,2024-10-27 14:26:14
358011615,Benutzer:YPS/Baustelle2,YPS,false,421,dewiki,2024-10-27 14:26:18
1833570017,Contern,N1TH Music,false,3299,enwiki,2024-10-27 14:26:32
1833570215,File:Ultraman Orb Logo.jpg,Minorax,false,-273,enwiki,2024-10-27 14:27:16
358011613,Daniel Ryser,2001:8E0:208F:4000:8547:520D:50CF:80F4,false,98,dewiki,2024-10-27 14:26:14
1833570018,Talk:List of populated places in Mardan District,Wikibear47,false,5,enwiki,2024-10-27 14:26:41
1833570216,User:Adamantine123/sandbox,Adamantine123,false,-4941,enwiki,2024-10-27 14:27:15
1833569919,2024–25 Crystal Palace F.C. season,ChampsRT,false,11,enwiki,2024-10-27 14:26:09
358011616,Diskussion:International Holocaust Remembrance Alliance,DaWalda,false,14423,dewiki,2024-10-27 14:26:18
1833570200,Alen Khubulov,83.120.51.189,false,239,enwiki,2024-10-27 14:27:11
1833570205,Bessatsu Shōnen Magazine,Xexerss,false,-15,enwiki,2024-10-27 14:27:13
1833570305,2024–25 Lincoln City F.C. season,Lincoln Owl,false,0,enwiki,2024-10-27 14:27:34
1833570318,Majd,Mjroots,false,96,enwiki,2024-10-27 14:27:44
1833570403,Talk:1948 Arab–Israeli War,Makeandtoss,false,544,enwiki,2024-10-27 14:28:05
1833570504,2007–08 Calgary Flames season,Sbaio,false,0,enwiki,2024-10-27 14:28:24
1833570309,"Sir Delaval James Alfred Cotter, 6th Baronet",Jac752023,false,-33,enwiki,2024-10-27 14:27:41
1833570319,Talk:Loag Dar Loag,Wikibear47,false,19,enwiki,2024-10-27 14:27:44
1833570405,Corey Addai,GiantSnowman,false,0,enwiki,2024-10-27 14:28:08
1833570310,Asma bint Abi Bakr,Irshadpp,false,0,enwiki,2024-10-27 14:27:40
1833570412,User:Rafiqul01/sandbox,Minorax,false,25,enwiki,2024-10-27 14:28:09
1833570505,World Rivers Day,UzbukUdash,false,604,enwiki,2024-10-27 14:28:25
1833570311,List of White Pass and Yukon Route locomotives and cars,Buffalo Robert,false,53,enwiki,2024-10-27 14:27:34
1833570415,Chilli chicken,2409:4060:319:BC4A:F874:F6FF:FE85:9A4F,false,-7,enwiki,2024-10-27 14:28:09
1833570312,요한 아우구스트 에버하르트,칼빈500,false,13,enwiki,2024-10-27 14:27:43
1833570416,Tendayi Darikwa,Lincoln Owl,false,0,enwiki,2024-10-27 14:28:08
1833570313,"Chord Line, Tamil Nadu",2406:7400:75:21E2:7DB5:92EE:CCDF:55F4,false,23,enwiki,2024-10-27 14:27:39
1833570417,Laeticia Amihere,DaHuzyBru,false,-106,enwiki,2024-10-27 14:28:09
1833570509,John Somers (courtier),Unoquha,false,15,enwiki,2024-10-27 14:28:26
1833570314,Seilhac,Monkbot,true,1,enwiki,2024-10-27 14:27:40
1833570418,User talk:Rafiqul01,Minorax,false,1984,enwiki,2024-10-27 14:28:11
1833570510,"Gumerovo, Burayevsky District, Republic of Bashkortostan",Monkbot,true,2,enwiki,2024-10-27 14:28:25
1833570315,2024 Ladies European Tour,42.119.142.186,false,42,enwiki,2024-10-27 14:27:41
1833570402,Disobedience (novel),Monkbot,true,8,enwiki,2024-10-27 14:28:07
1833570514,Shahed Sharif Khan,103.25.121.88,false,31,enwiki,2024-10-27 14:28:26
1833570302,Georges Lemaître,Eb.hoop2,false,-281,enwiki,2024-10-27 14:27:35
1833570512,Asaduddin Owaisi,Zuck28,false,-283,enwiki,2024-10-27 14:28:22
1833570304,Timeline of Kaliningrad,Monkbot,true,2,enwiki,2024-10-27 14:27:36
1833570404,Local government areas of Victoria,58.7.174.140,false,-300,enwiki,2024-10-27 14:28:05
1833570503,2024 Jiangxi Open – Singles,Yimingbao,false,2,enwiki,2024-10-27 14:28:23
1833570517,Dead Man (Alessia Cara song),SuperFruitBowl,false,0,enwiki,2024-10-27 14:28:27
1833570606,Thennavan,Kailash29792,false,2,enwiki,2024-10-27 14:28:52
358011708,Benutzer:Shi Annan/Projekte,Shi Annan,false,-438,dewiki,2024-10-27 14:28:55
358011711,Carina Kühne,Der blaue Reiter kehrt zurück,false,174,dewiki,2024-10-27 14:28:59
1833570701,Arminianism,Telikalive,false,-119,enwiki,2024-10-27 14:29:13
1833570804,Matchbox (brand),DB1729,false,-1,enwiki,2024-10-27 14:29:32
1833570518,Reuben De Melo,Wikisteveb4,false,2,enwiki,2024-10-27 14:28:28
1833570610,Przebrno,Monkbot,true,1,enwiki,2024-10-27 14:28:52
1833570702,Shirley Elizabeth Barnes,Hogo-2020,false,3,enwiki,2024-10-27 14:29:19
1833570805,Talk:Loe Nekan,Wikibear47,false,17,enwiki,2024-10-27 14:29:34
1833570600,Nicov,Monkbot,true,1,enwiki,2024-10-27 14:28:48
1833570609,Talk:2023 Guangzhou Open,Wolbo,false,87,enwiki,2024-10-27 14:28:53
1833570807,Edwin Zimmermann,Normantas Bataitis,false,9,enwiki,2024-10-27 14:29:34
358011703,Wikipedia:Wartungsbausteinwettbewerb/Statistik/Meisterschaft 2020,Lómelinde,false,-10,dewiki,2024-10-27 14:28:49
1833570611,Bakuchiol,Gheus,false,-243,enwiki,2024-10-27 14:28:52
1833570703,Talk:Azhar Lodhi,Wikibear47,false,16,enwiki,2024-10-27 14:29:20
1833570812,Michael Sittow,Monkbot,true,4,enwiki,2024-10-27 14:29:32
358011700,Yōsuke Yamashita,Dentalum,false,51,dewiki,2024-10-27 14:28:48
358011704,Markus Hofer (Politiker),M2k~dewiki,false,100,dewiki,2024-10-27 14:28:51
1833570612,Bhagwandin Kushwaha,MPGuy2824,false,30,enwiki,2024-10-27 14:28:54
1833570704,Syracuse Orange men's soccer,Fma12,false,-53,enwiki,2024-10-27 14:29:18
1833570816,Talk:2023 Guangzhou Open – Singles,Wolbo,false,9,enwiki,2024-10-27 14:29:35
358011706,Zirkel Schreibender Arbeiter,Bernd Bergmann,false,0,dewiki,2024-10-27 14:28:52
1833570613,2024 Lamar Cardinals football team,Mes tex,false,-12,enwiki,2024-10-27 14:28:51
358011712,El Jadida,Jed,false,14,dewiki,2024-10-27 14:28:59
1833570706,Lewis Montsma,Lincoln Owl,false,0,enwiki,2024-10-27 14:29:20
1833570817,List of Iranian musicians,Lanak20,false,21,enwiki,2024-10-27 14:29:35
358011705,Wikipedia Diskussion:Hauptseite,Ankermast,false,933,dewiki,2024-10-27 14:28:52
358011709,Walter Sedlmayr,Si! SWamP,false,-75,dewiki,2024-10-27 14:28:57
358011719,Daniel Ryser,Balham Bongos,false,-22,dewiki,2024-10-27 14:29:06
1833570707,Jiannis Smalios,Monkbot,true,1,enwiki,2024-10-27 14:29:20
1833570602,The Weaker Sex (1933 film),Tobyhoward,false,43,enwiki,2024-10-27 14:28:51
358011710,Ujście,Buntwasser,false,7,dewiki,2024-10-27 14:28:58
358011713,Benutzer:Lena1/Entwürfe,Lena1,false,3588,dewiki,2024-10-27 14:29:00
1833570708,User talk:Lomrjyo,ClueBot III,true,-908,enwiki,2024-10-27 14:29:21
1833570819,"Talk:Lohan, Pakistan",Wikibear47,false,18,enwiki,2024-10-27 14:29:36
358011701,Portal:Fußball/Neue Artikel,Eastfrisian,false,22,dewiki,2024-10-27 14:28:49
1833570604,Fraxinus,Micromesistius,false,41,enwiki,2024-10-27 14:28:49
358011702,Dilek Engin,Thomas Schulte im Walde,false,34,dewiki,2024-10-27 14:28:49
1833570605,Death of Liam Payne,Heroeswithmetaphors,false,3,enwiki,2024-10-27 14:28:50
358011707,Melissa Maria Becker,87.187.59.181,false,106,dewiki,2024-10-27 14:28:55
1833570700,James Webb (South African artist),37.123.129.125,false,234,enwiki,2024-10-27 14:29:19
1833570904,"Talk:Lok, Pakistan",Wikibear47,false,18,enwiki,2024-10-27 14:29:50
1833571013,Cedric Main,Struway2,false,0,enwiki,2024-10-27 14:30:11
1833571114,Andre Dozzell,Struway2,false,-6,enwiki,2024-10-27 14:30:25
1833571219,User:SDZeroBot/PROD sorting/lite,SDZeroBot,true,23863,enwiki,2024-10-27 14:30:38
1833570905,Underwater art,Citation bot,true,58,enwiki,2024-10-27 14:29:50
1833571014,List of Montreal Alouettes starting quarterbacks,Cmm3,false,216,enwiki,2024-10-27 14:30:11
1833571117,Talk:Lower Kachura Lake,Wikibear47,false,34,enwiki,2024-10-27 14:30:28
1833571207,User:ClueBot III/Detailed Indices/User talk:Lomrjyo/Archives/2024/September,ClueBot III,true,221,enwiki,2024-10-27 14:30:40
1833570906,2011–12 Calgary Flames season,Sbaio,false,-29,enwiki,2024-10-27 14:29:48
1833571015,List of attendance figures at domestic professional sports leagues,2A02:A316:2486:4500:DC8D:B176:6589:7653,false,-1,enwiki,2024-10-27 14:30:06
1833571100,File talk:Apricot and cross section.jpg,Tom.Reding,false,-9,enwiki,2024-10-27 14:30:24
1833571208,Michael Cranston,193.115.76.104,false,797,enwiki,2024-10-27 14:30:39
1833571119,Portal:Current events/2024 October 27,178.148.148.176,false,-5,enwiki,2024-10-27 14:30:29
1833570908,Vestitor,Monkbot,true,2,enwiki,2024-10-27 14:29:50
1833571019,Draft:IGhosty,KylieTastic,false,-61,enwiki,2024-10-27 14:30:12
1833571104,2025 AFC U-17 Asian Cup qualification,Daruma2020,false,0,enwiki,2024-10-27 14:30:17
1833571211,File talk:Cassiterite.jpg,Tom.Reding,false,-14,enwiki,2024-10-27 14:30:41
1833570914,Shri Krishna AYUSH University,2409:40D6:1016:61F6:FC1A:E8A4:7B5B:4258,false,4,enwiki,2024-10-27 14:29:52
1833571106,Orient (manga),Xexerss,false,-7,enwiki,2024-10-27 14:30:20
1833571212,Hole in the Head,191.240.191.50,false,0,enwiki,2024-10-27 14:30:38
1833570915,2024–25 Port F.C. season,Iancash81,false,0,enwiki,2024-10-27 14:29:48
1833571000,2012–13 Calgary Flames season,Sbaio,false,-29,enwiki,2024-10-27 14:30:08
1833571018,Wikipedia:Help desk,2600:6C60:5400:ACF:DAA6:1E15:9708:6A3D,false,327,enwiki,2024-10-27 14:30:10
1833571110,User:AmandaNP/SPI case list,DeltaQuadBot,true,168,enwiki,2024-10-27 14:30:26
1833571214,Scarab Mark I,CommissarDoggo,false,1794,enwiki,2024-10-27 14:30:40
1833571300,Bílá Voda,Monkbot,true,2,enwiki,2024-10-27 14:30:51
1833570901,User talk:Khawlafoundation,Khawlafoundation,false,259,enwiki,2024-10-27 14:29:49
1833570916,Talk:Lond,Wikibear47,false,18,enwiki,2024-10-27 14:29:53
1833571001,List of Saskatchewan Roughriders starting quarterbacks,Cmm3,false,159,enwiki,2024-10-27 14:30:10
1833571111,Potelières,Monkbot,true,1,enwiki,2024-10-27 14:30:24
1833571201,South Roztocze Landscape Park,Monkbot,true,1,enwiki,2024-10-27 14:30:38
1833571215,Talk:Lucky Motor Corporation,Wikibear47,false,33,enwiki,2024-10-27 14:30:41
1833571301,Reed Hoskins,Laodkneuba,false,0,enwiki,2024-10-27 14:30:53
1833570902,Reed Hoskins,Laodkneuba,false,0,enwiki,2024-10-27 14:29:49
1833571010,The Adolescent,Monkbot,true,1,enwiki,2024-10-27 14:30:10
1833571112,User talk:Abdalelah123,KylieTastic,false,3476,enwiki,2024-10-27 14:30:27
1833571203,1992 Georgian general election,Bakir123,false,8,enwiki,2024-10-27 14:30:38
1833571216,List of songs recorded by Vishal Dadlani,2409:4081:149A:7079:3A1:A841:F8FE:2AAB,false,130,enwiki,2024-10-27 14:30:36
1833571302,Tifa Lockhart,Mylian from Drow Omens,false,52,enwiki,2024-10-27 14:30:51
1833570903,Oleg Zagorodnii,Regioncalifornia,false,4,enwiki,2024-10-27 14:29:50
1833571012,File talk:Albino Alligator 2008.jpg,Tom.Reding,false,0,enwiki,2024-10-27 14:30:12
1833571113,Martin Milec,Snowflake91,false,0,enwiki,2024-10-27 14:30:26
1833571202,File talk:Blind monks examining an elephant.jpg,Tom.Reding,false,0,enwiki,2024-10-27 14:30:39
1833571218,File talk:Cinnabar on Dolomite.jpg,Tom.Reding,false,-14,enwiki,2024-10-27 14:30:42
1833571303,2024 Guangzhou Open – Doubles,Wolbo,false,1,enwiki,2024-10-27 14:30:53
1833571305,2024–25 Bangkok United F.C. season,Iancash81,false,2,enwiki,2024-10-27 14:30:53
1833571401,Spercheiada,Monkbot,true,1,enwiki,2024-10-27 14:31:22
1833571417,Peyton Krebs,Xolkan,false,19,enwiki,2024-10-27 14:31:28
1833571307,Niepołomice,Monkbot,true,1,enwiki,2024-10-27 14:30:55
1833571402,User:BD2412/sandbox/Drafts,BD2412,false,-34,enwiki,2024-10-27 14:31:22
1833571418,File talk:Flower with pollen-Edit2.jpg,Tom.Reding,false,0,enwiki,2024-10-27 14:31:29
1833571508,NCIS season 22,82.46.25.83,false,-313,enwiki,2024-10-27 14:31:52
1833571309,Template:Did you know nominations/Anne Marie Armstrong,Launchballer,false,321,enwiki,2024-10-27 14:30:57
1833571403,Phalanx,Dimadick,false,28,enwiki,2024-10-27 14:31:22
1833571419,"Kampos, Elis",Monkbot,true,1,enwiki,2024-10-27 14:31:28
358011803,Doping im Triathlon,Ingoneur,false,13,dewiki,2024-10-27 14:31:31
1833571502,Boșorod,Monkbot,true,2,enwiki,2024-10-27 14:31:50
1833571510,Hole in the Head,191.240.191.50,false,-2,enwiki,2024-10-27 14:31:52
1833571310,Kristine Sharashidze,Ignat.Lolov,false,1502,enwiki,2024-10-27 14:30:55
1833571405,"Fairfield County, Connecticut",Quebec99,false,-372,enwiki,2024-10-27 14:31:20
358011805,Portal:Film und Fernsehen/Kinostarts 1974,Jobu0101,false,1106,dewiki,2024-10-27 14:31:32
1833571503,File talk:Fort Mason Center and Downtown San Francisco.jpg,Tom.Reding,false,-43,enwiki,2024-10-27 14:31:52
1833571511,User talk:GrabUp,Jannatulbaqi,false,128,enwiki,2024-10-27 14:31:53
1833571311,Statute Law Revision Act 1870,Hughbe98,false,149,enwiki,2024-10-27 14:30:55
1833571404,File talk:Johnny Evers 1910 FINAL2sh.jpg,Tom.Reding,false,-29,enwiki,2024-10-27 14:31:25
1833571505,Module:Political party/I,RyanW1995,false,99,enwiki,2024-10-27 14:31:53
1833571314,1980 Wyoming Cowboys football team,Lorddobba,false,-9,enwiki,2024-10-27 14:30:58
1833571407,Silesian Military District,Monkbot,true,1,enwiki,2024-10-27 14:31:25
358011800,Markus Hofer (Politiker),M2k~dewiki,false,42,dewiki,2024-10-27 14:31:30
358011806,Markus Hofer (Politiker),M2k~dewiki,false,28,dewiki,2024-10-27 14:31:39
358011809,Adolf Roesicke,Dabefewulu,false,-9,dewiki,2024-10-27 14:31:44
1833571413,Final Appointment,Tobyhoward,false,-25,enwiki,2024-10-27 14:31:26
1833571504,Draft:Ramkripalyadvg,WikiBayer,false,-78,enwiki,2024-10-27 14:31:51
1833571516,User:Zamroni111/common.js,Zamroni111,false,-6,enwiki,2024-10-27 14:31:55
1833571412,File talk:Florida topographic map-en.svg,Tom.Reding,false,-9,enwiki,2024-10-27 14:31:27
1833571507,Down to My Last Bad Habit,5.89.109.38,false,4,enwiki,2024-10-27 14:31:52
1833571517,2023 Guangzhou Open – Doubles,Wolbo,false,31,enwiki,2024-10-27 14:31:55
1833571415,List of Inter Milan players,Dipralb,false,0,enwiki,2024-10-27 14:31:23
1833571506,Dilwale (1994 film),GuitarCroc,false,166,enwiki,2024-10-27 14:31:52
1833571518,List of AFL Women's players to have played 50 games for one club,4TheWynne,false,0,enwiki,2024-10-27 14:31:54
1833571416,2024 Jharkhand Legislative Assembly election,RITWIK MAHATA,false,134,enwiki,2024-10-27 14:31:22
1833571519,Draft:Samantha Crawford (soprano),Eshbowman,false,37,enwiki,2024-10-27 14:31:56
1833571600,User talk:GrabUp,GrabUp,false,208,enwiki,2024-10-27 14:32:15
1833571700,Margaret Millington,Allialliw,false,49,enwiki,2024-10-27 14:32:46
1833571808,The Voice (Australian TV series) season 13,2601:985:600:B460:20F2:1EAF:1F73:578E,false,33,enwiki,2024-10-27 14:33:14
1833571602,Visoko pri Poljanah,Monkbot,true,1,enwiki,2024-10-27 14:32:14
1833571702,File talk:Instrument of surrender Japan2.jpg,Tom.Reding,false,-27,enwiki,2024-10-27 14:32:46
1833571817,File talk:Point Reyes Lighthouse (April 2012).jpg,Tom.Reding,false,-11,enwiki,2024-10-27 14:33:17
1833571603,Carinthia (state),Jean-de-Nivelle,false,76,enwiki,2024-10-27 14:32:16
1833571704,Mercedes-Benz 7G-Tronic transmission,Musikgeniesser,false,19,enwiki,2024-10-27 14:32:44
1833571604,Human (Rag'n'Bone Man song),Szyign,false,1363,enwiki,2024-10-27 14:32:13
1833571705,Michael Swanwick,InfoBroker2020,false,57,enwiki,2024-10-27 14:32:47
1833571605,File talk:Gerald Ford hearing2.jpg,Tom.Reding,false,-18,enwiki,2024-10-27 14:32:15
1833571606,Draft:Hijack '93,Afrowriter,false,157,enwiki,2024-10-27 14:32:13
1833571709,"Dubovsky District, Rostov Oblast",Monkbot,true,1,enwiki,2024-10-27 14:32:47
1833571610,Reeco Hackett-Fairchild,Lincoln Owl,false,0,enwiki,2024-10-27 14:32:18
1833571711,File talk:Japanese archer 1878b.jpg,Tom.Reding,false,0,enwiki,2024-10-27 14:32:49
1833571611,Thomas Flanginis,Monkbot,true,1,enwiki,2024-10-27 14:32:17
1833571715,Talk:Digital card,103.239.7.53,false,206,enwiki,2024-10-27 14:32:49
1833571619,File talk:German instrument of surrender2.jpg,Tom.Reding,false,-27,enwiki,2024-10-27 14:32:18
358011901,Benutzerin Diskussion:Itti,Lena1,false,96,dewiki,2024-10-27 14:33:39
358011906,Hungarian International 2008,Florentyna,false,439,dewiki,2024-10-27 14:33:47
1833572006,Andre Moore,HanTsî,false,40,enwiki,2024-10-27 14:33:59
1833572018,User:ArredondoC-alejandro,ArredondoC-alejandro,false,536,enwiki,2024-10-27 14:34:02
1833572112,A Woman's Diary,Lord Cornwallis,false,0,enwiki,2024-10-27 14:34:22
1833572208,"Chord Line, Tamil Nadu",2406:7400:75:21E2:7DB5:92EE:CCDF:55F4,false,62,enwiki,2024-10-27 14:34:41
1833571905,Young Slo-Be,SafariScribe,false,-1177,enwiki,2024-10-27 14:33:38
358011903,Joey Juschka,CamelBot,true,-67,dewiki,2024-10-27 14:33:43
1833572005,Template:2024–25 TPBL standings,安狄,false,0,enwiki,2024-10-27 14:34:00
358011914,Nikolaus Ludwig von Zinzendorf,Flucco,false,15,dewiki,2024-10-27 14:34:02
1833572114,Talk:Iñigo Lizarralde,PKT,false,81,enwiki,2024-10-27 14:34:22
1833572207,2014 Isla Vista killings,AirshipJungleman29,false,-27,enwiki,2024-10-27 14:34:38
1833571906,Four Saints in Three Acts,Melchior2006,false,32,enwiki,2024-10-27 14:33:39
358011911,Main-Post,Dk1909,false,-39,dewiki,2024-10-27 14:33:54
1833572009,Abraham Van Buren,Billmckern,false,69,enwiki,2024-10-27 14:34:00
358011916,Benutzer:Aka/Fehlerlisten/Typographische Anführungszeichen/005,Dk1909,false,-780,dewiki,2024-10-27 14:34:03
1833572115,Harriet Winsar Isom,Hogo-2020,false,734,enwiki,2024-10-27 14:34:22
1833571912,List of messiah claimants,2600:1700:983E:4100:A5F3:485B:F2D3:E57D,false,8,enwiki,2024-10-27 14:33:37
358011904,Triathlon,Kuebi,false,-1,dewiki,2024-10-27 14:33:36
358011909,Roesicke,Dabefewulu,false,21,dewiki,2024-10-27 14:33:53
1833572010,2024–25 All-Ireland Senior Club Hurling Championship,CorkMan,false,373,enwiki,2024-10-27 14:34:00
1833572100,Draft:List of expatriate football managers in the Malaysian League,SaWaGaAz,false,69,enwiki,2024-10-27 14:34:20
1833572116,Salome Zourabichvili,Bakir123,false,-15,enwiki,2024-10-27 14:34:19
1833572209,Cup-bearer,Monkbot,true,2,enwiki,2024-10-27 14:34:44
1833571919,Governor of Nizhny Novgorod Oblast,Monkbot,true,1,enwiki,2024-10-27 14:33:40
1833572011,File talk:Twain1909.jpg,Tom.Reding,false,0,enwiki,2024-10-27 14:34:01
1833572104,File talk:William Simpson - Attack on the Malakoff.jpg,Tom.Reding,false,0,enwiki,2024-10-27 14:34:21
358011900,Liste der Baudenkmale der Außenbezirke der Stadt Cuxhaven,Roland Kutzki,false,22,dewiki,2024-10-27 14:33:35
358011905,Herman Goldstein,Phzh,false,6,dewiki,2024-10-27 14:33:45
1833572013,Helma Orosz,"Spring tides, Summer holidays, Autumn leaves, Winter warmers",false,5,enwiki,2024-10-27 14:33:59
1833572105,Stephanos Christopoulos,Monkbot,true,1,enwiki,2024-10-27 14:34:20
1833571900,The Great King,Monkbot,true,1,enwiki,2024-10-27 14:33:37
358011912,Jason Rueter,Zamekrizeni,false,-58,dewiki,2024-10-27 14:33:57
1833572012,Jared Safier,Diademchild,false,12,enwiki,2024-10-27 14:33:59
1833571901,Draft:List of expatriate football managers in the Malaysian League,SaWaGaAz,false,69,enwiki,2024-10-27 14:33:38
1833572014,"Duogiai, Kėdainiai",Monkbot,true,2,enwiki,2024-10-27 14:34:00
1833572109,User talk:MJCdetroit/Archive 8,Hilst,false,-41,enwiki,2024-10-27 14:34:21
1833571902,Human (Rag'n'Bone Man song),Szyign,false,412,enwiki,2024-10-27 14:33:36
1833572001,User talk:103.236.177.150,103.236.177.150,false,-4507,enwiki,2024-10-27 14:34:00
358011913,Wustrow (Fischland),85178abc,false,1741,dewiki,2024-10-27 14:34:01
1833572110,User talk:Rexogamer/Archives/ 2,ClueBot III,true,907,enwiki,2024-10-27 14:34:20
1833572201,User:Elinruby/sandbox,Elinruby,false,65,enwiki,2024-10-27 14:34:40
1833571903,Talk:Anglophone Crisis,ClueBot III,true,-28929,enwiki,2024-10-27 14:33:36
358011910,Referendum über die Mitgliedschaft der Republik Moldau in der Europäischen Union 2024,Lokiseinchef,false,0,dewiki,2024-10-27 14:33:54
1833572002,Dr. Syed Karrar Hussain,Syed Shahzaman1,false,2,enwiki,2024-10-27 14:34:00
1833572015,Merano,94.230.146.254,false,0,enwiki,2024-10-27 14:34:00
1833572111,User talk:Rexogamer,ClueBot III,true,-908,enwiki,2024-10-27 14:34:21
1833572206,Talk:Eddie Izzard/Archive 2,Lowercase sigmabot III,true,389,enwiki,2024-10-27 14:34:42
1833572211,Talk:Eddie Izzard,Lowercase sigmabot III,true,-389,enwiki,2024-10-27 14:34:45
1833572318,Draft:List of expatriate football managers in the Malaysian League,SaWaGaAz,false,52,enwiki,2024-10-27 14:35:21
1833572410,Lalla Latifa Amahzoune,ElegantEgotist,false,2,enwiki,2024-10-27 14:35:46
1833572214,User talk:MJCdetroit/Archive 9,Hilst,false,-41,enwiki,2024-10-27 14:34:45
1833572317,List of former sovereign states,Drimo,false,64,enwiki,2024-10-27 14:35:14
1833572415,Svetlana Radzivil,Monkbot,true,1,enwiki,2024-10-27 14:35:47
1833572217,History of the Riksdag,BumbleBeeBelle,false,282,enwiki,2024-10-27 14:34:48
1833572300,Harriet Winsar Isom,Hogo-2020,false,19,enwiki,2024-10-27 14:35:17
1833572416,Wikipedia talk:WikiProject Mathematics/Archive/2024/Oct,Lowercase sigmabot III,true,99488,enwiki,2024-10-27 14:35:45
1833572218,File talk:Zhou Maoshu Appreciating Lotuses.jpg,Tom.Reding,false,0,enwiki,2024-10-27 14:34:48
1833572302,Jake Young (footballer),GiantSnowman,false,0,enwiki,2024-10-27 14:35:16
1833572417,Taiwan–United States relations,2001:56A:F823:C700:B1F9:31E3:6D4E:1F70,false,9,enwiki,2024-10-27 14:35:45
1833572400,Insecticide,193.40.12.11,false,123,enwiki,2024-10-27 14:35:42
1833572418,Wikipedia talk:WikiProject Mathematics,Lowercase sigmabot III,true,-99488,enwiki,2024-10-27 14:35:49
1833572305,Draft:Umut camkiran,Tidergamer789,false,154,enwiki,2024-10-27 14:35:17
1833572402,States and union territories of India,2409:40F2:205E:E484:8000:0:0:0,false,1,enwiki,2024-10-27 14:35:40
1833572306,Cēsu apriņķis,Monkbot,true,3,enwiki,2024-10-27 14:35:16
1833572403,Ricasso,Dimadick,false,4,enwiki,2024-10-27 14:35:45
1833572307,User:Rhododendrites/Pizza in New York City,Rhododendrites,false,732,enwiki,2024-10-27 14:35:18
1833572404,User talk:Khurt,Khurt,false,234,enwiki,2024-10-27 14:35:45
1833572312,Flying Spaghetti Monster,ActualOswinOswald,false,-1686,enwiki,2024-10-27 14:35:13
1833572405,Taipei Economic and Cultural Representative Office in the United States,2001:56A:F823:C700:B1F9:31E3:6D4E:1F70,false,-2,enwiki,2024-10-27 14:35:44
1833572315,Władysław Tatarkiewicz,Monkbot,true,6,enwiki,2024-10-27 14:35:19
1833572500,Draft:List of expatriate football managers in the Malaysian League,SaWaGaAz,false,55,enwiki,2024-10-27 14:36:17
1833572517,Dr Lee's Professorships,6478b,false,28,enwiki,2024-10-27 14:36:22
358012008,"Michael Mohr (Maler, 1952)",Dk1909,false,4,dewiki,2024-10-27 14:36:37
358012014,Wikipedia:Löschkandidaten/27. Oktober 2024,Kompetenter,false,238,dewiki,2024-10-27 14:36:49
1833572601,Promptuarium Iconum Insigniorum,BorgQueen,false,-60,enwiki,2024-10-27 14:36:52
1833572615,Fulling,Kovcszaln6,false,-70,enwiki,2024-10-27 14:36:57
1833572502,Wang Weiyi (sport shooter),SmartyPants22,false,312,enwiki,2024-10-27 14:36:18
1833572519,User talk:130.43.33.79,BusterD,false,839,enwiki,2024-10-27 14:36:23
1833572603,Vivaro-Alpine dialect,Monkbot,true,1,enwiki,2024-10-27 14:36:52
1833572617,Economy of Albania,2A02:B123:8010:4395:945:1E1C:4B77:7B3E,false,0,enwiki,2024-10-27 14:36:55
1833572503,"Starkovo, Kursk Oblast",Monkbot,true,2,enwiki,2024-10-27 14:36:16
358012003,Diskussion:Nihoa,Ysabella,false,254,dewiki,2024-10-27 14:36:32
1833572605,Extramarital sex,166.181.80.38,false,-113,enwiki,2024-10-27 14:36:54
1833572619,User talk:Vicn70,Kovcszaln6,false,692,enwiki,2024-10-27 14:36:58
1833572505,Performance art,Citation bot,true,24,enwiki,2024-10-27 14:36:11
1833572606,Talk:Tommy Robinson,Martinevans123,false,131,enwiki,2024-10-27 14:36:51
1833572607,Macy's Thanksgiving Day Parade,No No No No Name fu,false,194,enwiki,2024-10-27 14:36:52
1833572508,User talk:Sharofiddinhrvf,Sam Sailor,false,743,enwiki,2024-10-27 14:36:20
358012005,Jason Rueter,Zamekrizeni,false,-31,dewiki,2024-10-27 14:36:33
358012010,Aaron Swartz,212.56.161.36,false,131,dewiki,2024-10-27 14:36:36
1833572608,George Zorbas,Monkbot,true,1,enwiki,2024-10-27 14:36:55
1833572510,Draft:Sharofiddin Gadoev,Sam Sailor,false,71,enwiki,2024-10-27 14:36:18
358012013,Prokon (Unternehmen),2003:EE:F709:B800:250F:709F:8821:98F5,false,85,dewiki,2024-10-27 14:36:44
1833572511,Bach Medal,Grimes2,false,26,enwiki,2024-10-27 14:36:19
358012011,Walter Wehrli,Bernd Bergmann,false,1,dewiki,2024-10-27 14:36:40
358012016,Nekrolog 1872,Mö1997,false,218,dewiki,2024-10-27 14:36:50
1833572512,Harriet Winsar Isom,Hogo-2020,false,93,enwiki,2024-10-27 14:36:20
358012017,Lindsay Andretta,Dabefewulu,false,-23,dewiki,2024-10-27 14:36:52
1833572610,Poplar Street Bridge,Chiba2345,false,68,enwiki,2024-10-27 14:36:56
1833572516,Calshot Lifeboat Station,Geof Sheppard,false,1384,enwiki,2024-10-27 14:36:20
358012007,Landgericht Bautzen,Karsten11,false,30,dewiki,2024-10-27 14:36:36
358012019,Diskussion:2-tone,89.14.44.226,false,131,dewiki,2024-10-27 14:36:53
1833572611,2024–25 American International Yellow Jackets men's ice hockey season,PensRule11385,false,22,enwiki,2024-10-27 14:36:54
1833572704,2024–25 Women's Big Bash League season,Kumarpramit,false,8,enwiki,2024-10-27 14:37:17
1833572808,Virginia Serret,Lord Cornwallis,false,33,enwiki,2024-10-27 14:37:39
1833572708,On Strategy: A Critical Analysis of the Vietnam War,Biohistorian15,false,57,enwiki,2024-10-27 14:37:21
1833572707,Gremyachinsk,Monkbot,true,1,enwiki,2024-10-27 14:37:20
1833572816,Freddy Mulongo,"Spring tides, Summer holidays, Autumn leaves, Winter warmers",false,-6,enwiki,2024-10-27 14:37:40
1833572709,2004 Guangzhou International Women's Open – Doubles,Wolbo,false,16,enwiki,2024-10-27 14:37:22
1833572903,User:SafariScribe/AfC log,SafariScribe,false,119,enwiki,2024-10-27 14:37:29
1833572714,Raoul Lambert,Haggis MacHaggis,false,385,enwiki,2024-10-27 14:37:21
1833572715,User:GerryYabes/5-6 moneylender,GerryYabes,false,1968,enwiki,2024-10-27 14:37:24
1833572905,User:ArredondoC-alejandro,ArredondoC-alejandro,false,134,enwiki,2024-10-27 14:37:57
1833572716,List of The Equalizer (2021 TV series) episodes,82.46.25.83,false,59,enwiki,2024-10-27 14:37:21
1833572913,Rafael Baledón,Lord Cornwallis,false,33,enwiki,2024-10-27 14:37:56
1833572701,RFDS (TV series),2001:8003:88F2:B00:C07B:319E:3F17:99A7,false,23,enwiki,2024-10-27 14:37:16
1833572717,Template:Universities in North Korea,Rakoon,false,0,enwiki,2024-10-27 14:37:24
1833572805,Talk:M-14 motorway (Pakistan),Wikibear47,false,15,enwiki,2024-10-27 14:37:38
1833572700,Guilty (Blue song),191.240.191.50,false,-2,enwiki,2024-10-27 14:37:20
1833572804,The Art of War (Machiavelli book),Dimadick,false,23,enwiki,2024-10-27 14:37:37
1833572915,Talk:Madeji,Wikibear47,false,18,enwiki,2024-10-27 14:37:58
1833572703,Piero Piccioni,47.17.249.25,false,220,enwiki,2024-10-27 14:37:19
1833572719,Andaman and Nicobar Islands,116.206.254.119,false,21,enwiki,2024-10-27 14:37:17
1833572807,Draft:Burning (food),Ca,false,383,enwiki,2024-10-27 14:37:39
