1833464803,Henk van der Wal,Pinkpollyanna,false,56,enwiki,2024-10-27 05:55:24
1833465001,Template:Dallas Cowboys roster navbox,Jrooster49,false,5,enwiki,2024-10-27 05:56:13
1833465117,Wikipedia:Requests for page protection/Increase,Daniel Case,false,365,enwiki,2024-10-27 05:56:42
1833465202,Konstantinos Argyros,Monkbot,true,1,enwiki,2024-10-27 05:57:02
1833465315,"Assy, Beloretsky District, Republic of Bashkortostan",Monkbot,true,2,enwiki,2024-10-27 05:57:35
1833465404,Bettina Bunge,Night Time,false,-14,enwiki,2024-10-27 05:58:04
1833465413,Hugh Roe O'Donnell,SkywalkerEccleston,false,4,enwiki,2024-10-27 05:58:02
1833465503,The Ladies Diplomat,Monkbot,true,1,enwiki,2024-10-27 05:58:40
1833465515,Victor Namo,Agwomboss,false,34,enwiki,2024-10-27 05:58:46
1833465608,"Castle Square, Warsaw",Monkbot,true,1,enwiki,2024-10-27 05:59:18
1833465716,Julien Valéro,Lepricavark,false,12,enwiki,2024-10-27 05:59:47
1833464804,Roman Catholic Diocese of Vannes,Vicedomino,false,1201,enwiki,2024-10-27 05:55:22
1833464901,Bullocks Wilshire,Pear285,false,344,enwiki,2024-10-27 05:55:52
1833465010,Seaspiracy,Synorem,false,40,enwiki,2024-10-27 05:56:11
1833465118,Edwin Montague,Pinkpollyanna,false,36,enwiki,2024-10-27 05:56:41
1833465203,Central Park jogger case,Anythingyouwant,false,15,enwiki,2024-10-27 05:56:59
1833465300,Separate but Equal (film),Aspects,false,38,enwiki,2024-10-27 05:57:30
1833465317,Dhananjaya Y. Chandrachud,2409:40E4:10BF:7F6D:D5B0:4987:B72:B886,false,4,enwiki,2024-10-27 05:57:28
1833465405,Tri Kappa,Rublamb,false,1038,enwiki,2024-10-27 05:58:02
1833465415,Labège,Monkbot,true,1,enwiki,2024-10-27 05:58:07
1833465505,Sherlock Holmes and the Leading Lady,Aspects,false,-88,enwiki,2024-10-27 05:58:41
1833465516,Mughrabi Quarter,Eccentricorbit,false,1,enwiki,2024-10-27 05:58:42
1833465609,Shebitku,97.116.160.235,false,255,enwiki,2024-10-27 05:59:19
1833465719,Demon core,VolatileAnomaly,false,-35,enwiki,2024-10-27 05:59:47
1833464805,Krsy,Monkbot,true,1,enwiki,2024-10-27 05:55:23
1833464902,Zvarykino,Monkbot,true,1,enwiki,2024-10-27 05:55:53
1833465011,Hopscotch (art experience),Another Believer,false,65,enwiki,2024-10-27 05:56:14
1833465119,Draft:Larrikins (film),2001:14BB:112:BBDD:518E:2DC4:953F:8F3F,false,-46,enwiki,2024-10-27 05:56:41
1833465205,File:Kondal(2024).png,Salavat,false,188,enwiki,2024-10-27 05:57:04
1833465302,List of NCAA college football rivalry games,KingSkyLord,false,0,enwiki,2024-10-27 05:57:27
1833465406,Bert Schroer,A. B.,false,350,enwiki,2024-10-27 05:58:03
1833465416,Strawberry Shortcake,50.102.149.14,false,12,enwiki,2024-10-27 05:58:09
1833465506,Battle of Cape St. Vincent (1797),Erik Kennedy,false,-2,enwiki,2024-10-27 05:58:41
1833465517,WSBA (AM),Dcgibson55,false,155,enwiki,2024-10-27 05:58:44
1833465610,2024–25 F.C. Motagua season,Fifaddicted,false,0,enwiki,2024-10-27 05:59:18
1833464807,Habilitation,Jn.mdel,false,63,enwiki,2024-10-27 05:55:23
1833464904,KHGZ,Radiolover12,false,-16,enwiki,2024-10-27 05:55:53
1833465012,Akita (city),Bratwurst99812,false,19,enwiki,2024-10-27 05:56:11
1833465206,Knock on Wood (Eddie Floyd song),NYDirk,false,2,enwiki,2024-10-27 05:57:01
1833465301,Talk:Basmachi movement,Daniel Case,false,73,enwiki,2024-10-27 05:57:30
357996109,Portal:Wirtschaft/Neue Artikel,TaxonBota,true,-95,dewiki,2024-10-27 05:57:51
357996114,Fußball-Weltmeisterschaft 1982/Qualifikation,Benedikt2008,false,0,dewiki,2024-10-27 05:58:01
1833465417,Taztuba,Monkbot,true,2,enwiki,2024-10-27 05:58:11
357996119,E-Logbuch der Ärztekammern,Glewe,false,407,dewiki,2024-10-27 05:58:43
1833465519,Bahnhofplatz,Monkbot,true,1,enwiki,2024-10-27 05:58:46
1833464700,Despair (novel),Monkbot,true,1,enwiki,2024-10-27 05:54:54
1833464813,2024–25 Nepal Premier League,2400:1A00:BD11:6EB5:CB50:F752:3F86:992C,false,-6,enwiki,2024-10-27 05:55:23
1833464907,Basmachi movement,Daniel Case,false,17,enwiki,2024-10-27 05:55:53
1833465014,Off-the-grid,Wikideas1,false,18,enwiki,2024-10-27 05:56:14
1833465105,2024 Atlantic Coast Conference football season,TheGoodGeneral 1,false,38,enwiki,2024-10-27 05:56:32
1833465219,Polish Americans,47.152.224.197,false,6,enwiki,2024-10-27 05:57:02
357996103,Benutzer:Wartungsstube/Ethnien,TaxonBota,true,-280,dewiki,2024-10-27 05:56:59
1833465304,Religion in the United Kingdom,Neils51,false,-12,enwiki,2024-10-27 05:57:25
357996113,Benutzer:Carl Stiller/Sichtertabelle,FNBot,true,0,dewiki,2024-10-27 05:58:03
357996115,Benutzer:Mpns/Sichtertabelle,FNBot,true,0,dewiki,2024-10-27 05:58:06
1833465418,User:Morekar/sandbox,Morekar,false,1834,enwiki,2024-10-27 05:58:13
1833465600,Sveti Florijan nad Škofjo Loko,Monkbot,true,1,enwiki,2024-10-27 05:59:15
1833465614,Terrafugia TF-X,Citation bot,true,20,enwiki,2024-10-27 05:59:22
1833465708,National Independence Day (Poland),Monkbot,true,1,enwiki,2024-10-27 05:59:44
1833464701,Template:British Swimming diver,Zyxw,false,96,enwiki,2024-10-27 05:54:55
1833464814,SAP,Stephenamills,false,-4,enwiki,2024-10-27 05:55:22
1833464905,User:XDanielx/Joe Kilian,XDanielx,false,208,enwiki,2024-10-27 05:55:55
1833465106,Albert O. Hirschman,75.104.92.74,false,-2,enwiki,2024-10-27 05:56:35
357996104,Portal:Umwelt- und Naturschutz/Projekt/Neue Artikel,TaxonBota,true,42,dewiki,2024-10-27 05:57:10
357996105,Fußball-Weltmeisterschaft 1982/Qualifikation,Benedikt2008,false,-4341,dewiki,2024-10-27 05:57:15
1833465305,Tonia Sotiropoulou,Monkbot,true,1,enwiki,2024-10-27 05:57:32
357996112,Benutzer:Rubikon79/Sichtertabelle,FNBot,true,0,dewiki,2024-10-27 05:58:01
1833465407,Talk:Auckland Domain,E James Bowman,false,271,enwiki,2024-10-27 05:58:04
1833465508,Lavrion Square–Strofyli railway,Monkbot,true,4,enwiki,2024-10-27 05:58:43
1833465601,Teng Ming-Tun,Eagle-eye,false,-5,enwiki,2024-10-27 05:59:15
1833465709,Strawberry Shortcake,50.102.149.14,false,6,enwiki,2024-10-27 05:59:44
1833464716,Template:Infobox court/doc,Santiago Claudio,false,-10,enwiki,2024-10-27 05:54:55
1833464909,Talk:LÚ,Surayeproject3,false,82,enwiki,2024-10-27 05:55:56
1833465015,Chrysostomos II of Athens,Monkbot,true,2,enwiki,2024-10-27 05:56:15
1833465111,Template talk:Infobox election,Prcc27,false,716,enwiki,2024-10-27 05:56:37
357996102,Benutzerin:Barbasca/Sichtertabelle,FNBot,true,0,dewiki,2024-10-27 05:57:02
1833465309,CBS WKND,SafariScribe,false,-55,enwiki,2024-10-27 05:57:34
357996110,Benutzer:LukeTriton/Sichtertabelle,FNBot,true,0,dewiki,2024-10-27 05:57:53
357996116,Die Pferdebande,KBE2024,false,88,dewiki,2024-10-27 05:58:06
357996118,Benutzer:Matutinho/Sichtertabelle,FNBot,true,0,dewiki,2024-10-27 05:58:39
1833465509,Julien Poueys,Lepricavark,false,0,enwiki,2024-10-27 05:58:43
1833465603,Wikipedia:Arbitration/Requests/Case,Deepfriedokra,false,407,enwiki,2024-10-27 05:59:14
1833465615,User talk:Citation bot,Achmad Rachmani,false,595,enwiki,2024-10-27 05:59:21
1833465710,User:Codename AD/common.js,Codename AD,false,70,enwiki,2024-10-27 05:59:47
1833464912,Talk:CBS Weekend,SafariScribe,false,1816,enwiki,2024-10-27 05:55:56
1833465016,Marantaceae,Treeenthusiast,false,1,enwiki,2024-10-27 05:56:14
1833465112,User:Bf2002/sandbox,Bf2002,false,-444,enwiki,2024-10-27 05:56:39
357996101,Benutzer:TenWhile6/Sichtertabelle,FNBot,true,1,dewiki,2024-10-27 05:56:49
1833465310,1932 Missouri Attorney General election,Indylover2010,false,-44,enwiki,2024-10-27 05:57:34
357996111,Benutzer:Wartungsstube/Internationale Organisationen,TaxonBota,true,-458,dewiki,2024-10-27 05:57:45
1833465408,Mikhail Speransky,Monkbot,true,1,enwiki,2024-10-27 05:58:04
357996117,Benutzer:Wandelndes Lexikon/Sichtertabelle,FNBot,true,0,dewiki,2024-10-27 05:58:34
1833465500,Jesse Robredo,Hariboneagle927,false,-223,enwiki,2024-10-27 05:58:37
1833465512,Panel van,Citation bot,true,205,enwiki,2024-10-27 05:58:42
1833465604,Roberto Penna,Pinkpollyanna,false,18,enwiki,2024-10-27 05:59:16
1833465619,Secretary of the Interior and Local Government,Hariboneagle927,false,-104,enwiki,2024-10-27 05:59:24
1833465713,"User:DoctorWho42/Sci Fi Channel, 01 October 1992",DoctorWho42,false,-46,enwiki,2024-10-27 05:59:48
1833465017,Iris Wang,Citation bot,true,-2,enwiki,2024-10-27 05:56:15
1833465115,I Loved an Armchair,Monkbot,true,1,enwiki,2024-10-27 05:56:39
1833465311,True Kinda Love,Raymond1922A,false,-27,enwiki,2024-10-27 05:57:36
1833465403,Oblong turtle,Bahnfrend,false,599,enwiki,2024-10-27 05:58:03
1833465411,World Series television ratings,Donnowin1,false,0,enwiki,2024-10-27 05:58:04
1833465501,Cooley Law School,24.8.55.233,false,0,enwiki,2024-10-27 05:58:38
1833465514,Wireless Hill Park,Bahnfrend,false,18,enwiki,2024-10-27 05:58:43
1833465605,Thomas Croat,Mbdfar,false,-1,enwiki,2024-10-27 05:59:17
1833465712,Argyros,Monkbot,true,1,enwiki,2024-10-27 05:59:47
1833465018,2025 New Zealand local referenda on Māori wards and constituencies,TheLoyalOrder,false,7,enwiki,2024-10-27 05:56:16
1833465116,Telomerase,Agentjoerg,false,4,enwiki,2024-10-27 05:56:39
1833465200,Template:Dallas Cowboys roster,Jrooster49,false,7,enwiki,2024-10-27 05:57:02
357996106,Benutzer:Frupa/Sichtertabelle,FNBot,true,0,dewiki,2024-10-27 05:57:22
357996107,Ironman Hawaii,Derkoenig,false,24,dewiki,2024-10-27 05:57:19
1833465313,List of tallest buildings in Metro Manila,IronGargoyle,false,32,enwiki,2024-10-27 05:57:29
1833465402,Easter Island,Ssbbplayer,false,-1,enwiki,2024-10-27 05:57:57
1833465412,Sweden women's national handball team,Chartah,false,0,enwiki,2024-10-27 05:58:06
1833465502,SS Girls,Vagabond777,false,-14,enwiki,2024-10-27 05:58:39
1833465715,German Australians,47.152.224.197,false,6,enwiki,2024-10-27 05:59:45
1833465806,Free trade agreements of Australia,Citation bot,true,-2,enwiki,2024-10-27 06:00:14
1833465904,Bruce Riedel,NicolasJz,false,-7,enwiki,2024-10-27 06:00:43
1833466015,Biswas,2409:40D4:106D:2661:C89B:FD2F:1C29:50EF,false,-2453,enwiki,2024-10-27 06:01:25
1833466110,Saint-Salvy-de-la-Balme,Monkbot,true,1,enwiki,2024-10-27 06:01:53
1833466218,Styllou Christofi,Monkbot,true,1,enwiki,2024-10-27 06:02:27
1833465816,Lee Myung-bak,Seefooddiet,false,50,enwiki,2024-10-27 06:00:11
1833465906,Joseph Bryennios,Monkbot,true,1,enwiki,2024-10-27 06:00:43
1833466002,Linkin Park discography,2600:6C44:427F:C5E3:FCEA:641B:6258:1D,false,-1,enwiki,2024-10-27 06:01:05
1833466017,Talk:Dorian Williams,Bot1058,true,-64,enwiki,2024-10-27 06:01:26
1833466111,Wikipedia:GLAM/Auckland Museum,Nurg,false,37,enwiki,2024-10-27 06:01:56
1833466204,Pearl Jam discography,2600:6C44:427F:C5E3:FCEA:641B:6258:1D,false,0,enwiki,2024-10-27 06:02:13
1833465817,2009 Polish Pairs Speedway Championship,Monkbot,true,1,enwiki,2024-10-27 06:00:16
1833465909,Talk:Taiwan News,184.152.68.190,false,470,enwiki,2024-10-27 06:00:41
1833466004,Switched at Birth (1991 film),Aspects,false,4,enwiki,2024-10-27 06:01:20
1833466019,Jussiê,Lepricavark,false,12,enwiki,2024-10-27 06:01:26
1833466100,1936 Missouri Attorney General election,Indylover2010,false,55,enwiki,2024-10-27 06:01:50
1833466112,2024 Florida Gators football team,BullDawg2021,false,16,enwiki,2024-10-27 06:01:52
1833466206,Strawberry Shortcake,50.102.149.14,false,2,enwiki,2024-10-27 06:02:21
1833465818,List of largest banks,Epistulae ad Familiares,false,0,enwiki,2024-10-27 06:00:15
1833465912,Strawberry Shortcake,50.102.149.14,false,0,enwiki,2024-10-27 06:00:43
1833466005,South Russia (1919–1920),Monkbot,true,2,enwiki,2024-10-27 06:01:20
1833466101,"Ore City, Texas",2600:100C:B24E:9062:51E8:D35A:FBD7:B98F,false,13,enwiki,2024-10-27 06:01:50
1833466114,Arthur M. Lesk,Citation bot,true,78,enwiki,2024-10-27 06:01:55
1833466210,User:Stitchbird2/sandbox,Stitchbird2,false,252,enwiki,2024-10-27 06:02:22
1833465913,Kasukawa Station,UrielAcosta,false,-4,enwiki,2024-10-27 06:00:44
1833466007,Lolong (TV series),MPGuy2824,false,40,enwiki,2024-10-27 06:01:21
1833466115,Coptic Orthodox Diocese of the Southern United States,149.75.148.64,false,41,enwiki,2024-10-27 06:01:56
1833466211,Carbon cycle,Epipelagic,false,-2,enwiki,2024-10-27 06:02:19
1833465915,Ironman World Championship,2600:8802:B01:2C00:2C4B:58FB:D6DB:D7F5,false,-160,enwiki,2024-10-27 06:00:42
1833466009,Tom Jarriel,Sunshineisles2,false,2,enwiki,2024-10-27 06:01:24
1833466103,Talk:Hinduism,Remsense,false,-279,enwiki,2024-10-27 06:01:50
1833466116,LSU–Texas A&M football rivalry,KingSkyLord,false,-27,enwiki,2024-10-27 06:01:55
1833466212,Lee Si-jong,Seefooddiet,false,-6,enwiki,2024-10-27 06:02:23
1833465916,2024–25 Arkansas State Red Wolves men's basketball team,Leelanauewing,false,40,enwiki,2024-10-27 06:00:43
1833466104,Dragostea Din Tei,Brainulator9,false,157,enwiki,2024-10-27 06:01:46
1833466117,User talk:71.246.254.5,VolatileAnomaly,false,943,enwiki,2024-10-27 06:01:58
1833466213,Jézeau,Monkbot,true,1,enwiki,2024-10-27 06:02:23
1833465918,Council of State (Kingdom of Poland),Monkbot,true,1,enwiki,2024-10-27 06:00:46
1833466012,"Polyakovka, Uchalinsky District, Republic of Bashkortostan",Monkbot,true,1,enwiki,2024-10-27 06:01:23
1833466119,User:Mox Eden/AELECT voter guide,Mox Eden,false,80,enwiki,2024-10-27 06:01:59
1833466214,Jérémie Clément,Lepricavark,false,12,enwiki,2024-10-27 06:02:26
1833466000,User:Rhaegar I/sandbox/Michaelis Machol,Rhaegar I,false,27,enwiki,2024-10-27 06:01:19
1833466013,2024 Louisville Cardinals football team,2600:1700:1F96:3C0:69AA:4003:776D:7D6F,false,13,enwiki,2024-10-27 06:01:21
1833466106,Brian Mistro,Thetreesarespeakingtome,false,5,enwiki,2024-10-27 06:01:53
1833466201,1936 Missouri Attorney General election,Indylover2010,false,50,enwiki,2024-10-27 06:02:19
1833466217,Wikipedia:WikiProject Unreferenced articles/Backlog drives/November 2024/Participants,"K,Renamed712",false,-11585,enwiki,2024-10-27 06:02:27
1833465903,Robonaut,2402:9D80:38B:D796:993D:56E9:72FF:DA2D,false,236,enwiki,2024-10-27 06:00:42
1833466001,Bara Bandai,39.62.150.126,false,196,enwiki,2024-10-27 06:01:19
1833466014,Wikipedia:Requests for page protection/Increase,Daniel Case,false,360,enwiki,2024-10-27 06:01:25
1833466108,Eagan High School,Neils51,false,77,enwiki,2024-10-27 06:01:53
1833466200,The Mother of Kings,Monkbot,true,1,enwiki,2024-10-27 06:02:20
1833466219,1936 Missouri Attorney General election,Indylover2010,false,29,enwiki,2024-10-27 06:02:26
1833466319,Lee Soo-hyuck,Seefooddiet,false,4,enwiki,2024-10-27 06:02:52
1833466410,"San Cristóbal, Dominican Republic",AnomieBOT,true,36,enwiki,2024-10-27 06:03:14
1833466505,Dūkštas,Monkbot,true,1,enwiki,2024-10-27 06:03:36
1833466508,Nongoba Bullom Chiefdom,134.192.250.12,false,546,enwiki,2024-10-27 06:03:38
1833466301,Talk:Elon Musk,QRep2020,false,1202,enwiki,2024-10-27 06:02:38
1833466412,Jérémy Abadie,Lepricavark,false,12,enwiki,2024-10-27 06:03:15
1833466509,Denmark women's national handball team,Chartah,false,6,enwiki,2024-10-27 06:03:34
1833466302,Talk:Mi (cuneiform),Surayeproject3,false,82,enwiki,2024-10-27 06:02:50
1833466414,Charis Grammos,Monkbot,true,1,enwiki,2024-10-27 06:03:16
1833466511,Eeram,49.43.201.152,false,-251,enwiki,2024-10-27 06:03:37
1833466303,"Islamic University, Bangladesh",76.66.146.40,false,43,enwiki,2024-10-27 06:02:47
1833466400,Paul Sather,SS2027,false,11,enwiki,2024-10-27 06:03:13
1833466418,1936 Missouri Attorney General election,Indylover2010,false,36,enwiki,2024-10-27 06:03:16
1833466512,Ray Jackson (American football),Tails Wx,false,-474,enwiki,2024-10-27 06:03:39
1833466305,The Gasman,Monkbot,true,1,enwiki,2024-10-27 06:02:50
1833466402,User:Bf2002/sandbox,Bf2002,false,0,enwiki,2024-10-27 06:03:14
1833466518,Jérémy Blayac,Lepricavark,false,12,enwiki,2024-10-27 06:03:39
1833466312,The Voice of Germany season 14,Kennykenny96,false,0,enwiki,2024-10-27 06:02:50
1833466403,2024 ARCA Menards Series West,Brycenrichter,false,8,enwiki,2024-10-27 06:03:10
1833466500,Ocean Vuong,Lnpham9,false,361,enwiki,2024-10-27 06:03:33
1833466313,Wikipedia:Reliable sources/Noticeboard,AndyTheGrump,false,175,enwiki,2024-10-27 06:02:47
1833466404,Duchy of Samogitia,Monkbot,true,28,enwiki,2024-10-27 06:03:12
1833466501,Srinidhi Shetty,Retired77777777777777,false,-5,enwiki,2024-10-27 06:03:34
1833466314,User:JokEobard,Boneless Pizza!,false,1542,enwiki,2024-10-27 06:02:53
1833466406,Sapelo Island dock collapse,Bloxzge 025,false,42,enwiki,2024-10-27 06:03:14
1833466502,User:Skibidisigmauwu/sandbox,Skibidisigmauwu,false,-427,enwiki,2024-10-27 06:03:37
1833466318,List of New Zealand Test cricket records,Bhargavkc0089,false,512,enwiki,2024-10-27 06:02:42
1833466408,Epimaco Velasco,Hariboneagle927,false,-3,enwiki,2024-10-27 06:03:15
1833466503,Shebitku,97.116.160.235,false,11,enwiki,2024-10-27 06:03:35
1833466615,2024–25 AFC Challenge League group stage,অনুরাগ,false,72,enwiki,2024-10-27 06:04:03
1833466703,User:Indylover2010,Indylover2010,false,0,enwiki,2024-10-27 06:04:18
1833466717,WrestleDream (2024),92.232.86.35,false,0,enwiki,2024-10-27 06:04:31
1833466819,What Ever Happened to...,Aspects,false,9,enwiki,2024-10-27 06:05:04
1833466908,Reuben Owens,Jevansen,false,46,enwiki,2024-10-27 06:05:31
1833466616,Jérémy Corinus,Lepricavark,false,12,enwiki,2024-10-27 06:04:05
1833466704,File:Duck Pond Booth.jpg,Sanandros,false,36,enwiki,2024-10-27 06:04:28
1833466718,William Robbins (athlete),Pinkpollyanna,false,16,enwiki,2024-10-27 06:04:31
1833466912,Water spouting,Rifat2005,false,22,enwiki,2024-10-27 06:05:32
1833466619,Malyye Karkaly,Monkbot,true,2,enwiki,2024-10-27 06:04:06
1833466706,Jérémy Denquin,Lepricavark,false,12,enwiki,2024-10-27 06:04:27
1833466719,KAT Hospital,Monkbot,true,1,enwiki,2024-10-27 06:04:31
1833466801,User:MacronMonitor/LinkAlerts,MacronMonitor,false,309,enwiki,2024-10-27 06:04:54
1833466901,Japan Shotokan Karate Association,2804:14D:5C20:89F4:385C:B00D:7940:FFFD,false,92,enwiki,2024-10-27 06:05:29
1833466910,2024 Atlantic Coast Conference football season,TheGoodGeneral 1,false,30,enwiki,2024-10-27 06:05:25
1833466803,Jérémy Grimm,Lepricavark,false,12,enwiki,2024-10-27 06:04:56
1833466914,XII International Chopin Piano Competition,Monkbot,true,1,enwiki,2024-10-27 06:05:31
1833466614,Wikipedia:Sandbox,2806:310:130:C0F3:850E:D35B:B8DC:5B17,false,2433,enwiki,2024-10-27 06:04:06
1833466709,Talk:Elon Musk,QRep2020,false,2,enwiki,2024-10-27 06:04:24
1833466804,Floure,Monkbot,true,1,enwiki,2024-10-27 06:04:54
1833466902,FanDuel Sports Network Wisconsin,Troutfarm27,false,37,enwiki,2024-10-27 06:05:27
1833466917,2024–25 ISU Short Track World Tour,Sharontse121,false,0,enwiki,2024-10-27 06:05:32
1833466711,Teodoro Kalaw,Hariboneagle927,false,-3,enwiki,2024-10-27 06:04:29
1833466805,Wikipedia:Requests for page protection/Increase,Daniel Case,false,364,enwiki,2024-10-27 06:04:57
1833466903,Hachan,Monkbot,true,1,enwiki,2024-10-27 06:05:27
1833466606,Hoshiarpur district,Prodocs,false,366,enwiki,2024-10-27 06:04:00
1833466713,"Saint-Germain-des-Prés, Dordogne",Monkbot,true,1,enwiki,2024-10-27 06:04:27
1833466806,Deaths in November 1988,Bryan Krippner,false,126,enwiki,2024-10-27 06:04:58
1833466904,Omos,175.194.95.147,false,-3,enwiki,2024-10-27 06:05:25
1833466609,Jack Montoucet,Tsarivan613,false,48,enwiki,2024-10-27 06:04:04
1833466714,Reuben Owens,Jevansen,false,41,enwiki,2024-10-27 06:04:31
1833466809,"H.K. Porter, Inc.",Opolito,false,-91,enwiki,2024-10-27 06:04:59
357996202,Marcus Antonius Antyllus,MarcoMA8,false,0,dewiki,2024-10-27 06:05:26
1833466905,2024 Apalachee High School shooting,AnomieBOT,false,349,enwiki,2024-10-27 06:05:27
1833466610,Estillac,Monkbot,true,1,enwiki,2024-10-27 06:04:02
1833466701,List of New Zealand Test cricket records,Bhargavkc0089,false,25,enwiki,2024-10-27 06:04:15
1833466715,Aespa,Phibeatrice,false,6,enwiki,2024-10-27 06:04:21
1833466812,Piper Gilles,Manakam,false,35,enwiki,2024-10-27 06:04:55
357996200,Fußball-Weltmeisterschaft 1982/Qualifikation,Benedikt2008,false,-3,dewiki,2024-10-27 06:05:05
1833466906,Godot (game engine),73.140.244.123,false,5,enwiki,2024-10-27 06:05:29
1833466613,List of German films of the 1970s,2003:C6:9F30:E349:30DD:4F1E:4DA2:2808,false,247,enwiki,2024-10-27 06:03:53
1833466702,"Bernardine Church of Our Lady Queen of Peace, Bydgoszcz",Monkbot,true,2,enwiki,2024-10-27 06:04:24
1833466716,Talk:Na (cuneiform),Surayeproject3,false,79,enwiki,2024-10-27 06:04:31
1833466814,Fendeille,Monkbot,true,1,enwiki,2024-10-27 06:04:58
1833466907,Talk:Ni (cuneiform),Surayeproject3,false,79,enwiki,2024-10-27 06:05:31
1833467016,Konstanz station,Monkbot,true,2,enwiki,2024-10-27 06:05:53
1833467110,Pomesanians,Monkbot,true,3,enwiki,2024-10-27 06:06:26
1833467213,Hundred Years' War,Remsense,false,-465,enwiki,2024-10-27 06:06:53
357996206,Harzer Tourismusverband,Diopuld,false,-18,dewiki,2024-10-27 06:05:51
1833467017,Tail Gunner Joe,Verne Equinox,false,1,enwiki,2024-10-27 06:05:56
357996211,Wikipedia:WikiProjekt Frauen/Frauen in Rot/Fehlende Artikel nach Nationalität/Chileninnen,TaxonBot,true,1132,dewiki,2024-10-27 06:05:53
1833467215,Deaths in November 1988,Bryan Krippner,false,127,enwiki,2024-10-27 06:06:58
1833467018,Pantaleon Alvarez,Hariboneagle927,false,-42,enwiki,2024-10-27 06:05:54
1833467115,Jérémy Mellot,Lepricavark,false,12,enwiki,2024-10-27 06:06:26
1833467214,Capture of Bergamo,Kolya Muratov,false,7,enwiki,2024-10-27 06:06:58
357996219,Benutzer:Miebner/GND,APPERbot,true,-535,dewiki,2024-10-27 06:07:09
357996205,Benutzer:Wartungsstube/Thüringen,TaxonBota,true,-479,dewiki,2024-10-27 06:05:32
1833467019,Abel Kipsang,2601:601:D47C:DB20:B6EA:84D9:2029:BD72,false,43,enwiki,2024-10-27 06:05:55
1833467114,The Office (Australian TV series),Cmanon,false,23,enwiki,2024-10-27 06:06:25
1833467201,Bajonnette,Monkbot,true,1,enwiki,2024-10-27 06:06:54
1833467219,Castelnau-de-Lévis,Monkbot,true,1,enwiki,2024-10-27 06:06:58
1833467101,Battle of Hamel,Practorism44,false,294,enwiki,2024-10-27 06:06:21
1833467116,Nucleus Gene,Northamerica1000,false,7,enwiki,2024-10-27 06:06:28
357996212,Portal:Israel und Palästina/Neue Artikel,TaxonBota,true,4,dewiki,2024-10-27 06:06:35
1833467202,Heherson Alvarez,Hariboneagle927,false,-64,enwiki,2024-10-27 06:06:56
1833467004,User:MacronMonitor/Alerts,MacronMonitor,false,229,enwiki,2024-10-27 06:05:51
1833467102,"User:DoctorWho42/Sci Fi Channel, 01 October 1992",DoctorWho42,false,53,enwiki,2024-10-27 06:06:24
357996216,Benutzer Diskussion:ME-Connect,TabellenBot,true,2128,dewiki,2024-10-27 06:06:58
1833467010,Tricia Flores,Citation bot,true,-14,enwiki,2024-10-27 06:05:52
1833467104,Pinerolo Cathedral,RFNirmala,false,51,enwiki,2024-10-27 06:06:23
1833467209,Wikipedia:Featured article candidates/Labyrinth (Taylor Swift song)/archive1,Nikkimaria,false,179,enwiki,2024-10-27 06:06:58
1833467300,Wikipedia talk:WikiProject Music,Mach61,false,4,enwiki,2024-10-27 06:07:19
1833467008,Accessible surface area,Citation bot,true,66,enwiki,2024-10-27 06:05:52
1833467105,Appelle,Monkbot,true,1,enwiki,2024-10-27 06:06:22
1833467210,Jérémy Ménez,Lepricavark,false,12,enwiki,2024-10-27 06:06:53
357996218,Benutzer:Wartungsstube/Israel,TaxonBota,true,4,dewiki,2024-10-27 06:07:08
1833467009,1936 Missouri Attorney General election,Indylover2010,false,-44,enwiki,2024-10-27 06:05:52
357996210,Benutzer:R eddiotos/Kategorie Schauspieler,TaxonBota,true,-76,dewiki,2024-10-27 06:06:03
1833467107,"Moorcroft, Wyoming",2601:C000:5110:2B00:2DC7:DFF0:744C:FC5F,false,11,enwiki,2024-10-27 06:06:23
357996213,Portal:Frauen/Neue Artikel (Portal)/Film und Fernsehen,TaxonBota,true,-94,dewiki,2024-10-27 06:06:37
1833467211,KDKA-TV,Daniel Case,false,18,enwiki,2024-10-27 06:06:56
1833467014,Hundred Years' War,Remsense,false,2561,enwiki,2024-10-27 06:05:48
1833467108,Miyu Takeuchi,Lullabying,false,550,enwiki,2024-10-27 06:06:25
357996214,Reiner Haseloff,Stepro,false,6,dewiki,2024-10-27 06:06:36
357996215,Werner Zillig,Igno-der-ant,false,27,dewiki,2024-10-27 06:06:41
1833467212,List of Canadian supercentenarians,Rklingmann,false,-13,enwiki,2024-10-27 06:06:57
1833467303,IslamQA.info,Rifat2005,false,46,enwiki,2024-10-27 06:07:19
1833467319,Bhimnali massacre,XTheBedrockX,false,298,enwiki,2024-10-27 06:07:25
1833467407,Peritas,Monkbot,true,1,enwiki,2024-10-27 06:07:49
1833467500,Meredith Ringel Morris,Laurenwp,false,430,enwiki,2024-10-27 06:08:16
1833467302,Gribovsky G-11,Monkbot,true,1,enwiki,2024-10-27 06:07:19
1833467501,Template:Did you know nominations/Xu Xinfu,Yue,false,916,enwiki,2024-10-27 06:08:16
1833467304,Muhammad Halim,Citation bot,true,-1,enwiki,2024-10-27 06:07:20
1833467410,Mallika Sherawat,Geniac,false,42,enwiki,2024-10-27 06:07:49
1833467502,1997 Miami tornado,AnomieBOT,true,5,enwiki,2024-10-27 06:08:16
1833467703,Lee Wu-jong,Seefooddiet,false,58,enwiki,2024-10-27 06:09:06
1833467307,Wikipedia:WikiProject Unreferenced articles/Backlog drives/November 2024/Participants,Pichpich,false,11585,enwiki,2024-10-27 06:07:20
1833467411,Near You,NYDirk,false,20,enwiki,2024-10-27 06:07:50
1833467503,Diva (Annie Lennox album),Binksternet,false,-386,enwiki,2024-10-27 06:08:14
1833467308,Wikipedia:Sandbox,2806:310:130:C0F3:850E:D35B:B8DC:5B17,false,406,enwiki,2024-10-27 06:07:22
1833467412,Reuben Owens,Jevansen,false,37,enwiki,2024-10-27 06:07:51
1833467505,Trigoniko,Monkbot,true,1,enwiki,2024-10-27 06:08:16
1833467310,The Invisible Front,Monkbot,true,1,enwiki,2024-10-27 06:07:22
1833467413,Henge,72.180.201.107,false,-8,enwiki,2024-10-27 06:07:49
1833467506,Apolinario Mabini,Hariboneagle927,false,-73,enwiki,2024-10-27 06:08:16
1833467602,Jérémy Sorbon,Lepricavark,false,12,enwiki,2024-10-27 06:08:44
1833467311,Wikipedia:Requests for page protection/Increase,Daniel Case,false,343,enwiki,2024-10-27 06:07:23
1833467415,WrestleMania XL,92.232.86.35,false,0,enwiki,2024-10-27 06:07:48
1833467511,Stebėkiai,Monkbot,true,1,enwiki,2024-10-27 06:08:19
1833467609,Culture of Italy,JacktheBrown,false,1,enwiki,2024-10-27 06:08:38
1833467313,Wikipedia talk:Reliable sources/Perennial sources,Graywalls,false,502,enwiki,2024-10-27 06:07:18
1833467402,Jewel (singer),75.35.193.67,false,0,enwiki,2024-10-27 06:07:45
1833467418,Kalamazoo Wings,Northamerica1000,false,54,enwiki,2024-10-27 06:07:52
1833467513,Emily Browning,Tasosaxl,false,8,enwiki,2024-10-27 06:08:21
1833467315,"Sales, Sarine",Earlsofsandwich,false,111,enwiki,2024-10-27 06:07:23
1833467404,Template:Australian Capital Territory elections,Totallynotarandomalt69,false,33,enwiki,2024-10-27 06:07:49
1833467419,Eugeniusz Romer,Monkbot,true,2,enwiki,2024-10-27 06:07:52
1833467516,Vigla (tagma),Monkbot,true,4,enwiki,2024-10-27 06:08:22
1833467317,2024 Pacific typhoon season,MAS0802,false,0,enwiki,2024-10-27 06:07:07
1833467406,Australian nationality law,Citation bot,true,24,enwiki,2024-10-27 06:07:45
1833467705,Fort William and Mary,2601:14D:4B80:1950:F119:B530:5ED4:F052,false,595,enwiki,2024-10-27 06:09:07
1833467813,Poor Devil (1940 film),Lord Cornwallis,false,-5,enwiki,2024-10-27 06:09:49
1833468003,Yvrac,Monkbot,true,1,enwiki,2024-10-27 06:10:43
1833467706,Polish Party,Monkbot,true,1,enwiki,2024-10-27 06:09:09
1833467800,Constantine Sathas,Monkbot,true,1,enwiki,2024-10-27 06:09:43
1833467812,Media Prima,180.73.177.196,false,34,enwiki,2024-10-27 06:09:47
1833468006,User:Bf2002/sandbox,Bf2002,false,40,enwiki,2024-10-27 06:10:46
1833467709,Wikipedia:Featured article candidates/Socompa/archive1,Nikkimaria,false,194,enwiki,2024-10-27 06:09:11
1833467814,Theonomy,Jotaharder,false,-22,enwiki,2024-10-27 06:09:48
1833468008,User talk:NotRGBAgent,Salavat,false,1236,enwiki,2024-10-27 06:10:48
1833467708,Channel 4,Synorem,false,-4,enwiki,2024-10-27 06:09:06
1833467803,Christ the Redeemer (statue),Ixocactus,false,5,enwiki,2024-10-27 06:09:41
1833467819,10 Bold Drama,Ad Orientem,false,-24,enwiki,2024-10-27 06:09:48
1833468009,Athinodoros Prousalis,Monkbot,true,1,enwiki,2024-10-27 06:10:47
1833467805,Talk:Thomas Matthew Crooks,24.177.248.63,false,285,enwiki,2024-10-27 06:09:45
1833467902,User:MacronMonitor/Alerts,MacronMonitor,false,248,enwiki,2024-10-27 06:10:16
1833467713,User talk:Bushido77,Bushido77,false,390,enwiki,2024-10-27 06:09:10
1833467806,Protein structure prediction,Citation bot,true,29,enwiki,2024-10-27 06:09:45
1833468012,Jordan Goodwin,Koolcatz34,false,-5,enwiki,2024-10-27 06:10:48
1833467714,Talk Saxy,RachelTensions,false,-1,enwiki,2024-10-27 06:09:09
1833467807,Lee Yong-seop,Seefooddiet,false,20,enwiki,2024-10-27 06:09:47
1833467918,Geovana Irusta,Citation bot,true,22,enwiki,2024-10-27 06:10:18
1833468015,Soraya Deen,220 of Borg,false,40,enwiki,2024-10-27 06:10:49
1833467715,Yegor Filipenko,Monkbot,true,2,enwiki,2024-10-27 06:09:12
1833467808,List of Eritreans,2601:645:C81:4200:3D95:BD3A:205F:1AEE,false,17,enwiki,2024-10-27 06:09:49
1833467919,Harith Iskander,2001:D08:1B93:803A:F625:50C5:1EC3:290,false,21,enwiki,2024-10-27 06:10:18
1833468016,Janjaweed,Hamzadudgeon,false,97,enwiki,2024-10-27 06:10:49
1833467718,2024 Atlantic Coast Conference football season,TheGoodGeneral 1,false,43,enwiki,2024-10-27 06:09:10
1833467809,Deaths in November 1988,Bryan Krippner,false,389,enwiki,2024-10-27 06:09:47
1833468000,Draft:David Bolno,Qwerfjkl (bot),true,26,enwiki,2024-10-27 06:10:44
1833467811,"Lanta, Haute-Garonne",Monkbot,true,1,enwiki,2024-10-27 06:09:46
1833468001,IslamOnline,Rifat2005,false,72,enwiki,2024-10-27 06:10:44
1833468112,"Mordvinovo, Muromsky District, Vladimir Oblast",Monkbot,true,1,enwiki,2024-10-27 06:11:20
1833468206,Solar Electric Light Fund,BruceThomson,false,422,enwiki,2024-10-27 06:11:52
1833468307,Marie Stopes,Chris the speller,false,0,enwiki,2024-10-27 06:12:17
1833468402,File:Liuyang fireworks used in the 2008 Beijing Olympic Games.jpg,Salavat,false,96,enwiki,2024-10-27 06:12:49
1833468113,"Westfield, New York",2603:7080:5D35:222C:3002:CEE5:67EA:5388,false,-94,enwiki,2024-10-27 06:11:19
1833468209,Josh Anderson (American football),Thetreesarespeakingtome,false,259,enwiki,2024-10-27 06:11:53
1833468309,The Beatles in popular culture,Hhs101406,false,1,enwiki,2024-10-27 06:12:24
1833468405,Staryya Darohi,Monkbot,true,2,enwiki,2024-10-27 06:12:47
1833468114,Jethro Pugh,Leeapp,false,242,enwiki,2024-10-27 06:11:21
1833468211,Konstantinos Tsamouris,Monkbot,true,1,enwiki,2024-10-27 06:11:54
1833468310,List of Kamala Harris 2024 presidential campaign non-political endorsements,Lima Bean Farmer,false,161,enwiki,2024-10-27 06:11:57
1833468413,User talk:Darfina Darfahol,Brandon,false,1094,enwiki,2024-10-27 06:12:50
1833468104,Alzonne,Monkbot,true,1,enwiki,2024-10-27 06:11:16
1833468117,King and Queen of the Ring (2024),92.232.86.35,false,0,enwiki,2024-10-27 06:11:22
1833468212,IslamPidia,Rifat2005,false,86,enwiki,2024-10-27 06:11:54
1833468311,Alexander Garden,Monkbot,true,1,enwiki,2024-10-27 06:12:25
1833468414,Harold Cagle (American football),Jweiss11,false,1276,enwiki,2024-10-27 06:12:48
1833468105,Kim Ju-ae,Yue,false,-1,enwiki,2024-10-27 06:11:17
1833468118,Draft:Shocking Pink,Mimihk2000,false,176,enwiki,2024-10-27 06:11:24
1833468313,United States Exploring Expedition,151.192.164.93,false,0,enwiki,2024-10-27 06:12:21
1833468415,Talk:Zi (cuneiform),Surayeproject3,false,82,enwiki,2024-10-27 06:12:50
1833468106,User talk:Darth Stabro/Archive 1,ClueBot III,true,798,enwiki,2024-10-27 06:11:19
1833468119,Char Bhadrasan massacre,XTheBedrockX,false,253,enwiki,2024-10-27 06:11:24
1833468316,Alexandra Mavrokordatou,Monkbot,true,1,enwiki,2024-10-27 06:12:28
1833468416,Elon Musk,Soibangla,false,562,enwiki,2024-10-27 06:12:36
1833468108,United States Exploring Expedition,151.192.164.93,false,78,enwiki,2024-10-27 06:11:14
1833468201,"Saint George's Church, Singapore",128.106.222.36,false,-144,enwiki,2024-10-27 06:11:51
1833468215,Central business district,TravelerFromEuropeanUnion,false,-3,enwiki,2024-10-27 06:11:54
1833468111,User talk:Darth Stabro,ClueBot III,true,-799,enwiki,2024-10-27 06:11:20
1833468203,Nika Soon-Shiong,AnomieBOT,true,18,enwiki,2024-10-27 06:11:52
1833468216,May Coup (Poland),Monkbot,true,1,enwiki,2024-10-27 06:11:57
1833468319,Trisha Krishnan,Geniac,false,-738,enwiki,2024-10-27 06:12:27
1833468110,Jeremy Clyde,Prairieplant,false,79,enwiki,2024-10-27 06:11:19
1833468204,SR819,Nsd2018966,false,1,enwiki,2024-10-27 06:11:53
1833468217,User:Mbromano/Manipulation (psychology),Mbromano,false,-198,enwiki,2024-10-27 06:11:59
1833468301,Norway women's national handball team,Chartah,false,2,enwiki,2024-10-27 06:12:18
1833468205,User talk:EngimaRapage2,Liz,false,1546,enwiki,2024-10-27 06:11:53
1833468218,Tropical Storm Harriet,EvilDumplingDuck,false,8,enwiki,2024-10-27 06:11:58
1833468305,Giorgos Mouzakis,Monkbot,true,1,enwiki,2024-10-27 06:12:22
1833468400,William C. Prout,Pinkpollyanna,false,38,enwiki,2024-10-27 06:12:47
1833468712,2024 ARCA Menards Series West,Finn Shipley,false,8,enwiki,2024-10-27 06:14:22
1833468504,Josip Broz Tito,2601:243:1A00:4510:A9B6:1E49:B975:2C40,false,2,enwiki,2024-10-27 06:12:52
1833468600,Do Patti,Kailash29792,false,8,enwiki,2024-10-27 06:13:49
1833468701,User talk:Alicampabelle,Thilsebatti,false,2857,enwiki,2024-10-27 06:14:19
1833468715,Lazovsky District,Monkbot,true,1,enwiki,2024-10-27 06:14:24
1833468507,Giorgos Kyriakakis,Monkbot,true,1,enwiki,2024-10-27 06:13:12
1833468601,Draft:Sheikh Yahaya Amin,Thilsebatti,false,91,enwiki,2024-10-27 06:13:50
1833468716,Beverly Ramos,Citation bot,true,23,enwiki,2024-10-27 06:14:25
357996302,Liste der Biografien/Burc,APPERbot,true,114,dewiki,2024-10-27 06:14:36
1833468508,Skin disinfection,Citation bot,true,43,enwiki,2024-10-27 06:13:13
1833468602,Zarakes,Monkbot,true,2,enwiki,2024-10-27 06:13:51
1833468703,Draft:Jimmy Mugerwa,Thilsebatti,false,93,enwiki,2024-10-27 06:14:18
1833468717,Mordechai Schlein,The Blue Rider,false,44,enwiki,2024-10-27 06:14:27
1833468509,Kingdom of Galicia and Lodomeria,Domen von Wielkopolska,false,0,enwiki,2024-10-27 06:13:06
1833468604,User:KyleBYerrick,KyleBYerrick,false,97,enwiki,2024-10-27 06:13:53
1833468704,Jeff Porter,Citation bot,true,-2,enwiki,2024-10-27 06:14:18
1833468510,User talk:Dr. Nanna Bali Chidi-Emmanuel,Liz,false,2482,enwiki,2024-10-27 06:13:13
1833468705,Blade (character),2601:681:8001:1430:9069:F92C:DEC0:4D7,false,0,enwiki,2024-10-27 06:14:16
1833468512,2024–25 AFC Challenge League,অনুরাগ,false,748,enwiki,2024-10-27 06:13:11
1833468606,Love to Hate You,Binksternet,false,-139,enwiki,2024-10-27 06:13:51
1833468708,Scott D'Amore,114.142.211.158,false,25,enwiki,2024-10-27 06:14:21
1833468514,Wikipedia:WikiCup/History/2024/log,LivingBot,true,342,enwiki,2024-10-27 06:13:16
1833468710,Alexander Novikov,Monkbot,true,1,enwiki,2024-10-27 06:14:19
1833468513,Echecrates,Monkbot,true,1,enwiki,2024-10-27 06:13:15
1833468711,List of New Zealand Test cricket records,Bhargavkc0089,false,102,enwiki,2024-10-27 06:14:11
357996301,Friedhof der Kuscheltiere (2019),Killerkürbis,false,-2,dewiki,2024-10-27 06:14:32
1833468519,Electric Nebraska,Mike Selinker,false,-90,enwiki,2024-10-27 06:13:17
357996300,Benutzer:Wissenswart/fehlende Artikel Deutsche Biografien,Cholo Aleman,false,4,dewiki,2024-10-27 06:14:17
357996312,Liste der Biografien/Can,APPERbot,true,-152,dewiki,2024-10-27 06:15:01
1833468905,Josip Broz Tito,2601:243:1A00:4510:A9B6:1E49:B975:2C40,false,0,enwiki,2024-10-27 06:15:06
1833469000,Samsenwittayalai School,171.4.238.162,false,13,enwiki,2024-10-27 06:15:58
1833469014,Talk:Alliance Defending Freedom,DarknessGoth777,false,22,enwiki,2024-10-27 06:16:04
1833468800,Mannose,Citation bot,true,17,enwiki,2024-10-27 06:14:53
1833468813,User talk:DavidRangel13,Liz,false,911,enwiki,2024-10-27 06:15:03
1833468906,Novokubansk,Monkbot,true,1,enwiki,2024-10-27 06:15:24
1833469001,George Carpenter (fencer),Smasongarrison,false,1,enwiki,2024-10-27 06:15:59
1833469016,Venture capital in Poland,Monkbot,true,10,enwiki,2024-10-27 06:16:04
1833468802,Wikipedia:Meetup/NYC/Wikidata Day 2024,JJxFile,false,55,enwiki,2024-10-27 06:14:56
1833468816,User:DatBot/pendingbacklog,DatBot,true,0,enwiki,2024-10-27 06:15:05
1833469002,"Boussac, Aveyron",Monkbot,true,1,enwiki,2024-10-27 06:15:57
1833469017,Ontario Street (Montreal),2607:FEA8:53D9:CC00:B184:ABC8:668:11A0,false,4,enwiki,2024-10-27 06:16:05
1833468803,Paillet,Monkbot,true,1,enwiki,2024-10-27 06:14:54
1833468818,Template:South Bay Lakers current roster,Koolcatz34,false,13,enwiki,2024-10-27 06:15:05
1833468907,Hadji Ali,RachelTensions,false,2,enwiki,2024-10-27 06:15:24
1833469019,Deena Mohamed,Deansfa,false,88,enwiki,2024-10-27 06:16:07
357996305,Liste der Biografien/Burs,APPERbot,true,89,dewiki,2024-10-27 06:14:48
357996310,Hossein Ali Beg Bayat,LennBr,false,55,dewiki,2024-10-27 06:14:59
1833468819,Care Bears: Adventures in Care-a-lot,50.102.149.14,false,168,enwiki,2024-10-27 06:15:03
1833468911,"Breže, Ribnica",Monkbot,true,1,enwiki,2024-10-27 06:15:28
1833469003,Fyang Smith,Nhoiialmanzor,false,73,enwiki,2024-10-27 06:15:59
1833468807,Python syntax and semantics,2607:FA49:1840:300:59A7:4084:54A8:5B97,false,4,enwiki,2024-10-27 06:14:59
357996313,Hossein Ali Beg Bayat,LennBr,false,-27,dewiki,2024-10-27 06:15:06
1833468913,Draft:Abhay Das,Thilsebatti,false,-61,enwiki,2024-10-27 06:15:28
1833469004,1980–81 Nottingham Forest F.C. season,HugoAcosta9,false,-2,enwiki,2024-10-27 06:15:56
1833468808,Auriébat,Monkbot,true,1,enwiki,2024-10-27 06:14:58
357996318,E-Logbuch der Ärztekammern,Glewe,false,400,dewiki,2024-10-27 06:15:22
1833468901,User:I dream of horses/PROD log,I dream of horses,false,98,enwiki,2024-10-27 06:15:21
1833468914,ESTRACK,Nikkimaria,false,-124,enwiki,2024-10-27 06:15:28
1833469007,"Rostki, Pisz County",Monkbot,true,1,enwiki,2024-10-27 06:16:01
1833468810,William L. Hungate,50.101.201.176,false,12,enwiki,2024-10-27 06:15:00
1833468902,"Embassy of Indonesia, Moscow",GreenLipstickLesbian,false,-391,enwiki,2024-10-27 06:15:23
1833469009,Pinoy Big Brother: Connect,2001:4453:66C:D400:D472:E4BC:3953:4A67,false,259,enwiki,2024-10-27 06:15:55
1833468811,"Association \"Polish Community\"",Monkbot,true,1,enwiki,2024-10-27 06:15:02
357996319,Liste der Biografien/Cat–Caz,APPERbot,true,-151,dewiki,2024-10-27 06:15:21
1833468903,Routine Of Nepal Banda,204.225.214.4,false,7,enwiki,2024-10-27 06:15:26
1833469010,Elimination Chamber: Perth,92.232.86.35,false,-1,enwiki,2024-10-27 06:16:02
1833468812,Mukto-Mona,Rifat2005,false,84,enwiki,2024-10-27 06:15:02
1833468904,Deaths in November 1988,Bryan Krippner,false,402,enwiki,2024-10-27 06:15:25
1833469013,English Americans,47.152.224.197,false,6,enwiki,2024-10-27 06:15:57
1833469109,DinoSquad,50.102.149.14,false,-96,enwiki,2024-10-27 06:16:37
1833469214,Benazepril,Whywhenwhohow,false,23,enwiki,2024-10-27 06:17:04
1833469312,List of breweries in Kansas,38.100.186.248,false,3,enwiki,2024-10-27 06:17:25
1833469411,Josh Anderson (American football),Thetreesarespeakingtome,false,548,enwiki,2024-10-27 06:17:51
1833469113,Daim Zainuddin,Normal rookie,false,36,enwiki,2024-10-27 06:16:37
1833469216,In Search of Janáček,Mushy Yank,false,1073,enwiki,2024-10-27 06:17:04
1833469313,Hurricane Ernesto (2024),SomeoneWiki04,false,1,enwiki,2024-10-27 06:17:23
1833469412,Talk:Ta (cuneiform),Surayeproject3,false,82,enwiki,2024-10-27 06:17:52
1833469114,Golden Axe III,Unrulyevil5,false,-89,enwiki,2024-10-27 06:16:38
1833469218,La Voz (Spanish TV series) season 11,IPLISTHEBEST,false,-61,enwiki,2024-10-27 06:17:05
1833469315,Bruh (TV series),95.238.185.204,false,-2,enwiki,2024-10-27 06:17:23
1833469413,Army of Congress Poland,Monkbot,true,2,enwiki,2024-10-27 06:17:51
1833469100,Aramits,Monkbot,true,2,enwiki,2024-10-27 06:16:31
1833469116,List of 20th Century Studios films,Mediafan200,false,0,enwiki,2024-10-27 06:16:38
1833469205,Talk:1984 anti-Sikh riots,59.183.243.228,false,232,enwiki,2024-10-27 06:16:59
1833469316,Vipers Kristiansand,Chartah,false,521,enwiki,2024-10-27 06:17:25
1833469414,The Singles 86＞98,MPGuy2824,false,2,enwiki,2024-10-27 06:17:53
1833469101,Hyperscale computing,Pancho507,false,13,enwiki,2024-10-27 06:16:34
1833469208,Stoycho Vassilev Breskovski,Citation bot,true,30,enwiki,2024-10-27 06:17:01
1833469400,Template:2024 USL Championship Eastern Conference table,GrouchoPython,false,-2,enwiki,2024-10-27 06:17:48
1833469415,Nyangia,Kepler-1229b,false,82,enwiki,2024-10-27 06:17:53
1833469104,User talk:Antony Ressler,Liz,false,1549,enwiki,2024-10-27 06:16:35
1833469119,Kuzhanovo,Monkbot,true,2,enwiki,2024-10-27 06:16:39
1833469209,Three Waiting Maids,Monkbot,true,1,enwiki,2024-10-27 06:17:02
1833469318,DinoSquad,50.102.149.14,false,114,enwiki,2024-10-27 06:17:26
1833469105,Moon Kook-hyun,Seefooddiet,false,-24,enwiki,2024-10-27 06:16:34
1833469210,Arts Council of Finland,GreenLipstickLesbian,false,-23,enwiki,2024-10-27 06:17:03
1833469307,User:Bialyhoos42,Bialyhoos42,false,369,enwiki,2024-10-27 06:17:26
1833469403,James Dean,Carlstak,false,178,enwiki,2024-10-27 06:17:45
1833469106,House of Balloons / Glass Table Girls,Rawrdog,false,-13,enwiki,2024-10-27 06:16:34
1833469211,Sandiganbayan,PiaLily,false,-19,enwiki,2024-10-27 06:16:58
1833469308,Arthur Astley,Pinkpollyanna,false,35,enwiki,2024-10-27 06:17:25
1833469404,Warsaw Shield,Monkbot,true,2,enwiki,2024-10-27 06:17:48
1833469107,Renaissance in Poland,Monkbot,true,2,enwiki,2024-10-27 06:16:35
1833469212,Jeri Taylor,Nikkimaria,false,-88,enwiki,2024-10-27 06:17:04
1833469309,Bully (album),2806:262:496:852A:8112:2AC:5471:269F,false,37,enwiki,2024-10-27 06:17:24
1833469406,Nam Duck-woo,Seefooddiet,false,-19,enwiki,2024-10-27 06:17:48
1833469108,European and American voyages of scientific exploration,151.192.164.93,false,81,enwiki,2024-10-27 06:16:32
1833469213,Special Activities Center,2406:5A00:E88F:1A00:BCE6:D053:3B19:291F,false,3084,enwiki,2024-10-27 06:16:58
1833469311,Borovnice (Rychnov nad Kněžnou District),Monkbot,true,1,enwiki,2024-10-27 06:17:24
1833469408,Miss World 2001,Mrcarillo,false,-63,enwiki,2024-10-27 06:17:45
1833469602,Wikipedia:Administrator intervention against vandalism,Pichpich,false,130,enwiki,2024-10-27 06:18:49
1833469714,Martyrdom of Pionius,Monkbot,true,1,enwiki,2024-10-27 06:19:24
1833469802,Hiesmayr,69.174.144.86,false,23,enwiki,2024-10-27 06:19:46
1833469514,Claire Redfield,Boneless Pizza!,false,15,enwiki,2024-10-27 06:18:21
1833469603,Vassilis Palaiokostas,Monkbot,true,1,enwiki,2024-10-27 06:18:49
1833469804,"Mesilla, New Mexico",Animas2024,false,155,enwiki,2024-10-27 06:19:45
1833469515,Crystal Leefmans,Citation bot,true,-2,enwiki,2024-10-27 06:18:25
1833469604,Draft:Shantanu Naidu,Thilsebatti,false,9,enwiki,2024-10-27 06:18:50
1833469806,Portal:Current events/2021 August 27,Kiwipete,false,-88,enwiki,2024-10-27 06:19:47
1833469500,Talk:Princess Leia,Sangdeboeuf,false,315,enwiki,2024-10-27 06:18:19
1833469518,Iuri Alcântara,AddedUpdatePoster,false,66,enwiki,2024-10-27 06:18:25
1833469606,Category:Songs about fathers,DB1729,false,12,enwiki,2024-10-27 06:18:52
1833469807,User:Smokefoot/sandbox,Smokefoot,false,32,enwiki,2024-10-27 06:19:45
1833469501,Brendan Smith (ice hockey),Canuck85,false,-114,enwiki,2024-10-27 06:18:21
1833469608,Noh Hyeong-ouk,Seefooddiet,false,63,enwiki,2024-10-27 06:18:50
1833469808,Kaipkulovo,Monkbot,true,2,enwiki,2024-10-27 06:19:46
1833469502,Nożyk Synagogue,Monkbot,true,2,enwiki,2024-10-27 06:18:20
1833469611,Vice President of Indonesia,RyanW1995,false,-37,enwiki,2024-10-27 06:18:50
1833469810,Quentin Bonnet,Lepricavark,false,-2,enwiki,2024-10-27 06:19:47
1833469507,Massimo Cartasegna,Pinkpollyanna,false,17,enwiki,2024-10-27 06:18:23
1833469700,News media endorsements in the 2024 United States presidential election,Lima Bean Farmer,false,360,enwiki,2024-10-27 06:19:18
1833469813,BYU Cougars,Red dwarf,false,1,enwiki,2024-10-27 06:19:41
1833469510,Jorge Negrete,Lord Cornwallis,false,31,enwiki,2024-10-27 06:18:23
1833469707,Disownment,2601:46:4400:9770:635C:7E92:6E62:F18D,false,-147,enwiki,2024-10-27 06:19:23
1833469814,Dirty War,Rawrdog,false,18,enwiki,2024-10-27 06:19:38
1833469509,Vanderbilt Commodores football,HowieLong27,false,0,enwiki,2024-10-27 06:18:21
1833469708,Josh Anderson (American football),Thetreesarespeakingtome,false,0,enwiki,2024-10-27 06:19:24
1833469815,Deforestation in Cambodia,Arcahaeoindris,false,224,enwiki,2024-10-27 06:19:47
1833469511,"Trzęsacz, Gryfice County",Monkbot,true,1,enwiki,2024-10-27 06:18:23
1833469818,Ontario Street (Montreal),2607:FEA8:53D9:CC00:B184:ABC8:668:11A0,false,136,enwiki,2024-10-27 06:19:48
1833469913,Tyson Hinz,Citation bot,true,-2,enwiki,2024-10-27 06:20:24
1833470006,Jérôme Foulon,Lepricavark,false,12,enwiki,2024-10-27 06:20:49
1833469914,2024–25 AFC Challenge League,অনুরাগ,false,1,enwiki,2024-10-27 06:20:20
1833470008,Andrew Schlafly,Roastedbeanz1,false,2,enwiki,2024-10-27 06:20:48
1833469900,Abu Lahab,ClueBot NG,false,-13,enwiki,2024-10-27 06:20:15
1833469915,Paul Poirier,Manakam,false,35,enwiki,2024-10-27 06:20:19
1833470010,Ilya Belyaev,Monkbot,true,1,enwiki,2024-10-27 06:20:50
1833469903,Šakiai,Monkbot,true,1,enwiki,2024-10-27 06:20:18
1833469916,Pipecutter,71.0.225.75,false,132,enwiki,2024-10-27 06:20:25
1833470011,Shabaka,97.116.160.235,false,202,enwiki,2024-10-27 06:20:49
1833469904,Solar Electric Light Fund,BruceThomson,false,21,enwiki,2024-10-27 06:20:20
1833469918,Who's Yehoodi?,Jprg1966,false,-87,enwiki,2024-10-27 06:20:26
1833470015,Draft:Tropical Storm Kong-rey (2024),Crominance,false,-28,enwiki,2024-10-27 06:20:51
1833469908,Jérôme Bottelin,Lepricavark,false,12,enwiki,2024-10-27 06:20:20
1833469919,COVID-19 pandemic in Belize,Horizon Sunset,false,54,enwiki,2024-10-27 06:20:21
1833470019,Minni Minnawi,68.252.248.60,false,4,enwiki,2024-10-27 06:20:52
1833469909,Prime Minister of Yugoslavia,2601:243:1A00:4510:A9B6:1E49:B975:2C40,false,1,enwiki,2024-10-27 06:20:15
1833470000,Owen Klassen,Citation bot,true,4,enwiki,2024-10-27 06:20:47
1833470002,Mglin,Monkbot,true,2,enwiki,2024-10-27 06:20:46
1833469911,Wikipedia:WikiProject Religion/New religious movements work group,PARAKANYAA,false,22,enwiki,2024-10-27 06:20:22
1833470004,Frankie Kazarian,2001:56B:DC42:8C00:F9AC:6C04:B97F:362B,false,208,enwiki,2024-10-27 06:20:44
1833469912,Zinaida Serebriakova,Monkbot,true,1,enwiki,2024-10-27 06:20:22
1833470005,Max & Ruby,50.102.149.14,false,-1,enwiki,2024-10-27 06:20:48
1833470105,Kotsovolos,Monkbot,true,1,enwiki,2024-10-27 06:21:20
1833470109,Oh Shin-hwan,Seefooddiet,false,340,enwiki,2024-10-27 06:21:22
1833470110,South Korea women's national football team,Hariboneagle927,false,268,enwiki,2024-10-27 06:21:17
1833470111,Egidio Calloni,Escriba Literário,false,75,enwiki,2024-10-27 06:21:23
1833470112,Draft:Chernobyl Reactors 5 and 6,Bollardant,false,249,enwiki,2024-10-27 06:21:24
1833470115,Fort Knox,Neovu79,false,683,enwiki,2024-10-27 06:21:22
1833470116,Six Flags (1961–2024),LTPHarry,false,72,enwiki,2024-10-27 06:21:22
1833470118,Hugh Roe O'Donnell,SkywalkerEccleston,false,-133,enwiki,2024-10-27 06:21:19
1833470117,Flayat,Monkbot,true,1,enwiki,2024-10-27 06:21:23
1833470205,Philip Scrubb,Citation bot,true,31,enwiki,2024-10-27 06:21:51
1833470316,Moustafá Moustafá,Monkbot,true,2,enwiki,2024-10-27 06:22:20
1833470415,Manvydas family,Monkbot,true,1,enwiki,2024-10-27 06:22:46
1833470514,Abbot,Rolando 1208,false,1,enwiki,2024-10-27 06:23:16
357996411,Albert De Bunne,Onkelkoeln,false,103,dewiki,2024-10-27 06:23:28
1833470207,Talk:Jeff Bezos,ECE Prof,false,870,enwiki,2024-10-27 06:21:48
1833470317,Nazanin Afshin-Jam,Mrcarillo,false,2,enwiki,2024-10-27 06:22:19
1833470416,Talk:God Save The Clean,Nurg,false,-5,enwiki,2024-10-27 06:22:48
357996406,Benutzer:Wartungsstube/Sport,TaxonBota,true,-1670,dewiki,2024-10-27 06:22:34
1833470516,Country rap,Frequency explorers,false,21,enwiki,2024-10-27 06:23:18
357996414,Liste der Biografien/Geb,APPERbot,true,92,dewiki,2024-10-27 06:23:37
357996400,Diskussion:Elon Musk,2A02:3038:20B:E069:FB6F:42AE:8062:42F4,false,172,dewiki,2024-10-27 06:22:07
1833470318,User talk:Antony Ressler,Liz,false,912,enwiki,2024-10-27 06:22:23
357996404,Benutzer:Wartungsstube/Migration,TaxonBota,true,-20,dewiki,2024-10-27 06:22:42
1833470600,BofA Securities,WiinterU,false,-65,enwiki,2024-10-27 06:23:42
1833470211,Talk:Akre District,Surayeproject3,false,73,enwiki,2024-10-27 06:21:55
1833470501,Fort Knox,Neovu79,false,1,enwiki,2024-10-27 06:23:14
357996417,Portal:Ethnologie/Wartung2,TaxonBota,true,-247,dewiki,2024-10-27 06:23:41
1833470218,John Bauters,Narayansg,false,469,enwiki,2024-10-27 06:21:55
1833470502,Chicó,MPGuy2824,false,-4,enwiki,2024-10-27 06:23:18
1833470601,Bolshoye Yuryevo,Monkbot,true,1,enwiki,2024-10-27 06:23:43
357996402,Liste der Biografien/Fos,APPERbot,true,101,dewiki,2024-10-27 06:22:28
1833470504,Park Byeong-yun,Seefooddiet,false,20,enwiki,2024-10-27 06:23:17
1833470603,Tri Kappa,Rublamb,false,540,enwiki,2024-10-27 06:23:43
357996401,Liste der Biografien/Fish,APPERbot,true,73,dewiki,2024-10-27 06:22:14
1833470401,Sonic Prime,71.36.178.63,false,-13,enwiki,2024-10-27 06:22:41
357996408,Liste der Biografien/Fris,APPERbot,true,18,dewiki,2024-10-27 06:23:12
1833470503,Françoise Frenkel,Significa liberdade,false,110,enwiki,2024-10-27 06:23:16
1833470606,Breanna Stewart,Citation bot,true,26,enwiki,2024-10-27 06:23:36
1833470410,Talk:British Library,Johnbod,false,281,enwiki,2024-10-27 06:22:46
1833470506,Thermus aquaticus,Paine Ellsworth,false,21,enwiki,2024-10-27 06:23:17
1833470203,Oh Young-hun,Seefooddiet,false,-55,enwiki,2024-10-27 06:21:51
1833470300,Template:Did you know nominations/Roger Farmer (American football),Ktin,false,439,enwiki,2024-10-27 06:22:19
1833470411,Template:North Star Athletic Association football coach navbox,Jweiss11,false,2,enwiki,2024-10-27 06:22:47
357996407,Liste der Biografien/Friedr,APPERbot,true,35,dewiki,2024-10-27 06:23:05
1833470513,AMZ Tur,Monkbot,true,1,enwiki,2024-10-27 06:23:18
1833470204,2018 German Figure Skating Championships,Monkbot,true,1,enwiki,2024-10-27 06:21:52
1833470315,Kwik-E-Mart,Discospinster,false,393,enwiki,2024-10-27 06:22:20
1833470413,Trae Golden,HanTsî,false,-115,enwiki,2024-10-27 06:22:45
357996409,Portal:Karibik/Artikel/Neue Artikel,TaxonBota,true,-92,dewiki,2024-10-27 06:23:15
357996410,Liste der Biografien/Fuk,APPERbot,true,108,dewiki,2024-10-27 06:23:19
357996413,Benutzer:MarcoMA8/Römische Cognomen,MarcoMA8,false,156,dewiki,2024-10-27 06:23:34
357996418,Portal:Mittelamerika/Neue Artikel,TaxonBota,true,-92,dewiki,2024-10-27 06:23:47
1833470715,South Korea women's national football team,Hariboneagle927,false,156,enwiki,2024-10-27 06:24:09
1833470816,Sujatha Mohan,27.4.120.39,false,144,enwiki,2024-10-27 06:24:48
1833470915,User talk:Lillyput4455,CNMall41,false,1244,enwiki,2024-10-27 06:25:09
1833470610,October 2024 Israeli strikes on Iran,Tri Ardiansyah,false,-188,enwiki,2024-10-27 06:23:41
1833470700,Bully (album),2806:262:496:852A:8112:2AC:5471:269F,false,347,enwiki,2024-10-27 06:24:09
1833470716,RADION International,Neils51,false,-8,enwiki,2024-10-27 06:24:17
1833470918,List of Ferrari road cars,36.235.239.12,false,35,enwiki,2024-10-27 06:25:14
1833470611,Russian playing cards,Monkbot,true,7,enwiki,2024-10-27 06:23:46
1833470703,List of German films of the 1980s,2003:C6:9F30:E349:30DD:4F1E:4DA2:2808,false,120,enwiki,2024-10-27 06:24:02
1833470719,User:MacronMonitor/LinkAlerts,MacronMonitor,false,280,enwiki,2024-10-27 06:24:17
1833470808,Draft:1950 Sul Ross Lobos football team,Mes tex,false,854,enwiki,2024-10-27 06:24:47
1833470919,Timotheus (aulist),Monkbot,true,1,enwiki,2024-10-27 06:25:16
1833470612,1944 Missouri Attorney General election,Indylover2010,false,-7,enwiki,2024-10-27 06:23:47
1833470704,German atrocities committed against Polish prisoners of war,Nihil novi,false,-12,enwiki,2024-10-27 06:24:11
1833470807,1944 Missouri Attorney General election,Indylover2010,false,46,enwiki,2024-10-27 06:24:46
1833470902,Kulmas,Monkbot,true,2,enwiki,2024-10-27 06:25:10
1833470613,Patiala School for the Blind,Neils51,false,3,enwiki,2024-10-27 06:23:48
1833470708,Park Chung Hee,Seefooddiet,false,251,enwiki,2024-10-27 06:24:05
1833470718,Acme Brick,WiinterU,false,0,enwiki,2024-10-27 06:24:17
1833470809,Enharmonic keyboard,Headbomb,false,-9,enwiki,2024-10-27 06:24:47
1833470908,List of Zimbabwe Twenty20 International cricket records,Bhargavkc0089,false,8,enwiki,2024-10-27 06:25:06
1833470614,Wikipedia:Usernames for administrator attention,HBC AIV helperbot14,true,-354,enwiki,2024-10-27 06:23:48
1833470709,Polish Labour Party - August 80,Monkbot,true,1,enwiki,2024-10-27 06:24:13
1833470810,BYU Cougars,Red dwarf,false,6,enwiki,2024-10-27 06:24:41
1833470615,Joseph Cella,ZephyrAgz,false,-77,enwiki,2024-10-27 06:23:47
1833470711,Gen¹³/Monkeyman and O'Brien,140.177.116.54,false,35,enwiki,2024-10-27 06:24:15
1833470811,User:Samdlb123/Murder of pregnant women/Bibliography,Samdlb123,false,42,enwiki,2024-10-27 06:24:49
1833470910,Eduard Bendemann,Monkbot,true,1,enwiki,2024-10-27 06:25:13
1833470617,Deilelater,エリック・キィ,false,-21,enwiki,2024-10-27 06:23:48
1833470813,Sinapovo,Monkbot,true,2,enwiki,2024-10-27 06:24:48
1833470911,Luis González y González,Escriba Literário,false,86,enwiki,2024-10-27 06:25:15
1833470712,Minoxidil,Boghog,false,-296,enwiki,2024-10-27 06:24:13
1833470814,Warren Ward (basketball),Citation bot,true,17,enwiki,2024-10-27 06:24:48
1833470912,MV Hyak,White 720,false,44,enwiki,2024-10-27 06:25:13
1833470713,1944 Missouri Attorney General election,Indylover2010,false,49,enwiki,2024-10-27 06:24:15
1833470812,J. Patrick Gray,Espresso Addict,false,-177,enwiki,2024-10-27 06:24:49
1833470916,1944 Missouri Attorney General election,Indylover2010,false,36,enwiki,2024-10-27 06:25:14
1833471016,Azhakiya Ravanan,Kadhikan,false,34,enwiki,2024-10-27 06:25:57
1833471113,Cocoseae,Treeenthusiast,false,322,enwiki,2024-10-27 06:26:19
1833471209,User:Indylover2010,Indylover2010,false,0,enwiki,2024-10-27 06:26:50
1833471017,Lucayan people,2803:1500:1C00:AE2D:C523:E841:4A97:CAAA,false,-8,enwiki,2024-10-27 06:25:54
1833471114,Nouilhan,Monkbot,true,1,enwiki,2024-10-27 06:26:19
1833471211,User:Samdlb123/Murder of pregnant women/Bibliography,Samdlb123,false,-4,enwiki,2024-10-27 06:26:59
1833471019,User talk:WT79,Opolito,false,363,enwiki,2024-10-27 06:25:56
1833471116,IslamPidia,Rifat2005,false,1,enwiki,2024-10-27 06:26:22
1833471213,Wikipedia talk:Administrator recall,Isaacl,false,213,enwiki,2024-10-27 06:26:59
1833471118,Titles and emblems of the German Emperor after 1873,123.252.11.127,false,1,enwiki,2024-10-27 06:26:23
1833471215,FanDuel Sports Network Midwest,Troutfarm27,false,39,enwiki,2024-10-27 06:26:59
1833471006,Beats Electronics,WiinterU,false,-4,enwiki,2024-10-27 06:25:49
1833471216,"Combes, Hérault",Monkbot,true,1,enwiki,2024-10-27 06:26:59
1833471009,Konstantino-Alexandrovka,Monkbot,true,1,enwiki,2024-10-27 06:25:52
1833471103,S&P 500,148.252.145.103,false,21,enwiki,2024-10-27 06:26:15
1833471217,Lt Gen Joy Chatterjee,Jaacee2006,false,70,enwiki,2024-10-27 06:27:03
1833471105,Congress Hall (Warsaw),Monkbot,true,1,enwiki,2024-10-27 06:26:16
1833471203,Polonia Bydgoszcz,Monkbot,true,1,enwiki,2024-10-27 06:26:52
1833471218,Park Hee-bu,Seefooddiet,false,10,enwiki,2024-10-27 06:27:02
1833471011,Draft:2025 Atlanta mayoral election,Raspberry505,false,475,enwiki,2024-10-27 06:25:55
1833471108,User:I dream of horses/common.js,I dream of horses,false,106,enwiki,2024-10-27 06:26:19
1833471207,Sińce,Monkbot,true,1,enwiki,2024-10-27 06:26:56
1833471012,Mihalis Papagiannakis,Monkbot,true,1,enwiki,2024-10-27 06:25:55
1833471111,User:Indylover2010,Indylover2010,false,73,enwiki,2024-10-27 06:26:10
1833471219,"Aslayevo, Uchalinsky District, Republic of Bashkortostan",Monkbot,true,2,enwiki,2024-10-27 06:27:03
1833471306,User:Krisgabwoosh/Germán Busch 2,Krisgabwoosh,false,41,enwiki,2024-10-27 06:27:35
1833471319,Barham Salih,Asrefaei,false,-42,enwiki,2024-10-27 06:27:42
1833471401,2024 Minnesota Golden Gophers football team,Gopherdan,false,6,enwiki,2024-10-27 06:28:10
1833471413,User talk:Nishidani,WeatherWriter,false,765,enwiki,2024-10-27 06:28:14
1833471403,Non-cooperation movement (2024),Za-ari-masen,false,-690,enwiki,2024-10-27 06:28:11
1833471307,Luis González y González,Escriba Literário,false,75,enwiki,2024-10-27 06:27:40
1833471404,User talk:Onceinawhile,WeatherWriter,false,765,enwiki,2024-10-27 06:28:15
1833471416,Bully (album),2806:262:496:852A:8112:2AC:5471:269F,false,59,enwiki,2024-10-27 06:28:19
1833471308,Parempuyre,Monkbot,true,1,enwiki,2024-10-27 06:27:37
1833471406,1979–80 Nottingham Forest F.C. season,HugoAcosta9,false,-2,enwiki,2024-10-27 06:28:13
1833471417,ARFIC,Citation bot,true,-6,enwiki,2024-10-27 06:28:21
1833471309,Eliza McNamara,4TheWynne,false,0,enwiki,2024-10-27 06:27:39
1833471407,Hříškov,Monkbot,true,1,enwiki,2024-10-27 06:28:16
1833471418,"Lugan, Aveyron",Monkbot,true,1,enwiki,2024-10-27 06:28:19
1833471310,Abra Group,Kingdom of Kjellskankjid,false,5,enwiki,2024-10-27 06:27:41
1833471419,User talk:Mhhossein,WeatherWriter,false,765,enwiki,2024-10-27 06:28:23
1833471408,User talk:Nableezy,WeatherWriter,false,765,enwiki,2024-10-27 06:28:18
1833471500,Unmanned Systems Forces,M Waleed,false,29,enwiki,2024-10-27 06:28:50
1833471301,Sharovka,Monkbot,true,1,enwiki,2024-10-27 06:27:34
1833471312,Subcarpathian Voivodeship Sejmik,Monkbot,true,1,enwiki,2024-10-27 06:27:41
1833471410,Lilibeth Chacón,Citation bot,true,-41,enwiki,2024-10-27 06:28:17
1833471503,Sedyash-Nagayevo,Monkbot,true,2,enwiki,2024-10-27 06:28:52
1833471302,2024–25 Western Kentucky Hilltoppers basketball team,Citation bot,true,17,enwiki,2024-10-27 06:27:31
1833471314,Félix Verdejo,Citation bot,true,499,enwiki,2024-10-27 06:27:40
1833471411,User talk:Lenslinks888,Lard Almighty,false,656,enwiki,2024-10-27 06:28:19
1833471303,FanDuel Sports Network Southeast,Troutfarm27,false,41,enwiki,2024-10-27 06:27:33
1833471315,Birangana,XTheBedrockX,false,17,enwiki,2024-10-27 06:27:42
1833471400,"Church of the Holy Trinity, Hyervyaty",Monkbot,true,3,enwiki,2024-10-27 06:28:13
1833471412,Gravity (2013 film),Count de Ville,false,351,enwiki,2024-10-27 06:28:14
1833471508,Nikolai Safronidi,Monkbot,true,2,enwiki,2024-10-27 06:28:55
1833471606,Saint-Aulaire,Monkbot,true,1,enwiki,2024-10-27 06:29:17
1833471711,User:DatBot/pendingbacklog,DatBot,true,0,enwiki,2024-10-27 06:30:06
1833471611,Talk:British Library,Johnbod,false,229,enwiki,2024-10-27 06:29:22
357996510,Wikipedia:Administratoren/Anfragen/Archiv/2024/Oktober,TaxonBot,true,1788,dewiki,2024-10-27 06:29:27
357996517,Liste der Biografien/Hug,APPERbot,true,-10,dewiki,2024-10-27 06:30:06
1833471511,Muhammad Baydoun,2404:1C40:5B:850D:1:0:CEFF:3A79,false,-338,enwiki,2024-10-27 06:28:57
1833471614,Piskorzewo,Monkbot,true,1,enwiki,2024-10-27 06:29:21
357996511,Wikipedia:WikiProjekt Luftfahrt/Neue Artikel/MB-NeueArtikel,TaxonBota,true,-49,dewiki,2024-10-27 06:29:31
357996516,Portal:Frauen/Neue Artikel (Portal)/Musik,TaxonBota,true,-5,dewiki,2024-10-27 06:29:53
1833471510,List of fast food restaurant chains,Lard Almighty,false,-15,enwiki,2024-10-27 06:28:56
357996505,Benutzer:Wartungsstube/Person,TaxonBota,true,-3076,dewiki,2024-10-27 06:28:42
1833471701,The Morality of Mrs. Dulska,Monkbot,true,1,enwiki,2024-10-27 06:29:59
1833471512,Statt Party,Monkbot,true,1,enwiki,2024-10-27 06:28:58
1833471616,User talk:Lenslinks888,Lard Almighty,false,521,enwiki,2024-10-27 06:29:23
1833471700,Juror No. 2,Draco9904,false,12,enwiki,2024-10-27 06:29:59
1833471513,Talk:Mark Towle,Synorem,false,-768,enwiki,2024-10-27 06:29:00
357996501,Zusatzweiterbildung Ernährungsmedizin,Glewe,false,4,dewiki,2024-10-27 06:29:11
357996506,Katrina Jade,Ysabella,false,17,dewiki,2024-10-27 06:29:24
357996512,Liste der Biografien/Holt,APPERbot,true,242,dewiki,2024-10-27 06:29:34
1833471702,Timeline of the Israel–Hamas war (27 September 2024 – present),Pachu Kannan,false,601,enwiki,2024-10-27 06:29:32
1833471514,Marseille,TravelerFromEuropeanUnion,false,23,enwiki,2024-10-27 06:28:54
357996508,Liste der Biografien/Hoffm,APPERbot,true,3,dewiki,2024-10-27 06:29:24
1833471707,User:AmandaNP/UAA/Time,DeltaQuadBot,true,0,enwiki,2024-10-27 06:30:03
1833471516,Lucas Gage,96.241.220.95,false,52,enwiki,2024-10-27 06:29:00
1833471600,Wikipedia:WikiProject Deletion sorting/Events,Wcquidditch,false,90,enwiki,2024-10-27 06:29:13
1833471708,List of Vinland Saga chapters,2804:1B3:9301:4B80:18C7:9EDB:D8F6:C253,false,82,enwiki,2024-10-27 06:29:57
357996518,Benutzer:Achim Raschka/Säugetiere,TaxonBota,true,45,dewiki,2024-10-27 06:30:13
1833471517,Bhavana (actress),Geniac,false,-403,enwiki,2024-10-27 06:29:00
357996502,Liste der Biografien/Hoc,APPERbot,true,22,dewiki,2024-10-27 06:29:11
357996504,Benutzer:Zulu55/Fehler Soziologie,TaxonBota,true,29,dewiki,2024-10-27 06:29:12
1833471604,FanDuel Sports Network Ohio,Troutfarm27,false,-2,enwiki,2024-10-27 06:29:18
357996509,Wikipedia:Administratoren/Anfragen,TaxonBot,true,-1788,dewiki,2024-10-27 06:29:24
357996513,Tennis,Partynia,false,12,dewiki,2024-10-27 06:29:39
357996515,Liste der Biografien/Id,APPERbot,true,70,dewiki,2024-10-27 06:29:50
1833471709,Pechs-de-l'Espérance,Monkbot,true,1,enwiki,2024-10-27 06:30:02
1833471519,"Ulrich II, Count of Celje",Monkbot,true,2,enwiki,2024-10-27 06:29:01
1833471605,Muhammad Baydoun,Synorem,false,521,enwiki,2024-10-27 06:29:19
357996514,Liste der Biografien/Hore,APPERbot,true,83,dewiki,2024-10-27 06:29:40
1833471710,Talk:Logan Drake,Mertbiol,false,-149,enwiki,2024-10-27 06:30:04
357996519,Benutzer:Christallkeks/Neue Artikel Australien,TaxonBota,true,-227,dewiki,2024-10-27 06:30:14
1833471818,Marjolaine Rossit,Lepricavark,false,36,enwiki,2024-10-27 06:30:35
1833471919,Telomerase,Agentjoerg,false,20,enwiki,2024-10-27 06:31:09
1833472004,Araneta Coliseum,Enzooradia0918,false,97,enwiki,2024-10-27 06:31:28
1833472113,Pamireddy Pitchi Reddy,MrMonarque00,false,-17,enwiki,2024-10-27 06:32:08
1833471819,Plieux,Monkbot,true,1,enwiki,2024-10-27 06:30:33
1833471900,Samonas,Monkbot,true,1,enwiki,2024-10-27 06:31:04
1833472010,Juncalas,Monkbot,true,1,enwiki,2024-10-27 06:31:31
1833471800,Chippewa Boots,WiinterU,false,-235,enwiki,2024-10-27 06:30:29
1833471901,"List of mayors of Chattanooga, Tennessee",184.174.132.253,false,0,enwiki,2024-10-27 06:31:03
1833472013,Joseph Cella,ZephyrAgz,false,-52,enwiki,2024-10-27 06:31:32
1833472114,Timeline of the Israel–Hamas war (27 September 2024 – present),Pachu Kannan,false,360,enwiki,2024-10-27 06:31:38
1833471903,Paralia,Monkbot,true,1,enwiki,2024-10-27 06:31:07
1833472014,Huoshu,Headbomb,false,-3,enwiki,2024-10-27 06:31:33
1833472115,Charles Hedrich,Lepricavark,false,36,enwiki,2024-10-27 06:32:09
1833471803,Sirena Irwin,NDW023,false,243,enwiki,2024-10-27 06:30:29
1833471909,Lindsay C. Malloy,Espresso Addict,false,-164,enwiki,2024-10-27 06:31:07
1833472017,TNA Genesis,Fixer88,false,282,enwiki,2024-10-27 06:31:35
1833472118,Schifflange,Monkbot,true,2,enwiki,2024-10-27 06:32:10
1833471809,Ministry of Business Development (Ghana),GreenLipstickLesbian,false,-383,enwiki,2024-10-27 06:30:31
1833471911,List of restaurant chains in Australia,Lard Almighty,false,-29,enwiki,2024-10-27 06:31:07
1833472018,I Cavalry Corps (Wehrmacht),Monkbot,true,3,enwiki,2024-10-27 06:31:35
1833472119,Wikipedia:Articles for deletion/Humiston family murders,Bloxzge 025,false,151,enwiki,2024-10-27 06:32:12
1833471810,Torgaska,Monkbot,true,2,enwiki,2024-10-27 06:30:30
1833471912,Margot Boulet,Lepricavark,false,36,enwiki,2024-10-27 06:31:07
1833472100,Nakhon Ratchasima province,Phoebus 28,false,12,enwiki,2024-10-27 06:32:04
1833471812,Breaking Benjamin discography,2600:6C44:427F:C5E3:FCEA:641B:6258:1D,false,463,enwiki,2024-10-27 06:30:31
1833471913,2025 Atlanta mayoral election,Raspberry505,false,-3,enwiki,2024-10-27 06:31:10
1833472102,Gabha Narerkathi massacre,XTheBedrockX,false,5,enwiki,2024-10-27 06:32:06
1833471815,Jonathan Suárez (BMX rider),Citation bot,true,-5,enwiki,2024-10-27 06:30:34
1833471915,Template:Hobart Hurricanes,MEW2020,false,74,enwiki,2024-10-27 06:31:10
1833472001,Kohsuke Toriumi,EpicDoor123,false,0,enwiki,2024-10-27 06:31:30
1833471816,2024–25 AFC Challenge League,অনুরাগ,false,-537,enwiki,2024-10-27 06:30:32
1833471914,Lalon Fair,Rifat2005,false,1,enwiki,2024-10-27 06:31:09
1833472002,Category talk:American people who self-identify as being of Native American descent,Queen of Hearts,false,238,enwiki,2024-10-27 06:31:32
1833472108,Porz,Monkbot,true,1,enwiki,2024-10-27 06:32:06
1833472200,Gorenje Jezero,Monkbot,true,1,enwiki,2024-10-27 06:32:36
1833472301,Christian Manon,Cmanon,false,-173,enwiki,2024-10-27 06:33:05
1833472318,List of unproduced DreamWorks Animation projects,JonHaroldMeyer96,false,3,enwiki,2024-10-27 06:33:12
1833472407,Final Destination 5,Joeyconnick,false,-15,enwiki,2024-10-27 06:33:41
1833472202,Sri Ganganagar district,Sdprao001,false,179,enwiki,2024-10-27 06:32:34
1833472305,Park Kyung-mee,Seefooddiet,false,76,enwiki,2024-10-27 06:33:07
1833472316,1992 Australian Capital Territory electoral system referendum,Totallynotarandomalt69,false,-1,enwiki,2024-10-27 06:33:13
1833472411,Talk:Committee Confronting the Iron Fist,Mccapra,false,50,enwiki,2024-10-27 06:33:45
1833472203,Workers' Party,Yue,false,8,enwiki,2024-10-27 06:32:39
1833472306,Polish Football League,Monkbot,true,1,enwiki,2024-10-27 06:33:08
1833472317,User talk:J2009j,J2009j,false,1004,enwiki,2024-10-27 06:33:14
1833472412,Template:2024 USL Championship Western Conference table,GrouchoPython,false,-4,enwiki,2024-10-27 06:33:45
1833472210,Draft:Biggest lawsuit against usa police,Tidergamer789,false,1355,enwiki,2024-10-27 06:32:41
1833472307,Fikri Alican,Headbomb,false,-134,enwiki,2024-10-27 06:33:08
1833472413,"Urh, Slovenska Bistrica",Monkbot,true,2,enwiki,2024-10-27 06:33:44
1833472308,Callus shaver,Citation bot,true,20,enwiki,2024-10-27 06:33:10
1833472311,National Students' Union of India,Vif12vf,false,1055,enwiki,2024-10-27 06:33:09
1833472400,"Voivodeship and Municipal Public Library, Bydgoszcz",Monkbot,true,7,enwiki,2024-10-27 06:33:40
1833472313,Agat (computer),Monkbot,true,1,enwiki,2024-10-27 06:33:11
1833472401,Grace Hopper College,130.132.173.133,false,44,enwiki,2024-10-27 06:33:41
1833472403,Karl Witzell,Meeepmep,false,1,enwiki,2024-10-27 06:33:42
1833472314,First Church in Boston,Dmoore5556,false,37,enwiki,2024-10-27 06:33:13
1833472404,Mordechai Schlein,BoyTheKingCanDance,false,13,enwiki,2024-10-27 06:33:43
1833472302,Odysseas Spyridis,Monkbot,true,1,enwiki,2024-10-27 06:33:05
1833472315,Devoleena Bhattacharjee,DannyMalhotra,false,-14,enwiki,2024-10-27 06:33:11
1833472405,Abdullah Sallum al-Samarra'i,Asrefaei,false,121,enwiki,2024-10-27 06:33:42
1833472801,2024 Serbian local elections,CJCurrie,false,3830,enwiki,2024-10-27 06:35:51
1833472818,Sun Drop,2601:2C0:8001:D620:8050:C167:F041:42D9,false,-4,enwiki,2024-10-27 06:36:01
357996610,Liste der Biografien/Link,APPERbot,true,204,dewiki,2024-10-27 06:36:07
1833472506,Bégaar,Monkbot,true,1,enwiki,2024-10-27 06:34:10
1833472517,Jake Paul vs. Mike Tyson,2600:100C:A20E:96AD:E483:4460:4C99:A5AD,false,278,enwiki,2024-10-27 06:34:17
1833472608,Piper Gilles,Manakam,false,-91,enwiki,2024-10-27 06:34:47
357996602,Juliane Plambeck,Wortwanderer,false,266,dewiki,2024-10-27 06:35:14
357996605,Liste der Biografien/Lar,APPERbot,true,8,dewiki,2024-10-27 06:35:41
1833472802,Polychrono,Monkbot,true,1,enwiki,2024-10-27 06:35:54
357996608,Zusatzweiterbildung Palliativmedizin,Glewe,false,969,dewiki,2024-10-27 06:36:02
1833472507,Wikipedia:Sandbox,Hazard-Bot,true,-2839,enwiki,2024-10-27 06:34:12
1833472519,Nikos Boutzikos,Monkbot,true,1,enwiki,2024-10-27 06:34:17
1833472609,Sivaangi Krishnakumar,Geniac,false,-6,enwiki,2024-10-27 06:34:51
1833472703,Romantic comedy,Danbloch,false,-468,enwiki,2024-10-27 06:35:27
1833472803,Deion Sanders,2601:8C0:C200:FB0:87D7:E8FB:3CAE:8CA6,false,28,enwiki,2024-10-27 06:35:46
1833472508,User talk:Web-julio,MPGuy2824,false,1774,enwiki,2024-10-27 06:34:12
1833472611,Talk:Decolonization,Jonathan f1,false,1080,enwiki,2024-10-27 06:34:48
1833472705,1948 Missouri Attorney General election,Indylover2010,false,34,enwiki,2024-10-27 06:35:28
1833472805,Deaths in 2024,CAWylie,false,7,enwiki,2024-10-27 06:35:54
1833472509,Rahat Hossain,Boyklsser,false,16,enwiki,2024-10-27 06:34:12
1833472612,Tasquillo,52Timer,false,-38,enwiki,2024-10-27 06:34:52
1833472707,2023 G20 New Delhi summit,Ravi3270,false,449,enwiki,2024-10-27 06:35:27
357996607,Liste der Biografien/Laur,APPERbot,true,3,dewiki,2024-10-27 06:35:58
1833472613,Uritsky District,Monkbot,true,1,enwiki,2024-10-27 06:34:52
1833472708,"Centenary of Albany, Western Australia",AnomieBOT,true,18,enwiki,2024-10-27 06:35:30
1833472809,The Gumm Sisters,Rpyle731,false,32,enwiki,2024-10-27 06:35:58
1833472510,"German Bobsleigh, Luge, and Skeleton Federation",Monkbot,true,1,enwiki,2024-10-27 06:34:14
1833472600,Jimmy Stevens (musician),Escriba Literário,false,71,enwiki,2024-10-27 06:34:47
1833472616,Kolhapur Lok Sabha constituency,OrthosKral,false,8,enwiki,2024-10-27 06:34:54
1833472709,Template:GMA Network current original programming,Hotwiki,false,59,enwiki,2024-10-27 06:35:30
1833472811,Maraden Panggabean,RyanW1995,false,12,enwiki,2024-10-27 06:35:56
1833472512,Talk:Tamara (name),The Blue Rider,false,650,enwiki,2024-10-27 06:34:15
1833472602,Janjaweed,Hamzadudgeon,false,9,enwiki,2024-10-27 06:34:48
1833472617,Mises Caucus,2600:1015:A120:939A:6C89:F8BC:8E3C:E78C,false,-326,enwiki,2024-10-27 06:34:52
357996601,Liste der Biografien/Lank,APPERbot,true,-44,dewiki,2024-10-27 06:35:13
357996603,Liste der Biografien/Lanz,APPERbot,true,-91,dewiki,2024-10-27 06:35:20
1833472712,Saint-Barthélemy-Grozon,Monkbot,true,1,enwiki,2024-10-27 06:35:29
1833472815,"Monségur, Lot-et-Garonne",Monkbot,true,1,enwiki,2024-10-27 06:35:58
1833472513,Natural skin care,Citation bot,true,57,enwiki,2024-10-27 06:34:14
1833472607,Template:Adminstats/331dot,Cyberbot I,true,0,enwiki,2024-10-27 06:34:51
357996600,Wikipedia:Löschkandidaten/20. Oktober 2024,Mikered,false,176,dewiki,2024-10-27 06:35:07
357996604,Liste der Biografien/Las,APPERbot,true,0,dewiki,2024-10-27 06:35:31
1833472816,Savarde,Maria kurisingal,false,-176,enwiki,2024-10-27 06:35:59
357996609,Portal:Hannover/Neue Artikel,TaxonBota,true,-96,dewiki,2024-10-27 06:36:06
1833472500,November 31,MPGuy2824,false,103,enwiki,2024-10-27 06:34:11
1833472515,Draft:Biggest lawsuit against usa police,Tidergamer789,false,72,enwiki,2024-10-27 06:34:17
1833472605,Olsztyn-Mazury Airport,Monkbot,true,1,enwiki,2024-10-27 06:34:48
1833472713,Brent Crews,Brycenrichter,false,150,enwiki,2024-10-27 06:35:29
357996606,Benutzer:Wartungsstube/Hannover,TaxonBota,true,-96,dewiki,2024-10-27 06:35:47
1833472817,User:Stranger43286,Stranger43286,false,136,enwiki,2024-10-27 06:36:02
357996611,Portal:Entwicklungszusammenarbeit/Least Developed Countries/Arbeitsliste,TaxonBota,true,668,dewiki,2024-10-27 06:36:08
1833472904,Salzburg Conference,Monkbot,true,1,enwiki,2024-10-27 06:36:27
357996612,Benutzer:Wartungsstube/Region Hannover,TaxonBota,true,-96,dewiki,2024-10-27 06:36:04
357996615,Liste der Biografien/Liu,APPERbot,true,50,dewiki,2024-10-27 06:36:30
357996613,Liste der Biografien/Lof,APPERbot,true,198,dewiki,2024-10-27 06:36:18
1833472908,Beyoncé,ModulationBend,false,9,enwiki,2024-10-27 06:36:09
1833472909,Barkūniškis,Monkbot,true,2,enwiki,2024-10-27 06:36:31
1833472912,1948 Missouri Attorney General election,Indylover2010,false,50,enwiki,2024-10-27 06:36:33
357996614,Wikipedia:WikiProjekt Frauen/Frauen in Rot/Fehlende Artikel nach Nationalität/Ecuadorianerinnen,TaxonBot,true,802,dewiki,2024-10-27 06:36:08
1833472916,Mérindol-les-Oliviers,Monkbot,true,1,enwiki,2024-10-27 06:36:34
1833473105,Draft:Chernobyl Reactors 5 and 6,KeyMen12,false,79,enwiki,2024-10-27 06:37:20
1833473119,Rahim Gul,اگر میں نے کبھی کوئی کتاب لکھی۔,false,70,enwiki,2024-10-27 06:37:27
1833473208,Episkepsi,Monkbot,true,1,enwiki,2024-10-27 06:37:52
357996616,Wikipedia:WikiProjekt Frauen/Frauen in Rot/Fehlende Artikel nach Nationalität/Eritreerinnen,TaxonBot,true,23,dewiki,2024-10-27 06:36:37
1833473209,User:Bf2002/sandbox,Bf2002,false,-17,enwiki,2024-10-27 06:37:53
1833473003,Twister (soundtrack),Trivialist,false,184,enwiki,2024-10-27 06:36:52
1833473110,"Zvyozdochka, Sakha Republic",Monkbot,true,2,enwiki,2024-10-27 06:37:21
357996618,Liste der Biografien/Lud,APPERbot,true,-1,dewiki,2024-10-27 06:36:46
1833473002,Yatindra Mishra,2409:40C4:D:9B2B:1D73:D508:668:510C,false,34,enwiki,2024-10-27 06:36:51
1833473212,Armand Peri,Lepricavark,false,36,enwiki,2024-10-27 06:37:54
357996617,Daniel Schlauch,95.223.107.110,false,44,dewiki,2024-10-27 06:36:45
357996619,Liste der Biografien/Luk,APPERbot,true,-43,dewiki,2024-10-27 06:36:53
1833473100,Saint-Jory,Monkbot,true,1,enwiki,2024-10-27 06:37:17
1833473111,Template talk:Did you know/Approved,WugBot,true,47,enwiki,2024-10-27 06:37:00
1833473213,Karim Mahdi Salih,Asrefaei,false,0,enwiki,2024-10-27 06:37:55
1833473010,Trstená,Monkbot,true,2,enwiki,2024-10-27 06:36:52
1833473112,1948 Missouri Attorney General election,Indylover2010,false,36,enwiki,2024-10-27 06:37:24
1833473215,Genesis (2021),Fixer88,false,23,enwiki,2024-10-27 06:37:54
1833473011,Pyramid power,47.222.116.180,false,8,enwiki,2024-10-27 06:36:52
1833473101,Maxime Deschamps,Manakam,false,0,enwiki,2024-10-27 06:37:17
1833473113,Bystrzyckie Mountains,Monkbot,true,3,enwiki,2024-10-27 06:37:25
1833473219,Zaniomanskaja Synagogue,Monkbot,true,3,enwiki,2024-10-27 06:37:55
1833473012,Hugh MacEdegany,BoyTheKingCanDance,false,10,enwiki,2024-10-27 06:36:54
1833473102,File:Allhallows Closure.JPG,TAnthony,false,22,enwiki,2024-10-27 06:37:21
1833473114,B. J. Habibie,RyanW1995,false,7,enwiki,2024-10-27 06:37:22
1833473218,Next Bihar Legislative Assembly election,Ravensfire,false,1516,enwiki,2024-10-27 06:37:53
1833473013,Timeline of the Israel–Hamas war (27 September 2024 – present),Achmad Rachmani,false,9,enwiki,2024-10-27 06:36:33
1833473103,List of Zimbabwe Twenty20 International cricket records,Bhargavkc0089,false,-134,enwiki,2024-10-27 06:37:14
1833473116,Angela Salvagno,Lepricavark,false,36,enwiki,2024-10-27 06:37:26
1833473201,Romantic comedy,Danbloch,false,-1415,enwiki,2024-10-27 06:37:50
1833473018,"List of mayors of Chattanooga, Tennessee",184.174.132.253,false,0,enwiki,2024-10-27 06:36:54
1833473104,Template:Adminstats/Just Step Sideways,Cyberbot I,true,0,enwiki,2024-10-27 06:37:22
1833473117,User:Thillman2025/1989 murders of Jesuits in El Salvador/Bibliography,Thillman2025,false,136,enwiki,2024-10-27 06:37:27
1833473203,Jason Jessee,Roastedbeanz1,false,-596,enwiki,2024-10-27 06:37:51
1833473308,Bill Good (weightlifter),Lepricavark,false,36,enwiki,2024-10-27 06:38:21
1833473505,Janjaweed,Hamzadudgeon,false,12,enwiki,2024-10-27 06:39:24
1833473310,"Second Church, Boston",Dmoore5556,false,1536,enwiki,2024-10-27 06:38:22
1833473404,Lugagnac,Monkbot,true,1,enwiki,2024-10-27 06:38:50
1833473311,Paleobiota of the Green River Formation,Kevmin,false,489,enwiki,2024-10-27 06:38:18
1833473508,Talk:Luís Vaz de Torres,IpsiDixit,false,1378,enwiki,2024-10-27 06:39:25
1833473312,User:Indylover2010,Indylover2010,false,0,enwiki,2024-10-27 06:38:14
1833473405,Liwaa Semeism,Asrefaei,false,34,enwiki,2024-10-27 06:38:53
1833473509,Abbe number,BattyBot,true,-8,enwiki,2024-10-27 06:39:26
1833473313,Ward Smith,Escriba Literário,false,67,enwiki,2024-10-27 06:38:23
1833473407,Shirley Cruz,Citation bot,true,22,enwiki,2024-10-27 06:38:51
1833473511,The Operetta Queen,Lord Cornwallis,false,65,enwiki,2024-10-27 06:39:28
1833473314,Template:Adminstats/Connormah,Cyberbot I,true,0,enwiki,2024-10-27 06:38:24
1833473408,Ninoy Aquino International Airport,ALTRGAMING2007,false,-1,enwiki,2024-10-27 06:38:48
1833473501,NEVOD,Monkbot,true,1,enwiki,2024-10-27 06:39:22
1833473515,Young subgroup,Citation bot,true,42,enwiki,2024-10-27 06:39:29
1833473319,"Megas Alexandros, Pella",Monkbot,true,1,enwiki,2024-10-27 06:38:23
1833473409,Bob Paris,Lepricavark,false,36,enwiki,2024-10-27 06:38:52
1833473516,User:M Waleed/sandbox,M Waleed,false,74,enwiki,2024-10-27 06:38:41
1833473410,Cocoseae,BattyBot,true,16,enwiki,2024-10-27 06:38:52
1833473502,LBX2,Boghog,false,-13,enwiki,2024-10-27 06:39:23
1833473517,Ehden massacre,Dracoulou,false,45,enwiki,2024-10-27 06:39:29
1833473414,Rozhkovo,Monkbot,true,1,enwiki,2024-10-27 06:38:54
1833473504,Template:Adminstats/CambridgeBayWeather,Cyberbot I,true,0,enwiki,2024-10-27 06:39:25
1833473518,Fiona Stanley,Chris the speller,false,28,enwiki,2024-10-27 06:39:28
1833473401,User talk:184.152.68.190,TheWikiToby,false,462,enwiki,2024-10-27 06:38:51
1833473506,Alexios Mosele (admiral),Monkbot,true,1,enwiki,2024-10-27 06:39:25
1833473519,"Ger, Pyrénées-Atlantiques",Monkbot,true,1,enwiki,2024-10-27 06:39:28
1833473600,Miranda (moon),Daniel Case,false,17,enwiki,2024-10-27 06:39:58
1833473708,1972 in paleontology,Citation bot,true,58,enwiki,2024-10-27 06:40:29
1833473817,Ian Desmond,JDDJS,false,0,enwiki,2024-10-27 06:41:01
1833473602,Lockheed Martin F-35 Lightning II operators,2803:A920:8E1:B300:B96C:1A55:946D:8AEF,false,0,enwiki,2024-10-27 06:39:56
1833473818,"Lacave, Lot",Monkbot,true,1,enwiki,2024-10-27 06:41:00
1833473603,2025–26 Formula E World Championship,MPGuy2824,false,359,enwiki,2024-10-27 06:40:02
1833473709,Bully (album),2806:262:496:852A:8112:2AC:5471:269F,false,7,enwiki,2024-10-27 06:40:29
1833473801,Erpužice,Monkbot,true,1,enwiki,2024-10-27 06:40:56
1833473610,Szczecin Dąbie railway station,Monkbot,true,1,enwiki,2024-10-27 06:40:01
1833473710,Jorge Jesus,Hilal101,false,31,enwiki,2024-10-27 06:40:23
1833473802,Hesperidium,Chiswick Chap,false,52,enwiki,2024-10-27 06:40:59
1833473611,C.T. Fletcher,Lepricavark,false,36,enwiki,2024-10-27 06:40:01
1833473714,Ashish Vidyarthi,2409:40D7:1006:C001:5811:D5FF:FE70:48E2,false,0,enwiki,2024-10-27 06:40:28
1833473805,Template:Škoda,Mr.choppers,false,23,enwiki,2024-10-27 06:41:00
1833473612,Template:Years in Gabon,Rickyurs,false,25,enwiki,2024-10-27 06:40:02
1833473715,Dan Beacom Track Complex,Thetreesarespeakingtome,false,-7,enwiki,2024-10-27 06:40:32
1833473806,Christopher Michael King,Melcous,false,-597,enwiki,2024-10-27 06:40:59
1833473613,User:AmandaNP/UAA/Time,DeltaQuadBot,true,0,enwiki,2024-10-27 06:40:03
1833473716,"Gorodishche, Alexeyevsky District, Belgorod Oblast",Monkbot,true,1,enwiki,2024-10-27 06:40:31
1833473807,Bully (album),2806:262:496:852A:8112:2AC:5471:269F,false,0,enwiki,2024-10-27 06:40:59
1833473619,Soraya Deen,BoyTheKingCanDance,false,37,enwiki,2024-10-27 06:40:04
1833473700,Annika Hocke,Manakam,false,24,enwiki,2024-10-27 06:40:25
1833473718,Talk:Ministry of Energy and Petroleum,Bot1058,true,-76,enwiki,2024-10-27 06:40:33
1833473809,Juliya (film),Prasadfernando90,false,203,enwiki,2024-10-27 06:41:00
1833473702,Template:Percussion instruments,Why? I Ask,false,-12,enwiki,2024-10-27 06:40:28
1833473719,Spencer Davis (racing driver),Finn Shipley,false,8,enwiki,2024-10-27 06:40:30
1833473812,"List of mayors of Chattanooga, Tennessee",184.174.132.253,false,4,enwiki,2024-10-27 06:40:59
1833473706,Haradzyeya,Monkbot,true,4,enwiki,2024-10-27 06:40:28
1833473813,Charlene Rink,Lepricavark,false,36,enwiki,2024-10-27 06:41:00
1833473906,Draft:Biggest lawsuit against usa police,Tidergamer789,false,1027,enwiki,2024-10-27 06:41:27
1833474014,Tri Kappa,Rublamb,false,77,enwiki,2024-10-27 06:42:01
1833474106,User talk:Februarycrumbs,Februarycrumbs,false,1098,enwiki,2024-10-27 06:42:29
1833473907,Keturkiemiai,Monkbot,true,2,enwiki,2024-10-27 06:41:25
1833474016,Template:Adminstats/ComplexRational,Cyberbot I,true,1,enwiki,2024-10-27 06:42:03
1833474107,Draft:Biggest lawsuit against usa police,Tidergamer789,false,-1027,enwiki,2024-10-27 06:42:30
1833473908,Chris Cook (bodybuilder),Lepricavark,false,36,enwiki,2024-10-27 06:41:27
1833474004,Satara Murray,BattyBot,true,6,enwiki,2024-10-27 06:41:58
1833474019,Sea of Galilee,The Mountain of Eden,false,1,enwiki,2024-10-27 06:42:02
357996700,Wikipedia:Redaktion Medizin/Überarbeitungen/Innere Medizin,TaxonBota,true,131,dewiki,2024-10-27 06:42:21
357996702,Liste der Biografien/Nen,APPERbot,true,209,dewiki,2024-10-27 06:42:27
1833474110,User talk:Outrune/Vines,Outrune,false,0,enwiki,2024-10-27 06:42:29
1833473909,FanDuel Sports Network Detroit,Troutfarm27,false,8,enwiki,2024-10-27 06:41:26
357996701,Liste der Biografien/Nd,APPERbot,true,73,dewiki,2024-10-27 06:42:21
1833474113,Craig Torres (bodybuilder),Lepricavark,false,36,enwiki,2024-10-27 06:42:30
1833473910,Patterns in Repeat,Οἶδα,false,-245,enwiki,2024-10-27 06:41:27
1833474006,Bikeyevo,Monkbot,true,2,enwiki,2024-10-27 06:41:59
1833474114,2011 Polish Figure Skating Championships,Monkbot,true,1,enwiki,2024-10-27 06:42:29
1833473914,Batetsky District,Monkbot,true,1,enwiki,2024-10-27 06:41:28
1833474005,Carl Veart,HariManuel97,false,373,enwiki,2024-10-27 06:41:59
1833474116,The Golden Ball and Other Stories,Prairieplant,false,113,enwiki,2024-10-27 06:42:30
1833473917,Annika Hocke,Manakam,false,0,enwiki,2024-10-27 06:41:29
1833474007,John Quarles,Nikkimaria,false,-249,enwiki,2024-10-27 06:42:00
1833474100,Timeline of the Israel–Hamas war (27 September 2024 – present),Achmad Rachmani,false,288,enwiki,2024-10-27 06:42:00
1833474117,Template:Adminstats/Redrose64,Cyberbot I,true,0,enwiki,2024-10-27 06:42:32
1833473918,Chris Cormier,Lepricavark,false,37,enwiki,2024-10-27 06:41:31
1833474009,Clarence Ross,Lepricavark,false,34,enwiki,2024-10-27 06:42:01
1833474101,Geeta Govindam,K Manikutty,false,18,enwiki,2024-10-27 06:42:26
1833473902,Coban Lookchaomaesaitong,Phoebus 28,false,61,enwiki,2024-10-27 06:41:24
1833473919,Lt Gen Joy Chatterjee,BoyTheKingCanDance,false,47,enwiki,2024-10-27 06:41:31
1833474012,Samsung Electronics,ClueBot NG,false,-7,enwiki,2024-10-27 06:41:53
357996703,Paolo Morando,GünniX,false,2,dewiki,2024-10-27 06:42:28
1833473904,List of haplogroups of historic people,94.141.241.66,false,-493,enwiki,2024-10-27 06:41:19
1833474013,Rafah offensive,Linkin Prankster,false,587,enwiki,2024-10-27 06:41:44
1833474102,Talk:Khinnis Reliefs,Surayeproject3,false,24,enwiki,2024-10-27 06:42:29
357996706,Liste der Biografien/Naz,APPERbot,true,-126,dewiki,2024-10-27 06:42:35
1833474213,"Talk:Westmere, New Zealand",Traumnovelle,false,574,enwiki,2024-10-27 06:42:58
1833474311,User:Emknelson/Sport psychology,Emknelson,false,771,enwiki,2024-10-27 06:43:24
1833474417,George A. Romero,2601:680:C384:3870:93E:D24:6BCD:3557,false,-9,enwiki,2024-10-27 06:43:57
357996711,Benutzer:Wartungsstube/Sachsen-Anhalt,TaxonBota,true,-31,dewiki,2024-10-27 06:42:33
1833474214,User:AnomieBOT/TPERTable,AnomieBOT,false,-390,enwiki,2024-10-27 06:42:58
1833474312,Ed James (writer),GoodDay,false,-5,enwiki,2024-10-27 06:43:25
1833474418,2024–25 Serie B de México season,Rodpractice,false,5,enwiki,2024-10-27 06:44:00
357996712,Dornhaldenfriedhof,Wortwanderer,false,-332,dewiki,2024-10-27 06:42:41
1833474215,Ryuichi Doi,Seefooddiet,false,-7,enwiki,2024-10-27 06:42:57
1833474313,Dave Palumbo,Lepricavark,false,35,enwiki,2024-10-27 06:43:24
1833474201,Friday (1995 film),Browning13,false,-7,enwiki,2024-10-27 06:42:52
1833474216,Bank of Mexico,Victoire Chalupy,false,-17,enwiki,2024-10-27 06:42:57
1833474315,Lauryn Hutchinson,Citation bot,true,-2,enwiki,2024-10-27 06:43:25
1833474202,Talk:Negative responsiveness paradox,Alpha3031,false,319,enwiki,2024-10-27 06:42:52
1833474217,Lafage,Monkbot,true,1,enwiki,2024-10-27 06:42:57
1833474300,Uchral Nyam-Osor,TheWikiToby,false,-16,enwiki,2024-10-27 06:43:20
1833474316,Saint-Michel-de-Bannières,Monkbot,true,1,enwiki,2024-10-27 06:43:23
1833474400,Francisca Lara,Citation bot,true,-12,enwiki,2024-10-27 06:43:56
1833474203,Talk:Ethylenediaminetetraacetic acid,SineBot,true,282,enwiki,2024-10-27 06:42:52
1833474219,David Smith (racing driver),Finn Shipley,false,8,enwiki,2024-10-27 06:43:00
1833474302,Nikolaos Ritzos,Monkbot,true,1,enwiki,2024-10-27 06:43:19
1833474407,The Last Waltz (1934 film),Monkbot,true,1,enwiki,2024-10-27 06:43:57
357996713,Liste der Biografien/Neue,APPERbot,true,0,dewiki,2024-10-27 06:42:44
1833474204,Roshcha,Monkbot,true,1,enwiki,2024-10-27 06:42:54
1833474304,Terbium,Headbomb,false,161,enwiki,2024-10-27 06:43:18
1833474410,Savarde,Maria kurisingal,false,12,enwiki,2024-10-27 06:43:58
357996709,Diskussion:Antisemitismus/Archiv/4,EinBeitrag,false,2492,dewiki,2024-10-27 06:42:39
357996715,Alberto Tanasini,Onkelkoeln,false,-1,dewiki,2024-10-27 06:42:46
1833474205,User:Krisgabwoosh/Germán Busch 2,Krisgabwoosh,false,518,enwiki,2024-10-27 06:42:51
357996718,Benutzer Diskussion:Orgelputzer,TaxonBot,true,-3719,dewiki,2024-10-27 06:43:05
1833474411,User talk:דור פוזנר,The Mountain of Eden,false,1,enwiki,2024-10-27 06:44:00
357996716,Liste der Biografien/Nieu,APPERbot,true,22,dewiki,2024-10-27 06:42:56
1833474309,Template:Adminstats/Jac16888,Cyberbot I,true,0,enwiki,2024-10-27 06:43:23
1833474413,Template:Adminstats/Sdkb,Cyberbot I,true,0,enwiki,2024-10-27 06:44:01
357996710,Portal:Arktis/Neue Artikel,TaxonBota,true,57,dewiki,2024-10-27 06:42:41
357996714,Portal:Maschinenbau/Wartungsseite,TaxonBota,true,208,dewiki,2024-10-27 06:42:39
357996717,Diskussion:Elon Musk,2A02:3038:20B:E069:FB6F:42AE:8062:42F4,false,100,dewiki,2024-10-27 06:42:55
357996719,Wikipedia:Redaktion Medizin/Überarbeitungen/Mediziner,TaxonBota,true,-36,dewiki,2024-10-27 06:43:06
1833474415,Novogeorgievsk,Monkbot,true,1,enwiki,2024-10-27 06:44:00
