1833626807,Ghostbusters (song),Binksternet,false,-24,enwiki,2024-10-27 17:42:19
1833626918,North Carolina Tar Heels men's soccer,Fma12,false,0,enwiki,2024-10-27 17:42:43
358019101,Jiangbei (Ningbo),Furfur,false,-15,dewiki,2024-10-27 17:42:52
1833627117,Francisco Lindor,Yankees10,false,-247,enwiki,2024-10-27 17:43:16
1833627207,"Spearsville, Louisiana",Book Pidgeon,false,233,enwiki,2024-10-27 17:43:34
1833627306,Progress Chapter 172: Werewolves Of London,JeyReydar97,false,110,enwiki,2024-10-27 17:43:52
1833627414,Kid Parker,Psychologist Guy,false,0,enwiki,2024-10-27 17:44:12
1833627502,Gondal State,MostEpic,false,13,enwiki,2024-10-27 17:44:30
1833627607,Izotges,Monkbot,true,1,enwiki,2024-10-27 17:44:46
1833626813,"RU-24,969",Bruce1ee,false,6,enwiki,2024-10-27 17:42:22
1833626902,Talk:Seishir≈ç Nishida,Cewbot,true,-11,enwiki,2024-10-27 17:42:41
1833626919,GMA Pictures,AKK-700,false,-49,enwiki,2024-10-27 17:42:45
1833627208,Crysencio Summerville,208.59.101.172,false,-3,enwiki,2024-10-27 17:43:33
1833627311,Template:Taxonomy/Triakidae,Quetzal1964,false,0,enwiki,2024-10-27 17:43:52
1833627415,File talk:Capsicum - Mercado Municipal Funchal 02.jpg,Tom.Reding,false,-10,enwiki,2024-10-27 17:44:13
1833627507,Slit-scan photography,174.94.23.229,false,24,enwiki,2024-10-27 17:44:31
1833627614,Shalva Lomidze,Sam20020202,false,-44,enwiki,2024-10-27 17:44:48
1833626815,Talk:Jean-Marie Michel Mokoko,Cewbot,true,-9,enwiki,2024-10-27 17:42:23
1833626903,File talk:Butorides virescens2.jpg,Tom.Reding,false,0,enwiki,2024-10-27 17:42:42
1833627003,Wikipedia:WikiProject Skepticism/Discussions,Reports bot,true,50,enwiki,2024-10-27 17:43:01
1833627210,Talk:MƒÅris Mihelsons,Cewbot,true,1,enwiki,2024-10-27 17:43:35
1833627312,File talk:Campephilus principalisAWP066AA2.jpg,Tom.Reding,false,0,enwiki,2024-10-27 17:43:52
1833627417,Jeannie Suk,38.104.7.174,false,317,enwiki,2024-10-27 17:44:12
1833627510,Netaji Subhas Chandra Bose International Airport,AlphaBravo178,false,-64,enwiki,2024-10-27 17:44:27
1833627617,Talk:Jean-Yves Mallat,Cewbot,true,7,enwiki,2024-10-27 17:44:50
1833626814,File talk:Buckwheat and products from it 01.jpg,Tom.Reding,false,-1,enwiki,2024-10-27 17:42:24
1833627004,Sacred bull,Quezerque,false,13,enwiki,2024-10-27 17:43:01
1833627109,List of tallest people,90.64.138.209,false,-1,enwiki,2024-10-27 17:43:12
1833627213,List of French flat horse races,180.150.80.84,false,13,enwiki,2024-10-27 17:43:35
1833627313,World First Aid Day,CosmLearner,false,197,enwiki,2024-10-27 17:43:53
1833627515,Tarussky District,Monkbot,true,1,enwiki,2024-10-27 17:44:29
1833627616,Pollepel Island,ManlyMatt,false,0,enwiki,2024-10-27 17:44:49
1833626816,NXT Halloween Havoc (2024),103.234.106.163,false,74,enwiki,2024-10-27 17:42:22
1833626908,Pensacola International Airport,Dermoid,false,13,enwiki,2024-10-27 17:42:41
1833627008,Talk:Tatiana Baranova Monighetti,Cewbot,true,-11,enwiki,2024-10-27 17:43:02
358019106,Bulsten,Herzi Pinki,false,-52,dewiki,2024-10-27 17:43:11
358019109,Wikipedia:Vandalismusmeldung,S√§nger,false,380,dewiki,2024-10-27 17:43:14
1833627111,R√≥n√°n,Moptin,false,-2,enwiki,2024-10-27 17:43:19
358019116,Liste der Bodendenkmale in Neu Wulmstorf,ClausNe,false,3262,dewiki,2024-10-27 17:43:24
358019119,Dogaressa,Hans-J√ºrgen H√ºbner,false,32,dewiki,2024-10-27 17:43:28
1833627216,Template:Taxonomy/Triakidae,Quetzal1964,false,257,enwiki,2024-10-27 17:43:36
1833627315,Polish identity card,Monkbot,true,1,enwiki,2024-10-27 17:43:51
1833627407,Man of Iron,Monkbot,true,1,enwiki,2024-10-27 17:44:09
1833627516,Talk:Abass Mohamed,Cewbot,true,0,enwiki,2024-10-27 17:44:32
1833627601,Don McKenzie (Canadian football),Gregmep,false,231,enwiki,2024-10-27 17:44:46
1833627615,Talk:Brazil,196.189.242.87,false,156,enwiki,2024-10-27 17:44:47
1833626801,Talk:Russian yacht Livadia,Llammakey,false,9,enwiki,2024-10-27 17:42:22
1833626817,International Tchaikovsky Competition for Young Musicians,Fort esc,false,1,enwiki,2024-10-27 17:42:23
1833626912,Kasharsky District,Monkbot,true,1,enwiki,2024-10-27 17:42:41
358019103,≈ªu≈Çawy (G√≥rowo I≈Çaweckie),2003:D0:9719:E659:400D:2050:F2D1:BF1A,false,40,dewiki,2024-10-27 17:42:54
1833627010,File talk:COLLECTIE TROPENMUSEUM 'Het verslepen van de steen 'Darodaro' voor de gestorven Saoenigeho van Bawamataloea Nias TMnr 1000095b.jpg,Tom.Reding,false,0,enwiki,2024-10-27 17:43:03
358019110,Doreen Norton,Phzh,false,9,dewiki,2024-10-27 17:43:17
358019111,Postum,Invisigoth67,false,1,dewiki,2024-10-27 17:43:20
358019113,Vollzugshelfer,Schreibvieh,false,364,dewiki,2024-10-27 17:43:23
1833627300,Draft:Nguy·ªÖn Ng·ªçc Thu·∫ßn,Nguy·ªÖn Skibidi Th·ªã B·∫£o Chi,false,37,enwiki,2024-10-27 17:43:50
1833627316,R√≥n√°n,Moptin,false,3,enwiki,2024-10-27 17:43:52
1833627408,Ederson Moraes,WikiPhil012,false,7,enwiki,2024-10-27 17:44:08
1833627517,Ulcerative colitis,Zefr,false,80,enwiki,2024-10-27 17:44:24
1833627602,Chemo (character),Fiction Fanatic III,false,-585,enwiki,2024-10-27 17:44:45
1833627618,"Ayios Nikolaos, SBA",Monkbot,true,1,enwiki,2024-10-27 17:44:50
1833626802,User:Michael Aurel/Bibliography,Michael Aurel,false,312,enwiki,2024-10-27 17:42:20
1833626818,INSEAD,Mshang853,false,136,enwiki,2024-10-27 17:42:23
1833626914,Talk:Mapula Motlanthe,Cewbot,true,2,enwiki,2024-10-27 17:42:44
1833627014,Peter Polycarpou,NiTenIchiRyu,false,-9,enwiki,2024-10-27 17:43:04
1833627112,Bellevue East High School,2600:1009:B00B:66CC:5C1B:4DFF:FE94:EA03,false,28,enwiki,2024-10-27 17:43:18
1833627200,Talk:Sladjan Nikolic,Cewbot,true,6,enwiki,2024-10-27 17:43:32
1833627301,Talk:Jamie McGrath (footballer),Cewbot,true,-13,enwiki,2024-10-27 17:43:50
1833627410,Talk:MEJU,Cewbot,true,11,enwiki,2024-10-27 17:44:11
1833627518,List of Angry Birds Toons episodes,Beepboopbwaph,false,44,enwiki,2024-10-27 17:44:29
1833627603,User:MF1953/sandbox,MF1953,false,29,enwiki,2024-10-27 17:44:48
1833627619,Sibulan Airport,LMP 2001,false,344,enwiki,2024-10-27 17:44:50
1833626803,Local Government Leaders' Council,Dn9ahx,false,73,enwiki,2024-10-27 17:42:22
1833626819,Colorado Party (Uruguay),ZlatanSweden10,false,34,enwiki,2024-10-27 17:42:22
1833626916,File talk:B√ªche de No√´l chocolat framboise maison.jpg,Tom.Reding,false,-1,enwiki,2024-10-27 17:42:45
1833627018,List of equipment of the Republic of Korea Army,Eurohunter,false,59,enwiki,2024-10-27 17:42:59
1833627113,Moskovo,Monkbot,true,2,enwiki,2024-10-27 17:43:18
358019117,Benutzer Diskussion:Nordprinz,L√≥melinde,false,269,dewiki,2024-10-27 17:43:20
1833627302,Talha ibn Ubayd Allah,Vif12vf,false,-71,enwiki,2024-10-27 17:43:48
1833627409,User:SuperSkaterDude45/sandbox2,SuperSkaterDude45,false,1354,enwiki,2024-10-27 17:44:12
1833627519,Michalis Morfis,Monkbot,true,1,enwiki,2024-10-27 17:44:33
1833627604,Talk:Nadine Nicole,Cewbot,true,33,enwiki,2024-10-27 17:44:47
1833626804,Alfa Romeo 33 Stradale (2023),Alatriste2003,false,-1,enwiki,2024-10-27 17:42:22
1833626915,User:GreatStellatedDodecahedron/Vanished trades,GreatStellatedDodecahedron,false,635,enwiki,2024-10-27 17:42:36
1833627114,Talk:Tigest Getnet,Cewbot,true,-11,enwiki,2024-10-27 17:43:20
1833627201,Rzewuski family,Monkbot,true,1,enwiki,2024-10-27 17:43:33
1833627303,Draft:Gary Stockdale,Dr.bobbs,false,332,enwiki,2024-10-27 17:43:48
1833627411,Micha≈Ç Cie≈õlak (boxer),XLM Boi,false,39,enwiki,2024-10-27 17:44:12
1833627605,List of Republicans who oppose the Donald Trump 2024 presidential campaign,VeryHumbleServant,false,2,enwiki,2024-10-27 17:44:42
1833626805,Wikipedia talk:WikiProject Indigenous peoples of North America,Lowercase sigmabot III,true,-45546,enwiki,2024-10-27 17:42:22
1833626900,Draft:Dorian invasion,UndercoverClassicist,false,1284,enwiki,2024-10-27 17:42:35
1833626917,2024 Uruguayan general election,ZlatanSweden10,false,7,enwiki,2024-10-27 17:42:37
358019100,Wikipedia:Importw√ºnsche,Ameisenigel,false,-12,dewiki,2024-10-27 17:42:52
358019105,Benutzer:Wamito/Werkstatt/W01,Wamito,false,4,dewiki,2024-10-27 17:43:00
1833627115,"File talk:Calidris alba at Ocean Beach, San Francisco, California - 20101116.jpg",Tom.Reding,false,0,enwiki,2024-10-27 17:43:20
1833627202,File talk:Calidris-alpina-001 edit.jpg,Tom.Reding,false,0,enwiki,2024-10-27 17:43:34
1833627305,Jos√© Mar√≠a C√≥rdova International Airport,Villa503,false,-26,enwiki,2024-10-27 17:43:49
1833627412,Lusatian League,Monkbot,true,5,enwiki,2024-10-27 17:44:12
1833627606,"File talk:Cebras de Burchell (Equus quagga burchellii), vista a√©rea del delta del Okavango, Botsuana, 2018-08-01, DD 30.jpg",Tom.Reding,false,0,enwiki,2024-10-27 17:44:48
1833627709,Nizhneantoshinsky,Monkbot,true,1,enwiki,2024-10-27 17:45:03
1833627816,Carolyne zu Sayn-Wittgenstein,Monkbot,true,1,enwiki,2024-10-27 17:45:25
1833627904,Battle of Talas,Richierich12345$,false,54,enwiki,2024-10-27 17:45:39
1833627710,2024 in sports,Alibene567,false,70,enwiki,2024-10-27 17:44:49
1833627908,Talk:Trevor Murphy,Cewbot,true,29,enwiki,2024-10-27 17:45:41
1833627711,Template:Khalsa Panth Jathedars,Randykitty,false,-56,enwiki,2024-10-27 17:45:05
1833627907,Conrad Weiser,98.111.97.56,false,0,enwiki,2024-10-27 17:45:41
1833627712,Talk:Lyndsay Morrison,Cewbot,true,19,enwiki,2024-10-27 17:45:05
1833627915,Walter A. Johnson,JJonahJackalope,false,-25,enwiki,2024-10-27 17:45:42
358019202,Wikipedia:Importw√ºnsche,Ameisenigel,false,66,dewiki,2024-10-27 17:45:45
1833627700,Talk:Permanent Representative of Afghanistan to the United Nations,Cewbot,true,0,enwiki,2024-10-27 17:45:02
1833627714,File talk:Charadrius bicinctus breeding - Ralphs Bay.jpg,Tom.Reding,false,0,enwiki,2024-10-27 17:45:05
1833627800,Bennie Boatwright,HanTs√Æ,false,35,enwiki,2024-10-27 17:45:22
1833627917,Talk:World First Aid Day,Mason7512,false,100,enwiki,2024-10-27 17:45:43
1833627701,Piano Sonata No. 6 (Mozart),77.69.150.238,false,-5,enwiki,2024-10-27 17:45:03
1833627713,Tom Stone (soccer),166.113.83.178,false,55,enwiki,2024-10-27 17:45:05
1833627802,Draft:John Bellis,Kaidfa,false,153,enwiki,2024-10-27 17:45:23
358019200,Benutzer:Wamito/Werkstatt/W01,Wamito,false,0,dewiki,2024-10-27 17:45:38
1833627916,Fritz Menzer,Monkbot,true,1,enwiki,2024-10-27 17:45:41
1833627803,Bohol‚ÄìPanglao International Airport,LMP 2001,false,92,enwiki,2024-10-27 17:45:23
1833627715,Church of Saint Sava,2.206.214.167,false,19,enwiki,2024-10-27 17:45:03
1833627805,Talk:Erica Nixon,Cewbot,true,17,enwiki,2024-10-27 17:45:24
358019201,Diskussion:Liste der Kulturdenkmale der Sonneberger Kernstadt,St√∂rfix,false,391,dewiki,2024-10-27 17:45:38
1833627705,William Chester Jordan,38.104.7.174,false,316,enwiki,2024-10-27 17:45:03
1833627717,List of Bakuage Sentai Boonboomger characters,35.134.24.120,false,118,enwiki,2024-10-27 17:45:05
1833627708,Siege of Dubrovnik,3E1I5S8B9RF7,false,345,enwiki,2024-10-27 17:44:59
1833627718,Luca Dal Fabbro,Tespiano,false,81,enwiki,2024-10-27 17:45:05
1833627814,Church attendance,114.10.47.139,false,84,enwiki,2024-10-27 17:44:49
1833627903,Vishu (film),CRussG,false,-5,enwiki,2024-10-27 17:45:41
1833628001,Rajpurohit,2409:40D4:2006:9F21:4974:DC65:BE4D:B05A,false,12884,enwiki,2024-10-27 17:45:58
358019207,Reload Festival,IWL04,false,17,dewiki,2024-10-27 17:46:05
358019208,Ironman Hawaii,ValiH20,false,0,dewiki,2024-10-27 17:45:51
1833628003,Talk:Karthik Nemmani,Cewbot,true,13,enwiki,2024-10-27 17:45:59
358019204,Wikipedia Diskussion:Wiki Loves Monuments 2024/Deutschland/Jury,Ailura,false,57,dewiki,2024-10-27 17:46:03
1833628005,Economy of Qatar,2600:1700:3840:AAF0:ED50:9B88:8024:1902,false,-1,enwiki,2024-10-27 17:45:57
1833628004,Livron,Monkbot,true,1,enwiki,2024-10-27 17:45:57
1833628007,Electric light,Rofraja,false,-1,enwiki,2024-10-27 17:45:58
1833628006,Capara√≥ Guerrilla,143.137.34.236,false,-4,enwiki,2024-10-27 17:46:01
358019206,Benutzer:Asakura Akira/Baustelle/Ergebnisse der japanischen Abgeordnetenhauswahl 202x,Asakura Akira,false,1,dewiki,2024-10-27 17:46:01
1833628016,K4 League,Jaanklaas,false,48,enwiki,2024-10-27 17:46:01
1833628000,New Madrid seismic zone,Dicklyon,false,45,enwiki,2024-10-27 17:45:58
358019203,Vispa,McBayne,false,160,dewiki,2024-10-27 17:45:59
1833628115,Viennese Quartets (Mozart),77.69.150.238,false,-10,enwiki,2024-10-27 17:46:21
1833628201,Sacred bull,Quezerque,false,12,enwiki,2024-10-27 17:46:37
1833628309,"File talk:Cocodrilo del Nilo (Crocodylus niloticus), parque nacional de Chobe, Botsuana, 2018-07-28, DD 86.jpg",Tom.Reding,false,0,enwiki,2024-10-27 17:46:54
1833628114,Kr√°lick√Ω Snƒõ≈æn√≠k Mountains,Monkbot,true,5,enwiki,2024-10-27 17:46:19
1833628202,Now and Forever (Air Supply album),Binksternet,false,0,enwiki,2024-10-27 17:46:38
1833628311,Muldashevo,Monkbot,true,2,enwiki,2024-10-27 17:46:53
1833628116,Visa policy of South Ossetia,Villaida,false,-23,enwiki,2024-10-27 17:46:19
358019214,Benutzerin:Sileas/Gidsken Jakobsen,Sileas,false,651,dewiki,2024-10-27 17:46:29
1833628204,Talk:Marco Marsilio,Cewbot,true,18,enwiki,2024-10-27 17:46:38
1833628314,Gayle Moher,Lepricavark,false,12,enwiki,2024-10-27 17:46:55
358019212,Portal:Biologie/Neue Artikel,Melly42,false,122,dewiki,2024-10-27 17:46:21
1833628203,"Talk:Ore City, Texas",Plastikspork,false,-128,enwiki,2024-10-27 17:46:38
1833628315,SnowRunner,Denniss,false,0,enwiki,2024-10-27 17:46:55
1833628206,Category talk:South Korean women children's book illustrators,Simeon,false,78,enwiki,2024-10-27 17:46:38
1833628100,Denel NTW-20,Loafiewa,false,-81,enwiki,2024-10-27 17:46:16
1833628207,Starlink,2603:3015:1100:2500:81E5:55AE:3594:E5FC,false,57,enwiki,2024-10-27 17:46:15
1833628105,Talk:Elon Musk,Horse Eye's Back,false,363,enwiki,2024-10-27 17:46:11
1833628208,2025 UEFA Women's Under-17 Championship qualification,Max2610,false,171,enwiki,2024-10-27 17:46:33
1833628304,Gennaro Gattuso,89.201.185.164,false,18,enwiki,2024-10-27 17:46:41
1833628106,File talk:Christine Nilsson Nadar.jpg,Tom.Reding,false,0,enwiki,2024-10-27 17:46:19
358019218,Fran√ßois Couturier,Heinz Huster,false,107,dewiki,2024-10-27 17:46:44
1833628308,Talk:Mayor Pete,Cewbot,true,-12,enwiki,2024-10-27 17:46:53
1833628107,Tennessee,AusLondonder,false,-74,enwiki,2024-10-27 17:46:08
358019215,Georges Ad√©agbo,Truejointadventures,false,29,dewiki,2024-10-27 17:46:36
358019216,Bulsten,M2k~dewiki,false,31,dewiki,2024-10-27 17:46:38
1833628307,You Should See Me in a Crown,ProfessorTofty,false,112,enwiki,2024-10-27 17:46:51
1833628113,Talk:Kate McIntyre Clere,Cewbot,true,-11,enwiki,2024-10-27 17:46:20
358019213,Liste der Lokomotiven und Triebwagen der kkStB,Hattori 15,false,0,dewiki,2024-10-27 17:46:24
1833628200,Velike Lipljene,Monkbot,true,2,enwiki,2024-10-27 17:46:36
358019219,Mehnersmoos,IWL04,false,-10,dewiki,2024-10-27 17:46:44
1833628310,Talk:Jazira Region,Surayeproject3,false,39,enwiki,2024-10-27 17:46:54
1833628400,Talk:Lodovico Migliore,Cewbot,true,13,enwiki,2024-10-27 17:47:11
1833628417,Kavan (film),Kailash29792,false,43,enwiki,2024-10-27 17:47:13
1833628504,Agapitos Abelas,Monkbot,true,1,enwiki,2024-10-27 17:47:30
1833628403,File talk:Commodore-64-Computer-FL.jpg,Tom.Reding,false,0,enwiki,2024-10-27 17:47:12
1833628419,Talk:Khaled Mazeed,Cewbot,true,-36,enwiki,2024-10-27 17:47:14
1833628505,"How Long, Not Long",Villaida,false,-33,enwiki,2024-10-27 17:47:30
1833628405,"Rocles, Allier",Monkbot,true,1,enwiki,2024-10-27 17:47:10
1833628506,Irakli Beraia,Sam20020202,false,139,enwiki,2024-10-27 17:47:30
1833628507,Greg Monroe,HanTs√Æ,false,41,enwiki,2024-10-27 17:47:30
1833628409,Mary Ashley Stevenson,Spiderpig662,false,1,enwiki,2024-10-27 17:47:13
1833628508,File talk:Connie Mack3.jpg,Tom.Reding,false,0,enwiki,2024-10-27 17:47:33
1833628412,Eris (mythology),Paul August,false,-11,enwiki,2024-10-27 17:47:11
1833628413,2022‚Äì2025 ICC Women's Championship,Kumarpramit,false,0,enwiki,2024-10-27 17:47:08
1833628510,Talk:Lorraine Martins,Cewbot,true,2,enwiki,2024-10-27 17:47:33
1833628414,Wikipedia talk:WikiProject The Beatles/Archive 10,Lowercase sigmabot III,true,4998,enwiki,2024-10-27 17:47:13
1833628511,User:Chchcheckit/sandbox,Chchcheckit,false,-392,enwiki,2024-10-27 17:47:31
1833628513,Baduarius,Monkbot,true,1,enwiki,2024-10-27 17:47:33
1833628415,Miranda's Victim,5.11.98.199,false,88,enwiki,2024-10-27 17:47:13
1833628512,Voctave,74.132.81.118,false,61,enwiki,2024-10-27 17:47:33
1833628608,Kusinsky District,Monkbot,true,1,enwiki,2024-10-27 17:47:48
1833628609,File talk:Coronavirus. SARS-CoV-2.png,Tom.Reding,false,-11,enwiki,2024-10-27 17:47:50
1833628712,Christianity and colonialism,Nehz XZX,false,1,enwiki,2024-10-27 17:48:07
1833628610,Portal:Current events/2024 October 26,Chrism,false,4,enwiki,2024-10-27 17:47:51
1833628600,List of India One Day International cricket records,Jeevan Singh Chundawat,false,-224,enwiki,2024-10-27 17:47:34
1833628717,List of View Askewniverse characters,77.231.186.165,false,-60,enwiki,2024-10-27 17:48:09
1833628602,2024‚Äì25 Macedonian First Football League,Msb73505,false,0,enwiki,2024-10-27 17:47:48
1833628612,Talk:Desi Jisa Mokonin,Cewbot,true,11,enwiki,2024-10-27 17:47:51
1833628603,Great Mosque of Taza,Riad Salih,false,0,enwiki,2024-10-27 17:47:48
1833628614,Sherlock Hound,Smeagol 17,false,-52,enwiki,2024-10-27 17:47:48
1833628805,Josip Broz Tito,2601:243:1A00:4510:A9B6:1E49:B975:2C40,false,-3,enwiki,2024-10-27 17:48:07
1833628619,Talk:Please Murder Me!,Rfl0216,false,-13,enwiki,2024-10-27 17:47:53
1833628702,File talk:Cosmic ‚ÄòWinter‚Äô Wonderland.jpg,Tom.Reding,false,0,enwiki,2024-10-27 17:48:08
1833628804,Gracie Abrams,PlzNo,false,0,enwiki,2024-10-27 17:48:22
1833628605,Wikipedia:Articles for deletion/Sam Chandola,Randykitty,false,577,enwiki,2024-10-27 17:47:50
1833628708,Belarus Today,21Kakai,false,231,enwiki,2024-10-27 17:48:07
1833628604,2025 UEFA Women's Under-17 Championship qualification,Max2610,false,0,enwiki,2024-10-27 17:47:45
1833628709,Draft talk:Atsuko Nishida,Cewbot,true,-12,enwiki,2024-10-27 17:48:09
1833628607,Mykola Kukharevych,Ponty Carlo,false,0,enwiki,2024-10-27 17:47:48
1833628710,"Isthmia, Corinthia",Monkbot,true,1,enwiki,2024-10-27 17:48:07
1833628903,"Moscow Metropolis electoral district (Russian Constituent Assembly election, 1917)",Soman,false,191,enwiki,2024-10-27 17:48:41
358019307,Philipp Viktor Gumposch,Gm√ºnder,false,85,dewiki,2024-10-27 17:49:00
1833628905,Cargans,Guliolopez,false,41,enwiki,2024-10-27 17:48:41
358019306,Liste der Burgen im Deutschordensstaat,176.6.129.83,false,53,dewiki,2024-10-27 17:48:56
1833629017,File talk:Culpeo MC.jpg,Tom.Reding,false,-28,enwiki,2024-10-27 17:49:01
1833628906,Talk:Bi Nguyen,Cewbot,true,-11,enwiki,2024-10-27 17:48:42
358019309,Golok,Invisigoth67,false,2,dewiki,2024-10-27 17:49:09
1833628908,Aris Marangopoulos,Monkbot,true,1,enwiki,2024-10-27 17:48:41
358019305,Formel-1-Weltmeisterschaft 2024,Wiki Phantomias,false,7,dewiki,2024-10-27 17:48:49
1833628907,Talk:List of urban legends,2600:6C44:5E7F:D02B:B9AD:47AE:F310:5F2F,false,244,enwiki,2024-10-27 17:48:39
358019300,Vincent Descombes Sevoie,Invisigoth67,false,34,dewiki,2024-10-27 17:48:51
1833628909,Wikipedia:Redirects for discussion/Log/2024 October 27,BD2412,false,588,enwiki,2024-10-27 17:48:41
1833628917,File talk:Crested tern444 edit.jpg,Tom.Reding,false,0,enwiki,2024-10-27 17:48:43
1833629000,Talk:Elizabeth Gawrie,Surayeproject3,false,76,enwiki,2024-10-27 17:48:58
1833628919,Ihor Klymenko,Sam20020202,false,-12,enwiki,2024-10-27 17:48:41
358019302,Inflator (Band),IWL04,false,3,dewiki,2024-10-27 17:48:53
1833629007,Mor√® (Clan name),LukeEmily,false,-3603,enwiki,2024-10-27 17:48:58
358019310,C√©sar Franck,Double Croche,false,-3,dewiki,2024-10-27 17:49:09
358019304,Benutzer:Luke081515Bot/NoImport,Ameisenigel,false,72,dewiki,2024-10-27 17:48:54
1833629015,Talk:Mohammed Ali Mahmoud,Cewbot,true,-1,enwiki,2024-10-27 17:49:00
358019311,Wikipedia:Importw√ºnsche,Ameisenigel,false,-1251,dewiki,2024-10-27 17:49:10
1833629116,Talk:Mike Michalchuk,Cewbot,true,11,enwiki,2024-10-27 17:49:18
1833629210,Wikipedia:Administrators' noticeboard,HJ Mitchell,false,423,enwiki,2024-10-27 17:49:26
1833629312,User talk:193.74.242.230,Frost,false,2120,enwiki,2024-10-27 17:49:51
358019312,Georges Ad√©agbo,Truejointadventures,false,111,dewiki,2024-10-27 17:49:12
1833629118,"Legislative history of United States four-star officers, 1899‚Äì1946",SuperWIKI,false,18,enwiki,2024-10-27 17:49:15
1833629211,User:Kxlesnyder/sandbox,Kxlesnyder,false,63,enwiki,2024-10-27 17:49:31
1833629313,Category talk:Jazira Region,Surayeproject3,false,73,enwiki,2024-10-27 17:49:51
1833629100,The Works (Queen album),Binksternet,false,-24,enwiki,2024-10-27 17:49:12
1833629212,H3 (rocket),Fukumoto,false,548,enwiki,2024-10-27 17:49:32
358019313,Tristan da Silva,Walmaul,false,127,dewiki,2024-10-27 17:49:12
1833629104,Miranda's Victim,5.11.98.199,false,57,enwiki,2024-10-27 17:49:15
1833629213,Jorge Negrete,Lord Cornwallis,false,0,enwiki,2024-10-27 17:49:34
1833629315,"George Washington High School (Charleston, West Virginia)",2601:C8:C000:13F0:61F7:B70C:4D4B:F1B6,false,33,enwiki,2024-10-27 17:49:49
358019315,Deutschland sucht den Superstar/Staffel 21,Sokrates 399,false,-1,dewiki,2024-10-27 17:49:12
1833629106,UAAP Season 87 football tournaments,Aeron Valderrama,false,0,enwiki,2024-10-27 17:49:10
1833629202,Marco Mazzi,Visualensamble,false,276,enwiki,2024-10-27 17:49:32
1833629215,North Vancouver (city),Randykitty,false,-60,enwiki,2024-10-27 17:49:32
1833629317,User talk:Bdschi,Bdschi,false,129,enwiki,2024-10-27 17:49:52
1833629111,"Maidla, M√§rjamaa Parish",Monkbot,true,1,enwiki,2024-10-27 17:49:16
1833629203,File talk:Cypripedium acaule - Sasata edit1.jpg,Tom.Reding,false,0,enwiki,2024-10-27 17:49:32
1833629214,1893 United States Senate election in California,PequodOnStationAtLZ,false,4932,enwiki,2024-10-27 17:49:24
1833629110,Ice hockey rink,Gymrat16,false,14,enwiki,2024-10-27 17:49:15
1833629205,Valente,Randykitty,false,-64,enwiki,2024-10-27 17:49:32
1833629216,File talk:Cyprus water frog (Pelophylax cypriensis).jpg,Tom.Reding,false,0,enwiki,2024-10-27 17:49:36
1833629301,File talk:DNA Structure+Key+Labelled.pn NoBB.png,Tom.Reding,false,0,enwiki,2024-10-27 17:49:50
1833629113,Wikipedia:Meetup/DC/Women's Independence and Financial Power,Bri,false,191,enwiki,2024-10-27 17:49:18
1833629206,2024 Nova Scotia general election,Rushtheeditor,false,-171,enwiki,2024-10-27 17:49:30
1833629305,UAAP Season 87 football tournaments,Aeron Valderrama,false,2,enwiki,2024-10-27 17:49:46
1833629115,List of equipment of the Republic of Korea Army,Eurohunter,false,-134,enwiki,2024-10-27 17:49:13
1833629208,Mildred J. Hill,Frost,false,-9,enwiki,2024-10-27 17:49:32
1833629310,Talk:Kristina Mah,Cewbot,true,-14,enwiki,2024-10-27 17:49:51
1833629114,File talk:Cygnus Wall.jpg,Tom.Reding,false,0,enwiki,2024-10-27 17:49:18
1833629209,Talk:Miho Miyahara,Cewbot,true,-16,enwiki,2024-10-27 17:49:33
1833629401,User talk:PinkPanda272,WikiCleanerMan,false,582,enwiki,2024-10-27 17:50:07
1833629508,Chatchai Budprom,1.4.192.157,false,-5,enwiki,2024-10-27 17:50:29
1833629402,Talk:British European Airways Flight 706 (1965),ThatFlyingSquid,false,1186,enwiki,2024-10-27 17:50:07
1833629510,Talk:Panagiotis Nikolaou,Cewbot,true,2,enwiki,2024-10-27 17:50:30
1833629404,File talk:Daption capense in flight - SE Tasmania.jpg,Tom.Reding,false,0,enwiki,2024-10-27 17:50:07
1833629512,Gord (archaeology),Monkbot,true,1,enwiki,2024-10-27 17:50:28
1833629407,User:JamesR/AdminStats,AdminStatsBot 2,true,1,enwiki,2024-10-27 17:49:48
1833629518,2024 British Rally Championship,Scanbus,false,275,enwiki,2024-10-27 17:50:31
1833629408,"Embassy of Georgia, Moscow",Monkbot,true,1,enwiki,2024-10-27 17:50:06
1833629410,Ballary M. Raghavendra,Sathyanveshane,false,633,enwiki,2024-10-27 17:50:08
1833629414,Talk:Kristel Macrohon,Cewbot,true,-5,enwiki,2024-10-27 17:50:09
1833629500,User:BJCHK,BJCHK,false,75,enwiki,2024-10-27 17:50:28
1833629501,Ice rink,Gymrat16,false,-37,enwiki,2024-10-27 17:50:26
1833629400,Template:UK general election opinion polling,WikiCleanerMan,false,256,enwiki,2024-10-27 17:50:07
1833629502,File talk:Day old chick black background.jpg,Tom.Reding,false,0,enwiki,2024-10-27 17:50:28
1833629616,Morgan Wallen discography,JustTryingToBeSmart,false,2246,enwiki,2024-10-27 17:50:46
1833629704,Ji≈ô√≠kov,Monkbot,true,1,enwiki,2024-10-27 17:51:01
358019400,Herz- und Gef√§√üzentrum Bad Bevensen,Wolf1949H,false,38,dewiki,2024-10-27 17:51:10
1833629802,Pakistani cricket team in Zimbabwe in 2024‚Äì25,92.97.174.69,false,20,enwiki,2024-10-27 17:51:22
1833629617,List of Jake and the Never Land Pirates episodes,Tony1173,false,-237,enwiki,2024-10-27 17:50:47
1833629706,Talk:Milly Mugeni,Cewbot,true,-3,enwiki,2024-10-27 17:51:03
1833629803,2024 in Bolivia,Borgenland,false,391,enwiki,2024-10-27 17:51:21
1833629618,Talk:H√©l√®ne Mannarino,Cewbot,true,19,enwiki,2024-10-27 17:50:51
1833629705,Achraf Dari,41.251.208.177,false,-74,enwiki,2024-10-27 17:50:59
358019405,Portal:Osttimor/Neue Artikel,J. Patrick Fischer,false,15,dewiki,2024-10-27 17:51:18
1833629807,Magnificat in A minor (Hoffmann),Monkbot,true,1,enwiki,2024-10-27 17:51:22
1833629600,Talk:Vidmer Mercatali,Cewbot,true,13,enwiki,2024-10-27 17:50:48
1833629708,File talk:Dipodium punctatum portrait.jpg,Tom.Reding,false,0,enwiki,2024-10-27 17:51:04
1833629809,Talk:Caroline Ncube,Cewbot,true,2,enwiki,2024-10-27 17:51:24
1833629605,"St Joseph's R.C. Church, Hay-on-Wye",LiamGM,false,297,enwiki,2024-10-27 17:50:46
1833629709,User:Yerevantsi/sandbox/Matenadaran,Yerevantsi,false,431,enwiki,2024-10-27 17:51:04
358019407,Ablass,2A02:2455:CE4:8900:FC30:9F4B:3DAC:2E84,false,426,dewiki,2024-10-27 17:51:24
1833629608,Qiangqu,Zangxuangao,false,170,enwiki,2024-10-27 17:50:48
358019403,Robert Bellarmin,Gm√ºnder,false,4,dewiki,2024-10-27 17:51:16
1833629811,File talk:Drosera Capensis eating a fruit fly.webm,Tom.Reding,false,0,enwiki,2024-10-27 17:51:25
1833629607,Australian Football League,MacgregorOrchard,false,12,enwiki,2024-10-27 17:50:45
1833629715,Talk:Hurricane Kristy (2024),Zzzs,false,550,enwiki,2024-10-27 17:51:05
358019404,Adele (S√§ngerin),Regi51,false,-14,dewiki,2024-10-27 17:51:14
1833629812,Ballary M. Raghavendra,Sathyanveshane,false,0,enwiki,2024-10-27 17:51:25
1833629613,User:Flibirigit/ice hockey,Flibirigit,false,60,enwiki,2024-10-27 17:50:49
1833629717,Talk:Ralph Nachtigal,Cewbot,true,0,enwiki,2024-10-27 17:51:06
1833629814,Polish Air Force order of battle in 1939,Monkbot,true,8,enwiki,2024-10-27 17:51:25
1833629614,File talk:Dicaeum celebicum compared to Dicaeum kuehni (vertical).jpg,Tom.Reding,false,-1,enwiki,2024-10-27 17:50:49
1833629702,2024 FIFA U-17 Women's World Cup,49.157.61.205,false,541,enwiki,2024-10-27 17:50:58
1833629718,Sorgfjorden,Deor,false,-2,enwiki,2024-10-27 17:51:06
1833629800,Tim Stokely,Inpops,false,29,enwiki,2024-10-27 17:51:22
1833629819,Wikipedia:Articles for deletion/Old,Mathbot,true,0,enwiki,2024-10-27 17:51:26
1833629615,It's Not Enough to Be a Charro,Lord Cornwallis,false,34,enwiki,2024-10-27 17:50:50
1833629703,Apocalypto,2603:6080:A000:83FA:2493:86:EA57:2686,false,34,enwiki,2024-10-27 17:51:01
1833629801,Equality Parade (Warsaw),Monkbot,true,1,enwiki,2024-10-27 17:51:18
1833629902,The Dark Valley,Monkbot,true,1,enwiki,2024-10-27 17:51:39
1833630014,Short n' Sweet Tour,Livelikemusic,false,0,enwiki,2024-10-27 17:52:01
1833629905,Category talk:Koy Sanjaq,Surayeproject3,false,50,enwiki,2024-10-27 17:51:41
1833630018,Template:Exceptionalism,182.218.211.231,false,-31,enwiki,2024-10-27 17:52:01
1833629906,User:GreenPlantsAreGreen/sandbox,GreenPlantsAreGreen,false,294,enwiki,2024-10-27 17:51:36
1833630000,Hamish Rutherford,Blue Square Thing,false,-88,enwiki,2024-10-27 17:51:58
1833630019,"George Washington High School (Charleston, West Virginia)",AusLondonder,false,-33,enwiki,2024-10-27 17:52:01
358019409,Druivencross,Rz98,false,67,dewiki,2024-10-27 17:51:41
1833630005,"File talk:Eastern face of west gate, Taman Sari, Yogyakarta, 2014-04-24 (from 19 images).jpg",Tom.Reding,false,0,enwiki,2024-10-27 17:52:00
1833629908,Talk:Thomas Monberg,Cewbot,true,0,enwiki,2024-10-27 17:51:42
1833630007,Chen Zheyuan,Isaidnoway,false,1,enwiki,2024-10-27 17:51:57
1833629907,Disney Channel (Russian TV channel),BaldiBasicsFan,false,-7,enwiki,2024-10-27 17:51:41
1833630008,Talk:Scott W. McPherson,Cewbot,true,-12,enwiki,2024-10-27 17:52:00
1833629909,Amalric of Nesle,Surtsicna,false,15,enwiki,2024-10-27 17:51:42
1833630009,Arnotts (Scotland),AndrewSE19,false,39,enwiki,2024-10-27 17:51:59
1833629915,Natural nuclear fission reactor,CohenTheBohemian,false,-1,enwiki,2024-10-27 17:51:41
1833630010,Black Wings (film),Monkbot,true,1,enwiki,2024-10-27 17:51:59
1833629917,File talk:Dustforce Trailer.webm,Tom.Reding,false,0,enwiki,2024-10-27 17:51:42
1833630013,Wikipedia:Featured picture candidates,Armbrust,false,0,enwiki,2024-10-27 17:51:57
1833630110,2024 Beijing Guoan F.C. season,DatunEast,false,0,enwiki,2024-10-27 17:52:09
1833630112,2024 United States Senate election in Montana,Bobby0416,false,0,enwiki,2024-10-27 17:52:16
1833630213,Capital Development Authority (Islamabad),Bhatti.Fed,false,309,enwiki,2024-10-27 17:52:36
1833630113,2024 eastern Gezira State massacres,Family27390,false,-37,enwiki,2024-10-27 17:52:18
1833630215,Government of the Derg,XTheBedrockX,false,20,enwiki,2024-10-27 17:52:39
1833630302,File talk:Elseyornis melanops - Fyshwick Sewage Treatment Plant.jpg,Tom.Reding,false,0,enwiki,2024-10-27 17:52:56
1833630114,2024 FIFA U-17 Women's World Cup,49.157.61.205,false,7,enwiki,2024-10-27 17:52:15
1833630201,Draft talk:Jules Pinchart,Cewbot,true,-39,enwiki,2024-10-27 17:52:36
1833630216,Talk:Frank Parker (sport shooter),Cewbot,true,6,enwiki,2024-10-27 17:52:39
1833630307,Talk:Roopesh Peethambaran,Cewbot,true,-12,enwiki,2024-10-27 17:52:57
1833630203,"File talk:Eileen Collins (S93-E-5033, 1999-07-24).jpg",Tom.Reding,false,-18,enwiki,2024-10-27 17:52:35
1833630218,Oleg Prihodko,2A02:810B:48C0:4828:CD99:3DE4:BCFA:FD3E,false,485,enwiki,2024-10-27 17:52:38
1833630311,Tayside derby,RossBFD,false,3,enwiki,2024-10-27 17:52:57
1833630104,Juan Bustillo Oro,Lord Cornwallis,false,48,enwiki,2024-10-27 17:52:19
1833630116,Talk:Mike McLaughlin (cinematographer),Cewbot,true,0,enwiki,2024-10-27 17:52:21
1833630204,Dimitrios Bakochristos,Monkbot,true,1,enwiki,2024-10-27 17:52:36
1833630219,Eurovision Song Contest 1970,Bray0829,false,14,enwiki,2024-10-27 17:52:37
1833630312,Darius the Great,HistoryofIran,false,-138,enwiki,2024-10-27 17:52:53
1833630106,Marina Mahathir,2001:D08:218E:467:F3E6:9C8E:B3A0:DD24,false,-8,enwiki,2024-10-27 17:52:17
1833630117,File talk:Egg fruit cross section DS.jpg,Tom.Reding,false,0,enwiki,2024-10-27 17:52:21
1833630205,2024‚Äì25 Super50 Cup,Pkr206,false,-1404,enwiki,2024-10-27 17:52:35
1833630316,Ira Mukhoty,DEFCON5,false,457,enwiki,2024-10-27 17:52:57
1833630107,Category talk:Populated places in Erbil Governorate,Surayeproject3,false,50,enwiki,2024-10-27 17:52:20
1833630209,Arif Alvi,BusterD,false,27,enwiki,2024-10-27 17:52:34
1833630109,User:JaGa/Short leaderboard,DPL bot,true,0,enwiki,2024-10-27 17:52:20
1833630211,"File talk:Elefantes africanos de sabana (Loxodonta africana), Elephant Sands, Botsuana, 2018-07-28, DD 114-117 PAN.jpg",Tom.Reding,false,0,enwiki,2024-10-27 17:52:38
1833630318,Dafydd ap Gruffydd,Cltjames,false,306,enwiki,2024-10-27 17:52:58
1833630108,American Airlines Flight 1 (1962),Smokymcpie001,false,-15,enwiki,2024-10-27 17:52:17
1833630319,File talk:Elsie Leslie (1899) by Zaida Ben-Yusuf.jpg,Tom.Reding,false,-9,enwiki,2024-10-27 17:52:59
1833630406,Juror No. 2,2600:1001:A010:3227:6160:F77:465C:74A7,false,-103,enwiki,2024-10-27 17:53:13
1833630408,Talk:Lateef Olufemi Okunnu,Cewbot,true,-9,enwiki,2024-10-27 17:53:15
1833630410,Az…ôrbaycan mar≈üƒ±,Moroike,false,4,enwiki,2024-10-27 17:53:14
1833630414,File talk:English Walnuts.jpg,Tom.Reding,false,-9,enwiki,2024-10-27 17:53:17
1833630403,User:Paul August/Eris (mythology),Paul August,false,27,enwiki,2024-10-27 17:53:14
1833630415,Talk:Fukushima nuclear accident/GA1,Czarking0,false,389,enwiki,2024-10-27 17:53:15
1833630417,Wikipedia:Featured pictures/History/World War II,Armbrust,false,0,enwiki,2024-10-27 17:53:18
1833630405,Talk:Donald Trump,Maxeto0910,false,72,enwiki,2024-10-27 17:52:59
1833630419,Talk:Peter Olotka,Cewbot,true,-12,enwiki,2024-10-27 17:53:18
1833630407,Grandsaigne,Monkbot,true,1,enwiki,2024-10-27 17:53:12
1833630508,American Airlines Flight 1 (1962),Smokymcpie001,false,-5,enwiki,2024-10-27 17:53:32
1833630611,Wikipedia:Database reports/Top new article reviewers,Community Tech bot,true,-1188,enwiki,2024-10-27 17:53:48
358019501,Logarithmische Spirale,Petrus3743,false,25,dewiki,2024-10-27 17:54:06
1833630714,Lock Up the Wolves,2601:204:ED80:4360:DDEC:27E8:9B29:CAF5,false,-105,enwiki,2024-10-27 17:54:13
1833630512,Talk:Jehovah,Lowercase sigmabot III,true,-695,enwiki,2024-10-27 17:53:32
1833630612,On with the Show! (1929 film),Citation bot,true,24,enwiki,2024-10-27 17:53:53
358019502,Patrik Nilsson,Polarlys,false,-134,dewiki,2024-10-27 17:54:09
1833630716,List of frozen dessert brands,76.65.63.233,false,27,enwiki,2024-10-27 17:54:15
1833630513,Talk:Alexis Railsback,Cewbot,true,9,enwiki,2024-10-27 17:53:33
1833630613,Talk:Vanessa Oriolo,Cewbot,true,-16,enwiki,2024-10-27 17:53:54
1833630717,Talk:Jessimae Peluso,Cewbot,true,12,enwiki,2024-10-27 17:54:15
1833630516,Kreis √ñsel,Marcocapelle,false,49,enwiki,2024-10-27 17:53:33
1833630616,2024‚Äì25 Ekstraklasa,Skyblueshaun,false,24,enwiki,2024-10-27 17:53:52
1833630718,Reichskriegsflagge,Monkbot,true,1,enwiki,2024-10-27 17:54:14
1833630519,"File talk:Ermina Zaenah, three-quarter portrait (c 1960) - restored (without name).jpg",Tom.Reding,false,0,enwiki,2024-10-27 17:53:35
1833630617,Eastern Tennessee Seismic Zone,Dicklyon,false,31,enwiki,2024-10-27 17:53:56
1833630704,Talk:Gianni Pezzani,Cewbot,true,-9,enwiki,2024-10-27 17:54:12
1833630719,User:Wortulo/Perrig,Wortulo,false,67,enwiki,2024-10-27 17:54:17
1833630601,Talk:Fahma Ahmed Noor,Cewbot,true,9,enwiki,2024-10-27 17:53:51
1833630618,File talk:Euplectes sp PLW crop.jpg,Tom.Reding,false,0,enwiki,2024-10-27 17:53:55
1833630705,"Yekaterinovka, Lgovsky District, Kursk Oblast",Monkbot,true,2,enwiki,2024-10-27 17:54:10
1833630602,Renae Ayris,Mrcarillo,false,-85,enwiki,2024-10-27 17:53:50
1833630619,Rocky Aur Rani Kii Prem Kahaani,Mooredout,false,-63,enwiki,2024-10-27 17:53:52
1833630707,"File talk:FAL-2016-Stanley, Falkland Islands‚ÄìStanley Police Station.jpg",Tom.Reding,false,-11,enwiki,2024-10-27 17:54:13
1833630603,File talk:Euphorbia canariensis Tenerife 2012.jpg,Tom.Reding,false,0,enwiki,2024-10-27 17:53:52
1833630710,Vitali Klitschko,Sam20020202,false,17,enwiki,2024-10-27 17:53:41
1833630605,"Feuillade, Charente",Monkbot,true,1,enwiki,2024-10-27 17:53:50
358019500,Michael Olise,2003:CA:B728:DE00:9939:B369:C4DF:C035,false,0,dewiki,2024-10-27 17:54:06
1833630712,Chief Justice of Grenada,Matheus Daisy,false,4,enwiki,2024-10-27 17:54:13
358019504,Patrik Nilsson,Polarlys,false,-1,dewiki,2024-10-27 17:54:19
1833630500,British Army,Aodhdubh,false,8,enwiki,2024-10-27 17:53:27
1833630610,User:Kxlesnyder/sandbox,Kxlesnyder,false,12,enwiki,2024-10-27 17:53:49
358019503,Philipp Viktor Gumposch,Gm√ºnder,false,122,dewiki,2024-10-27 17:54:14
1833630802,Johnson Aguiyi-Ironsi,Vif12vf,false,-16,enwiki,2024-10-27 17:54:30
1833630819,Talk:Peter den Oudsten,Cewbot,true,7,enwiki,2024-10-27 17:54:36
358019519,Wikipedia:Qualit√§tssicherung/27. Oktober 2024,08Linus,false,-199,dewiki,2024-10-27 17:54:46
1833630910,ê≤•ê≥ãê≥ìê≥âê≥óê≥åê≥ñê≥ûê≥á,Gorobay,false,60,enwiki,2024-10-27 17:54:56
358019505,Edi Hubschmid,Warburg1866,false,32,dewiki,2024-10-27 17:54:22
358019510,Ablass,Atirador,false,-426,dewiki,2024-10-27 17:54:28
358019511,Doppelpulstest,Sputeanus,false,413,dewiki,2024-10-27 17:54:32
1833630912,SEAY,Alfshire,false,91,enwiki,2024-10-27 17:54:54
358019506,Schlacht (Wasserbauwerk),Vonneguts M.A.S.H.,false,31,dewiki,2024-10-27 17:54:25
1833630805,Talk:Sheeva Peo,Cewbot,true,-28,enwiki,2024-10-27 17:54:33
1833630913,Type 97 sniper rifle,Mr. Komori,false,18,enwiki,2024-10-27 17:54:54
358019507,Benutzer:Perrak/common.css,Perrak,false,-90,dewiki,2024-10-27 17:54:26
358019512,Dalarnas Fotbollf√∂rbund,Nisselano,false,-28,dewiki,2024-10-27 17:54:34
358019517,Jamal Musiala,2003:CA:B728:DE00:9939:B369:C4DF:C035,false,0,dewiki,2024-10-27 17:54:44
1833630808,User:Paul August/Eris (mythology),Paul August,false,25,enwiki,2024-10-27 17:54:34
358019515,Ain Feshkha,Phzh,false,36,dewiki,2024-10-27 17:54:41
1833630809,File talk:Feijoa sellowiana edit.jpg,Tom.Reding,false,0,enwiki,2024-10-27 17:54:34
1833630903,"Messapia, Greece",Monkbot,true,1,enwiki,2024-10-27 17:54:51
1833630918,Tom√°≈° Kyzlink,HanTs√Æ,false,44,enwiki,2024-10-27 17:54:55
1833630810,Dev√≠n Castle,Monkbot,true,3,enwiki,2024-10-27 17:54:32
358019518,Schenefeld (Kreis Steinburg),Goegeo,false,-53,dewiki,2024-10-27 17:54:44
1833630904,Talk:Park Chilsung,Cewbot,true,-14,enwiki,2024-10-27 17:54:54
1833630816,Amazing Race Suomi season 2,Xoruz,false,0,enwiki,2024-10-27 17:54:34
358019514,Bestenliste der Triathleten auf der Ironman-Distanz,ValiH20,false,196,dewiki,2024-10-27 17:54:37
358019509,Diskussion:Postum,Hardenacke,false,198,dewiki,2024-10-27 17:54:28
1833630817,Sally Buzbee,Bahar1397,false,120,enwiki,2024-10-27 17:54:34
1833630906,K. G. Subramanyan,Simeon,false,-52,enwiki,2024-10-27 17:54:51
1833630818,Thai Airways International Flight 114,Aviationwikiflight,false,-32,enwiki,2024-10-27 17:54:35
1833630908,File talk:Ficedula mugimaki - Khao Yai.jpg,Tom.Reding,false,0,enwiki,2024-10-27 17:54:55
1833631011,Umayyad conquest of Sindh,Umayyadom,false,1,enwiki,2024-10-27 17:55:13
1833631105,Talk:Pavel Prokudin,Cewbot,true,-11,enwiki,2024-10-27 17:55:27
1833631012,List of Mexican films of 1946,Lord Cornwallis,false,142,enwiki,2024-10-27 17:55:13
1833631106,Draft:Ccscscbhsbhdb csdnb,FifthFive,false,25,enwiki,2024-10-27 17:55:27
1833631019,Heraclius II of Georgia,188.73.233.23,false,-57,enwiki,2024-10-27 17:55:13
1833631108,User talk:193.74.242.230,FifthFive,false,1695,enwiki,2024-10-27 17:55:28
1833631107,Yevhen Shcherban,BilletsMauves,false,0,enwiki,2024-10-27 17:55:27
1833631109,Talk:Madison Area Technical College,CyberTheTiger,false,-940,enwiki,2024-10-27 17:55:28
1833631114,Bilyi Kamin,Monkbot,true,2,enwiki,2024-10-27 17:55:27
1833631001,King of the Ring (1995),HL1197,false,-29,enwiki,2024-10-27 17:55:11
1833631101,The Birthday Party (band),ValhaIl,false,-38,enwiki,2024-10-27 17:55:25
1833631115,Yu Darvish,Filedelinkerbot,true,-190,enwiki,2024-10-27 17:55:21
1833631002,Julius Grey House,Monkbot,true,2,enwiki,2024-10-27 17:55:11
1833631103,Fantasy (Jade Thirlwall song),Livelikemusic,false,1,enwiki,2024-10-27 17:55:26
1833631116,User:SuperWIKI/sandbox4,SuperWIKI,false,-41,enwiki,2024-10-27 17:55:29
1833631003,File talk:FocusStack BrightFieldLightMicroscopy DiatomaceousEarth.jpg,Tom.Reding,false,-1,enwiki,2024-10-27 17:55:13
1833631104,File talk:Freckled-duck-female.jpg,Tom.Reding,false,0,enwiki,2024-10-27 17:55:27
1833631118,Draft:Anton Mazurov,ZIKZU,false,-18,enwiki,2024-10-27 17:55:29
1833631207,File talk:GEM corn.jpg,Tom.Reding,false,-9,enwiki,2024-10-27 17:55:48
1833631218,Guruvayur railway station,Randykitty,false,-70,enwiki,2024-10-27 17:55:47
1833631406,File talk:Gaucho1868b.jpg,Tom.Reding,false,-2,enwiki,2024-10-27 17:56:19
1833631208,Thiruvananthapuram railway division,Randykitty,false,-70,enwiki,2024-10-27 17:55:45
1833631307,User talk:2409:4089:BD91:CE2B:0:0:2D0B:C513,AntiDionysius,false,1512,enwiki,2024-10-27 17:56:03
1833631407,Tauragƒó,Spirit of Performance,false,-51,enwiki,2024-10-27 17:56:18
1833631209,Talk:Vladimir Nosik,Cewbot,true,-11,enwiki,2024-10-27 17:55:48
1833631412,Talk:Mette Ove Petersen,Cewbot,true,17,enwiki,2024-10-27 17:56:21
1833631210,2024 Ohio Issue 1,NSNW,false,-4,enwiki,2024-10-27 17:55:46
1833631308,Progress Chapter 172: Werewolves Of London,JeyReydar97,false,5,enwiki,2024-10-27 17:56:02
1833631418,Valtonera,Monkbot,true,1,enwiki,2024-10-27 17:56:21
1833631211,Palakkad railway division,Randykitty,false,-69,enwiki,2024-10-27 17:55:47
1833631317,Talk:Susanne Pollatschek,Cewbot,true,-35,enwiki,2024-10-27 17:56:03
1833631400,Rock Around the Clock (film),Citation bot,true,156,enwiki,2024-10-27 17:56:17
1833631212,Miss South Africa 2024,Mrcarillo,false,16,enwiki,2024-10-27 17:55:48
1833631318,Callum Braley,80.6.0.164,false,72,enwiki,2024-10-27 17:56:02
1833631319,Angamaly railway station,Randykitty,false,-99,enwiki,2024-10-27 17:56:00
1833631201,Linda Dorcena Forry,SecretName101,false,427,enwiki,2024-10-27 17:55:46
1833631213,Template:Railways in Southern India,Randykitty,false,-97,enwiki,2024-10-27 17:55:48
1833631300,Talk:Gender dysphoria,Wallby,false,1571,enwiki,2024-10-27 17:55:58
1833631202,Seletar Airport,175.156.109.175,false,7,enwiki,2024-10-27 17:55:44
1833631214,Punalur railway station,Randykitty,false,-70,enwiki,2024-10-27 17:55:46
1833631302,Zarautz station,Santi2222,false,672,enwiki,2024-10-27 17:56:01
1833631401,Samantha Soule,2600:6C5A:147F:59F6:A969:605D:5E91:FDE1,false,48,enwiki,2024-10-27 17:56:18
1833631206,Madurai railway division,Randykitty,false,-70,enwiki,2024-10-27 17:55:47
1833631215,Alonzo W. Pond,178.255.168.37,false,162,enwiki,2024-10-27 17:55:49
1833631303,File talk:Gallinago stenura - Laem Pak Bia.jpg,Tom.Reding,false,0,enwiki,2024-10-27 17:56:02
1833631402,Setun,Monkbot,true,1,enwiki,2024-10-27 17:56:18
1833631517,String Quartet No. 19 (Mozart),77.69.150.238,false,3,enwiki,2024-10-27 17:56:40
1833631516,Georges Mikautadze,Sinbabad,false,0,enwiki,2024-10-27 17:56:37
1833631500,File talk:Gemini 11 Flown Sterling Silver Fliteline Medallion.jpg,Tom.Reding,false,0,enwiki,2024-10-27 17:56:37
1833631508,Wikipedia:Administrator intervention against vandalism,Qcne,false,342,enwiki,2024-10-27 17:56:37
1833631509,Fatimah bint Asad,Vif12vf,false,-62,enwiki,2024-10-27 17:56:36
1833631511,Tigray war,2607:FEA8:A41E:4700:7163:624F:7BA8:C383,false,2,enwiki,2024-10-27 17:56:22
1833631512,Orfeas Lytras,Monkbot,true,1,enwiki,2024-10-27 17:56:38
1833631513,Talk:Krishna Rani Sarkar,Cewbot,true,-43,enwiki,2024-10-27 17:56:39
1833631514,File talk:Gemini 12 Flown Fliteline Gold-Plated Sterling Silver Medallion.jpg,Tom.Reding,false,0,enwiki,2024-10-27 17:56:40
1833631611,Sohaemus of Emesa,Monkbot,true,1,enwiki,2024-10-27 17:56:56
1833631719,Pankaj Mithal,Jaywardhan009,false,32,enwiki,2024-10-27 17:57:13
1833631916,Talk:Chris O'Brien (baseball),Cewbot,true,-11,enwiki,2024-10-27 17:57:36
1833632010,Talk:Mika Oguma,Cewbot,true,8,enwiki,2024-10-27 17:57:51
1833631612,Talk:Namrata Purohit,Cewbot,true,18,enwiki,2024-10-27 17:56:57
1833631806,Antonio Maria Bordoni,Chris the speller,false,0,enwiki,2024-10-27 17:57:19
1833631915,File talk:Grand Central Station Main Concourse Jan 2006.jpg,Tom.Reding,false,0,enwiki,2024-10-27 17:57:37
1833632012,One Hour of Happiness,Monkbot,true,1,enwiki,2024-10-27 17:57:51
1833631613,File talk:Gemini 7 Flown Fliteline Gold-Plated Sterling Silver Medallion.jpg,Tom.Reding,false,0,enwiki,2024-10-27 17:56:58
1833631700,"File talk:George Catlin - Sha-c√≥-pay, The Six, Chief of the Plains Ojibwa - Google Art Project.jpg",Tom.Reding,false,0,enwiki,2024-10-27 17:57:12
1833631809,"Talk:Jefferson, Georgia",Raladic,false,133,enwiki,2024-10-27 17:57:19
1833631917,Nowy Tomy≈õl County,Monkbot,true,1,enwiki,2024-10-27 17:57:35
358019608,Mera,Fonero,false,606,dewiki,2024-10-27 17:57:52
1833631616,Draft:Murdena Marshall,Smallison,false,217,enwiki,2024-10-27 17:56:57
1833631810,2024‚Äì25 FC Karpaty Lviv season,Berkut88,false,0,enwiki,2024-10-27 17:57:16
1833632013,Death and state funeral of Chiang Kai-shek,Glide08,false,3,enwiki,2024-10-27 17:57:52
1833631704,Tonight a City Will Die,Monkbot,true,1,enwiki,2024-10-27 17:57:12
1833631812,Diction,Villaida,false,-20,enwiki,2024-10-27 17:57:19
1833631900,Shyriaieve,Ykvach,false,-4,enwiki,2024-10-27 17:57:33
358019601,Diskussion:Sonderkommando-Fotografien,Redrobsche,false,198,dewiki,2024-10-27 17:57:47
1833632018,Zayd ibn Thabit,Vif12vf,false,-67,enwiki,2024-10-27 17:57:51
1833631705,Amazing Race Suomi season 2,Xoruz,false,-5,enwiki,2024-10-27 17:57:12
1833631814,Andreas Mandelis,Monkbot,true,1,enwiki,2024-10-27 17:57:18
1833631901,Dafydd ap Gruffydd,Cltjames,false,-5,enwiki,2024-10-27 17:57:33
358019600,Ruprecht VI. (Nassau),R*elation,false,86,dewiki,2024-10-27 17:57:45
1833632019,Talk:Helena Blavatsky/Archive 1,Afernand74,false,9,enwiki,2024-10-27 17:57:52
1833631709,Template:2024‚Äì25 Serie C Group B table,Skyblueshaun,false,26,enwiki,2024-10-27 17:57:14
1833631815,Silver Fish Award,BJCHK,false,2,enwiki,2024-10-27 17:57:17
1833631903,Amina bint Wahb,Vif12vf,false,-25,enwiki,2024-10-27 17:57:32
1833632006,Zayd ibn Haritha al-Kalbi,Vif12vf,false,-49,enwiki,2024-10-27 17:57:47
1833631710,Transformers One,Russiaoniichan,false,0,enwiki,2024-10-27 17:57:10
1833631816,Talk:Hayato Onozuka,Cewbot,true,-11,enwiki,2024-10-27 17:57:21
1833631906,Dana J. Dykhouse Stadium,137.216.185.132,false,18,enwiki,2024-10-27 17:57:34
1833632007,Semmering railway,Monkbot,true,1,enwiki,2024-10-27 17:57:48
1833631711,Hinduism,Khassanu,false,0,enwiki,2024-10-27 17:56:48
1833631817,Beyk Pulad,Brightkingdom,false,140,enwiki,2024-10-27 17:57:21
1833631905,Budalin,KhantWiki,false,-22,enwiki,2024-10-27 17:57:33
1833632008,"File talk:Great Mosque of Central Java, aerial view.jpg",Tom.Reding,false,0,enwiki,2024-10-27 17:57:51
1833631718,Talk:Vanessa Pulgarin,Cewbot,true,-26,enwiki,2024-10-27 17:57:15
1833631912,N-sphere,2406:3003:2001:2ED3:4483:5942:DEF9:6AA2,false,-4,enwiki,2024-10-27 17:57:24
1833632009,Jen Bryant,RockRiverTree,false,2,enwiki,2024-10-27 17:57:50
1833632215,Pilecki Institute,Monkbot,true,1,enwiki,2024-10-27 17:58:26
1833632317,Oleh Honcharuk,Sam20020202,false,21,enwiki,2024-10-27 17:58:38
358019609,Benutzer:Mailtosap/Werkstatt,Mailtosap,false,348,dewiki,2024-10-27 17:57:54
358019613,Benutzer:Orci/Baustelle/SW,Orci,false,5386,dewiki,2024-10-27 17:58:02
1833632216,Category talk:Icelandic children's book illustrators,Simeon,false,83,enwiki,2024-10-27 17:58:26
1833632318,Talk:Li-Wei Qin,Cewbot,true,-1,enwiki,2024-10-27 17:58:42
358019612,Hans Toch,Phzh,false,16,dewiki,2024-10-27 17:58:02
1833632102,Talk:Hilda Peters,Cewbot,true,43,enwiki,2024-10-27 17:58:06
358019615,Thibau Nys,Rz98,false,625,dewiki,2024-10-27 17:58:10
1833632217,Derg,XTheBedrockX,false,15,enwiki,2024-10-27 17:58:22
1833632319,Bagiry,Monkbot,true,1,enwiki,2024-10-27 17:58:39
1833632103,MHacks,Cfls,false,52,enwiki,2024-10-27 17:58:06
1833632219,User talk:2409:4089:BD91:CE2B:0:0:2D0B:C513,AntiDionysius,false,326,enwiki,2024-10-27 17:58:28
1833632104,Category talk:Hungarian children's book illustrators,Simeon,false,111,enwiki,2024-10-27 17:58:06
1833632300,Talk:Tatiana Ovcinicova,Cewbot,true,19,enwiki,2024-10-27 17:58:39
358019614,Cecilia Scorza,Fiona B.,false,4,dewiki,2024-10-27 17:58:07
1833632200,Talk:Ulrika Persson,Cewbot,true,17,enwiki,2024-10-27 17:58:24
1833632301,File talk:Hakea epiglottis.jpg,Tom.Reding,false,0,enwiki,2024-10-27 17:58:40
1833632118,Eva Chantava,Monkbot,true,1,enwiki,2024-10-27 17:58:07
1833632201,Psychedelic soul,2603:300A:2335:2600:6DC8:B742:7BD8:532F,false,155,enwiki,2024-10-27 17:58:24
1833632302,Broadway Melody of 1940,Citation bot,true,19,enwiki,2024-10-27 17:58:40
1833632117,Victor Osimhen,FMSky,false,-4,enwiki,2024-10-27 17:58:01
1833632202,File talk:World Map (political).svg,Theanswertolifetheuniverseandeverything,false,1,enwiki,2024-10-27 17:58:26
1833632303,Category talk:Iranian children's book illustrators,Simeon,false,111,enwiki,2024-10-27 17:58:40
1833632119,"File talk:Guaruba guarouba -Gramado Zoo, Brazil-8a.jpg",Tom.Reding,false,0,enwiki,2024-10-27 17:58:08
358019616,Brunnenstein (Otterberg),AF666,false,56,dewiki,2024-10-27 17:58:11
358019618,Blamage,Klioj√ºnger,false,8,dewiki,2024-10-27 17:58:21
1833632209,Agapetus of the Kyiv Caves,BilletsMauves,false,-33,enwiki,2024-10-27 17:58:25
358019610,Wikipedia Diskussion:Wartungsbausteinwettbewerb/Herbst 2024,Mombacher,false,379,dewiki,2024-10-27 17:57:57
358019617,Wikipedia Diskussion:Hauptseite/Schon gewusst,Itti,false,181,dewiki,2024-10-27 17:58:12
1833632208,File talk:HR 8799 Orbiting Exoplanets.gif,Tom.Reding,false,0,enwiki,2024-10-27 17:58:26
1833632309,Lublin G≈Ç√≥wny railway station,BilletsMauves,false,-5,enwiki,2024-10-27 17:58:42
1833632400,User:Paul August/Eris (mythology),Paul August,false,486,enwiki,2024-10-27 17:58:52
1833632417,Christian supremacy,130.209.119.157,false,26,enwiki,2024-10-27 17:58:54
1833632616,Marquese Chriss,HanTs√Æ,false,45,enwiki,2024-10-27 17:59:27
1833632406,Iynx,Villaida,false,-23,enwiki,2024-10-27 17:58:51
1833632418,Perry Barr Stadium,ApricotFoot,false,297,enwiki,2024-10-27 17:58:54
1833632618,Talk:O Gwang-su,Cewbot,true,-15,enwiki,2024-10-27 17:59:30
1833632408,Virginia Minor,Chris Capoccia,false,-33,enwiki,2024-10-27 17:58:52
1833632409,SEAY,Alfshire,false,129,enwiki,2024-10-27 17:58:52
1833632500,Adam Knio≈Ça,KibolLP,false,1177,enwiki,2024-10-27 17:59:11
1833632619,Satres,Monkbot,true,3,enwiki,2024-10-27 17:59:29
1833632410,Kingdom of Mewar - Delhi Sultanate Conflict (1326 to 1518),Rawn3012,false,24,enwiki,2024-10-27 17:58:53
1833632601,Talk:Park Suk-young,Cewbot,true,-11,enwiki,2024-10-27 17:59:27
1833632501,"Abdullino, Ilishevsky District, Bashkortostan",Monkbot,true,2,enwiki,2024-10-27 17:59:12
1833632603,Miro≈°ov (Rokycany District),Monkbot,true,1,enwiki,2024-10-27 17:59:25
1833632411,Talk:Pussycat and the Dirty Johnsons,Cewbot,true,-12,enwiki,2024-10-27 17:58:54
1833632508,Abdelaziz Barrada,Unknown Temptation,false,458,enwiki,2024-10-27 17:59:13
1833632413,File talk:Harris & Ewing - Helena Hill Weed.jpg,Tom.Reding,false,-18,enwiki,2024-10-27 17:58:54
1833632509,List of pop-punk bands,142.59.75.73,false,408,enwiki,2024-10-27 17:59:07
1833632608,Draft:Anton Mazurov,ZIKZU,false,-82,enwiki,2024-10-27 17:59:28
1833632412,Montreal International Documentary Festival,Bearcat,false,4,enwiki,2024-10-27 17:58:54
1833632510,File talk:Heliopsis July 2011-2.jpg,Tom.Reding,false,0,enwiki,2024-10-27 17:59:15
1833632612,File talk:Hendrik Merkus Baron de Kock by Cornelis Kruseman.jpg,Tom.Reding,false,0,enwiki,2024-10-27 17:59:29
1833632511,Miss South Africa 2023,Mrcarillo,false,8,enwiki,2024-10-27 17:59:14
1833632613,User talk:RegentsPark,RegentsPark,false,944,enwiki,2024-10-27 17:59:29
1833632701,Abdelaziz Barrada,Unknown Temptation,false,-165,enwiki,2024-10-27 17:59:46
1833632712,Dafydd ap Gruffydd,Cltjames,false,77,enwiki,2024-10-27 17:59:48
1833632809,KRMS-LD,MasterControlMaster13,false,-3,enwiki,2024-10-27 18:00:02
1833632710,Jhelum District,SheriffIsInTown,false,-68,enwiki,2024-10-27 17:59:45
1833632704,2009 Indonesian Air Force L-100 crash,2601:547:CA01:A2A0:60DD:37F7:E203:1439,false,270,enwiki,2024-10-27 17:59:47
1833632716,File talk:Himantopus himantopus - Pak Thale.jpg,Tom.Reding,false,0,enwiki,2024-10-27 17:59:50
1833632812,Draft:HCP 123N,Ozzie10aaaa,false,-45,enwiki,2024-10-27 18:00:02
1833632705,Talk:Alan O'Neill (soccer),Cewbot,true,-6,enwiki,2024-10-27 17:59:48
1833632717,Kantemirovsky District,Monkbot,true,1,enwiki,2024-10-27 17:59:48
1833632813,Amaran (2024 film),2409:40F4:2048:977D:8000:0:0:0,false,531,enwiki,2024-10-27 18:00:00
1833632707,SEAY,Alfshire,false,0,enwiki,2024-10-27 17:59:47
1833632718,2013 Boston mayoral election,SecretName101,false,86,enwiki,2024-10-27 17:59:46
1833632814,Talk:Judith Pallar√©s i Cort√©s,Cewbot,true,-12,enwiki,2024-10-27 18:00:03
1833632706,LSD,88.67.145.66,false,-133,enwiki,2024-10-27 17:59:29
1833632815,"File talk:Hipop√≥tamo (Hippopotamus amphibius), parque nacional de Chobe, Botsuana, 2018-07-28, DD 82.jpg",Tom.Reding,false,0,enwiki,2024-10-27 18:00:04
1833632708,Memorial Address,SBelle90047,false,-19,enwiki,2024-10-27 17:59:47
1833632719,Rajpurohit,AntiDionysius,false,14473,enwiki,2024-10-27 17:59:49
1833632816,Draft:Seekest Thou the Road,Spiderpig662,false,45,enwiki,2024-10-27 18:00:03
1833632709,Shota Imanaga,Chewsterchew,false,593,enwiki,2024-10-27 17:59:47
1833632801,User:AmandaNP/UTRS Appeals,DeltaQuadBot,true,-254,enwiki,2024-10-27 18:00:02
1833632804,Wikipedia:Sandbox,Cyberbot I,true,-116,enwiki,2024-10-27 18:00:02
1833632700,File talk:Himalayan salt (coarse).jpg,Tom.Reding,false,-11,enwiki,2024-10-27 17:59:47
1833632711,Talk:Paul of Edessa (translator),Surayeproject3,false,120,enwiki,2024-10-27 17:59:50
1833632810,User:AmandaNP/UAA/Time,DeltaQuadBot,true,0,enwiki,2024-10-27 18:00:03
1833632908,Whiz Comics,Villaida,false,-17,enwiki,2024-10-27 18:00:23
1833633000,South Norwood,Gogshley26,false,-146,enwiki,2024-10-27 18:00:36
1833633109,Ibrahima Fall Faye,HanTs√Æ,false,-31,enwiki,2024-10-27 18:00:56
1833633002,Talk:Yuzuha Oda,Cewbot,true,-11,enwiki,2024-10-27 18:00:39
1833633019,2024 Oman Tri-Nation Series,2001:8F8:1361:554F:E9:263F:D5AF:B7A,false,-4,enwiki,2024-10-27 18:00:41
1833633110,File talk:House sparrow04.jpg,Tom.Reding,false,0,enwiki,2024-10-27 18:00:57
1833632912,Talk:Mardochee Nzita,Cewbot,true,-17,enwiki,2024-10-27 18:00:24
1833633006,Michael Geerts,2A02:810B:48C0:4828:CD99:3DE4:BCFA:FD3E,false,502,enwiki,2024-10-27 18:00:40
358019708,Perry Duke Maxwell,Phzh,false,0,dewiki,2024-10-27 18:00:51
1833633111,Talk:Peter Phillips (weightlifter),Cewbot,true,5,enwiki,2024-10-27 18:00:57
1833632911,Joanne Campbell,Victuallers,false,664,enwiki,2024-10-27 18:00:23
1833633007,The Hoosiers,FifthFive,false,-2777,enwiki,2024-10-27 18:00:39
358019705,Musikjahr 2005,Bernd Winnig,false,106,dewiki,2024-10-27 18:00:45
1833633112,2024 Japanese general election,Borgenland,false,252,enwiki,2024-10-27 18:00:54
1833632904,The Civil War (book series),2A02:A471:D91C:0:DEF:33F3:82B8:81C7,false,8,enwiki,2024-10-27 18:00:22
358019704,Wikipedia:Redaktion Film und Fernsehen/Glash√ºtte,IgorCalzone1,false,38,dewiki,2024-10-27 18:00:32
1833633009,Ond≈ôej Balv√≠n,HanTs√Æ,false,35,enwiki,2024-10-27 18:00:40
1833633113,Stanovice (Trutnov District),Monkbot,true,1,enwiki,2024-10-27 18:00:55
1833632905,National Socialist People's Welfare,Monkbot,true,1,enwiki,2024-10-27 18:00:20
1833632916,Sejm Constituency no. 26,Monkbot,true,1,enwiki,2024-10-27 18:00:24
358019700,Vorlage:Revert-Statistik,Revert-Statistik,true,0,dewiki,2024-10-27 18:00:31
1833633008,User:Letitia Martin/sandbox,Letitia Martin,false,-222,enwiki,2024-10-27 18:00:41
358019711,Kasseler Schlagd,Vonneguts M.A.S.H.,false,31,dewiki,2024-10-27 18:00:59
358019715,Sperrminorit√§t,Invisigoth67,false,0,dewiki,2024-10-27 18:01:05
1833632902,Wojciech Szczƒôsny,FMSky,false,0,enwiki,2024-10-27 18:00:17
1833633014,Talk:Igor Novakoviƒá,Cewbot,true,-18,enwiki,2024-10-27 18:00:42
1833633100,B√©darieux,Monkbot,true,1,enwiki,2024-10-27 18:00:51
1833633116,Pressure vessel,Pbsouthwood,false,23,enwiki,2024-10-27 18:00:55
358019714,Thesing,Der.Traeumer,false,-243,dewiki,2024-10-27 18:01:01
1833632906,MHacks,Cfls,false,64,enwiki,2024-10-27 18:00:23
1833633015,"Vira, Ari√®ge",Monkbot,true,1,enwiki,2024-10-27 18:00:40
1833633101,Talk:Neville Pery,Cewbot,true,-2,enwiki,2024-10-27 18:00:54
1833633117,B√ºchel Air Base,Toandanel49,false,233,enwiki,2024-10-27 18:00:57
1833632907,M√©tro L√©ger de Charleroi,Anna Catarina,false,181,enwiki,2024-10-27 18:00:22
1833633017,Ben Sheaf,2A02:C7C:9240:BC00:4183:5EC0:484C:6101,false,0,enwiki,2024-10-27 18:00:40
1833633104,Template:Israel‚ÄìHamas war infobox,Pachu Kannan,false,0,enwiki,2024-10-27 18:00:51
358019712,Diskussion:Systemkamera,Elrond,false,804,dewiki,2024-10-27 18:00:59
1833633016,File talk:Hope Bay-2016-Trinity Peninsula‚ÄìEsperanza Station 02.jpg,Tom.Reding,false,-10,enwiki,2024-10-27 18:00:43
358019709,Eva In√©s Obergfell,Fritz Krischen,false,-49,dewiki,2024-10-27 18:00:52
1833633108,Princess Charlotte of Wales (born 2015),DrKay,false,-12,enwiki,2024-10-27 18:00:55
358019716,Dzikowiec (Nowa Ruda),Wietek,false,-2,dewiki,2024-10-27 18:01:10
1833633213,Sridevi Vijaykumar,Kolya75Media,false,0,enwiki,2024-10-27 18:01:14
1833633310,2024 Wisconsin Badgers football team,ToTheMoonAndBack23,false,16,enwiki,2024-10-27 18:01:29
358019717,Cecilia Scorza,Fiona B.,false,332,dewiki,2024-10-27 18:01:12
1833633214,Talk:Park Jong-gil,Cewbot,true,-4,enwiki,2024-10-27 18:01:15
1833633200,Edinburgh derby,49.157.61.205,false,-77,enwiki,2024-10-27 18:01:10
1833633215,Draft:HCP 123N,Ozzie10aaaa,false,-60,enwiki,2024-10-27 18:01:15
1833633302,Earl Carroll Vanities (film),Citation bot,true,-17,enwiki,2024-10-27 18:01:29
1833633201,Talk:Bakhtiyar Nurullayev,Cewbot,true,-2,enwiki,2024-10-27 18:01:12
1833633301,Ben Sheaf,2A02:C7C:9240:BC00:4183:5EC0:484C:6101,false,0,enwiki,2024-10-27 18:01:27
358019718,Universit√§t der Vereinten Nationen,Neutronstar2,false,-61,dewiki,2024-10-27 18:01:13
1833633305,Talk:Poe Ei Ei Khant,Cewbot,true,10,enwiki,2024-10-27 18:01:30
1833633317,Talk:Shenieka Paul,Cewbot,true,11,enwiki,2024-10-27 18:01:33
358019719,Liste der h√∂chsten Hochh√§user der Welt,Afus199620,false,9,dewiki,2024-10-27 18:01:12
1833633306,Mara√±√≥n gnatcatcher,Aa77zz,false,0,enwiki,2024-10-27 18:01:30
1833633401,Volume (bibliography),Villaida,false,-18,enwiki,2024-10-27 18:01:52
1833633204,User:EEHalli/Josina Margareta Weenix,EEHalli,false,-86,enwiki,2024-10-27 18:01:14
1833633304,Wikipedia:Administrators' noticeboard/Edit warring,Brotherbenz,false,1976,enwiki,2024-10-27 18:01:28
1833633318,Lippincott Williams & Wilkins,Villaida,false,-30,enwiki,2024-10-27 18:01:33
1833633402,The Frisians,Monkbot,true,2,enwiki,2024-10-27 18:01:52
1833633208,File talk:Hyperion false color.jpg,Tom.Reding,false,0,enwiki,2024-10-27 18:01:14
1833633308,Mikro Monastiri,Monkbot,true,1,enwiki,2024-10-27 18:01:30
1833633319,De Vere Mews,Kafash 1989,false,44,enwiki,2024-10-27 18:01:34
1833633209,In Search of the Castaways (film),Citation bot,true,-25,enwiki,2024-10-27 18:01:13
1833633309,File talk:Iapetus mountains Larger.jpg,Tom.Reding,false,0,enwiki,2024-10-27 18:01:32
1833633211,Category talk:Lithuanian children's book illustrators,Simeon,false,133,enwiki,2024-10-27 18:01:14
1833633404,INDER,Killarnee,false,52,enwiki,2024-10-27 18:01:54
1833633405,Talk:Bilyana Pencheva,Cewbot,true,-17,enwiki,2024-10-27 18:01:54
1833633407,Draft:HCP 123N,Ozzie10aaaa,false,-36,enwiki,2024-10-27 18:01:54
1833633411,Josip Broz Tito,2601:243:1A00:4510:A9B6:1E49:B975:2C40,false,5,enwiki,2024-10-27 18:01:37
1833633500,Talk:Joanne Campbell,Victuallers,false,2,enwiki,2024-10-27 18:02:17
1833633413,MTX (automobile),Mr.choppers,false,5,enwiki,2024-10-27 18:01:55
1833633501,Chevrolet 2300 engine,Kumboloi,false,0,enwiki,2024-10-27 18:02:17
1833633417,File talk:Image-Grand central Station Outside Night 2.jpg,Tom.Reding,false,-9,enwiki,2024-10-27 18:01:56
1833633502,File talk:Inside Ngorongoro crater.jpg,Tom.Reding,false,0,enwiki,2024-10-27 18:02:17
1833633418,Ernestinovo,Monkbot,true,2,enwiki,2024-10-27 18:01:55
1833633513,Talk:Robin O'Connor,Cewbot,true,11,enwiki,2024-10-27 18:02:18
1833633519,2013 Boston mayoral election,SecretName101,false,4,enwiki,2024-10-27 18:02:16
1833633608,Chris Dixon (American football),MarqueesCalaway,false,0,enwiki,2024-10-27 18:02:36
1833633805,User:Kxlesnyder/sandbox,Kxlesnyder,false,41,enwiki,2024-10-27 18:03:11
1833633818,File talk:Jerusalem-2013(2)-Aerial-Temple Mount-(south exposure).jpg,Tom.Reding,false,0,enwiki,2024-10-27 18:03:17
1833633609,Talk:Dolgor Puntsag,Cewbot,true,-8,enwiki,2024-10-27 18:02:36
1833633817,User talk:Nate-Dawg921,Sergecross73,false,540,enwiki,2024-10-27 18:03:16
1833633612,Basirpur,203.128.18.126,false,13,enwiki,2024-10-27 18:02:36
1833633706,2024‚Äì25 Crystal Palace F.C. season,Alexthebat901,false,365,enwiki,2024-10-27 18:02:49
1833633809,Marcus LoVett Jr.,HanTs√Æ,false,38,enwiki,2024-10-27 18:03:14
358019800,Benutzer:Robertk9410/Artikelentwurf5,Robertk9410,false,4,dewiki,2024-10-27 18:03:18
1833633613,Anuradhapura kingdom,2600:1700:F90:AA60:D162:EA63:3936:8231,false,-18,enwiki,2024-10-27 18:02:30
1833633710,2024‚Äì25 Czech First League,Skyblueshaun,false,15,enwiki,2024-10-27 18:02:52
1833633811,Talk:Lalchhandama Ralte,Cewbot,true,-12,enwiki,2024-10-27 18:03:15
358019801,Lahnf√§hre Dietkirchen,Vonneguts M.A.S.H.,false,-35,dewiki,2024-10-27 18:03:22
1833633614,Wikipedia:WikiProject Articles for creation/Help desk,J√©sk√© Couriano,false,415,enwiki,2024-10-27 18:02:29
1833633711,Robert S√°nchez,GiantSnowman,false,0,enwiki,2024-10-27 18:02:51
1833633615,Bitwise operation,61.3.90.185,false,-1,enwiki,2024-10-27 18:02:37
1833633712,Talk:John Phillips (fl. 1570‚Äì1591),Cewbot,true,-15,enwiki,2024-10-27 18:02:54
1833633812,Preyssac-d'Excideuil,Monkbot,true,1,enwiki,2024-10-27 18:03:13
1833633617,Mannheim Palace,Monkbot,true,1,enwiki,2024-10-27 18:02:36
1833633713,Weil der Stadt station,Monkbot,true,1,enwiki,2024-10-27 18:02:53
1833633619,The Hoosiers discography,"Irwin Sparkes, Alan Sharland and Leighton Allen",false,-42,enwiki,2024-10-27 18:02:37
1833633719,File talk:James's Flamingo mating ritual.jpg,Tom.Reding,false,0,enwiki,2024-10-27 18:02:56
1833633800,File talk:Jerusalem Railway Station2.jpg,Tom.Reding,false,-18,enwiki,2024-10-27 18:03:14
1833633813,Dhoom (franchise),Arjayay,false,-410,enwiki,2024-10-27 18:03:15
358019803,Wikipedia:L√∂schkandidaten/22. Oktober 2024,Der gut zu tanzen wei√ü,false,4,dewiki,2024-10-27 18:03:21
1833633804,Draft:BecomingX,Projectoverland,false,-204,enwiki,2024-10-27 18:03:13
1833633814,Category talk:Mexican children's book illustrators,Simeon,false,128,enwiki,2024-10-27 18:03:15
1833633911,Legislative Assembly of the Jewish Autonomous Oblast,Monkbot,true,2,enwiki,2024-10-27 18:03:33
1833634013,V Jump,Xfansd,false,5,enwiki,2024-10-27 18:03:50
358019804,Ernst Christoph Suttner,Docmo,false,-11,dewiki,2024-10-27 18:03:27
1833633901,"File talk:John's Lane Church Exterior, Dublin, Ireland - Diliff.jpg",Tom.Reding,false,-18,enwiki,2024-10-27 18:03:31
1833633913,Orbit Books,Villaida,false,-22,enwiki,2024-10-27 18:03:33
1833634015,"File talk:Kalasan Temple from the north-east, 23 November 2013.jpg",Tom.Reding,false,0,enwiki,2024-10-27 18:03:52
1833633900,"Polykarpi, Kastoria",Monkbot,true,1,enwiki,2024-10-27 18:03:29
1833633914,File talk:Joshua tree keys view pano more vertical.jpg,Tom.Reding,false,0,enwiki,2024-10-27 18:03:35
358019809,Laurel und Hardy: Die Teufelsbr√ºder,Balham Bongos,false,-34,dewiki,2024-10-27 18:03:38
358019814,M√ÅV-Baureihe 390,Hattori 15,false,156,dewiki,2024-10-27 18:03:43
1833634000,Andillac,Monkbot,true,1,enwiki,2024-10-27 18:03:46
1833634017,Illinois Route 116,208.59.242.53,false,74,enwiki,2024-10-27 18:03:50
358019806,Ste-Trinit√© (Anzy-le-Duc),Fulcher de Susato,false,-56,dewiki,2024-10-27 18:03:29
358019807,Manfried Weber,Miriquidus0980,false,117,dewiki,2024-10-27 18:03:32
1833633918,TV9 (Malaysian TV network),Dzulfi Ramadhan,false,-14,enwiki,2024-10-27 18:03:32
358019813,Ivan Softa,H.Parai,false,-2,dewiki,2024-10-27 18:03:39
1833634002,Chevrolet 2300 engine,Kumboloi,false,-18,enwiki,2024-10-27 18:03:49
1833633903,Georgetown University,Revirvlkodlaku,false,4,enwiki,2024-10-27 18:03:23
1833634009,Chris Dixon (American football),MarqueesCalaway,false,-1,enwiki,2024-10-27 18:03:50
1833633904,Wikipedia:Administrator intervention against vandalism,Kolano123,false,442,enwiki,2024-10-27 18:03:32
358019816,U-17-Fu√üball-Asienmeisterschaft 2025/Qualifikation,Serienfan2010,false,2,dewiki,2024-10-27 18:03:42
1833633906,Stephen Dartnell,Spectritus,false,181,enwiki,2024-10-27 18:03:33
358019817,Asynchrone Daten√ºbertragung,Acky69,false,32,dewiki,2024-10-27 18:03:44
1833633907,Talk:Matsyarasa Visweswara Raju,Cewbot,true,-11,enwiki,2024-10-27 18:03:33
358019812,Nitro (Six Flags Great Adventure),2001:16B8:BAB1:2E00:B0CE:76B3:2C32:3DF,false,172,dewiki,2024-10-27 18:03:38
358019818,Lahnf√§hre Weilburg,Vonneguts M.A.S.H.,false,-35,dewiki,2024-10-27 18:03:45
1833634010,Las tandas del principal,Lord Cornwallis,false,4,enwiki,2024-10-27 18:03:51
1833633908,Kievan Rus',Nederlandse Leeuw,false,31,enwiki,2024-10-27 18:03:28
358019819,Ernst Christoph Suttner,Docmo,false,-1,dewiki,2024-10-27 18:03:44
1833634011,Talk:Foxo Shipping Company,169.224.2.25,false,299,enwiki,2024-10-27 18:03:51
1833633910,Mi querido capit√°n,Lord Cornwallis,false,4,enwiki,2024-10-27 18:03:34
358019808,Feevispa,McBayne,false,1622,dewiki,2024-10-27 18:03:36
1833634012,Draft talk:Henri Sauveur,Cewbot,true,-39,enwiki,2024-10-27 18:03:51
1833634112,List of political families,Braganza,false,593,enwiki,2024-10-27 18:04:06
1833634205,File:Serge Teaching.JPG,Mattbr,false,-6,enwiki,2024-10-27 18:04:29
1833634316,File talk:Lama glama Laguna Colorada 2.jpg,Tom.Reding,false,-11,enwiki,2024-10-27 18:04:45
1833634114,Talk:Mike Schlossberg,Cewbot,true,1,enwiki,2024-10-27 18:04:12
1833634207,User talk:Evelyn Frances Gil,Mattbr,false,2576,enwiki,2024-10-27 18:04:29
1833634119,File talk:Kumquat from Spain.jpg,Tom.Reding,false,-20,enwiki,2024-10-27 18:04:13
1833634214,Giorgos Koltzos,Monkbot,true,1,enwiki,2024-10-27 18:04:29
1833634301,Wikipedia:New pages patrol/Reports/Easy reviews,SDZeroBot,true,-154,enwiki,2024-10-27 18:04:40
1833634215,2024 Maharashtra Legislative Assembly election,103.182.196.248,false,63,enwiki,2024-10-27 18:04:17
1833634305,Talk:Reuben and the Dark,Cewbot,true,-9,enwiki,2024-10-27 18:04:42
1833634101,"First Presbyterian Church (Galveston, Texas)",Oldsanfelipe2,false,219,enwiki,2024-10-27 18:04:10
1833634216,Talk:Abdulfattah Sharaf,Cewbot,true,-19,enwiki,2024-10-27 18:04:30
1833634303,Taeil (singer),Frost,false,57,enwiki,2024-10-27 18:04:39
1833634102,K√≥rnik Castle,Monkbot,true,1,enwiki,2024-10-27 18:04:09
1833634200,Talk:Sigurbergur Sveinsson,Cewbot,true,-8,enwiki,2024-10-27 18:04:27
1833634217,2024‚Äì25 Premier League,Alibene567,false,29,enwiki,2024-10-27 18:04:24
1833634304,Salmeniko Castle,Monkbot,true,1,enwiki,2024-10-27 18:04:42
1833634103,User:Samiggles/sandbox,CactusWriter,false,10,enwiki,2024-10-27 18:04:09
1833634201,√Ångel Rodado,147.161.167.26,false,0,enwiki,2024-10-27 18:04:27
1833634218,File talk:Lagu Kenangan (1953; obverse).jpg,Tom.Reding,false,0,enwiki,2024-10-27 18:04:31
1833634309,Erik ten Hag,Saintandy7,false,0,enwiki,2024-10-27 18:04:38
1833634113,Physical hazard,HertzDonuts,false,47,enwiki,2024-10-27 18:04:11
1833634204,Saint-Gen√®s-Champanelle,Monkbot,true,1,enwiki,2024-10-27 18:04:26
1833634310,Wikipedia:New pages patrol/Reports/Easy reviews,SDZeroBot,true,0,enwiki,2024-10-27 18:04:42
1833634400,Legislative Assembly of Krasnoyarsk Krai,Monkbot,true,1,enwiki,2024-10-27 18:04:54
1833634414,Talk:Michael J. Sailor,Cewbot,true,-18,enwiki,2024-10-27 18:05:00
1833634508,Amatsu-Mikaboshi,Villaida,false,-22,enwiki,2024-10-27 18:05:16
1833634612,Robert Lewandowski,FMSky,false,-108,enwiki,2024-10-27 18:05:19
1833634413,Wikipedia talk:Administrator elections,50.223.140.130,false,479,enwiki,2024-10-27 18:04:57
1833634510,User:Rhian07na/Solid lipid nanoparticle,TomathanChem,false,11,enwiki,2024-10-27 18:05:17
1833634601,Faissal El Bakhtaoui,RossBFD,false,0,enwiki,2024-10-27 18:05:28
1833634401,2024 Turkish Aerospace Industries headquarters attack,Borgenland,false,453,enwiki,2024-10-27 18:04:56
1833634603,2024 League of Legends World Championship,2001:EE0:4041:B2D5:71B9:3D9A:543C:6A60,false,5,enwiki,2024-10-27 18:05:28
1833634613,Talk:Margareta Svensson Riggs,Cewbot,true,-11,enwiki,2024-10-27 18:05:33
1833634402,Talk:Agustina Casas Sere-Leguizamon,Cewbot,true,-12,enwiki,2024-10-27 18:04:57
1833634417,School breakfast club,Tad Lincoln,false,0,enwiki,2024-10-27 18:05:00
1833634511,Let's Scare Jessica to Death,Msact,false,702,enwiki,2024-10-27 18:05:16
1833634602,File talk:Leucanthemum vulgare 'Filigran' Flower 2200px.jpg,Tom.Reding,false,0,enwiki,2024-10-27 18:05:30
1833634614,Photini Tzavela,Monkbot,true,1,enwiki,2024-10-27 18:05:33
1833634403,User talk:2409:40D4:2006:9F21:4974:DC65:BE4D:B05A,AntiDionysius,false,546,enwiki,2024-10-27 18:04:59
1833634418,National Security Service (Greece),Monkbot,true,1,enwiki,2024-10-27 18:05:01
1833634513,Corner Stop,Lord Cornwallis,false,4,enwiki,2024-10-27 18:05:18
1833634604,Talk:Red (rapper),Cewbot,true,-15,enwiki,2024-10-27 18:05:30
1833634617,File talk:Leucippus fallax.jpg,Tom.Reding,false,0,enwiki,2024-10-27 18:05:34
1833634410,"Roche, Cornwall",Calc-flinta,false,272,enwiki,2024-10-27 18:04:58
1833634500,Talk:Skrip (rapper),Cewbot,true,-13,enwiki,2024-10-27 18:05:15
1833634514,Yuliya Pakhalina,Monkbot,true,1,enwiki,2024-10-27 18:05:16
1833634615,124th Ohio Infantry Regiment,Wham2001,false,-52,enwiki,2024-10-27 18:05:32
1833634409,File talk:Larus pacificus Bruny Island.jpg,Tom.Reding,false,0,enwiki,2024-10-27 18:04:59
1833634501,The New Wave of Standup,2A0A:EF40:EBC:2901:200D:6AD8:C51A:584F,false,27,enwiki,2024-10-27 18:05:16
1833634515,Talk:Paula Schneider,Cewbot,true,-11,enwiki,2024-10-27 18:05:18
1833634411,Vasilios Papadopoulos,Monkbot,true,1,enwiki,2024-10-27 18:04:58
1833634503,Ira Mukhoty,DEFCON5,false,597,enwiki,2024-10-27 18:05:15
1833634517,User talk:Samiggles,CactusWriter,false,1972,enwiki,2024-10-27 18:05:19
1833634607,"Anargyroi, Florina",Monkbot,true,1,enwiki,2024-10-27 18:05:30
1833634502,File talk:Lens aperture side.jpg,Tom.Reding,false,-1,enwiki,2024-10-27 18:05:16
1833634504,Physical hazard,HertzDonuts,false,0,enwiki,2024-10-27 18:05:16
1833634519,2024‚Äì25 Nemzeti Bajnoks√°g I,Skyblueshaun,false,31,enwiki,2024-10-27 18:05:17
1833634611,Imaan Sulaiman-Ibrahim,105.112.126.54,false,-971,enwiki,2024-10-27 18:05:32
1833634703,Manuscripts of Dv≈Ør Kr√°lov√© and Zelen√° Hora,Monkbot,true,2,enwiki,2024-10-27 18:05:51
358019903,Fado,77.179.181.78,false,16,dewiki,2024-10-27 18:06:10
1833634805,Talk:Ate-Oh-Ate,Another Believer,false,14,enwiki,2024-10-27 18:06:13
1833634904,File talk:Long-billed Corella.jpg,Tom.Reding,false,0,enwiki,2024-10-27 18:06:30
1833634704,List of horror films of 2022,Theys York,false,170,enwiki,2024-10-27 18:05:50
1833634804,Bielitz District,Monkbot,true,2,enwiki,2024-10-27 18:06:13
358019912,Chibuike Nwaiwu,XaviYuahanda,false,0,dewiki,2024-10-27 18:06:19
358019914,Patrick Burghardt,Miriquidus0980,false,120,dewiki,2024-10-27 18:06:21
358019918,Benutzer:Peerse/Shen Jiawei,Peerse,false,259,dewiki,2024-10-27 18:06:27
1833634905,List of accidents and incidents involving airliners in the United States,Smokymcpie001,false,93,enwiki,2024-10-27 18:06:26
1833634705,2024 Wisconsin Badgers football team,ToTheMoonAndBack23,false,241,enwiki,2024-10-27 18:05:52
358019907,"M√ÅV-Baureihe 330,9",Hattori 15,false,156,dewiki,2024-10-27 18:06:14
358019917,Nekrolog 1903,Silewe,false,90,dewiki,2024-10-27 18:06:21
358019919,Adis Jasic,XaviYuahanda,false,0,dewiki,2024-10-27 18:06:27
1833634906,Talk:Constantine Roussos,Cewbot,true,0,enwiki,2024-10-27 18:06:30
1833634708,Hector Tyndale,Dwkaminski,false,15,enwiki,2024-10-27 18:05:54
358019900,Lexus GB Pro-Series Glasgow 2024,Tosinban,false,56,dewiki,2024-10-27 18:06:06
1833634812,Talk:Artur Rogowski,Cewbot,true,5,enwiki,2024-10-27 18:06:15
358019915,Diskussion:Siegfried Unseld,FDG,false,457,dewiki,2024-10-27 18:06:22
1833634908,Rangiya,SpeedyBlaster,false,140,enwiki,2024-10-27 18:06:28
1833634710,Talk:Donald Karl Schott,Cewbot,true,-43,enwiki,2024-10-27 18:05:54
358019909,Wikipedia:L√∂schkandidaten/23. Oktober 2024,Gm√ºnder,false,159,dewiki,2024-10-27 18:06:13
1833634909,My≈õlib√≥rz County,Monkbot,true,1,enwiki,2024-10-27 18:06:30
1833634711,User:Aristorkle/sandbox/Zamboanga Basilan Sulu Tawi-Tawi Association of Private Schools,Aristorkle,false,4,enwiki,2024-10-27 18:05:54
358019901,Dejan Zukiƒá,XaviYuahanda,false,0,dewiki,2024-10-27 18:06:09
1833634814,File talk:Lion (Panthera leo) old male Chobe.jpg,Tom.Reding,false,0,enwiki,2024-10-27 18:06:16
358019913,Fado,Der.Traeumer,false,-16,dewiki,2024-10-27 18:06:19
1833634915,Cognitive Warfare,Swatjester,false,-26548,enwiki,2024-10-27 18:06:32
1833634712,File talk:Lilac-breasted roller (Coracias caudatus caudatus) Botswana (cropped).jpg,Tom.Reding,false,0,enwiki,2024-10-27 18:05:55
358019905,"M√ÅV-Baureihe 330,3",Hattori 15,false,156,dewiki,2024-10-27 18:06:12
1833634815,Winter time,Eurohunter,false,7,enwiki,2024-10-27 18:06:17
1833634917,Ted 2,TTTEMLPBrony,false,-19,enwiki,2024-10-27 18:06:31
1833634713,Template:Sticky header/testcases,Jroberson108,false,1339,enwiki,2024-10-27 18:05:55
1833634801,Talk:Antoine Saade,Cewbot,true,5,enwiki,2024-10-27 18:06:12
358019916,Alfred Herrhausen,Silber≈°tejn,false,15,dewiki,2024-10-27 18:06:19
1833634715,Captain Battle,Villaida,false,-42,enwiki,2024-10-27 18:05:54
1833634800,File talk:Lily Lilium 'Citronella' Flower.jpg,Tom.Reding,false,0,enwiki,2024-10-27 18:06:13
1833634714,List of Manchester United F.C. players (25‚Äì99 appearances),MAINEiac4434,false,-593,enwiki,2024-10-27 18:05:44
358019902,Gisela May,2003:E5:FF1F:D500:407C:6C62:1939:484,false,2,dewiki,2024-10-27 18:06:08
1833634802,Cassini‚ÄìHuygens,Titan(moon)003,false,-1356,enwiki,2024-10-27 18:06:03
1833634903,Greece women's national cricket team,Bs1jac,false,0,enwiki,2024-10-27 18:06:29
1833634918,Talk:Maciej Rayzacher,Cewbot,true,-11,enwiki,2024-10-27 18:06:33
1833635011,Talk:Marc Roca (footballer),Cewbot,true,7,enwiki,2024-10-27 18:06:48
1833635106,Associate international cricket in 2024‚Äì25,2001:8F8:1361:554F:E9:263F:D5AF:B7A,false,0,enwiki,2024-10-27 18:06:55
1833634919,"File talk:Long-billed curlew at Drakes Beach, Point Reyes.jpg",Tom.Reding,false,-1,enwiki,2024-10-27 18:06:34
1833635012,SMU Mustangs men's soccer,Fma12,false,2,enwiki,2024-10-27 18:06:48
1833635107,Talk:Kaspars Roga,Cewbot,true,1,enwiki,2024-10-27 18:07:03
1833635013,Tad (band),Freewheeling frankie,false,1,enwiki,2024-10-27 18:06:49
1833635109,David Harris (American actor),Jkaharper,false,27,enwiki,2024-10-27 18:07:04
1833635014,User:Rhian07na/Solid lipid nanoparticle,TomathanChem,false,-7,enwiki,2024-10-27 18:06:50
1833635108,Wikipedia:Administrator intervention against vandalism,HBC AIV helperbot14,true,-174,enwiki,2024-10-27 18:07:03
1833635110,Beyblade Burst,112.204.132.247,false,0,enwiki,2024-10-27 18:07:01
1833635001,Malachi Boateng,RossBFD,false,-6,enwiki,2024-10-27 18:06:46
1833635019,Uro≈° Stojanov,Caber33,false,5,enwiki,2024-10-27 18:06:50
1833635111,Charlton Athletic F.C. Under-23s and Academy,SKennedy157,false,0,enwiki,2024-10-27 18:07:02
1833635004,File talk:Luculia gratissima.jpg,Tom.Reding,false,0,enwiki,2024-10-27 18:06:48
1833635003,Upyna,Monkbot,true,1,enwiki,2024-10-27 18:06:45
1833635116,Ihor Sorkin,Sam20020202,false,87,enwiki,2024-10-27 18:07:03
1833635008,124th Ohio Infantry Regiment,Wham2001,false,2,enwiki,2024-10-27 18:06:47
1833635103,Transaxle,Mr.choppers,false,-56,enwiki,2024-10-27 18:07:02
1833635117,File talk:Luscinia sibilans - Khao Yai.jpg,Tom.Reding,false,0,enwiki,2024-10-27 18:07:05
1833635010,Danny Ings,Enricoashton,false,-2,enwiki,2024-10-27 18:06:44
1833635105,"Yegorov, Kursk Oblast",Monkbot,true,1,enwiki,2024-10-27 18:07:01
1833635119,Chemtrail conspiracy theory,Canterbury Tail,false,-13,enwiki,2024-10-27 18:07:03
1833635200,You're a Sweetheart,Citation bot,true,21,enwiki,2024-10-27 18:07:20
1833635202,Heyday Films,Belbury,false,-28,enwiki,2024-10-27 18:07:20
1833635211,Capara√≥ Guerrilla,JJUPLOADS22,false,9,enwiki,2024-10-27 18:07:23
1833635303,Category talk:Spanish children's book illustrators,Simeon,false,133,enwiki,2024-10-27 18:07:37
1833635413,File talk:Magpie Goose taking off.jpg,Tom.Reding,false,0,enwiki,2024-10-27 18:07:54
1833635508,Talk:Buhle Samuels,Cewbot,true,-20,enwiki,2024-10-27 18:08:10
1833635203,Talk:Ingrid St-Pierre,Cewbot,true,-11,enwiki,2024-10-27 18:07:22
1833635212,Boron,Evgeny,false,22,enwiki,2024-10-27 18:07:17
1833635307,Moonlight and Pretzels,Citation bot,true,-5,enwiki,2024-10-27 18:07:38
1833635415,Talk:Katherine Read (swimmer),Cewbot,true,-7,enwiki,2024-10-27 18:07:55
1833635605,Talk:Yuri Shivkar,Cewbot,true,-55,enwiki,2024-10-27 18:08:25
1833635204,User:GiantSnowman/Finley Thorndike,GiantSnowman,false,0,enwiki,2024-10-27 18:07:22
1833635306,Salmon problem,Toweli,false,-2,enwiki,2024-10-27 18:07:37
1833635417,Krasny Yurok,Monkbot,true,1,enwiki,2024-10-27 18:07:53
1833635509,Ottokar Czernin,Monkbot,true,4,enwiki,2024-10-27 18:08:08
1833635606,User:Ozzie10aaaa/AfC log,Ozzie10aaaa,false,94,enwiki,2024-10-27 18:08:23
1833635219,Twice,RDWolfgang,false,-2,enwiki,2024-10-27 18:07:13
1833635308,User talk:Antigonos987,FireflyBot,true,860,enwiki,2024-10-27 18:07:39
1833635400,"Sainte-Gemme, Gers",Monkbot,true,1,enwiki,2024-10-27 18:07:49
1833635418,Marko Topo,BundesBerti,false,212,enwiki,2024-10-27 18:07:55
1833635607,Wikipedia:Reference desk/Entertainment,31.96.49.117,false,1722,enwiki,2024-10-27 18:08:24
1833635206,Greece women's national cricket team,Bs1jac,false,0,enwiki,2024-10-27 18:07:21
1833635309,Wikipedia:Requested moves/Current discussions (alt),RMCD bot,true,-432,enwiki,2024-10-27 18:07:35
1833635501,File talk:Mammillaria spinosissima by RO.jpg,Tom.Reding,false,0,enwiki,2024-10-27 18:08:08
1833635512,Talk:Grimace,88.97.226.244,false,4,enwiki,2024-10-27 18:08:11
1833635207,File talk:MSM sunset 02.JPG,Tom.Reding,false,0,enwiki,2024-10-27 18:07:23
1833635310,Wikipedia:Requested moves/Current discussions (table),RMCD bot,true,-219,enwiki,2024-10-27 18:07:37
1833635404,North Campus,Cfls,false,65,enwiki,2024-10-27 18:07:53
1833635504,Bulgaria women's national cricket team,Bs1jac,false,0,enwiki,2024-10-27 18:08:08
1833635511,Laurance Roman,103.140.87.243,false,61,enwiki,2024-10-27 18:08:09
1833635205,Physical hazard,HertzDonuts,false,-6,enwiki,2024-10-27 18:07:21
1833635313,Mallory Bechtel,BikBos66,false,18,enwiki,2024-10-27 18:07:38
1833635409,Levant (wind),Deeday-UK,false,-68,enwiki,2024-10-27 18:07:53
1833635503,Capara√≥ Guerrilla,JJUPLOADS22,false,-9,enwiki,2024-10-27 18:08:08
1833635208,2024‚Äì25 Nemzeti Bajnoks√°g II,Skyblueshaun,false,26,enwiki,2024-10-27 18:07:22
1833635410,Joker: Folie √† Deux,MikeAllen,false,-10,enwiki,2024-10-27 18:07:47
1833635506,Georges Mikautadze,Sinbabad,false,0,enwiki,2024-10-27 18:08:06
1833635513,User talk:Oliwiasocz,Ozzie10aaaa,false,439,enwiki,2024-10-27 18:08:00
1833635209,"St Mary's School, Waverley",Sikander,false,42,enwiki,2024-10-27 18:07:21
1833635411,User:Aedis1,Aedis1,false,49,enwiki,2024-10-27 18:07:53
1833635514,User:Yerevantsi/sandbox/Opera,Yerevantsi,false,45,enwiki,2024-10-27 18:08:11
1833635210,Wikipedia:Usernames for administrator attention/Bot,HBC AIV helperbot14,true,-391,enwiki,2024-10-27 18:07:23
1833635300,Nikos Barboudis,Monkbot,true,1,enwiki,2024-10-27 18:07:36
1833635507,Felipe Meligeni Alves,2A02:810B:48C0:4828:CD99:3DE4:BCFA:FD3E,false,570,enwiki,2024-10-27 18:08:08
1833635518,File talk:Mango fruit Nam Dok Mai.jpg,Tom.Reding,false,0,enwiki,2024-10-27 18:08:12
1833635704,ROG Phone 8,BD2412,false,-2,enwiki,2024-10-27 18:08:42
1833635804,Sergey Frantsev,Monkbot,true,1,enwiki,2024-10-27 18:08:58
1833635818,Red One (film),Seinfeld429,false,9,enwiki,2024-10-27 18:09:00
1833635903,The Times of India,Wham2001,false,-336,enwiki,2024-10-27 18:09:15
358020009,Benutzer:Willibaldus/Karl Schumm,Willibaldus,false,1651,dewiki,2024-10-27 18:09:19
358020012,Benutzer:FordPrefect42/Friedrich Christian Mohrheim,FordPrefect42,false,45,dewiki,2024-10-27 18:09:22
1833635612,User:Rhian07na/Solid lipid nanoparticle,TomathanChem,false,2068,enwiki,2024-10-27 18:08:26
1833635706,Wikipedia:Edit filter/False positives/Rolling archive,MajavahBot,true,-460,enwiki,2024-10-27 18:08:43
1833635802,Revolution in the Kingdom of Poland (1905‚Äì1907),OldPolandUpdates,false,530,enwiki,2024-10-27 18:08:58
358020008,Sam Feldt,YGO24895,false,148,dewiki,2024-10-27 18:09:17
1833635914,Abdelaziz Barrada,Unknown Temptation,false,535,enwiki,2024-10-27 18:09:18
1833635611,World Economic Forum,JMF,false,-95,enwiki,2024-10-27 18:08:22
1833635710,File talk:Maurycy Gottlieb - Jews Praying in the Synagogue on Yom Kippur.jpg,Tom.Reding,false,-18,enwiki,2024-10-27 18:08:44
1833635808,Leroy Griffith,Nuitetjour,false,7,enwiki,2024-10-27 18:08:55
358020001,Diskussion:Motorradsport,Ch ivk,false,1635,dewiki,2024-10-27 18:09:09
1833635904,Wikipedia:Arbitration/Requests/Case/Backlash to diversity and inclusion/Proposed decision,SilverLocust,false,12,enwiki,2024-10-27 18:09:16
1833635915,R. D. Burman: The Man The Music,BD2412,false,2,enwiki,2024-10-27 18:09:20
358020013,Russischer √úberfall auf die Ukraine seit 2022,Agathenon,false,314,dewiki,2024-10-27 18:09:01
358020015,Wikipedia:Hauptseite/Verstorbene,Aspiriniks,false,0,dewiki,2024-10-27 18:09:26
1833635610,File talk:Maquereau fum√© Luc Viatour edit.jpg,Tom.Reding,false,0,enwiki,2024-10-27 18:08:26
1833635711,Talk:Myanmar,RegentsPark,false,-200,enwiki,2024-10-27 18:08:43
358020005,M√ÅV-Baureihe 395,Hattori 15,false,157,dewiki,2024-10-27 18:09:16
1833635906,Talk:Gun show loophole,Fiveby,false,469,enwiki,2024-10-27 18:09:14
358020010,Mads Bidstrup,XaviYuahanda,false,0,dewiki,2024-10-27 18:09:20
358020016,Anton Burkard,Miriquidus0980,false,125,dewiki,2024-10-27 18:09:27
1833635615,Georgios Koltsidas,Monkbot,true,1,enwiki,2024-10-27 18:08:25
1833635700,Damayanti (TV series),2409:4060:2D47:1AD1:57CA:3752:1AF9:F7F1,false,4,enwiki,2024-10-27 18:08:40
1833635712,Talk:Mary Alice Siem,Cewbot,true,-6,enwiki,2024-10-27 18:08:43
1833635810,Bari Bari Densetsu,Villaida,false,-16,enwiki,2024-10-27 18:08:56
358020002,Maurits Kj√¶rgaard,XaviYuahanda,false,0,dewiki,2024-10-27 18:09:10
1833635908,Draft:Anton Mazurov,ZIKZU,false,1,enwiki,2024-10-27 18:09:18
358020011,Jonas Blue/Auszeichnungen f√ºr Musikverk√§ufe,YGO24895,false,150,dewiki,2024-10-27 18:09:19
1833635616,David Castellanos,The Sports Gnome,false,-7,enwiki,2024-10-27 18:08:26
1833635714,Category talk:South African children's book illustrators,Simeon,false,133,enwiki,2024-10-27 18:08:42
1833635811,Stepan Kubiv,Sam20020202,false,4,enwiki,2024-10-27 18:08:58
1833635909,Talk:Uve Sabumei,Cewbot,true,-11,enwiki,2024-10-27 18:09:19
1833635715,User:GiantSnowman/Joe Wright,GiantSnowman,false,0,enwiki,2024-10-27 18:08:44
1833635809,Macrobiotic diet,Benwbrum,false,8,enwiki,2024-10-27 18:08:59
1833635910,File talk:Merops nubicus luc viatour-crop.jpg,Tom.Reding,false,0,enwiki,2024-10-27 18:09:19
358020014,Jonas Blue/Diskografie,YGO24895,false,25,dewiki,2024-10-27 18:09:21
1833635701,King of the Ring (1995),HL1197,false,-15,enwiki,2024-10-27 18:08:41
1833635716,Vatheia,Monkbot,true,1,enwiki,2024-10-27 18:08:40
1833635812,Talk:Pola Roberts,Cewbot,true,-8,enwiki,2024-10-27 18:09:01
358020007,Ruby (Schiff),Ein Dahmer,false,209,dewiki,2024-10-27 18:09:17
1833635911,User:MacronMonitor/LinkAlerts,MacronMonitor,false,258,enwiki,2024-10-27 18:09:18
1833635702,Amazing Race Suomi season 2,Xoruz,false,56,enwiki,2024-10-27 18:08:40
1833635719,2024‚Äì25 Chelsea F.C. season,Chelsdog,false,50,enwiki,2024-10-27 18:08:32
1833635800,ROH World Championship,BD2412,false,-2,enwiki,2024-10-27 18:08:57
1833635813,File talk:Melithreptus affinis Bruny.jpg,Tom.Reding,false,0,enwiki,2024-10-27 18:09:01
1833635913,Walter Jacob,Gerda Arendt,false,92,enwiki,2024-10-27 18:09:19
1833635703,2025 AFC U-17 Asian Cup qualification,HiddenFace101,false,6,enwiki,2024-10-27 18:08:42
1833635803,Kelston Boys' High School,222.155.20.153,false,6,enwiki,2024-10-27 18:08:56
1833635815,Bharjari,27.5.90.51,false,42,enwiki,2024-10-27 18:09:00
358020000,Diskussion:Systemkamera,MBxd1,false,0,dewiki,2024-10-27 18:09:09
358020003,Benutzer:Monandowitsch/De scriptoribus ecclesiasticis,Monandowitsch,false,2285,dewiki,2024-10-27 18:09:11
1833635900,Bulgaria women's national cricket team,Bs1jac,false,0,enwiki,2024-10-27 18:09:17
1833635912,S√ºmeg,Monkbot,true,1,enwiki,2024-10-27 18:09:17
1833636002,R. D. Gunaratne,BD2412,false,10,enwiki,2024-10-27 18:09:32
1833636110,David Coote (referee),197.83.229.94,false,138,enwiki,2024-10-27 18:09:48
1833636205,Giovanni Mpetshi Perricard,Grayg713,false,0,enwiki,2024-10-27 18:10:01
1833636305,File talk:Mohawkite.jpg,Tom.Reding,false,-1,enwiki,2024-10-27 18:10:18
1833636003,File talk:MeyerLemon.jpg,Tom.Reding,false,-9,enwiki,2024-10-27 18:09:33
1833636112,Orneta,Monkbot,true,1,enwiki,2024-10-27 18:09:48
1833636206,R. Gundu Rao,BD2412,false,0,enwiki,2024-10-27 18:10:01
1833636309,Talk:Jeanne Ruddy,Cewbot,true,4,enwiki,2024-10-27 18:10:19
1833636007,2024 Maharashtra Legislative Assembly election,Xenonnnn,false,512,enwiki,2024-10-27 18:09:25
1833636115,File talk:Microsoft-Xbox-One-Console-Set-wKinect.jpg,Tom.Reding,false,0,enwiki,2024-10-27 18:09:50
1833636207,User:AmandaNP/UAA/Time,DeltaQuadBot,true,0,enwiki,2024-10-27 18:10:04
1833636006,Luke Thomas (rugby league),92.237.89.130,false,105,enwiki,2024-10-27 18:09:32
1833636116,Villard (imprint),Villaida,false,-19,enwiki,2024-10-27 18:09:49
1833636209,RPA,BD2412,false,1,enwiki,2024-10-27 18:10:04
1833636313,2024‚Äì25 Chelsea F.C. season,Chelsdog,false,2,enwiki,2024-10-27 18:10:01
358020018,"Karim Konat√© (Fu√üballspieler, 2004)",XaviYuahanda,false,0,dewiki,2024-10-27 18:09:31
1833636005,Witold Majewski,KibolLP,false,1686,enwiki,2024-10-27 18:09:32
1833636103,Talk:Fish ball,Reywas92,false,392,enwiki,2024-10-27 18:09:46
1833636210,2024‚Äì25 Cal Poly Mustangs men's basketball team,Onel5969,false,0,enwiki,2024-10-27 18:10:01
1833636009,Gene-X,Missclaireallen,false,36,enwiki,2024-10-27 18:09:33
1833636106,ROSEN Group,BD2412,false,4,enwiki,2024-10-27 18:09:46
1833636117,Talk:Scott Alan S√°nchez,Cewbot,true,11,enwiki,2024-10-27 18:09:52
1833636315,2024 League of Legends World Championship,2001:EE0:4041:B2D5:71B9:3D9A:543C:6A60,false,11,enwiki,2024-10-27 18:10:18
1833636012,Talk:Ajit Singh (high jumper),Cewbot,true,11,enwiki,2024-10-27 18:09:34
1833636107,Chris Dixon (American football),MarqueesCalaway,false,1,enwiki,2024-10-27 18:09:48
1833636119,"Abyzovo, Republic of Bashkortostan",Monkbot,true,2,enwiki,2024-10-27 18:09:51
1833636211,Wikipedia:Changing username/Simple,Cyberbot I,true,368,enwiki,2024-10-27 18:10:04
1833636300,Oral gospel traditions,Wham2001,false,-152,enwiki,2024-10-27 18:10:17
1833636317,Abraham Golan,Onel5969,false,-10,enwiki,2024-10-27 18:10:19
358020019,Alfred Herrhausen,NiTenIchiRyu,false,0,dewiki,2024-10-27 18:09:30
1833636108,Oliver Stark,86.16.133.110,false,-36,enwiki,2024-10-27 18:09:48
1833636212,Talk:Kathleen Savio (business executive),Cewbot,true,13,enwiki,2024-10-27 18:10:04
1833636301,Draft:Im a Celebrity: Extra Camp (series 21),Qwerfjkl (bot),true,26,enwiki,2024-10-27 18:10:17
1833636014,List of Dragon Tales episodes,73.137.83.66,false,17,enwiki,2024-10-27 18:09:31
1833636109,Talk:Seyneb Saleh,Cewbot,true,9,enwiki,2024-10-27 18:09:49
1833636213,Dimitrios Mouyios,Monkbot,true,1,enwiki,2024-10-27 18:10:03
1833636302,John Rogerios Dalassenos,Monkbot,true,1,enwiki,2024-10-27 18:10:17
1833636001,Sisauranon,Monkbot,true,1,enwiki,2024-10-27 18:09:31
1833636015,Emerson Palmieri,Enricoashton,false,0,enwiki,2024-10-27 18:09:32
1833636214,File talk:Minla strigula - Doi Inthanon.jpg,Tom.Reding,false,0,enwiki,2024-10-27 18:10:04
1833636304,≈†koda Rapid (2012),Mr.choppers,false,-20,enwiki,2024-10-27 18:10:17
