1833636400,Media Prima,Dzulfi Ramadhan,false,-2,enwiki,2024-10-27 18:10:31
1833636510,Talk:Alison Rich (academic),Cewbot,true,-1,enwiki,2024-10-27 18:10:55
1833636600,Talk:Sgt. Smith,Cewbot,true,-7,enwiki,2024-10-27 18:11:10
1833636614,ùëî,Gorobay,false,36,enwiki,2024-10-27 18:11:14
1833636715,Monastery of St. Dimitrios,Monkbot,true,1,enwiki,2024-10-27 18:11:29
1833636809,Hennadiy Zubov,Sam20020202,false,18,enwiki,2024-10-27 18:11:47
1833636910,Talk:√ñyk√º Serter,Cewbot,true,1,enwiki,2024-10-27 18:12:01
358020114,Diskussion:Lietuvos lenk≈≥ rinkim≈≥ akcija ‚Äì Krik≈°ƒçioni≈°k≈≥ ≈°eim≈≥ sƒÖjunga,Furfur,false,1,dewiki,2024-10-27 18:12:11
1833637019,File talk:National Library manuscripts being washed in Florence after the 1966 flood of the Arno - UNESCO - PHOTO 0000001407 0001 - Restoration.jpg,Tom.Reding,false,-9,enwiki,2024-10-27 18:12:18
1833636404,File talk:Morogoro panorama.jpg,Tom.Reding,false,-2,enwiki,2024-10-27 18:10:36
1833636511,2024 Georgian parliamentary election,Unityguard,false,-71,enwiki,2024-10-27 18:10:51
1833636601,2024‚Äì25 Belgian Pro League,Skyblueshaun,false,26,enwiki,2024-10-27 18:11:08
1833636619,Saint-Saud-Lacoussi√®re,Monkbot,true,1,enwiki,2024-10-27 18:11:11
1833636716,Category talk:New Zealand women children's book illustrators,Simeon,false,161,enwiki,2024-10-27 18:11:30
358020102,Benutzer:Robertk9410/Artikelentwurf5,Robertk9410,false,-314,dewiki,2024-10-27 18:11:39
358020104,Wikipedia:Denkmal-Cup/2024,ClausNe,false,0,dewiki,2024-10-27 18:11:48
1833636916,RSD Sloboda Tuzla,BD2412,false,-4,enwiki,2024-10-27 18:12:00
358020110,Benutzer:Robertk9410/Artikelentwurf5,Robertk9410,false,301,dewiki,2024-10-27 18:12:02
1833637018,Paul Gambaccini,Poporacle1,false,14,enwiki,2024-10-27 18:12:17
1833636405,Sch√∂nhausen Palace,Monkbot,true,1,enwiki,2024-10-27 18:10:34
1833636602,File talk:Mt hotham alpine range scenery.jpg,Tom.Reding,false,0,enwiki,2024-10-27 18:11:11
1833636701,Largest living flying birds by wingspan,2409:40E3:36:B63B:6157:4F41:B5A9:C6A1,false,180,enwiki,2024-10-27 18:11:28
1833636717,Talk:James Rene,Cewbot,true,1,enwiki,2024-10-27 18:11:31
1833636810,King of the Ring (1995),HL1197,false,-16,enwiki,2024-10-27 18:11:47
358020107,Benutzer:ClausNe/Artikelentwurf 2,ClausNe,false,115,dewiki,2024-10-27 18:11:51
1833636917,2025 Indiana Fever season,Swagtennis,false,289,enwiki,2024-10-27 18:12:00
358020115,Nippon Ishin no Kai (2012‚Äì2014),VECTRONATOR,false,160,dewiki,2024-10-27 18:12:11
358020116,H√∂lderlinhaus (N√ºrtingen),Formkurve92,false,115,dewiki,2024-10-27 18:12:16
1833636407,RRK,BD2412,false,9,enwiki,2024-10-27 18:10:37
1833636517,Draft:Gandhi Bhawan Jammu,122.161.240.143,false,16,enwiki,2024-10-27 18:10:55
1833636603,Israeli invasion of the Gaza Strip,ThePaganUK,false,5,enwiki,2024-10-27 18:11:02
1833636702,Roberto,Maxorsmth,false,-4288,enwiki,2024-10-27 18:11:28
1833636718,Bish≈çjo,Villaida,false,-15,enwiki,2024-10-27 18:11:30
1833636811,√Åd√°m R√©csey,Monkbot,true,2,enwiki,2024-10-27 18:11:47
1833636919,R. J. Helton,BD2412,false,-472,enwiki,2024-10-27 18:11:58
1833637009,Talk:Eva Rosenhed,Cewbot,true,-35,enwiki,2024-10-27 18:12:16
1833636408,Talk:Maki Romone,Cewbot,true,-12,enwiki,2024-10-27 18:10:37
1833636604,Charoenchai Hinthao,Kafash 1989,false,44,enwiki,2024-10-27 18:11:11
1833636704,Talk:Alejandro Silva (boxer),Cewbot,true,-5,enwiki,2024-10-27 18:11:28
1833636719,Talk:United States,Mason.Jones,false,0,enwiki,2024-10-27 18:11:28
1833636812,Talk:Joachim Rothmann,Cewbot,true,-11,enwiki,2024-10-27 18:11:49
1833637008,Anthem of the Turkmen Soviet Socialist Republic,Beepboopbwaph,false,3,enwiki,2024-10-27 18:12:15
1833636409,Talk:Home Port (1943 film),Rfl0216,false,18,enwiki,2024-10-27 18:10:37
1833636502,File talk:Mount Merapi in 2014.jpg,Tom.Reding,false,0,enwiki,2024-10-27 18:10:53
1833636519,Pastis,Monkbot,true,1,enwiki,2024-10-27 18:10:55
1833636605,Pashto literature and poetry,Villaida,false,-39,enwiki,2024-10-27 18:11:10
1833636703,Triangle Ribbon Championship,DepressedPer,false,0,enwiki,2024-10-27 18:11:27
358020100,Hermann Werner von der Asseburg,Hardenacke,false,8,dewiki,2024-10-27 18:11:40
1833636813,FK Trepƒça,Mitrovica02,false,-42,enwiki,2024-10-27 18:11:49
358020117,Dominik Frieser,XaviYuahanda,false,0,dewiki,2024-10-27 18:12:16
1833636411,"Pepe (footballer, born 1983)",FMSky,false,0,enwiki,2024-10-27 18:10:34
1833636503,Alexander Butlerov,Monkbot,true,1,enwiki,2024-10-27 18:10:51
1833636518,"File talk:Mrs. Crystal Eastman Benedict by Edmonston, Washington, D.C..jpg",Tom.Reding,false,-9,enwiki,2024-10-27 18:10:57
1833636608,Tehreek Tahafuz Ayin,2001:8F8:1361:554F:E9:263F:D5AF:B7A,false,62,enwiki,2024-10-27 18:11:10
1833636705,2024 Montenegrin municipal elections,78.155.49.133,false,-18,enwiki,2024-10-27 18:11:28
1833636801,Talk:Santiago Rodr√≠guez (footballer),Cewbot,true,-11,enwiki,2024-10-27 18:11:46
1833636814,2024 Montenegrin municipal elections,78.155.49.133,false,-6,enwiki,2024-10-27 18:11:50
358020118,Benutzer:Willibaldus/Karl Schumm,Willibaldus,false,93,dewiki,2024-10-27 18:12:17
1833636410,Talk:Summer time in Europe,Eurohunter,false,465,enwiki,2024-10-27 18:10:36
1833636504,Gio Lopez,BullDawg2021,false,0,enwiki,2024-10-27 18:10:53
1833636609,Easter Parade (film),Citation bot,true,21,enwiki,2024-10-27 18:11:11
1833636706,File talk:Myiagra rubecula - Australian National Botanic Gardens edit1.jpg,Tom.Reding,false,0,enwiki,2024-10-27 18:11:28
1833636800,"File talk:NGC 2014, NGC 2020 - HST - Heic2007a.jpg",Tom.Reding,false,0,enwiki,2024-10-27 18:11:46
1833636815,Abdelaziz Barrada,Unknown Temptation,false,15,enwiki,2024-10-27 18:11:49
358020108,Benjamin Rosenberger,XaviYuahanda,false,0,dewiki,2024-10-27 18:11:57
1833636904,File talk:Naajaat panorama 2007-08-09 2 cropped USM downsampled edit.jpg,Tom.Reding,false,-2,enwiki,2024-10-27 18:12:00
358020119,Vorlage:Turnierplan10-SwissIceHockey,Antonsusi,false,-9200,dewiki,2024-10-27 18:12:17
1833636419,File talk:Morpho didius Male Dos MHNT.jpg,Tom.Reding,false,0,enwiki,2024-10-27 18:10:39
1833636508,Ian Rush,EliasAntonakos,false,177,enwiki,2024-10-27 18:10:52
1833636708,"Md, Akram Hossain",Schazjmd,false,1763,enwiki,2024-10-27 18:11:30
1833636802,Edward Cazalet,2A00:23C8:168F:BB01:4108:E319:ACC4:54CB,false,0,enwiki,2024-10-27 18:11:46
358020106,Liste der Vertriebenendenkmale in Schleswig-Holstein,Sipalius,false,59,dewiki,2024-10-27 18:11:50
1833636905,Glenview High,Missclaireallen,false,28,enwiki,2024-10-27 18:11:59
1833637013,Isaac Singer,108.39.38.119,false,-49,enwiki,2024-10-27 18:12:16
1833636509,X-Flight (Six Flags Great America),Eg224,false,85,enwiki,2024-10-27 18:10:53
1833636610,Talk:Crismery Santana,Cewbot,true,-11,enwiki,2024-10-27 18:11:13
358020101,Diskussion:Lietuvos lenk≈≥ rinkim≈≥ akcija ‚Äì Krik≈°ƒçioni≈°k≈≥ ≈°eim≈≥ sƒÖjunga,Furfur,false,1355,dewiki,2024-10-27 18:11:41
358020103,Marco Perchtold,XaviYuahanda,false,0,dewiki,2024-10-27 18:11:46
358020105,Mahlzeit (Begriffskl√§rung),Trollfl√∂jten,false,-44,dewiki,2024-10-27 18:11:51
1833636906,Alekos Fassianos,Monkbot,true,1,enwiki,2024-10-27 18:11:58
358020111,Daniel Maderner,XaviYuahanda,false,0,dewiki,2024-10-27 18:12:07
1833637014,Wikipedia:WikiProject Medicine/Discussions,Reports bot,true,-45,enwiki,2024-10-27 18:12:18
1833637115,The Voice UK,Wikisteveb4,false,7,enwiki,2024-10-27 18:12:33
1833637202,File talk:Nepenthes rafflesiana ant.jpg,Tom.Reding,false,0,enwiki,2024-10-27 18:12:53
1833637303,M. E. Sharpe,Villaida,false,-29,enwiki,2024-10-27 18:13:07
1833637118,Taiwan Travel Permit,GoldWitness,false,-22,enwiki,2024-10-27 18:12:36
1833637206,Ufuchiku Kobudo,2601:143:400:6D70:C5F4:E:305D:6E7F,false,32,enwiki,2024-10-27 18:12:53
1833637310,Fastest recorded tennis serves,Seanstatguy,false,166,enwiki,2024-10-27 18:13:05
1833637119,"Template:Neighbourhoods of ≈ör√≥dmie≈õcie, Warsaw",Artemis Andromeda,false,-426,enwiki,2024-10-27 18:12:37
1833637205,O'Dea High School,Jaysmith123,false,13,enwiki,2024-10-27 18:12:53
1833637312,Koshekhablsky District,Monkbot,true,2,enwiki,2024-10-27 18:13:07
1833637208,School breakfast club,Tad Lincoln,false,14,enwiki,2024-10-27 18:12:53
1833637100,User:GiantSnowman/Jay Williams,GiantSnowman,false,257,enwiki,2024-10-27 18:12:34
1833637209,User talk:CommunityNotesContributor,RossEvans19,false,245,enwiki,2024-10-27 18:12:53
1833637315,Talk:Ulrike Schweikert,Cewbot,true,-15,enwiki,2024-10-27 18:13:10
1833637101,Farhana Khorshed,Onel5969,false,88,enwiki,2024-10-27 18:12:34
1833637212,Eurovision Song Contest 1975,Bray0829,false,18,enwiki,2024-10-27 18:12:48
1833637316,File talk:Neutral density filter demonstration.jpg,Tom.Reding,false,-1,enwiki,2024-10-27 18:13:10
1833637401,"Akhmetovo, Blagovarsky District, Republic of Bashkortostan",Monkbot,true,2,enwiki,2024-10-27 18:13:25
1833637105,File talk:Neochmia ruficauda.jpg,Tom.Reding,false,0,enwiki,2024-10-27 18:12:35
1833637215,Talk:Richard Ricciardi,Cewbot,true,0,enwiki,2024-10-27 18:12:55
1833637318,Karine Haaland,Simeon,false,55,enwiki,2024-10-27 18:13:10
1833637411,Big Foot (Nicki Minaj song),64.150.227.187,false,12,enwiki,2024-10-27 18:13:25
1833637114,R. Krishnasamy Naidu,BD2412,false,-2,enwiki,2024-10-27 18:12:35
1833637214,Walter Jacob,Gerda Arendt,false,76,enwiki,2024-10-27 18:12:55
1833637319,List of the Moody Blues band members,2A00:23C5:E212:D01:8D70:A58E:775C:FBC5,false,-33,enwiki,2024-10-27 18:13:10
1833637412,Talk:Lovie Simone,Cewbot,true,19,enwiki,2024-10-27 18:13:28
1833637113,Mediawan,Trailblazer101,false,19,enwiki,2024-10-27 18:12:33
1833637200,Talk:Katrin Rittinger,Cewbot,true,-8,enwiki,2024-10-27 18:12:52
1833637218,R. M. Karumanikam,BD2412,false,-1,enwiki,2024-10-27 18:12:55
1833637413,File talk:OCE-1a-Oceania-Japanese Occupation-Half Shilling ND (1942).jpg,Tom.Reding,false,0,enwiki,2024-10-27 18:13:28
1833637116,Talk:Summer time in Europe,Eurohunter,false,122,enwiki,2024-10-27 18:12:35
1833637201,Walking Down Canal Street,8086-PC,false,-11,enwiki,2024-10-27 18:12:52
1833637219,Illinois Route 116,208.59.242.53,false,26,enwiki,2024-10-27 18:12:53
1833637414,United States Marine Corps,42.1.99.250,false,-1,enwiki,2024-10-27 18:13:17
1833637504,Talk:Ruth Rowe,Cewbot,true,-32,enwiki,2024-10-27 18:13:46
1833637518,Kurdistan Laborers' Party,Braganza,false,28,enwiki,2024-10-27 18:13:49
1833637601,Talk:Meirzhan Shermakhanbet,Cewbot,true,-11,enwiki,2024-10-27 18:14:07
1833637703,File talk:Pachira aquatica (fruit) edit1.jpg,Tom.Reding,false,-9,enwiki,2024-10-27 18:14:31
1833637719,Talk:David Ross Smith,Cewbot,true,-11,enwiki,2024-10-27 18:14:34
1833637506,Luke Thomas (rugby league),92.237.89.130,false,-5,enwiki,2024-10-27 18:13:45
1833637519,Tri-Rail,2600:6C5C:6100:58:2622:55ED:3FE7:7159,false,-11,enwiki,2024-10-27 18:13:44
1833637604,"John William, Duke of J√ºlich-Cleves-Berg",24.235.204.129,false,46,enwiki,2024-10-27 18:14:05
1833637704,Talk:Maria Sakhinova,Cewbot,true,-11,enwiki,2024-10-27 18:14:31
358020203,Dennis Kaygin,XaviYuahanda,false,1,dewiki,2024-10-27 18:14:35
1833637508,List of prime ministers of the United Kingdom,Wabbuh,false,10,enwiki,2024-10-27 18:13:40
1833637603,Steven Reinprecht,Sandro Halank,false,108,enwiki,2024-10-27 18:14:07
1833637707,Potenciano Lesaca,Toniker0501,false,14,enwiki,2024-10-27 18:14:31
1833637510,Humiston family murders,Bloxzge 025,false,27,enwiki,2024-10-27 18:13:48
1833637605,White-crowned pigeon,Mdnavman,false,159,enwiki,2024-10-27 18:14:07
1833637708,Grown Ups 2,MikeAllen,false,-104,enwiki,2024-10-27 18:14:30
358020204,Joey Juschka,AHZ,false,47,dewiki,2024-10-27 18:14:35
1833637512,Sammy Figueroa,Derek R Bullamore,false,7,enwiki,2024-10-27 18:13:48
1833637609,Trams in Wroc≈Çaw,Monkbot,true,1,enwiki,2024-10-27 18:14:08
1833637710,Wikipedia:Administrators' noticeboard/Edit warring,Brotherbenz,false,196,enwiki,2024-10-27 18:14:31
358020205,Hallenradsport-Weltmeisterschaften 2024,Rz98,false,287,dewiki,2024-10-27 18:14:34
358020209,Benutzerin Diskussion:Marie Adelaide,Marie Adelaide,false,169,dewiki,2024-10-27 18:14:42
1833637513,Alberto Gilardino,Saintandy7,false,0,enwiki,2024-10-27 18:13:44
1833637610,File talk:Oxalis Triangularis Photonasty Timelapse.ogv,Tom.Reding,false,0,enwiki,2024-10-27 18:14:10
1833637714,Category:Novels by Georges Duhamel,Uriahheep228,false,38,enwiki,2024-10-27 18:14:34
358020207,Benutzer Diskussion:Trollfl√∂jten,Trollfl√∂jten,false,1327,dewiki,2024-10-27 18:14:41
1833637501,Rudn√≠k (Trutnov District),Monkbot,true,1,enwiki,2024-10-27 18:13:43
1833637514,File talk:Oedipus and the Sphinx MET DP-14201-023.jpg,Tom.Reding,false,-9,enwiki,2024-10-27 18:13:49
1833637612,Talk:Ri Hi-yong,Cewbot,true,-13,enwiki,2024-10-27 18:14:10
358020202,Portal:Film und Fernsehen/Kinostarts 2013,Jobu0101,false,12,dewiki,2024-10-27 18:14:24
358020208,Hamza (Rapper),YGO24895,false,11,dewiki,2024-10-27 18:14:40
1833637502,Qartaba,206.62.50.5,false,25,enwiki,2024-10-27 18:13:43
1833637516,Talk:Antonia Santilli,Cewbot,true,14,enwiki,2024-10-27 18:13:49
1833637613,R. P. Goyal,BD2412,false,0,enwiki,2024-10-27 18:14:09
1833637715,R. Raj Rao,BD2412,false,-1,enwiki,2024-10-27 18:14:33
1833637515,Spodnje Koseze,Monkbot,true,1,enwiki,2024-10-27 18:13:47
1833637619,Edinburgh derby,49.157.61.205,false,-14,enwiki,2024-10-27 18:14:09
1833637701,Template:Ethiopia topics,XTheBedrockX,false,9,enwiki,2024-10-27 18:14:31
1833637717,Fright Night Dynamite,2A06:C701:9B12:8300:8856:FC90:8B7A:C89F,false,-119,enwiki,2024-10-27 18:14:34
358020206,Lancy,Wandervogel,false,223,dewiki,2024-10-27 18:14:40
1833637503,Jaden Greathouse,BullDawg2021,false,0,enwiki,2024-10-27 18:13:45
1833637517,Talk:Rajpurohit,AntiDionysius,false,1163,enwiki,2024-10-27 18:13:48
1833637702,Wikipedia:Administrator intervention against vandalism,HJ Mitchell,false,268,enwiki,2024-10-27 18:14:29
1833637718,Saint-Christophe-en-Bourbonnais,Monkbot,true,1,enwiki,2024-10-27 18:14:31
1833637810,File talk:Pair of mandarin ducks.jpg,Tom.Reding,false,-1,enwiki,2024-10-27 18:14:49
358020211,Leyes de Ayll√≥n,Luckywiki1234,false,8,dewiki,2024-10-27 18:14:52
358020216,Benutzer:Wurgl/Fehler GND,Silewe,false,159,dewiki,2024-10-27 18:14:58
1833638011,Cognitive Warfare,Swatjester,false,6,enwiki,2024-10-27 18:15:26
1833638111,Talk:Glendon A. Schubert,Cewbot,true,0,enwiki,2024-10-27 18:15:46
1833637812,User:DreamRimmer/test.js,DreamRimmer,false,-23,enwiki,2024-10-27 18:14:50
1833637914,Talk:Oki Sato,Cewbot,true,-11,enwiki,2024-10-27 18:15:10
1833638014,Coalici√≥n Multicolor,ZlatanSweden10,false,-246,enwiki,2024-10-27 18:15:25
1833638113,Motion picture content rating system,John Kryten,false,-2,enwiki,2024-10-27 18:15:36
1833637813,Abraham Golan,Epifanove,false,25,enwiki,2024-10-27 18:14:49
358020215,Benutzer Diskussion:92.210.50.4,MBurch,false,254,dewiki,2024-10-27 18:15:08
1833637913,FK Trepƒça,Mitrovica02,false,-261,enwiki,2024-10-27 18:15:10
1833638016,Wikipedia:Community portal/Open tasks,SuggestBot,false,-197,enwiki,2024-10-27 18:15:27
1833638116,Henadii Vorobiov,Sam20020202,false,125,enwiki,2024-10-27 18:15:46
1833637814,RSPCA NSW,BD2412,false,-2,enwiki,2024-10-27 18:14:49
358020213,Graz-Reininghaus,Gerd Fahrenhorst,false,36,dewiki,2024-10-27 18:15:00
1833637901,User talk:ZIKZU,Ktkvtsh,false,3951,enwiki,2024-10-27 18:15:09
358020217,Vorlage:Revert-Statistik,Revert-Statistik,true,0,dewiki,2024-10-27 18:15:12
1833638001,Eusebio Di Francesco,Saintandy7,false,1,enwiki,2024-10-27 18:15:20
1833638017,File talk:Pardalotus with nesting material.jpg,Tom.Reding,false,0,enwiki,2024-10-27 18:15:27
1833638117,List of ventriloquists,Thief-River-Faller,false,69,enwiki,2024-10-27 18:15:47
1833637800,Cromwell Lee,TheCatCollective,false,-1,enwiki,2024-10-27 18:14:46
1833637815,Talk:Tamerlan Shadukayev,Cewbot,true,-12,enwiki,2024-10-27 18:14:49
1833637904,Simplicius Simplicissimus,Monkbot,true,3,enwiki,2024-10-27 18:15:07
1833638002,File talk:Pardalotus striatus - Risdon Brook.jpg,Tom.Reding,false,0,enwiki,2024-10-27 18:15:24
1833638018,Langakiai,Monkbot,true,2,enwiki,2024-10-27 18:15:26
1833638118,2024‚Äì25 South African Premiership,Skyblueshaun,false,0,enwiki,2024-10-27 18:15:46
1833637801,Ruzhany Palace,Monkbot,true,2,enwiki,2024-10-27 18:14:45
1833637817,Zoste patrikia,Monkbot,true,1,enwiki,2024-10-27 18:14:49
1833637905,List of Hunter √ó Hunter characters,Exukvera,false,-9,enwiki,2024-10-27 18:15:05
1833638103,History of Sudan,Cookiemonster1618,false,-5790,enwiki,2024-10-27 18:15:41
1833637802,Fly FM,Dzulfi Ramadhan,false,-18,enwiki,2024-10-27 18:14:45
1833637818,Brian Mulroney,142.117.178.230,false,96,enwiki,2024-10-27 18:14:43
358020214,Guido Burgstaller,XaviYuahanda,false,0,dewiki,2024-10-27 18:15:01
1833637907,Draft:Anton Mazurov,Ktkvtsh,false,212,enwiki,2024-10-27 18:15:08
358020218,Steven Reinprecht,Sandro Halank,false,151,dewiki,2024-10-27 18:15:11
1833638004,Talk:Sharmin Segal,Cewbot,true,1,enwiki,2024-10-27 18:15:25
1833638104,File talk:Peneoenanthe pulverulenta - Cairns Esplanade.jpg,Tom.Reding,false,0,enwiki,2024-10-27 18:15:45
1833637803,2024 Georgian parliamentary election,Borgenland,false,66,enwiki,2024-10-27 18:14:42
1833637819,OVW Southern Tag Team Championship,DepressedPer,false,0,enwiki,2024-10-27 18:14:45
1833637906,File talk:Papaver April 2010-8a.jpg,Tom.Reding,false,0,enwiki,2024-10-27 18:15:10
358020219,Christoph Lang,XaviYuahanda,false,0,dewiki,2024-10-27 18:15:13
1833638006,Peyrignac,Monkbot,true,1,enwiki,2024-10-27 18:15:23
1833638108,Monestier-Port-Dieu,Monkbot,true,1,enwiki,2024-10-27 18:15:42
1833637808,Belgian Open (tennis),Tennishistory1877,false,-104,enwiki,2024-10-27 18:14:44
1833637908,2024 Pan Continental Curling Championships,Traveltheglobe,false,20,enwiki,2024-10-27 18:15:03
1833637809,Linguistic homeland,2601:42:0:4000:4055:E21A:E794:9572,false,910,enwiki,2024-10-27 18:14:47
358020210,Dion Beljo,XaviYuahanda,false,0,dewiki,2024-10-27 18:14:51
358020212,Die Totenschmecker,Si! SWamP,false,224,dewiki,2024-10-27 18:14:53
1833637909,Margaret Qualley,Rfl0216,false,-26,enwiki,2024-10-27 18:15:07
1833638008,2024 Miami Hurricanes football team,2601:80:CC01:DA00:BCCC:A7D2:92EA:1392,false,3,enwiki,2024-10-27 18:15:24
1833638110,Template talk:Sticky header,George Ho,false,400,enwiki,2024-10-27 18:15:45
1833638207,Laval-Saint-Roman,Monkbot,true,1,enwiki,2024-10-27 18:15:59
1833638312,April 2009 Moldovan parliamentary election,Devchar,false,50,enwiki,2024-10-27 18:16:22
1833638208,Talk:Yaakov Turner,Jkaharper,false,-1,enwiki,2024-10-27 18:16:01
1833638209,File talk:Petroica boodang Meehan Range 1 crop.jpg,Tom.Reding,false,0,enwiki,2024-10-27 18:16:02
1833638317,File talk:Photomontage (Forggensee Panorama) -2.jpg,Tom.Reding,false,-1,enwiki,2024-10-27 18:16:23
1833638318,Intel Graphics Technology,Bensuperpc,false,12,enwiki,2024-10-27 18:16:19
1833638200,Anna-Lena Friedsam,BundesBerti,false,1,enwiki,2024-10-27 18:15:58
1833638300,Sturm (novella),BilletsMauves,false,0,enwiki,2024-10-27 18:16:19
1833638202,Maria Stromberger,BorgQueen,false,63,enwiki,2024-10-27 18:16:00
1833638213,Colorado Party (Uruguay),ZlatanSweden10,false,21,enwiki,2024-10-27 18:15:59
1833638306,Talk:Beautifully Broken (film),Rfl0216,false,22,enwiki,2024-10-27 18:16:21
1833638203,Rowan & Martin's Laugh-In,2001:1C00:250E:1800:144B:1CFF:E633:5B61,false,176,enwiki,2024-10-27 18:15:59
1833638214,Paradise Beach,Missclaireallen,false,21,enwiki,2024-10-27 18:16:02
1833638308,Talk:Rudolf Schmeer,Cewbot,true,-17,enwiki,2024-10-27 18:16:22
1833638204,Talk:Ruchi Sally,Cewbot,true,-13,enwiki,2024-10-27 18:16:01
1833638217,Talk:The Resurrection Man's Legacy (collection),Cewbot,true,0,enwiki,2024-10-27 18:16:04
1833638309,Duchy of L√∂wenberg,Monkbot,true,4,enwiki,2024-10-27 18:16:20
1833638206,Relational algebra,Darcourse,false,-8658,enwiki,2024-10-27 18:16:00
1833638218,McDonnell Douglas F-15E Strike Eagle,Fnlayson,false,-1,enwiki,2024-10-27 18:15:57
1833638310,Talk:Mouthwashing (video game),Ethmostigmus,false,1497,enwiki,2024-10-27 18:16:21
1833638205,MuseScore,Robby.is.on,false,-14,enwiki,2024-10-27 18:15:58
1833638315,Jake Retzlaff,BullDawg2021,false,0,enwiki,2024-10-27 18:16:22
1833638400,File talk:Physicist Stephen Hawking in Zero Gravity NASA.jpg,Tom.Reding,false,-18,enwiki,2024-10-27 18:16:37
1833638415,Hennadii Korban,Sam20020202,false,0,enwiki,2024-10-27 18:16:37
358020308,Liste von Schweinebrunnen,AF666,false,200,dewiki,2024-10-27 18:17:05
358020310,Heinrich Raabe,Miriquidus0980,false,142,dewiki,2024-10-27 18:17:09
1833638604,Draft:Fangs of Fortune,SnowKang,false,13,enwiki,2024-10-27 18:17:22
1833638402,Ryan Williams (wide receiver),HappyBoi3892,false,0,enwiki,2024-10-27 18:16:39
1833638417,Natalie Nunn,MikeAllen,false,-156,enwiki,2024-10-27 18:16:42
1833638501,File talk:Pigeon-Crested.jpg,Tom.Reding,false,0,enwiki,2024-10-27 18:17:02
1833638519,File talk:Piles of Salt Salar de Uyuni Bolivia Luca Galuzzi 2006 a.jpg,Tom.Reding,false,-10,enwiki,2024-10-27 18:17:05
358020316,Portal:Film und Fernsehen/Kinostarts 2014,Jobu0101,false,-12,dewiki,2024-10-27 18:17:06
1833638608,Talk:Sam Tolchard,Cewbot,true,-21,enwiki,2024-10-27 18:17:22
1833638418,Talk:Briana Scott (runner),Cewbot,true,62,enwiki,2024-10-27 18:16:43
1833638507,List of Kamala Harris 2024 presidential campaign non-political endorsements,Lima Bean Farmer,false,251,enwiki,2024-10-27 18:16:34
1833638607,Nicolas Jackson,2A02:1388:9B:9E0E:C501:F4B5:5C24:D691,false,0,enwiki,2024-10-27 18:17:19
1833638404,Talk:Sterling Scott,Cewbot,true,0,enwiki,2024-10-27 18:16:40
1833638509,Tyler Burey,Kg673,false,0,enwiki,2024-10-27 18:17:02
358020312,"Andreas Schwarzer ( Rechtsanwalt, Politiker, 1961)",M2k~dewiki,false,209,dewiki,2024-10-27 18:17:10
1833638609,Zverevo,Monkbot,true,1,enwiki,2024-10-27 18:17:19
1833638405,Lauter Valley Railway,Monkbot,true,1,enwiki,2024-10-27 18:16:38
1833638512,Draft talk:Pieter van Waas,Cewbot,true,-19,enwiki,2024-10-27 18:17:04
358020311,WNBA Sixth Player of the Year Award,Wikappe,false,324,dewiki,2024-10-27 18:17:09
1833638611,File talk:Pippin-Atmark-Console-Set.jpg,Tom.Reding,false,0,enwiki,2024-10-27 18:17:23
1833638700,"Department of Education, University of Oxford",Myrealnamm,false,-20,enwiki,2024-10-27 18:17:36
1833638406,Talk:Gender dysphoria,RoxySaunders,false,947,enwiki,2024-10-27 18:16:37
1833638419,Cockroach,Junsik1223,false,10,enwiki,2024-10-27 18:16:40
1833638511,Talk:Hurricane Kristy (2024),2003 LN6,false,-2,enwiki,2024-10-27 18:17:04
358020315,Benutzer Diskussion:92.210.50.4,92.210.50.4,false,161,dewiki,2024-10-27 18:17:14
1833638612,Yin Ruoning,Zefr,false,537,enwiki,2024-10-27 18:17:23
1833638701,Dandenong rolling stock factory,175.32.130.159,false,32,enwiki,2024-10-27 18:17:37
1833638407,Women's National Basketball Association,Alielmi1207,false,-2,enwiki,2024-10-27 18:16:30
1833638513,National Assembly of the Republic of Vietnam,Glide08,false,37,enwiki,2024-10-27 18:17:04
1833638600,User talk:PakistanEditor,PakEditor,false,356,enwiki,2024-10-27 18:17:22
1833638616,ùî∏,Gorobay,false,54,enwiki,2024-10-27 18:17:24
1833638703,Talk:Discis Knowledge Research,Captain Galaxy,false,34,enwiki,2024-10-27 18:17:36
1833638410,File talk:Picea Pungens Young Cones.jpg,Tom.Reding,false,0,enwiki,2024-10-27 18:16:41
358020305,Burg Frankenberg (Eder),Commander-pirx,false,160,dewiki,2024-10-27 18:17:01
358020307,Live in Dortmund,Dentalum,false,-23,dewiki,2024-10-27 18:17:05
358020314,Portal:Film und Fernsehen/Kinostarts 2014,Jobu0101,false,-7,dewiki,2024-10-27 18:16:53
1833638601,Sengunthar,Tirukodimadachengunrur,false,39,enwiki,2024-10-27 18:17:20
1833638702,Henadzi Makhveyenia,Sam20020202,false,44,enwiki,2024-10-27 18:17:36
1833638411,Bhool Bhulaiyaa 3,Bonadart,false,1,enwiki,2024-10-27 18:16:39
1833638514,Joe Rogan,FMSky,false,-88,enwiki,2024-10-27 18:17:02
358020309,Thale,Wisentablick,false,90,dewiki,2024-10-27 18:17:06
358020317,Benutzer:M.ottenbruch/Entwurf,Krdbot,false,2,dewiki,2024-10-27 18:17:18
1833638602,List of schools in Rhondda Cynon Taf,Toppmoller,false,-13,enwiki,2024-10-27 18:17:22
1833638704,Talk:Wolfgang Streitenberger,Cewbot,true,-18,enwiki,2024-10-27 18:17:37
1833638412,Henry Power,TheCatCollective,false,0,enwiki,2024-10-27 18:16:41
1833638518,Fr√©jairolles,Monkbot,true,1,enwiki,2024-10-27 18:17:02
1833638603,Koriƒáani Cliffs massacre,FarSouthNavy,false,43,enwiki,2024-10-27 18:17:20
1833638705,Eric Frey,BilletsMauves,false,0,enwiki,2024-10-27 18:17:37
1833638814,The Invisible Man (2020 film),46.198.248.70,false,1,enwiki,2024-10-27 18:17:51
1833638917,Talk:Soreption,Cewbot,true,8,enwiki,2024-10-27 18:18:10
1833639007,File talk:Polypogon monspeliensis (1).jpg,Tom.Reding,false,0,enwiki,2024-10-27 18:18:26
1833638816,2024 Ykk√∂sliiga,CleverChris68,false,19,enwiki,2024-10-27 18:17:52
1833638916,State Pension (United Kingdom),DeFacto,false,14,enwiki,2024-10-27 18:18:10
1833638800,Top Five,Citation bot,true,16,enwiki,2024-10-27 18:17:50
1833638817,File talk:Pluvialis fulva 2 - Laem Pak Bia.jpg,Tom.Reding,false,0,enwiki,2024-10-27 18:17:55
1833638900,User:SuperWIKI/sandbox4,SuperWIKI,false,108,enwiki,2024-10-27 18:18:06
1833639011,Leontia Porphyrogenita,Monkbot,true,1,enwiki,2024-10-27 18:18:26
1833638804,Talk:Speculum Fight,Cewbot,true,-11,enwiki,2024-10-27 18:17:52
1833638818,Wikipedia:Administrator intervention against vandalism,HBC AIV helperbot14,true,-161,enwiki,2024-10-27 18:17:54
1833638919,Irena Stankiewicz,Simeon,false,12,enwiki,2024-10-27 18:18:11
1833639000,Division 3 (Swedish football),Nisselano,false,176,enwiki,2024-10-27 18:18:23
1833639014,Crysencio Summerville,Iggy the Swan,false,-79,enwiki,2024-10-27 18:18:25
1833638718,History of Coventry,Wham2001,false,-254,enwiki,2024-10-27 18:17:38
1833638803,Earth's orbit,Meno25,false,42,enwiki,2024-10-27 18:17:50
1833638819,Escou,Monkbot,true,1,enwiki,2024-10-27 18:17:52
1833638901,Talk:Choro Q Wonderful!,Captain Galaxy,false,31,enwiki,2024-10-27 18:18:07
1833639003,"Gumerovo, Ishimbaysky District, Republic of Bashkortostan",Monkbot,true,2,enwiki,2024-10-27 18:18:23
1833639016,Madoline Thomas,Jpbowen,false,43,enwiki,2024-10-27 18:18:27
1833638719,National CleanUp Day,Noovmaster69,false,1,enwiki,2024-10-27 18:17:39
1833638806,2024 Pan Continental Curling Championships,Traveltheglobe,false,21,enwiki,2024-10-27 18:17:45
1833638905,File talk:Podiceps-grisegena-008.jpg,Tom.Reding,false,0,enwiki,2024-10-27 18:18:09
1833639002,Monsters Resurrected,2600:1007:B014:8D87:9F39:9F9D:501A:7535,false,-11,enwiki,2024-10-27 18:18:24
1833638807,Sudan,Cookiemonster1618,false,-5763,enwiki,2024-10-27 18:17:45
1833638906,The Name of the Doctor,Yamla,false,2,enwiki,2024-10-27 18:18:04
1833639004,Sean Combs,Bourne Ballin,false,-9,enwiki,2024-10-27 18:18:15
1833639019,Talk:Son Bo-mi,Cewbot,true,47,enwiki,2024-10-27 18:18:28
1833638809,List of Virgin Atlantic destinations,AviationEnzo,false,-21,enwiki,2024-10-27 18:17:52
1833638907,User talk:Hama rasha00,Hama rasha,false,117,enwiki,2024-10-27 18:18:10
1833639005,Electronic oscillator,Chetvorno,false,2,enwiki,2024-10-27 18:18:22
1833638909,Saint-Just-de-Claix,Monkbot,true,1,enwiki,2024-10-27 18:18:06
1833639006,Talk:Ernesto Treves,Cewbot,true,0,enwiki,2024-10-27 18:18:25
1833638813,City of Caterpillar,AnomieBOT,true,36,enwiki,2024-10-27 18:17:53
1833638910,The Bloodline (professional wrestling),Modus touch,false,389,enwiki,2024-10-27 18:18:07
1833639008,2024‚Äì25 Azerbaijan Premier League,Skyblueshaun,false,-39,enwiki,2024-10-27 18:18:24
1833639119,Free State of Schaumburg-Lippe,Monkbot,true,1,enwiki,2024-10-27 18:18:42
1833639204,Talk:Peugeot 8Aa/GA1,Chiswick Chap,false,66,enwiki,2024-10-27 18:18:54
1833639212,Sixteenth Ordinary General Assembly of the Synod of Bishops,Arjayay,false,-10,enwiki,2024-10-27 18:18:56
1833639301,Greatest Hits '93‚Äì'03,Stellar420,false,18,enwiki,2024-10-27 18:19:08
1833639319,Copenhagen derby,SaintCeleste,false,845,enwiki,2024-10-27 18:19:10
1833639205,Laroque-d'Olmes,Monkbot,true,1,enwiki,2024-10-27 18:18:51
1833639215,"Spearsville, Louisiana",Book Pidgeon,false,460,enwiki,2024-10-27 18:18:56
1833639304,Bogachyovo,Monkbot,true,1,enwiki,2024-10-27 18:19:08
1833639219,The Shadow over Innsmouth,2601:547:C680:9C40:AD77:8A6C:1CC8:3997,false,-1597,enwiki,2024-10-27 18:18:56
1833639306,Mia Malkova,Annh07,false,26,enwiki,2024-10-27 18:19:08
1833639101,Justin Martyr,2A00:23C6:F389:B301:E151:2E41:C5C1:80BC,false,22,enwiki,2024-10-27 18:18:38
1833639207,Alabama Crimson Tide football,Fnlayson,false,40,enwiki,2024-10-27 18:18:51
1833639218,Josip Broz Tito,2601:243:1A00:4510:A9B6:1E49:B975:2C40,false,1,enwiki,2024-10-27 18:18:36
1833639307,2024 Florida State Seminoles football team,2601:80:CC01:DA00:BCCC:A7D2:92EA:1392,false,13,enwiki,2024-10-27 18:19:06
1833639107,Life Cycle (Sakerock album),IanTEB,false,-92,enwiki,2024-10-27 18:18:41
1833639208,Talk:Stephenie Steers,Cewbot,true,-14,enwiki,2024-10-27 18:18:55
1833639308,2024 Veikkausliiga,CleverChris68,false,22,enwiki,2024-10-27 18:19:05
1833639110,Talk:Rajpurohit,Hirohitko,false,221,enwiki,2024-10-27 18:18:42
1833639209,Alessio Lisci,Saintandy7,false,0,enwiki,2024-10-27 18:18:55
1833639311,Ismail al-Faruqi,DrunkenJoe,false,241,enwiki,2024-10-27 18:19:07
1833639111,Talk:Nicola Tesini,Cewbot,true,9,enwiki,2024-10-27 18:18:43
1833639313,Draft talk:√ìscar Vera,Cewbot,true,-18,enwiki,2024-10-27 18:19:10
1833639114,Ibbas,RobertJohnson35,false,42,enwiki,2024-10-27 18:18:43
1833639201,Draft:CEERS2 588,82.79.145.44,false,13,enwiki,2024-10-27 18:18:53
1833639210,Chronicles of Terror,Monkbot,true,1,enwiki,2024-10-27 18:18:55
1833639314,Men of Good Will,Uriahheep228,false,-40,enwiki,2024-10-27 18:19:10
1833639116,Wincenty de Lesseur,Simeon,false,50,enwiki,2024-10-27 18:18:43
1833639202,Linguistic homeland,Cookiemonster1618,false,-910,enwiki,2024-10-27 18:18:53
1833639211,Leroy Griffith,Nuitetjour,false,6,enwiki,2024-10-27 18:18:52
1833639317,Outer Banks (TV series),AnimeEditor,false,13,enwiki,2024-10-27 18:19:08
1833639118,File talk:Pomegranate fruit - whole and piece with arils.jpg,Tom.Reding,false,-20,enwiki,2024-10-27 18:18:44
1833639203,File talk:Portland panorama3.jpg,Tom.Reding,false,0,enwiki,2024-10-27 18:18:54
1833639416,"Quissac, Gard",Monkbot,true,1,enwiki,2024-10-27 18:19:23
1833639503,Abbas Khan Afridi,92.97.174.69,false,52,enwiki,2024-10-27 18:19:39
358020417,Runensteine an der Korpa bro,JEW,false,1,dewiki,2024-10-27 18:19:49
358020418,Die sch√∂nste Zeit unseres Lebens,Ontogon,false,48,dewiki,2024-10-27 18:19:51
1833639608,Jacques Gu√©rin,2601:5C2:201:7C90:7D5C:17BD:C01F:F4B1,false,3,enwiki,2024-10-27 18:19:59
1833639417,User talk:Codythorburne,Fnlayson,false,-1,enwiki,2024-10-27 18:19:27
358020400,Portal:Film und Fernsehen/Kinostarts 2015,Jobu0101,false,54,dewiki,2024-10-27 18:19:10
1833639504,Taiwan Travel Permit,GoldWitness,false,364,enwiki,2024-10-27 18:19:40
358020414,Portal:Film und Fernsehen/Kinostarts 2016,Jobu0101,false,-50,dewiki,2024-10-27 18:19:31
1833639616,Asia-Pacific Economic Cooperation,2001:4454:10E:CB00:7924:1E45:82E1:113B,false,10,enwiki,2024-10-27 18:19:55
1833639700,Talk:Helen Thorington,Cewbot,true,-31,enwiki,2024-10-27 18:20:13
358020404,Liste von Pers√∂nlichkeiten der Stadt Solingen,KFSc,false,143,dewiki,2024-10-27 18:19:31
358020412,Silvolde,Ziko,false,205,dewiki,2024-10-27 18:19:40
1833639505,2024 Kilkenny Senior Hurling League,Tod07,false,2773,enwiki,2024-10-27 18:19:39
358020419,Benutzer:Wamito/Werkstatt/W01,Wamito,false,45,dewiki,2024-10-27 18:19:52
1833639617,Neo Gynaikokastro,Monkbot,true,1,enwiki,2024-10-27 18:19:58
1833639702,File talk:Pyrrhula pyrrhula female 2.jpg,Tom.Reding,false,0,enwiki,2024-10-27 18:20:15
1833639401,Shankar‚ÄìEhsaan‚ÄìLoy discography,Maidenhair,false,-35,enwiki,2024-10-27 18:19:22
1833639506,2024‚Äì25 I liga,Skyblueshaun,false,25,enwiki,2024-10-27 18:19:40
1833639615,Pat McAfee,MKP2020,false,0,enwiki,2024-10-27 18:19:58
1833639403,2024 Uzbek parliamentary election,Borgenland,false,407,enwiki,2024-10-27 18:19:24
1833639508,Chaotic Wrestling Tag Team Championship,DepressedPer,false,0,enwiki,2024-10-27 18:19:40
1833639706,Boris Podolsky,Monkbot,true,1,enwiki,2024-10-27 18:20:14
1833639411,2024 SAFF Women's Championship,2404:7C00:44:F32E:DD94:48E6:F9D2:671A,false,6,enwiki,2024-10-27 18:19:21
1833639500,Madison College (Wisconsin),CyberTheTiger,false,22,enwiki,2024-10-27 18:19:41
1833639513,Hennadiy Temnyk,Sam20020202,false,53,enwiki,2024-10-27 18:19:41
1833639707,Daphne Wayans,Russ Woodroofe,false,14,enwiki,2024-10-27 18:20:15
1833639412,University of Pittsburgh,Jaysmith123,false,8,enwiki,2024-10-27 18:19:17
1833639514,"Cuozzo Speed Technologies, LLC v. Lee",Lethargilistic,false,43,enwiki,2024-10-27 18:19:42
358020415,Kurs-Weiterbildung Psychosomatische Grundversorgung,Glewe,false,1,dewiki,2024-10-27 18:19:46
1833639600,Kim Fox,146.199.140.26,false,-45,enwiki,2024-10-27 18:19:56
1833639413,Connie Britton,2600:1700:BD20:77B0:8843:5A0F:F728:E9B9,false,8,enwiki,2024-10-27 18:19:23
358020408,Ahlmann Baumaschinen,Mailtosap,false,-13,dewiki,2024-10-27 18:19:34
358020413,Benutzer:AHK/Hexenk√ºche/Baudenkmale Sulingen,AHK,false,1655,dewiki,2024-10-27 18:19:40
1833639517,File talk:Pterodroma macroptera in flight 3 - SE Tasmania.jpg,Tom.Reding,false,0,enwiki,2024-10-27 18:19:43
358020416,Elbrinxen,Der blaue Reiter kehrt zur√ºck,false,1,dewiki,2024-10-27 18:19:48
1833639601,Paleocene‚ÄìEocene Thermal Maximum,User-duck,false,-57,enwiki,2024-10-27 18:19:49
1833639708,2024‚Äì25 Jordanian Pro League,Momi79,false,2,enwiki,2024-10-27 18:20:14
1833639414,Talk:J√°n Steinh√ºbel,Cewbot,true,-11,enwiki,2024-10-27 18:19:25
358020403,Benutzer:Rolf-Dresden/Baustelle 9,Rolf-Dresden,false,241,dewiki,2024-10-27 18:19:30
1833639501,Talk:Valerie Ann Taylor,Cewbot,true,1,enwiki,2024-10-27 18:19:40
1833639518,Talk:Lars-Erik S√∂derberg,Cewbot,true,5,enwiki,2024-10-27 18:19:43
1833639602,Talk:Tornado Babies,Cewbot,true,13,enwiki,2024-10-27 18:19:58
1833639710,Talk:Marcela Temer,Cewbot,true,-28,enwiki,2024-10-27 18:20:16
1833639415,File talk:Princess Sikhanyiso Dlamini of Eswatini.jpg,Tom.Reding,false,0,enwiki,2024-10-27 18:19:26
358020402,Nekrolog 1975,Silewe,false,105,dewiki,2024-10-27 18:19:19
1833639502,Populism in Canada,2607:F2C0:E045:F780:5D4B:CA4E:950C:2229,false,50,enwiki,2024-10-27 18:19:40
1833639607,Humiston family murders,Bloxzge 025,false,22,enwiki,2024-10-27 18:19:59
1833639717,File talk:Quercus robur acorns in Tuntorp 1.jpg,Tom.Reding,false,0,enwiki,2024-10-27 18:20:18
1833639812,Template:Taxonomy/Dracopristis,Fossiladder13,false,268,enwiki,2024-10-27 18:20:38
1833639901,Talk:Olga Sviblova,Cewbot,true,9,enwiki,2024-10-27 18:20:55
1833639914,T30 heavy tank,2403:6200:8860:E97:B560:65A9:BE9C:F18E,false,1,enwiki,2024-10-27 18:20:54
1833640003,Braxton Key,Koolcatz34,false,303,enwiki,2024-10-27 18:21:11
1833639801,Barremian,Junsik1223,false,0,enwiki,2024-10-27 18:20:35
1833639816,2007 bomb plot in Germany,Monkbot,true,1,enwiki,2024-10-27 18:20:37
1833639903,Wikipedia:Village pump (technical)/topic list,Cewbot,true,-4,enwiki,2024-10-27 18:20:56
1833640004,Talk:Aaron Teroi,Cewbot,true,-12,enwiki,2024-10-27 18:21:13
1833639718,Category:1999 short documentary films,Bearcat,false,19,enwiki,2024-10-27 18:20:19
1833639802,File talk:Ramariopsis kunzei Kaldari 01.jpg,Tom.Reding,false,0,enwiki,2024-10-27 18:20:36
1833639817,File talk:Rambutan white background alt.jpg,Tom.Reding,false,-9,enwiki,2024-10-27 18:20:40
1833639916,Me & Roboco,ÈÄÜÊóó,false,27,enwiki,2024-10-27 18:20:54
1833640008,Pablo Aimar,Mattythewhite,false,-179,enwiki,2024-10-27 18:21:11
1833639719,Stanis≈Çaw Jakub Rostworowski,Simeon,false,14,enwiki,2024-10-27 18:20:18
1833639803,Lobedu people,197.184.168.67,false,92,enwiki,2024-10-27 18:20:36
1833639819,Molek FM,Dzulfi Ramadhan,false,12,enwiki,2024-10-27 18:20:40
1833639904,Joe Murphy (Irish republican),GiantSnowman,false,50,enwiki,2024-10-27 18:20:55
1833639917,Talk:Time in the State of Palestine,Avigreen18,false,205,enwiki,2024-10-27 18:20:57
1833640010,File talk:Red-whiskered Bulbul-web.jpg,Tom.Reding,false,0,enwiki,2024-10-27 18:21:15
1833639804,Pranci≈°kus B≈´ƒçys,Monkbot,true,1,enwiki,2024-10-27 18:20:34
1833639818,Jim Saleam,2800:200:ED80:1A0:CDF:8726:B15B:D56E,false,2030,enwiki,2024-10-27 18:20:35
1833639905,Big Foot (Nicki Minaj song),64.150.227.187,false,55,enwiki,2024-10-27 18:20:53
1833640009,Talk:MIT Museum,Reify-tech,false,-13,enwiki,2024-10-27 18:21:15
1833639806,The Haunting (1999 film),Black Yoshi,false,0,enwiki,2024-10-27 18:20:35
1833639909,Potenciano Lesaca,Toniker0501,false,61,enwiki,2024-10-27 18:20:56
1833640012,Priapismus,Feralcateater000,false,48,enwiki,2024-10-27 18:21:14
1833639807,Talk:Munkhzul Tsogbadrakh,Cewbot,true,12,enwiki,2024-10-27 18:20:37
1833640013,Naked (2013 film),Citation bot,true,18,enwiki,2024-10-27 18:21:14
1833639808,The Shadow over Innsmouth,Mwwv,false,3066,enwiki,2024-10-27 18:20:35
1833639911,APEC Peru 2024,2001:4454:10E:CB00:7924:1E45:82E1:113B,false,10,enwiki,2024-10-27 18:20:56
1833639810,The Pony Club,Grorp,false,182,enwiki,2024-10-27 18:20:38
1833639913,File talk:Red delicious and cross section.jpg,Tom.Reding,false,0,enwiki,2024-10-27 18:20:57
1833640000,Wikipedia:Articles for deletion/Ancient TL,JMWt,false,256,enwiki,2024-10-27 18:21:12
1833640018,Talk:Abigail Williams,Roman Spinner,false,1180,enwiki,2024-10-27 18:21:14
1833639811,Ironman Triathlon,Needforspeed888,false,-31,enwiki,2024-10-27 18:20:37
1833639912,2025 AFC U-17 Asian Cup qualification,HiddenFace101,false,-2,enwiki,2024-10-27 18:20:49
1833640001,Dani Ponz,Saintandy7,false,0,enwiki,2024-10-27 18:21:12
1833640019,Fatboy (EastEnders),146.199.140.26,false,49,enwiki,2024-10-27 18:21:13
1833640102,Template:Taxonomy/Leptomithrax,TheTechnician27,false,0,enwiki,2024-10-27 18:21:33
1833640116,Talk:Tea Party movement/Moderated discussion/Archive 3,Afernand74,false,0,enwiki,2024-10-27 18:21:33
358020507,Benutzer:A1000/wolrad,A1000,false,53,dewiki,2024-10-27 18:21:50
1833640213,Rafah DiCostanzo,Patar knight,false,34,enwiki,2024-10-27 18:21:53
1833640307,User talk:Paine Ellsworth/Workpage,Paine Ellsworth,false,7,enwiki,2024-10-27 18:22:05
1833640103,Sloup v ƒåech√°ch,Monkbot,true,1,enwiki,2024-10-27 18:21:30
1833640115,2024 United States Senate election in Arizona,Bluerules,false,-15,enwiki,2024-10-27 18:21:28
1833640214,Gholaman District,Brightkingdom,false,130,enwiki,2024-10-27 18:21:54
1833640308,File talk:Royal Spoonbill mouth open.jpg,Tom.Reding,false,0,enwiki,2024-10-27 18:22:14
1833640108,AAA World Tag Team Championship,DepressedPer,false,-1,enwiki,2024-10-27 18:21:32
358020500,Oberndorf am Neckar,HubiB,false,-419,dewiki,2024-10-27 18:21:37
358020508,Portal:Film und Fernsehen/Kinostarts 2017,Jobu0101,false,15,dewiki,2024-10-27 18:21:32
1833640203,Talk:Tr·∫ßn Th·ªã Nga,Cewbot,true,9,enwiki,2024-10-27 18:21:52
1833640215,Oh! What a Lovely War,Citation bot,true,21,enwiki,2024-10-27 18:21:52
1833640309,Auzielle,Monkbot,true,1,enwiki,2024-10-27 18:22:11
1833640413,Talk:Sainiana Tukana,Cewbot,true,23,enwiki,2024-10-27 18:22:34
1833640204,Wikipedia talk:WikiProject Football,Unknown Temptation,false,634,enwiki,2024-10-27 18:21:51
358020518,Britt Airways,Uli Elch,false,0,dewiki,2024-10-27 18:21:56
1833640300,Gary Burrill,Patar knight,false,34,enwiki,2024-10-27 18:22:10
1833640310,Copenhagen derby,SaintCeleste,false,-162,enwiki,2024-10-27 18:22:13
1833640400,User:Aedis1/Art1068,Aedis1,false,15,enwiki,2024-10-27 18:22:32
1833640415,File talk:SDO's Ultra-high Definition View of 2012 Venus Transit (304 Angstrom Full Disc 02).jpg,Tom.Reding,false,0,enwiki,2024-10-27 18:22:35
1833640109,Talk:Seth Perkins Staples,Cewbot,true,0,enwiki,2024-10-27 18:21:34
358020512,Carl Streckeisen,Silewe,false,63,dewiki,2024-10-27 18:21:53
1833640218,Akkain,Monkbot,true,2,enwiki,2024-10-27 18:21:54
1833640302,2024‚Äì25 Ligue 1,Skyblueshaun,false,30,enwiki,2024-10-27 18:22:09
1833640316,Martha Greenblatt,Colinwhite613,false,-88,enwiki,2024-10-27 18:22:15
1833640403,Talk:2024 United States Senate election in Arizona,Bluerules,false,136,enwiki,2024-10-27 18:22:31
1833640416,Cities in the Book of Joshua,Potat√≠n5,false,1178,enwiki,2024-10-27 18:22:26
1833640110,Nicolas Jackson,2A02:1388:9B:9E0E:C501:F4B5:5C24:D691,false,0,enwiki,2024-10-27 18:21:32
1833640205,Kurier Wile≈Ñski,Monkbot,true,3,enwiki,2024-10-27 18:21:51
1833640219,Talk:Felix Tsolakyan,Cewbot,true,1,enwiki,2024-10-27 18:21:55
1833640318,The Bloodline (professional wrestling),Modus touch,false,53,enwiki,2024-10-27 18:22:13
1833640405,Marina the Monk,23.28.146.10,false,1,enwiki,2024-10-27 18:22:31
1833640112,2024 Vanderbilt Commodores football team,2601:80:CC01:DA00:BCCC:A7D2:92EA:1392,false,14,enwiki,2024-10-27 18:21:32
1833640210,Draft:Kevin Trudeau's Global Information Network (GIN),Grad0507,false,4,enwiki,2024-10-27 18:21:53
1833640303,2025 AFC U-17 Asian Cup qualification,HiddenFace101,false,13,enwiki,2024-10-27 18:22:06
358020503,Robert Geiss,Mirmok12,false,72,dewiki,2024-10-27 18:21:44
358020504,M√ÅV-Baureihe 494.0,Hattori 15,false,156,dewiki,2024-10-27 18:21:49
358020509,Liste von Traubenbrunnen,AF666,false,-56,dewiki,2024-10-27 18:21:50
358020515,M√ÅV-Baureihe 493.0,Hattori 15,false,156,dewiki,2024-10-27 18:21:54
358020519,Wikipedia:L√∂schkandidaten/26. Oktober 2024,Koenraad,false,438,dewiki,2024-10-27 18:21:55
1833640304,Template:2024‚Äì25 Ligue 1 table,Alibene567,false,0,enwiki,2024-10-27 18:22:13
1833640319,Talk:Anthony Souaiby,Cewbot,true,7,enwiki,2024-10-27 18:22:16
1833640411,Campeonato Brasileiro S√©rie A,Rodrigo 7166,false,0,enwiki,2024-10-27 18:22:27
1833640100,File talk:Richea Scoparia-2.jpg,Tom.Reding,false,0,enwiki,2024-10-27 18:21:32
1833640113,File talk:Rick 2009-10-17 2020Z.jpg,Tom.Reding,false,-9,enwiki,2024-10-27 18:21:36
358020505,Gerhard von Prosch,Phzh,false,-9,dewiki,2024-10-27 18:21:49
358020510,Bernd Kauffmann,80.136.85.200,false,20,dewiki,2024-10-27 18:21:49
1833640211,File talk:Rory Kennedy 2011.jpg,Tom.Reding,false,-9,enwiki,2024-10-27 18:21:53
1833640306,Talk:Sheetal Thakur,Cewbot,true,18,enwiki,2024-10-27 18:22:13
1833640410,Diego Maur√≠cio,Neon Grant,false,0,enwiki,2024-10-27 18:22:31
1833640101,Mauricio Umansky,Levon211,false,-1,enwiki,2024-10-27 18:21:31
1833640114,User:AJFU/sandbox,AJFU,false,-12087,enwiki,2024-10-27 18:21:35
358020511,Benutzer:Aka/Fehlerlisten/nowiki um URL/006,Mhandschug,false,-1883,dewiki,2024-10-27 18:21:51
1833640212,The Portrait (1923 film),Uriahheep228,false,36,enwiki,2024-10-27 18:21:54
1833640305,Edward Tannur,Theasiancowboy,false,105,enwiki,2024-10-27 18:22:12
1833640412,Virbalis,Monkbot,true,6,enwiki,2024-10-27 18:22:32
1833640603,Draft:Alan (Zig) St Clair Gibson,Nthep,false,-109,enwiki,2024-10-27 18:23:09
1833640700,Villeneuve-Tolosane,Monkbot,true,1,enwiki,2024-10-27 18:23:21
1833640719,"File talk:Sarah Bernhardt, par Nadar, 1864, sepia.jpg",Tom.Reding,false,-18,enwiki,2024-10-27 18:23:28
1833640813,List of Qualcomm Snapdragon systems on chips,Techmin651,false,-2,enwiki,2024-10-27 18:23:30
1833640519,List of United States Army four-star generals,SuperWIKI,false,396,enwiki,2024-10-27 18:22:48
1833640814,List of United States Army four-star generals,SuperWIKI,false,61,enwiki,2024-10-27 18:23:38
1833640604,File talk:Samyang 14mm f2.8 lens - Diliff.jpg,Tom.Reding,false,-1,enwiki,2024-10-27 18:23:10
1833640701,Miss South Africa 2024,Sciencefish,false,2,enwiki,2024-10-27 18:23:25
1833640718,Wikipedia:Sandbox,Ticsahyd,false,-516,enwiki,2024-10-27 18:23:28
1833640605,Donogoo Tonka,Uriahheep228,false,51,enwiki,2024-10-27 18:23:10
1833640702,Talk:Wewi Trucco,Cewbot,true,-12,enwiki,2024-10-27 18:23:25
1833640801,File talk:Schola Gregoriana-Kyrie eleison.ogg,Tom.Reding,false,0,enwiki,2024-10-27 18:23:42
1833640610,Talk:Jos Van Thillo,Cewbot,true,-21,enwiki,2024-10-27 18:23:10
1833640704,Knock (1925 film),Uriahheep228,false,51,enwiki,2024-10-27 18:23:26
1833640803,Avika Gor,Geniac,false,-1,enwiki,2024-10-27 18:23:41
1833640611,Talk:Helena Blavatsky,Horse Eye's Back,false,252,enwiki,2024-10-27 18:23:10
1833640705,Jodel Lessage,SupportezLesFADH,false,214,enwiki,2024-10-27 18:23:26
1833640805,Talk:Nemanja Todoroviƒá ≈†tiplija,Cewbot,true,-19,enwiki,2024-10-27 18:23:40
1833640709,List of world records in track cycling,Montell 74,false,2,enwiki,2024-10-27 18:23:26
1833640806,Talk:Joseph Tabbi,Cewbot,true,-5,enwiki,2024-10-27 18:23:43
1833640517,Maple syrup urine disease,Ozzie10aaaa,false,-17,enwiki,2024-10-27 18:22:53
1833640600,2024 Uzbek parliamentary election,Borgenland,false,161,enwiki,2024-10-27 18:23:09
1833640710,2024 Montenegrin municipal elections,79.140.150.151,false,12,enwiki,2024-10-27 18:23:26
1833640807,Srivilliputhur,36.255.17.63,false,0,enwiki,2024-10-27 18:23:40
1833640518,1970 Austrian 1000 km,Kafash 1989,false,37,enwiki,2024-10-27 18:22:54
1833640601,Abir Mukherjee,Starklinson,false,47,enwiki,2024-10-27 18:23:08
1833640712,Muhammad Zubair Umar,2001:8F8:1361:554F:E9:263F:D5AF:B7A,false,106,enwiki,2024-10-27 18:23:25
1833640808,√övalno,Monkbot,true,1,enwiki,2024-10-27 18:23:41
1833640602,La Caunette,Monkbot,true,1,enwiki,2024-10-27 18:23:07
1833640716,Tourouzelle,Monkbot,true,1,enwiki,2024-10-27 18:23:25
1833640809,Saturday Night Football,2601:80:CC01:DA00:BCCC:A7D2:92EA:1392,false,-224,enwiki,2024-10-27 18:23:39
1833640815,Anthony Spilotro,Jeffme,false,-6,enwiki,2024-10-27 18:23:44
1833640819,File talk:Sea-otter-morro-bay 13.jpg,Tom.Reding,false,-1,enwiki,2024-10-27 18:23:46
1833640909,Draft:CEERS2 588,82.79.145.44,false,27,enwiki,2024-10-27 18:24:03
1833641001,Talk:Oleksandr Syromiatnykov,Cewbot,true,-15,enwiki,2024-10-27 18:24:22
1833641018,List of LGBTQ medical organizations,Raladic,false,12,enwiki,2024-10-27 18:24:27
1833641105,JD Vance,Wozal,false,-961,enwiki,2024-10-27 18:24:34
358020612,Liste der Stolpersteine in Bernburg (Saale),Uli Vogel,false,612,dewiki,2024-10-27 18:24:47
1833640910,Vagenetia,Monkbot,true,1,enwiki,2024-10-27 18:24:03
1833641002,Carers Strategies (Wales) Measure 2010,Schazjmd,false,-13,enwiki,2024-10-27 18:24:23
1833641019,User talk:Paine Ellsworth/Workpage,Paine Ellsworth,false,20,enwiki,2024-10-27 18:24:18
358020605,Weimar-Preis,80.136.85.200,false,82,dewiki,2024-10-27 18:24:31
1833641107,Terna Energy,Monkbot,true,1,enwiki,2024-10-27 18:24:45
1833640900,John of G≈Çog√≥w,Monkbot,true,2,enwiki,2024-10-27 18:24:00
1833640911,Jack McNeela,GiantSnowman,false,-7,enwiki,2024-10-27 18:24:04
1833641003,How Heavy Are the Dumbbells You Lift?,SimonLagann,false,272,enwiki,2024-10-27 18:24:20
358020607,El Call de Barcelona,Invisigoth67,false,-3,dewiki,2024-10-27 18:24:35
358020609,Elephant Nature Park,Marie Adelaide,false,339,dewiki,2024-10-27 18:24:41
1833641106,Descendants of Christian IX of Denmark,AndrewPeterT,false,2,enwiki,2024-10-27 18:24:42
1833640912,Saturday Night Football,2601:80:CC01:DA00:BCCC:A7D2:92EA:1392,false,-447,enwiki,2024-10-27 18:24:00
1833641008,User talk:NXcrypto,LukeEmily,false,973,enwiki,2024-10-27 18:24:24
358020608,Walter Dr√ºck,Puzzlestein,false,226,dewiki,2024-10-27 18:24:35
1833641108,Talk:Pony Club,Grorp,false,278,enwiki,2024-10-27 18:24:46
1833640902,San Francisco Police Department Park Station bombing,2603:8001:9701:7AB9:64BF:2734:3BF9:EA28,false,8,enwiki,2024-10-27 18:24:01
1833640915,Adrian Kashchenko,BilletsMauves,false,0,enwiki,2024-10-27 18:24:05
1833641009,File talk:Sericornis humilis - Melaleuca.jpg,Tom.Reding,false,0,enwiki,2024-10-27 18:24:24
358020610,Portal:Film und Fernsehen/Kinostarts 2018,Jobu0101,false,38,dewiki,2024-10-27 18:24:30
1833641112,User talk:NXcrypto,LukeEmily,false,7,enwiki,2024-10-27 18:24:47
1833640903,Talk:Fumio Takashima,Cewbot,true,-1,enwiki,2024-10-27 18:24:01
1833640914,Nicole Kidman,2407:1400:AA1B:28F8:4037:E534:F9D6:5810,false,84,enwiki,2024-10-27 18:23:47
1833641011,Scottish Caf√©,Monkbot,true,1,enwiki,2024-10-27 18:24:24
1833641113,2024 Montenegrin municipal elections,79.140.150.151,false,24,enwiki,2024-10-27 18:24:45
1833640916,Talk:Tibor Szalay,Cewbot,true,-12,enwiki,2024-10-27 18:24:04
1833641010,Wikipedia:Teahouse,Bro The Man,false,1174,enwiki,2024-10-27 18:24:21
358020606,Portal:Film und Fernsehen/Kinostarts 2018,Jobu0101,false,-3,dewiki,2024-10-27 18:24:16
358020611,Liste der Fu√üball-Nationaltrainer mit mindestens 100 L√§nderspielen,RedPiranha,false,22,dewiki,2024-10-27 18:24:37
1833641114,Talk:Prema Maya Sonir,Cewbot,true,13,enwiki,2024-10-27 18:24:47
1833640906,File talk:Sega-Mega-Drive-JP-Mk1-Console-Set.jpg,Tom.Reding,false,0,enwiki,2024-10-27 18:24:03
1833640918,List of The Bold and the Beautiful characters introduced in the 2020s,AwardShowFan123,false,3,enwiki,2024-10-27 18:24:05
1833641013,Talk:Milena Titoneli,Cewbot,true,-12,enwiki,2024-10-27 18:24:25
1833641115,Terry's,AKK-700,false,187,enwiki,2024-10-27 18:24:45
358020615,Benutzer:Wamito/Werkstatt/W01,Wamito,false,-39,dewiki,2024-10-27 18:24:58
1833640907,Divriƒüi Great Mosque and Hospital,Chidgk1,false,-18,enwiki,2024-10-27 18:24:02
1833641015,Peter Ford (actor),174.243.193.71,false,-2,enwiki,2024-10-27 18:24:25
1833641116,2022‚Äì23 USHL season,184.55.60.49,false,4,enwiki,2024-10-27 18:24:44
358020613,Diskussion:Kulning,Echosmoke,false,262,dewiki,2024-10-27 18:24:55
1833640905,Zsa Zsa Carter,146.199.140.26,false,12,enwiki,2024-10-27 18:24:03
358020601,Kailas Mahadevan,Ludger Lampen,false,38,dewiki,2024-10-27 18:24:19
358020602,Wikipedia:L√∂schkandidaten/25. Oktober 2024,Zyronical,false,243,dewiki,2024-10-27 18:24:25
358020604,Paul G√§bler,Invisigoth67,false,54,dewiki,2024-10-27 18:24:30
1833641117,Gholaman Rural District,Brightkingdom,false,249,enwiki,2024-10-27 18:24:46
358020614,Portal:Film und Fernsehen/Kinostarts 2019,Jobu0101,false,2,dewiki,2024-10-27 18:24:42
1833641215,File talk:Sidney Hall - Urania's Mirror - Cancer.jpg,Tom.Reding,false,0,enwiki,2024-10-27 18:25:03
1833641405,Wanchai Kiatmuu9,SdkbBot,true,-3,enwiki,2024-10-27 18:25:31
1833641508,User talk:2409:40D4:2006:9F21:4974:DC65:BE4D:B05A,Yamla,false,1883,enwiki,2024-10-27 18:25:53
1833641216,Constitutional Democratic Party of Japan,2607:FEA8:2D43:D700:D4A7:4E06:26AB:15B9,false,-8,enwiki,2024-10-27 18:25:00
1833641410,Montoussin,Monkbot,true,1,enwiki,2024-10-27 18:25:30
1833641509,Draft:Mina's Matchbox,Phibeatrice,false,347,enwiki,2024-10-27 18:25:53
358020617,Benutzer Diskussion:Commander-pirx,Commander-pirx,false,-4309,dewiki,2024-10-27 18:25:03
1833641409,Eaton Township Weis Markets shooting,BadMombo1660,false,95,enwiki,2024-10-27 18:25:32
1833641200,Wikipedia:Articles for deletion/Log/2024 October 27,QuietCicada,false,46,enwiki,2024-10-27 18:24:55
1833641411,"Shilong, Guangdong",HKRailEnthusiast,false,-1154,enwiki,2024-10-27 18:25:32
1833641514,"Miko≈Çaja Reja Street, Bydgoszcz",Monkbot,true,6,enwiki,2024-10-27 18:25:53
1833641202,Ena (album),Monkbot,true,1,enwiki,2024-10-27 18:24:59
1833641412,File talk:Sidney Hall - Urania's Mirror - Hercules and Corona Borealis.jpg,Tom.Reding,false,0,enwiki,2024-10-27 18:25:34
1833641515,Larry Dane Brimner,RockRiverTree,false,-1211,enwiki,2024-10-27 18:25:54
358020616,Wikipedia:Redaktion Altertum/R√∂mischer Limes/Dakischer Limes,Hartmann Linge,false,351,dewiki,2024-10-27 18:25:02
358020618,Benutzer:Rolf-Dresden/Baustelle 9,Rolf-Dresden,false,-21,dewiki,2024-10-27 18:25:04
1833641400,Copenhagen derby,SaintCeleste,false,-20,enwiki,2024-10-27 18:25:30
1833641413,Talk:List of LGBTQ medical organizations,Raladic,false,212,enwiki,2024-10-27 18:25:34
1833641516,"File talk:Sidney Hall - Urania's Mirror - Noctua, Corvus, Crater, Sextans Urani√¶, Hydra, Felis, Lupus, Centaurus, Antlia Pneumatica, Argo Navis, and Pyxis Nautica.jpg",Tom.Reding,false,0,enwiki,2024-10-27 18:25:55
1833641205,Talk:Kate≈ôina Urbanov√°,Cewbot,true,-12,enwiki,2024-10-27 18:25:01
1833641401,National Wealth Fund (United Kingdom),LunaExplorer,false,19,enwiki,2024-10-27 18:25:30
1833641414,Talk:Tiandi Smith,Cewbot,true,-11,enwiki,2024-10-27 18:25:34
1833641517,2024‚Äì25 Brentford F.C. season,Mediocre Legacy,false,-1,enwiki,2024-10-27 18:25:48
1833641207,Kris Mitchell,BullDawg2021,false,-1,enwiki,2024-10-27 18:25:02
358020619,Reparaturbonus,Giebenrath,false,1,dewiki,2024-10-27 18:25:09
1833641403,Talk:Kersten Steinke,Cewbot,true,12,enwiki,2024-10-27 18:25:31
1833641415,2025 AFC U-17 Asian Cup qualification,94.129.196.44,false,-1,enwiki,2024-10-27 18:25:29
1833641501,"File talk:Sidney Hall - Urania's Mirror - Monoceros, Canis Minor, and Atelier Typographique.jpg",Tom.Reding,false,0,enwiki,2024-10-27 18:25:52
1833641518,Talk:G√ºnther Steiner,Cewbot,true,-11,enwiki,2024-10-27 18:25:55
1833641214,Michael Devine (hunger striker),GiantSnowman,false,-9,enwiki,2024-10-27 18:25:02
1833641402,Elanor (given name),HirowoWiki,false,2,enwiki,2024-10-27 18:25:32
1833641417,MPL Indonesia,82.174.144.31,false,15,enwiki,2024-10-27 18:25:34
1833641503,Ben White (rugby league),Flod logic,false,1,enwiki,2024-10-27 18:25:52
1833641210,Wikipedia:WikiProject Deletion sorting/Companies,QuietCicada,false,46,enwiki,2024-10-27 18:24:56
1833641317,Richard W. Kent,Ktkvtsh,false,42,enwiki,2024-10-27 18:25:15
1833641506,Talk:Harib Suhail,Cewbot,true,-22,enwiki,2024-10-27 18:25:53
1833641616,Asmara-Massawa Cableway,XTheBedrockX,false,-15,enwiki,2024-10-27 18:26:12
1833641712,Germans in India,Chris the speller,false,0,enwiki,2024-10-27 18:26:30
1833641801,Helen Fisher (anthropologist),185.89.51.46,false,-1,enwiki,2024-10-27 18:26:48
1833641818,User:KevGoody,KevGoody,false,0,enwiki,2024-10-27 18:26:50
1833641713,Growing Up Female,SdkbBot,true,-21,enwiki,2024-10-27 18:26:31
1833641805,"Solnechny, Tver Oblast",Monkbot,true,1,enwiki,2024-10-27 18:26:46
1833641715,Talk:Caner Topta≈ü,Cewbot,true,-12,enwiki,2024-10-27 18:26:32
1833641806,Lobedu people,197.184.168.67,false,156,enwiki,2024-10-27 18:26:49
1833641714,United States Marine Corps,Fnlayson,false,3,enwiki,2024-10-27 18:26:21
1833641807,Jo√£o Palhinha,Jaellee,false,0,enwiki,2024-10-27 18:26:45
1833641701,Comentiolus (brother of Phocas),Monkbot,true,1,enwiki,2024-10-27 18:26:28
1833641808,Horror fiction,2001:8F8:1339:2C1E:9A2B:E4EF:4CAF:CB9B,false,-6,enwiki,2024-10-27 18:26:46
1833641602,Saint-Adjutory,Monkbot,true,1,enwiki,2024-10-27 18:26:08
1833641703,Talk:Barbara Talmage,Cewbot,true,-10,enwiki,2024-10-27 18:26:29
1833641603,Talk:Freddy Valera,Cewbot,true,-14,enwiki,2024-10-27 18:26:11
1833641702,Martha Greenblatt,Colinwhite613,false,0,enwiki,2024-10-27 18:26:28
1833641809,Wikipedia:Articles for deletion/Somequest,QuietCicada,false,90,enwiki,2024-10-27 18:26:49
1833641704,Leroy San√©,Jaellee,false,0,enwiki,2024-10-27 18:26:25
1833641816,Talk:Luiza Toshmetova,Cewbot,true,-12,enwiki,2024-10-27 18:26:50
1833641605,Richard W. Kent,Ktkvtsh,false,352,enwiki,2024-10-27 18:26:12
1833641709,File talk:Silver gull jan 09.jpg,Tom.Reding,false,0,enwiki,2024-10-27 18:26:31
1833641606,File talk:Sidney Hall - Urania's Mirror - Scorpio.jpg,Tom.Reding,false,0,enwiki,2024-10-27 18:26:13
1833641711,Kieran Doherty (hunger striker),GiantSnowman,false,12,enwiki,2024-10-27 18:26:30
1833641817,Michael Olise,Jaellee,false,0,enwiki,2024-10-27 18:26:47
1833641902,Spyridon Mavrogenis,Monkbot,true,1,enwiki,2024-10-27 18:27:02
1833642116,Ate-Oh-Ate,Another Believer,false,-12,enwiki,2024-10-27 18:27:40
358020707,Portal:Film und Fernsehen/Kinostarts 2021,Jobu0101,false,-1,dewiki,2024-10-27 18:27:39
358020710,Nordkoreanisch-ukrainische Beziehungen,OzelotOdyssee,false,19,dewiki,2024-10-27 18:27:58
1833642209,Vincent Kompany,Saintandy7,false,0,enwiki,2024-10-27 18:27:58
1833641904,Zulfi Hoxha,Wham2001,false,-314,enwiki,2024-10-27 18:27:02
1833642014,R. Ross Holloway,BD2412,false,11,enwiki,2024-10-27 18:27:20
1833642115,Orchha,Billjones94,false,2,enwiki,2024-10-27 18:27:41
358020711,Portal:Film und Fernsehen/Kinostarts 2021,Jobu0101,false,81,dewiki,2024-10-27 18:27:48
358020713,Benutzer:Ernsts/Kandidaten,Ernsts,false,295,dewiki,2024-10-27 18:28:05
1833641906,State Anthem of the Republic of Karakalpakstan,SUM1,false,9,enwiki,2024-10-27 18:27:02
1833642015,Salvatore Accursi,Ermellinobruzio,false,42,enwiki,2024-10-27 18:27:20
358020702,WNBA Most Improved Player Award,Wikappe,false,321,dewiki,2024-10-27 18:27:33
358020703,Mohamed Achour,Ludger Lampen,false,52,dewiki,2024-10-27 18:27:36
1833642100,"Shilong, Guangdong",HKRailEnthusiast,false,144,enwiki,2024-10-27 18:27:39
1833642117,Highest averages method,Glide08,false,483,enwiki,2024-10-27 18:27:41
1833642211,Wikipedia talk:Civility,Horse Eye's Back,false,35,enwiki,2024-10-27 18:28:03
1833641908,RMS Etruria,BD2412,false,-2,enwiki,2024-10-27 18:27:00
1833642016,Ethiopian Empire in exile,XTheBedrockX,false,51,enwiki,2024-10-27 18:27:22
1833642102,File talk:Squid colors 2.jpg,Tom.Reding,false,-18,enwiki,2024-10-27 18:27:41
1833642118,Oleg Zagorodnii,Regioncalifornia,false,-38,enwiki,2024-10-27 18:27:43
1833642212,Talk:Tr·∫ßn Ti·∫øn ƒê·∫°i,Cewbot,true,9,enwiki,2024-10-27 18:28:05
1833641910,Talk:Charlotte Summers,Cewbot,true,-23,enwiki,2024-10-27 18:27:05
1833642103,Talk:Symbiosis (musical ensemble),Cewbot,true,-2,enwiki,2024-10-27 18:27:41
1833642119,Talk:The Song Celestial,Cewbot,true,-2,enwiki,2024-10-27 18:27:44
358020714,Die Beine von Dolores,Invisigoth67,false,0,dewiki,2024-10-27 18:28:05
1833641912,Athletics at the 1982 Central American and Caribbean Games ‚Äì Results,Pietaster,false,1358,enwiki,2024-10-27 18:27:01
1833642018,File talk:South Georgia Island as seen by Sentinel-2.jpg,Tom.Reding,false,-11,enwiki,2024-10-27 18:27:23
1833642104,Dalassenos,Monkbot,true,1,enwiki,2024-10-27 18:27:40
1833642214,File talk:Sterna nereis - Little Swanport.jpg,Tom.Reding,false,0,enwiki,2024-10-27 18:28:05
1833641914,File talk:Sony A77 II - top.jpg,Tom.Reding,false,-1,enwiki,2024-10-27 18:27:06
358020704,Portal:Film und Fernsehen/Kinostarts 2021,Jobu0101,false,57,dewiki,2024-10-27 18:27:35
1833642215,Gabby's Dollhouse: The Movie,SdkbBot,true,-1,enwiki,2024-10-27 18:28:05
1833641913,List of United States Army four-star generals,SuperWIKI,false,2333,enwiki,2024-10-27 18:26:59
358020705,Louis K√∂ster,KruegA,false,0,dewiki,2024-10-27 18:27:42
358020709,Portal Diskussion:Tennis,Elfabso,false,214,dewiki,2024-10-27 18:27:56
1833641900,Constitutional Democratic Party of Japan,2607:FEA8:2D43:D700:D4A7:4E06:26AB:15B9,false,11,enwiki,2024-10-27 18:27:01
1833642109,Columbia Park (Seattle),SdkbBot,true,-4,enwiki,2024-10-27 18:27:41
1833641901,Kal Kissne Dekha,91.75.117.23,false,0,enwiki,2024-10-27 18:27:03
1833642114,Blue Moon (2025 film),Citation bot,true,-3,enwiki,2024-10-27 18:27:42
1833642200,Belgian Open (tennis),Tennishistory1877,false,7,enwiki,2024-10-27 18:27:59
1833642402,User talk:Liz,Liz,false,557,enwiki,2024-10-27 18:28:28
1833642510,Czech Republic women's national football team,Rest in pieces,false,0,enwiki,2024-10-27 18:28:59
358020717,Brosen,Der blaue Reiter kehrt zur√ºck,false,201,dewiki,2024-10-27 18:28:13
1833642309,Talk:California High-Speed Rail,Robert92107,false,2471,enwiki,2024-10-27 18:28:16
1833642404,Break My Heart (Dua Lipa song),Szyign,false,1154,enwiki,2024-10-27 18:28:36
1833642500,"Cerna Gora, Pernik Province",MrKeefeJohn,false,34,enwiki,2024-10-27 18:29:00
358020715,Campeonato Brasileiro S√©rie B 2024,MacOrcas,false,200,dewiki,2024-10-27 18:28:08
1833642310,Talk:Brandon Theron,Cewbot,true,0,enwiki,2024-10-27 18:28:23
1833642409,Jest≈ôeb√≠ (N√°chod District),Monkbot,true,1,enwiki,2024-10-27 18:28:40
1833642501,Template:2024‚Äì25 Bundesliga table,Kante4,false,0,enwiki,2024-10-27 18:29:01
1833642511,Christopher Michael King,Graywalls,false,-3320,enwiki,2024-10-27 18:29:02
358020718,B√∂chingen,Mombacher,false,947,dewiki,2024-10-27 18:28:13
1833642311,"File talk:Sulfur - El Desierto mine, San Pablo de Napa, Daniel Campos Province, Potos√≠, Bolivia.jpg",Tom.Reding,false,-12,enwiki,2024-10-27 18:28:23
1833642411,Hennadiy Balashov,Sam20020202,false,45,enwiki,2024-10-27 18:28:41
1833642502,2024‚Äì25 FC Bayern Munich season,Lionel141,false,0,enwiki,2024-10-27 18:28:54
1833642515,Aberystwyth Town Hall,AnomieBOT,true,-13,enwiki,2024-10-27 18:29:03
1833642312,Saint-D√©sir√©,Monkbot,true,1,enwiki,2024-10-27 18:28:20
1833642412,Wikivoyage,138.117.235.10,false,6,enwiki,2024-10-27 18:28:40
1833642516,List of governors-general of Italian East Africa,XTheBedrockX,false,51,enwiki,2024-10-27 18:29:03
1833642313,2017 Pro Kabaddi League,2406:B400:B4:E2D1:ED7B:CA6D:B622:F81,false,0,enwiki,2024-10-27 18:28:21
1833642414,Draft talk:Jack Warner (sport shooter),Cewbot,true,-19,enwiki,2024-10-27 18:28:44
1833642505,Talk:Bridget Wilmes,Cewbot,true,-13,enwiki,2024-10-27 18:29:02
1833642519,Yershovka,Monkbot,true,1,enwiki,2024-10-27 18:29:03
358020719,John Jarman,Invisigoth67,false,5,dewiki,2024-10-27 18:28:14
1833642315,R. Sarath,BD2412,false,15,enwiki,2024-10-27 18:28:23
1833642415,Divyabharathi,SdkbBot,true,-13,enwiki,2024-10-27 18:28:43
1833642506,W≈Çadys≈Çaw Raginis,Monkbot,true,1,enwiki,2024-10-27 18:29:01
1833642518,See You Again (music video),Sahaib,false,34,enwiki,2024-10-27 18:29:05
1833642319,üá®üá∂,Gorobay,false,-19,enwiki,2024-10-27 18:28:25
1833642413,"File talk:Suricatos (Suricata suricatta), parque nacional Makgadikgadi Pans, Botsuana, 2018-07-30, DD 29.jpg",Tom.Reding,false,0,enwiki,2024-10-27 18:28:44
1833642507,File talk:SwanCrystal-Wine-Left.jpg,Tom.Reding,false,0,enwiki,2024-10-27 18:29:02
1833642305,Graham Arnold,Mattythewhite,false,-161,enwiki,2024-10-27 18:28:18
1833642401,File talk:Surfer in california 2.JPG,Tom.Reding,false,0,enwiki,2024-10-27 18:28:40
1833642308,"First Presbyterian Church (Galveston, Texas)",Oldsanfelipe2,false,238,enwiki,2024-10-27 18:28:22
1833642403,Draft talk:Percy Whitehead,Cewbot,true,-19,enwiki,2024-10-27 18:28:41
1833642418,Walker Hayes discography,Ycfjgt,false,2,enwiki,2024-10-27 18:28:44
1833642509,2024 United States House of Representatives elections in Oregon,SdkbBot,true,-30,enwiki,2024-10-27 18:28:55
1833642705,Beeren Island,Kafash 1989,false,41,enwiki,2024-10-27 18:29:37
1833642708,Talk:Kari Virding,Cewbot,true,6,enwiki,2024-10-27 18:29:38
1833642710,List of Filipino football champions,2601:147:C480:DA50:4CE4:E259:8BA0:F363,false,4,enwiki,2024-10-27 18:29:37
1833642604,San Francisco Police Department Park Station bombing,2603:8001:9701:7AB9:64BF:2734:3BF9:EA28,false,-1,enwiki,2024-10-27 18:29:20
1833642711,Pixbo,Prikryl,false,-11,enwiki,2024-10-27 18:29:39
1833642605,User:MacronMonitor/LinkAlerts,MacronMonitor,false,300,enwiki,2024-10-27 18:29:19
1833642700,File talk:Tawny frogmouth wholebody444.jpg,Tom.Reding,false,0,enwiki,2024-10-27 18:29:37
1833642613,Ted (film),TTTEMLPBrony,false,143,enwiki,2024-10-27 18:29:19
1833642701,2024 Maharashtra Legislative Assembly election,Xenonnnn,false,13,enwiki,2024-10-27 18:29:29
1833642617,"Zirikly, Sharansky District, Republic of Bashkortostan",Monkbot,true,2,enwiki,2024-10-27 18:29:20
1833642702,Eweka I,SdkbBot,true,-34,enwiki,2024-10-27 18:29:35
1833642719,File talk:Tawny wiki edit1.jpg,Tom.Reding,false,0,enwiki,2024-10-27 18:29:40
1833642618,2025 AFC U-17 Asian Cup qualification,HiddenFace101,false,231,enwiki,2024-10-27 18:29:16
1833642703,Maniakoi,Monkbot,true,1,enwiki,2024-10-27 18:29:36
1833642619,Information theory,Olexa Riznyk,false,62,enwiki,2024-10-27 18:29:18
1833642706,Wikipedia:Administrator intervention against vandalism/TB2,DatBot,true,487,enwiki,2024-10-27 18:29:37
1833642810,Rasteqan Rural District,Brightkingdom,false,115,enwiki,2024-10-27 18:29:56
1833642902,Sumika Yanagawa,SdkbBot,true,-7,enwiki,2024-10-27 18:30:11
1833642918,Howard 100 and Howard 101,76.221.154.163,false,0,enwiki,2024-10-27 18:30:13
1833643008,Akhunovo,Monkbot,true,2,enwiki,2024-10-27 18:30:30
1833643102,File talk:Threskiornis spinicollis - Centenary Lakes.jpg,Tom.Reding,false,0,enwiki,2024-10-27 18:30:47
1833643117,Pyrus nivalis,Monkbot,true,1,enwiki,2024-10-27 18:30:47
1833643202,User:Cyberbot I/AfD's requiring attention,Cyberbot I,true,-1,enwiki,2024-10-27 18:31:02
1833643212,John Wesley,2A00:23C6:F389:B301:E151:2E41:C5C1:80BC,false,0,enwiki,2024-10-27 18:31:02
1833642802,Tiri (footballer),Neon Grant,false,0,enwiki,2024-10-27 18:29:54
1833642813,List of equipment of the Philippine Army,Neko Cherise Sapphire Star,false,-5,enwiki,2024-10-27 18:29:51
358020808,Peter Steiner,Brodkey65,false,5,dewiki,2024-10-27 18:30:08
1833642903,Hot dog,Monkbot,true,1,enwiki,2024-10-27 18:30:08
1833643009,October 2024 Israeli strikes on Iran,WeatherWriter,false,1,enwiki,2024-10-27 18:30:28
1833643104,Talk:Adul Wanasatith,Cewbot,true,17,enwiki,2024-10-27 18:30:47
1833643118,Talk:Christine Volkmann,Cewbot,true,30,enwiki,2024-10-27 18:30:50
1833643203,"Rassvet, Belebeyevsky District, Republic of Bashkortostan",Monkbot,true,1,enwiki,2024-10-27 18:31:03
1833643216,Zanskar,Hike395,false,2204,enwiki,2024-10-27 18:31:05
1833642801,Talk:2025 FIFA Club World Cup,PeeJay,false,676,enwiki,2024-10-27 18:29:53
1833642818,File talk:Thalassarche cauta - SE Tasmania.jpg,Tom.Reding,false,0,enwiki,2024-10-27 18:29:58
358020809,Portal:Film und Fernsehen/Kinostarts 2023,Jobu0101,false,24,dewiki,2024-10-27 18:30:05
1833642907,User:Aedis1/Art1068,Aedis1,false,242,enwiki,2024-10-27 18:30:13
358020819,Paul Preu√ü (Alpinist),Mautpreller,false,0,dewiki,2024-10-27 18:30:14
1833643010,Talk:Lists of women in music,Cewbot,true,0,enwiki,2024-10-27 18:30:32
1833643105,Ismail al-Faruqi,DrunkenJoe,false,700,enwiki,2024-10-27 18:30:43
1833643119,File talk:Ti-tree sprig2.jpg,Tom.Reding,false,0,enwiki,2024-10-27 18:30:50
1833643204,MiSaMo,Random86,false,353,enwiki,2024-10-27 18:31:04
1833643217,Kelkit River,Monkbot,true,3,enwiki,2024-10-27 18:31:06
358020803,Asendorf (Kalletal),Der blaue Reiter kehrt zur√ºck,false,202,dewiki,2024-10-27 18:30:01
1833642909,Color in Chinese culture,151.68.78.71,false,243,enwiki,2024-10-27 18:30:11
1833643018,List of Super League seasons,EdwardUK,false,3,enwiki,2024-10-27 18:30:29
1833643205,Israel‚ÄìHamas war,Achmad Rachmani,false,-10,enwiki,2024-10-27 18:30:43
1833643218,File talk:Traditional indonesian instrument being played at the indonesian embassy.jpg,Tom.Reding,false,0,enwiki,2024-10-27 18:31:08
1833642804,Talk:Tam Shek-wing,Jkaharper,false,-1,enwiki,2024-10-27 18:29:56
358020804,Karl V. (HRR),Gancho,false,71,dewiki,2024-10-27 18:30:00
1833642910,Talk:2024 Israeli invasion of Lebanon,Buonaparte3331,false,0,enwiki,2024-10-27 18:30:12
1833643019,File talk:Thinornis rubricollis Bruny Island.jpg,Tom.Reding,false,0,enwiki,2024-10-27 18:30:33
1833643107,Lee Fields,2A02:A45B:E37A:0:8537:14C5:D69E:50C,false,31,enwiki,2024-10-27 18:30:48
1833643206,Talk:Lana Zba≈°nik,Cewbot,true,-17,enwiki,2024-10-27 18:31:05
1833643219,Talk:Wu Ching-Jing,Cewbot,true,7,enwiki,2024-10-27 18:31:08
1833642807,Talk:Wang Zhaowen,Cewbot,true,7,enwiki,2024-10-27 18:29:56
358020806,Michael Kleinaltenkamp,Mhandschug,false,-44,dewiki,2024-10-27 18:30:07
1833642911,Roman imperial period (chronology),Monkbot,true,2,enwiki,2024-10-27 18:30:12
1833643109,Bliss (Tech N9ne album),8086-PC,false,-3,enwiki,2024-10-27 18:30:48
1833643208,Nadezda Tokareva,Frost,false,10,enwiki,2024-10-27 18:31:05
1833642805,The Four: Battle for Stardom,OnlyNano,false,-49,enwiki,2024-10-27 18:29:54
358020814,Benutzer:Sebastian V,Ephraim33,false,4,dewiki,2024-10-27 18:30:14
1833643110,Three dots (Freemasonry),SdkbBot,true,-120,enwiki,2024-10-27 18:30:47
1833643209,Angel wings,Tropylium,false,13,enwiki,2024-10-27 18:31:05
1833642806,Ramesses XI,Favonian,false,-78,enwiki,2024-10-27 18:29:54
358020812,Benutzer:Falk2/Bilder/2023,Falk2,false,21,dewiki,2024-10-27 18:30:12
1833642913,Talk:Gabriel Vilardi,Cewbot,true,-12,enwiki,2024-10-27 18:30:14
1833643005,Tadeusz Hogendorf,KibolLP,false,488,enwiki,2024-10-27 18:30:30
1833643114,2024 Maharashtra Legislative Assembly election,Dev Adhi,false,-394,enwiki,2024-10-27 18:30:37
1833642808,Osorkon II,Favonian,false,-57,enwiki,2024-10-27 18:29:54
358020813,Portal:Film und Fernsehen/Kinostarts 2023,Jobu0101,false,-2,dewiki,2024-10-27 18:30:08
1833642916,File talk:The Bubble Nebula - NGC 7635 - Heic1608a.jpg,Tom.Reding,false,0,enwiki,2024-10-27 18:30:15
1833643007,User:MacronMonitor/Alerts,MacronMonitor,false,227,enwiki,2024-10-27 18:30:29
1833643115,Vancouver,Rushtheeditor,false,92,enwiki,2024-10-27 18:30:39
1833643210,User talk:176.76.226.165,Frost,false,1334,enwiki,2024-10-27 18:31:06
1833642809,"Nikiforovka, Kursk Oblast",Monkbot,true,2,enwiki,2024-10-27 18:29:54
1833642900,User talk:Bubba73,Double sharp,false,58,enwiki,2024-10-27 18:30:11
1833642917,Special Ops: Lioness,184.147.196.79,false,10,enwiki,2024-10-27 18:30:11
1833643116,Westhouses,50.81.237.112,false,-426,enwiki,2024-10-27 18:30:49
1833643200,"File talk:Tower in Taman Sari, 2014-05-19.jpg",Tom.Reding,false,0,enwiki,2024-10-27 18:31:04
1833643307,"Anne Howard, Countess of Arundel",TheCatCollective,false,-2,enwiki,2024-10-27 18:31:24
1833643411,"Talk:Lady's Well, Danesfort",Guliolopez,false,25,enwiki,2024-10-27 18:31:44
1833643502,Symvoli,Monkbot,true,1,enwiki,2024-10-27 18:32:02
1833643312,File talk:Tringa erythropus - Laem Pak Bia.jpg,Tom.Reding,false,0,enwiki,2024-10-27 18:31:25
1833643413,The Perks of Being a Wallflower (film),173.3.31.57,false,0,enwiki,2024-10-27 18:31:43
1833643504,User:Adamantine123,Adamantine123,false,-15,enwiki,2024-10-27 18:32:03
1833643311,Jack Draper,178.115.79.142,false,1,enwiki,2024-10-27 18:31:19
1833643402,User talk:Olomoonlady,Liz,false,1147,enwiki,2024-10-27 18:31:42
1833643417,"Shilong, Guangdong",HKRailEnthusiast,false,-18,enwiki,2024-10-27 18:31:44
1833643505,The Four: Battle for Stardom,76.21.178.100,false,-2327,enwiki,2024-10-27 18:32:03
358020900,Benutzer:W√ºstenspringmaus/Ungesichtet/Raumfahrt,Hgzbot,false,1,dewiki,2024-10-27 18:32:06
1833643313,Deep Purple,151.43.163.191,false,0,enwiki,2024-10-27 18:31:18
1833643405,"Tom \"Rocky\" Cotton",146.199.140.26,false,-7,enwiki,2024-10-27 18:31:41
1833643506,File:Book of Job.png,TAnthony,false,50,enwiki,2024-10-27 18:32:04
358020905,Munich-Centre for Advanced Photonics,Mosbatho,false,118,dewiki,2024-10-27 18:32:10
1833643300,Holly Hargreaves-Cormany,SdkbBot,true,-1,enwiki,2024-10-27 18:31:23
1833643406,File talk:Tubal Pregnancy with embryo.jpg,Tom.Reding,false,-9,enwiki,2024-10-27 18:31:43
358020906,Galapagos-Riesenschildkr√∂ten,2001:A61:2434:B901:241B:96BA:E04F:8D3A,false,-1,dewiki,2024-10-27 18:32:08
1833643301,Draft:Roberto G. Carbone,KylieTastic,false,-56,enwiki,2024-10-27 18:31:23
1833643314,Talk:Aaron Williams (musician),Cewbot,true,17,enwiki,2024-10-27 18:31:26
358020907,Jakob Wassermann,188.195.216.90,false,197,dewiki,2024-10-27 18:32:09
1833643303,Viennese Quartets (Mozart),77.69.150.238,false,16,enwiki,2024-10-27 18:31:24
1833643511,Lobedu people,197.184.168.67,false,-1,enwiki,2024-10-27 18:32:04
358020908,Benutzerin:Adtonko/Sichtung/Luftfahrt,Hgzbot,false,-9,dewiki,2024-10-27 18:32:09
1833643305,Honveer Singh Randhawa,2604:3D08:757D:A00:63C0:EFA6:D2CD:5F60,false,-264,enwiki,2024-10-27 18:31:22
1833643315,Billy Porter,98.45.209.39,false,0,enwiki,2024-10-27 18:31:22
1833643407,Hru≈°ov (Ostrava),Monkbot,true,2,enwiki,2024-10-27 18:31:42
1833643512,File talk:Turkish heliograph at Huj2.jpg,Tom.Reding,false,-19,enwiki,2024-10-27 18:32:04
358020902,Anna Gruwer,M2k~dewiki,false,84,dewiki,2024-10-27 18:32:08
358020909,UCI-Cyclocross-Saison 2024/25,Rz98,false,451,dewiki,2024-10-27 18:32:08
1833643304,Vlor√´,PAper GOL,false,687,enwiki,2024-10-27 18:31:19
1833643318,Jorhat,Arb assam,false,1,enwiki,2024-10-27 18:31:24
1833643408,Talk:Wei Haimin,Cewbot,true,1,enwiki,2024-10-27 18:31:44
1833643510,Battle of Trabzon (1834),Skudaslazuri,false,150,enwiki,2024-10-27 18:32:04
358020903,Benutzer:W√ºstenspringmaus/Luftfahrt,Hgzbot,false,-9,dewiki,2024-10-27 18:32:07
1833643306,Succubus (film),Monkbot,true,1,enwiki,2024-10-27 18:31:23
1833643410,Formosa Dreamers all-time roster,ÂÆâÁãÑ,false,7,enwiki,2024-10-27 18:31:41
1833643503,Young M.A,Chikamso.a,false,6,enwiki,2024-10-27 18:32:00
1833643518,Hai to Diamond,Ss112,false,-2,enwiki,2024-10-27 18:32:05
1833643610,Deep Purple discography,151.43.163.191,false,0,enwiki,2024-10-27 18:32:15
1833643709,"File talk:U.S. Army Band - Il est ne, le divin Enfant.ogg",Tom.Reding,false,0,enwiki,2024-10-27 18:32:43
1833643800,Wikipedia:Redirects for discussion/Log/2024 October 27,Tamzin,false,484,enwiki,2024-10-27 18:33:00
1833643612,The Four: Battle for Stardom,VolatileAnomaly,false,2327,enwiki,2024-10-27 18:32:19
1833643715,2024‚Äì25 Czech First League,Skyblueshaun,false,23,enwiki,2024-10-27 18:32:42
1833643801,Jishnu Dev Varma,Brendonmotom,false,4,enwiki,2024-10-27 18:33:00
1833643616,File talk:U.S. Army Band - A la Nanita Nana edit.ogg,Tom.Reding,false,0,enwiki,2024-10-27 18:32:22
1833643716,Volƒça,Monkbot,true,1,enwiki,2024-10-27 18:32:42
1833643602,Presidents of the Hunterian Society,Whispyhistory,false,143,enwiki,2024-10-27 18:32:19
1833643619,List of prime ministers of the United Kingdom,Wabbuh,false,60,enwiki,2024-10-27 18:32:15
1833643718,Talk:Tekiath Ben Yessouf,Cewbot,true,-16,enwiki,2024-10-27 18:32:44
1833643701,"Chertkovo, Vladimir Oblast",Monkbot,true,1,enwiki,2024-10-27 18:32:39
1833643717,AVA (English singer),Wikisteveb4,false,259,enwiki,2024-10-27 18:32:44
358020910,Benutzer:Robertk9410/Artikelentwurf5,Robertk9410,false,-4,dewiki,2024-10-27 18:32:10
1833643604,Talk:Helen Vogt,Cewbot,true,5,enwiki,2024-10-27 18:32:20
1833643703,Talk:Marek Vydra,Cewbot,true,-12,enwiki,2024-10-27 18:32:41
358020911,"Bonkers, der listige Luchs von Hollywood",Eiragorn,false,49,dewiki,2024-10-27 18:32:12
1833643605,Mortimer Jordan High School,BCL234,false,-2844,enwiki,2024-10-27 18:32:19
1833643719,VSE Corporation,103.87.141.30,false,-4,enwiki,2024-10-27 18:32:45
1833643607,German League for People and Homeland,Monkbot,true,1,enwiki,2024-10-27 18:32:20
1833643704,Czech Republic women's national football team,Rest in pieces,false,3,enwiki,2024-10-27 18:32:38
1833643608,Ismail al-Faruqi,DrunkenJoe,false,-21,enwiki,2024-10-27 18:32:17
1833643706,Maple syrup urine disease,Ozzie10aaaa,false,-26,enwiki,2024-10-27 18:32:41
1833643609,Freddy Mamani (architect),2405:3800:8C9:998B:0:0:0:1,false,766,enwiki,2024-10-27 18:32:20
1833643707,2025 AFC U-17 Asian Cup qualification,HiddenFace101,false,40,enwiki,2024-10-27 18:32:35
1833643802,2024 COSAFA Women's Championship,Lunar Spectrum96,false,90,enwiki,2024-10-27 18:32:58
1833643912,Mont√©gut-en-Couserans,Monkbot,true,1,enwiki,2024-10-27 18:33:15
358021002,Suzaka,Voyager,false,23,dewiki,2024-10-27 18:33:40
1833644108,‚ÅâÔ∏è,Gorobay,false,-19,enwiki,2024-10-27 18:33:55
1833643803,Wikipedia:Sandbox,Ticsahyd,false,458,enwiki,2024-10-27 18:33:02
1833643903,User talk:JBW/Archive 84,Lowercase sigmabot III,true,7117,enwiki,2024-10-27 18:33:09
1833643917,Nadezda Tokareva,176.76.226.165,false,6,enwiki,2024-10-27 18:33:17
1833644015,Mortimer Jordan High School,BCL234,false,269,enwiki,2024-10-27 18:33:37
1833644112,George Eiferman,Lepricavark,false,36,enwiki,2024-10-27 18:33:55
1833643805,2015 Bangladesh‚ÄìArakan Army border clash,180.148.212.139,false,29,enwiki,2024-10-27 18:33:02
1833643905,Wikipedia:WikiProject Deletion sorting/China,Bearcat,false,74,enwiki,2024-10-27 18:33:14
1833643918,Wikipedia:Articles for deletion/Log/2024 October 27,Bearcat,false,74,enwiki,2024-10-27 18:33:13
1833644001,File talk:Vanellus miles novaehollandiae.jpg,Tom.Reding,false,0,enwiki,2024-10-27 18:33:35
1833644017,Talk:Vizija (band),Cewbot,true,-38,enwiki,2024-10-27 18:33:38
358021005,Horst Steffen,Naturgucker Illtal,false,144,dewiki,2024-10-27 18:33:48
1833644113,Gerasimus of the Jordan,Monkbot,true,1,enwiki,2024-10-27 18:33:55
1833643808,Talk:Ellen Williams (luger),Cewbot,true,11,enwiki,2024-10-27 18:33:02
1833643906,Wikipedia:WikiProject Deletion sorting/Japan,Bearcat,false,74,enwiki,2024-10-27 18:33:14
1833644004,Guru Mann,SdkbBot,true,-3,enwiki,2024-10-27 18:33:35
1833644016,Magomed Torijev,Edward Tech,false,75,enwiki,2024-10-27 18:33:37
358021007,Phil the Beat,Felkel1982,false,-66,dewiki,2024-10-27 18:33:56
1833643809,Gavin Sullivan,146.199.140.26,false,12,enwiki,2024-10-27 18:33:00
1833643907,Template:Admin recall notice/AN,Dilettante,false,-155,enwiki,2024-10-27 18:33:17
1833644005,Tatneft,Monkbot,true,1,enwiki,2024-10-27 18:33:34
358021004,Jamal Musiala,Brodkey65,false,15,dewiki,2024-10-27 18:33:46
1833644100,Talk:Jennifer White (journalist),Cewbot,true,1,enwiki,2024-10-27 18:33:53
1833643812,The Last House on the Left,PanagiotisZois,false,-10,enwiki,2024-10-27 18:33:00
1833644006,Ahmed Nazim,2404:AB80:2:109F:8A3:E7F4:7B8E:8878,false,32,enwiki,2024-10-27 18:33:36
1833644019,File talk:Vasily Perov - –ü–æ—Ä—Ç—Ä–µ—Ç –§.–ú.–î–æ—Å—Ç–æ–µ–≤—Å–∫–æ–≥–æ - Google Art Project.jpg,Tom.Reding,false,0,enwiki,2024-10-27 18:33:39
1833643908,Talk:Ahmad Zigi Zaresta Yuda,Cewbot,true,-14,enwiki,2024-10-27 18:33:17
1833644011,Maple syrup urine disease,Ozzie10aaaa,false,1095,enwiki,2024-10-27 18:33:36
1833644101,Zurich Cantonal Bank,Monkbot,true,1,enwiki,2024-10-27 18:33:52
1833643814,"File talk:US Navy 120209-N-XD935-302 Mass Communication Specialist 1st Class Shane Tuck, assigned to the Expeditionary Combat Camera Underwater Photo Team, c.jpg",Tom.Reding,false,-1,enwiki,2024-10-27 18:33:04
1833643910,User:Bearcat/XfD log,Bearcat,false,1347,enwiki,2024-10-27 18:33:14
1833644012,Wikipedia talk:WikiProject France,Elinruby,false,-17,enwiki,2024-10-27 18:33:35
358021000,Johann Wilhelm Reischauer,Miriquidus0980,false,473,dewiki,2024-10-27 18:33:40
1833644105,Paskalis Bruno Syukur,Davide King,false,-5,enwiki,2024-10-27 18:33:53
1833643815,Massachusetts Educational Financing Authority,2604:CA00:17A:16DA:0:0:462:7AF,false,161,enwiki,2024-10-27 18:33:03
1833643909,Wikipedia:WikiProject Deletion sorting/Film,Bearcat,false,74,enwiki,2024-10-27 18:33:14
1833644014,Siraj (name),2409:4063:4C92:8BEE:0:0:7EC8:50F,false,43,enwiki,2024-10-27 18:33:37
1833644106,Ahmed Nazim,Mwwv,false,-32,enwiki,2024-10-27 18:33:54
1833643819,Bliss (Tech N9ne album),8086-PC,false,2,enwiki,2024-10-27 18:33:03
1833643911,File talk:UplandSandpiperOntarioCropped.jpg,Tom.Reding,false,0,enwiki,2024-10-27 18:33:18
1833644013,Willem Grasso,2A01:CB1D:65:A700:11A2:3922:7FAF:F898,false,162,enwiki,2024-10-27 18:33:37
358021001,Wikipedia:Auskunft,Scialfa,false,424,dewiki,2024-10-27 18:33:37
1833644107,Michael Cooper (musician),AwerDiWeGo,false,32,enwiki,2024-10-27 18:33:54
358021008,Benutzerin:Pomona,Pomona,false,151,dewiki,2024-10-27 18:33:59
358021009,Kingsley Coman,2003:CA:B728:DE00:9939:B369:C4DF:C035,false,-1,dewiki,2024-10-27 18:34:05
1833644213,Sankara Mishra,Sntshkumar750,false,327,enwiki,2024-10-27 18:34:12
1833644303,Talk:The Wangs vs. the World,Cewbot,true,-4,enwiki,2024-10-27 18:34:26
1833644404,Wikipedia:Articles for deletion/Chang Jiang: The Great River of China,Bearcat,false,-2,enwiki,2024-10-27 18:34:52
1833644211,Tanmoy Bhattacharya,116.193.129.2,false,22,enwiki,2024-10-27 18:34:10
358021018,Tom H√ºlsmann,2003:CA:B728:DE00:9939:B369:C4DF:C035,false,-51,dewiki,2024-10-27 18:34:26
1833644405,Draft:Haute Couture (EP),Random86,false,374,enwiki,2024-10-27 18:34:51
1833644505,International Cities of Peace (ICP),Arment111,false,321,enwiki,2024-10-27 18:35:11
358021010,Deutsche Rennslalom-Meisterschaft,L√≥melinde,false,6,dewiki,2024-10-27 18:34:08
1833644212,Draft:Ispahani Mirzapore Banglabid,Niloy Nasif,false,302,enwiki,2024-10-27 18:34:11
1833644310,2024 Brest Challenger ‚Äì Singles,Adamtt9,false,151,enwiki,2024-10-27 18:34:26
1833644406,2024 Brest Challenger,Adamtt9,false,4,enwiki,2024-10-27 18:34:50
1833644508,File talk:Winsor McCay (1912) How a Mosquito Operates.webm,Tom.Reding,false,-9,enwiki,2024-10-27 18:35:10
1833644201,Paul Storz Tenement,Monkbot,true,1,enwiki,2024-10-27 18:34:09
1833644214,Template:SCOTUS-case,Lethargilistic,false,-7,enwiki,2024-10-27 18:34:13
1833644311,Nadillac,Monkbot,true,1,enwiki,2024-10-27 18:34:26
1833644407,2025 AFC U-20 Asian Cup,42.1.70.92,false,-81,enwiki,2024-10-27 18:34:50
1833644200,David Coote (referee),99.11.157.90,false,-42,enwiki,2024-10-27 18:34:10
1833644215,List of members of the Senate of the 7th Parliament of Northern Ireland,SdkbBot,true,0,enwiki,2024-10-27 18:34:11
358021019,Liste von Pfarrh√§usern in Bayern,Rufus46,false,424,dewiki,2024-10-27 18:34:23
1833644408,Beelzebubs,130.64.64.37,false,25,enwiki,2024-10-27 18:34:50
1833644510,Talk:Angelo Pietrasanta,Cewbot,true,0,enwiki,2024-10-27 18:35:11
1833644202,Android (operating system),Matthieu Houriet,false,22,enwiki,2024-10-27 18:34:00
1833644217,Arminianism,Telikalive,false,201,enwiki,2024-10-27 18:34:03
358021017,Bentorf,Der blaue Reiter kehrt zur√ºck,false,273,dewiki,2024-10-27 18:34:17
1833644312,File talk:We Can Do It! NARA 535413 - Restoration 2.jpg,Tom.Reding,false,-9,enwiki,2024-10-27 18:34:28
1833644409,File talk:Widok na Perast z zachodu 01.JPG,Tom.Reding,false,-2,enwiki,2024-10-27 18:34:53
1833644509,Justin Bengui,SdkbBot,true,-1,enwiki,2024-10-27 18:35:10
358021011,Benutzer:Wamito/Werkstatt/W01,Wamito,false,292,dewiki,2024-10-27 18:34:08
1833644205,Evo Morales,Kire1975,false,25,enwiki,2024-10-27 18:33:58
1833644313,Talk:The Whirlpool (Jane Urquhart novel),Cewbot,true,-4,enwiki,2024-10-27 18:34:29
1833644414,PHP,2A03:32C0:5:7E6E:BEA:3F1:DFF1:D293,false,0,enwiki,2024-10-27 18:34:38
1833644206,Talk:Ernest A. Young,Cewbot,true,9,enwiki,2024-10-27 18:34:11
1833644300,BRICS,Egm4313.s12,false,368,enwiki,2024-10-27 18:34:18
1833644415,Lagoon 55 catamaran (1987),BoyTheKingCanDance,false,29,enwiki,2024-10-27 18:34:52
1833644210,Pharmaceutical Association of Mauritius,Rumaanah,false,0,enwiki,2024-10-27 18:34:12
1833644302,2024 Swiss Indoors ‚Äì Doubles,ComeradeAlex,false,4,enwiki,2024-10-27 18:34:23
1833644314,Madison Kingdon,Inksmaste,false,1631,enwiki,2024-10-27 18:34:28
1833644401,Kvilda,Monkbot,true,1,enwiki,2024-10-27 18:34:48
1833644417,Barwaha,Maywe46,false,179,enwiki,2024-10-27 18:34:52
358021012,Rocky Mountain Airways,Uli Elch,false,24,dewiki,2024-10-27 18:34:12
1833644301,User talk:Sandbox,Hazard-Bot,true,-1108,enwiki,2024-10-27 18:34:26
1833644403,Gorley Hill,AnomieBOT,true,0,enwiki,2024-10-27 18:34:50
1833644511,Brest Challenger,Adamtt9,false,160,enwiki,2024-10-27 18:35:11
1833644607,User:Ikeshut2/sandbox6,Ikeshut2,false,132,enwiki,2024-10-27 18:35:22
1833644618,User talk:WildChild666/sandbox,151.49.247.187,false,64,enwiki,2024-10-27 18:35:24
358021101,Wikipedia:Vandalismusmeldung,Xqbot,true,473,dewiki,2024-10-27 18:35:39
358021118,Nikolai Hentsch,Florian100100,false,24,dewiki,2024-10-27 18:35:53
1833644908,India women's cricket team in Australia in 2024‚Äì25,Goodknowme,false,-283,enwiki,2024-10-27 18:36:08
1833645008,2024‚Äì25 Primera Federaci√≥n,JoseAwfulman,false,1,enwiki,2024-10-27 18:36:15
1833644515,"Khani, Sakha Republic",Monkbot,true,2,enwiki,2024-10-27 18:35:10
1833644608,Battle of Ziele≈Ñce,Dushnilkin,false,27,enwiki,2024-10-27 18:35:23
358021115,Benutzer Diskussion:112.205.89.181,TabellenBot,true,1273,dewiki,2024-10-27 18:35:48
358021116,Lena Schilling,Invisigoth67,false,-1,dewiki,2024-10-27 18:35:49
1833644809,Talk:Yidnekachew Tessema,Cewbot,true,24,enwiki,2024-10-27 18:35:53
1833644909,"File talk:Zack Greinke on July 29, 2009.jpg",Tom.Reding,false,0,enwiki,2024-10-27 18:36:10
1833645007,≈Åozienica,Monkbot,true,1,enwiki,2024-10-27 18:36:21
1833644610,Saint-Marcel-l√®s-Valence,Monkbot,true,1,enwiki,2024-10-27 18:35:20
358021102,Benutzer:Xqbot/Antworten,Krdbot,true,188,dewiki,2024-10-27 18:35:41
1833644812,Bade Miyan Chote Miyan (2024 film),43.248.68.112,false,16,enwiki,2024-10-27 18:35:51
1833644918,"Talk:St Mary's Church, Goathland",Keith D,false,27,enwiki,2024-10-27 18:36:11
1833644609,Navri Mile Hitlerla,S0091,false,1090,enwiki,2024-10-27 18:35:22
1833644704,File talk:Yacare caiman (Caiman yacare) 2.jpg,Tom.Reding,false,-20,enwiki,2024-10-27 18:35:38
1833644816,Cieszyn County,Monkbot,true,1,enwiki,2024-10-27 18:35:54
1833644900,Tauragƒó,Spirit of Performance,false,183,enwiki,2024-10-27 18:36:06
1833644916,Hamdan bin Mohammed Al Maktoum,Noble-fazza,false,87,enwiki,2024-10-27 18:36:08
1833644613,Talk:Pat Butler,Cewbot,true,0,enwiki,2024-10-27 18:35:23
1833644702,User talk:WildChild666/sandbox,151.49.247.187,false,0,enwiki,2024-10-27 18:35:37
1833644903,Lighthill Music,Gratefulking,false,-1,enwiki,2024-10-27 18:36:07
1833644919,User talk:Friggy,Mattbr,false,1598,enwiki,2024-10-27 18:36:11
1833644602,1979 Minnesota Golden Gophers football team,Patriarca12,false,3156,enwiki,2024-10-27 18:35:21
1833644614,"St Mary's Church, Goathland",Keith D,false,-164,enwiki,2024-10-27 18:35:24
1833644706,Wikipedia:WikiProject Palaeontology/Article workshop,Jens Lallensack,false,553,enwiki,2024-10-27 18:35:39
1833644818,User:Taurussun,Taurussun,false,384,enwiki,2024-10-27 18:35:56
1833644904,National-Catholic Movement,Monkbot,true,1,enwiki,2024-10-27 18:36:07
1833644600,Talk:East Japan Railway Company,Maxeto0910,false,201,enwiki,2024-10-27 18:35:21
1833644615,"File talk:Wood Duck 2, St James's Park, London - April 2012.jpg",Tom.Reding,false,0,enwiki,2024-10-27 18:35:24
1833644710,Talk:Tarcondimotus I,Cewbot,true,0,enwiki,2024-10-27 18:35:38
1833644803,User:Ikeshut2/sandbox6,Ikeshut2,false,11,enwiki,2024-10-27 18:35:51
1833644819,File talk:Yellow-faced Honeyeater nov07.jpg,Tom.Reding,false,0,enwiki,2024-10-27 18:35:56
1833644905,Talk:Lee Kings,Cewbot,true,13,enwiki,2024-10-27 18:36:08
1833645000,Louise Mitchell,146.199.140.26,false,12,enwiki,2024-10-27 18:36:17
1833644605,Nepal Army Club,2001:DF6:2380:5F3E:7CB4:E673:699:EB66,false,34,enwiki,2024-10-27 18:35:22
1833644616,"Stepankovo, Muromsky District, Vladimir Oblast",Monkbot,true,1,enwiki,2024-10-27 18:35:24
1833644719,"Bykanovo, Oktyabrsky District, Kursk Oblast",Monkbot,true,2,enwiki,2024-10-27 18:35:38
358021104,Benutzer:Florian100100,Florian100100,false,31,dewiki,2024-10-27 18:35:37
1833644804,List of Spy √ó Family chapters,Tb357,false,19,enwiki,2024-10-27 18:35:51
1833644906,Joseph Petrosino,DonCalo,false,18,enwiki,2024-10-27 18:36:08
1833645002,Otto Virtanen,PindoramaBoyy,false,21,enwiki,2024-10-27 18:36:18
1833644606,Sam Adventure Evermore,SdkbBot,true,-4,enwiki,2024-10-27 18:35:22
1833644617,2025 AFC U-20 Asian Cup,42.1.70.92,false,13,enwiki,2024-10-27 18:35:23
358021107,Benutzer:Wamito/Werkstatt/W01,Wamito,false,-84,dewiki,2024-10-27 18:35:43
358021114,Geisel (Fluss),71.211.128.58,false,1090,dewiki,2024-10-27 18:35:46
1833644805,User:VeryHumbleServant/common.js,VeryHumbleServant,false,130,enwiki,2024-10-27 18:35:53
1833644907,Sankara Mishra,BoyTheKingCanDance,false,-2,enwiki,2024-10-27 18:36:09
1833645006,Australian Signals Directorate,Idiosincr√°tico,false,426,enwiki,2024-10-27 18:36:19
