1833321900,White House travel office controversy,70.185.107.58,false,-504,enwiki,2024-10-26 23:57:09
1833322019,Hypsioma dejeanii,777burger,false,41,enwiki,2024-10-26 23:57:25
1833322219,Luís Montenegro,Sjagielski,false,618,enwiki,2024-10-26 23:57:54
1833322319,Pure Land Buddhism,Javierfv1212,false,126,enwiki,2024-10-26 23:58:07
1833322518,"Church of the Holy Sepulchre, Miechów",Monkbot,true,1,enwiki,2024-10-26 23:58:33
1833322818,Mereseini Vuniwaqa,A.sav,false,-9,enwiki,2024-10-26 23:59:15
1833322911,Jamesia papulenta,777burger,false,40,enwiki,2024-10-26 23:59:29
1833323013,Squadron 303 (book),Monkbot,true,2,enwiki,2024-10-26 23:59:44
1833323112,User:Bristhekid/Ryan Emanuel/Bibliography,Sootren,false,505,enwiki,2024-10-27 00:00:03
1833323200,Gamonal and San Millán de Lara shootings,XTheBedrockX,false,196,enwiki,2024-10-27 00:00:12
1833323319,Belgium,Andrew Lancaster,false,49,enwiki,2024-10-27 00:00:21
357990004,Lost Highway (Album),At40mha,false,2,dewiki,2024-10-27 00:00:31
1833323504,Morabinae,Loopy30,false,25,enwiki,2024-10-27 00:00:59
1833323607,Flower Bowl (bowl game),AnomieBOT,true,-11,enwiki,2024-10-27 00:01:12
1833323714,City–Poly football rivalry,Marylandstater,false,0,enwiki,2024-10-27 00:01:28
1833323801,User:Wabbuh/Jack the Ripper series,Wabbuh,false,1135,enwiki,2024-10-27 00:01:40
1833323910,Dallas Black Dance Theatre,Weloveresearch,false,50,enwiki,2024-10-27 00:01:55
1833324019,List of main battle tanks by generation,Monkbot,true,1,enwiki,2024-10-27 00:02:08
1833324108,"Museum of Modern Art, Warsaw",79.185.13.102,false,499,enwiki,2024-10-27 00:02:21
1833324307,Naval Aircraft Factory TDN,AnomieBOT,true,18,enwiki,2024-10-27 00:02:44
1833324502,Combretum rotundifolium,Moneacc,false,-17,enwiki,2024-10-27 00:03:07
357990102,Gerd Tellenbach,Woldemar1958,false,16,dewiki,2024-10-27 00:03:20
357990104,Heinrich Gebhardt (Designer),M2k~dewiki,false,36,dewiki,2024-10-27 00:03:26
1833321907,User:KGRAMR/IS3,KGRAMR,false,45,enwiki,2024-10-26 23:57:10
1833322111,User talk:FULBERT,FULBERT,false,204,enwiki,2024-10-26 23:57:37
357989901,Jan Stefanon,XaviYuahanda,false,0,dewiki,2024-10-26 23:57:54
1833322204,Cagliatscha Castle,Monkbot,true,1,enwiki,2024-10-26 23:57:57
1833322519,Colombo crime family,Vic49,false,1,enwiki,2024-10-26 23:58:27
1833322600,Tanaka,Liz,false,-113,enwiki,2024-10-26 23:58:43
1833322916,Steven Miles,125.237.207.84,false,-16,enwiki,2024-10-26 23:59:29
1833323015,Languria convexicollis,777burger,false,45,enwiki,2024-10-26 23:59:44
357990002,Abdellah Baallal,XaviYuahanda,false,0,dewiki,2024-10-27 00:00:26
357990007,Daniel Au Yeong,XaviYuahanda,false,0,dewiki,2024-10-27 00:00:35
357990018,Weinhähnchen,OrthoHeuschreck,false,17,dewiki,2024-10-27 00:00:53
1833323506,First Nations in Canada,Moxy,false,11,enwiki,2024-10-27 00:00:55
1833323612,Aloja Parish,Marcocapelle,false,-21,enwiki,2024-10-27 00:01:12
1833323803,Georgy Vitsin,Monkbot,true,1,enwiki,2024-10-27 00:01:39
1833323909,The Woods (miniseries),Monkbot,true,1,enwiki,2024-10-27 00:01:51
1833324117,2014 FIG Artistic Gymnastics World Cup series,Daniel2023Sports,false,5,enwiki,2024-10-27 00:02:20
1833324313,Category talk:Fiction books about cannabis,Tom.Reding,false,27,enwiki,2024-10-27 00:02:46
1833324403,Wikipedia:Redirects for discussion/Log/2024 October 26,Utopes,false,1511,enwiki,2024-10-27 00:02:51
1833324505,Wikipedia:Edit filter/False positives/Rolling archive,MajavahBot,true,-286,enwiki,2024-10-27 00:03:07
1833324612,Mike Lindell,Numen,false,28,enwiki,2024-10-27 00:03:18
357990113,Heinrich Gebhardt (Designer),M2k~dewiki,false,32,dewiki,2024-10-27 00:03:33
1833321910,Sophia of Halshany,Monkbot,true,3,enwiki,2024-10-26 23:57:09
1833322113,Last Call BBS,Phediuk,false,56,enwiki,2024-10-26 23:57:41
1833322205,Camino Norte Conference,Thetreesarespeakingtome,false,347,enwiki,2024-10-26 23:57:56
1833322419,Pol García,Ira Leviton,false,-20,enwiki,2024-10-26 23:58:21
1833322605,Lazarus Fuchs,Simeon,false,14,enwiki,2024-10-26 23:58:45
1833323201,W2,ClueBot NG,false,1198,enwiki,2024-10-27 00:00:13
1833323303,Tonda Wildlife Management Area,Faldi00,false,17,enwiki,2024-10-27 00:00:26
357990005,Benutzer:Bartlebooth/wip,Bartlebooth,false,337,dewiki,2024-10-27 00:00:33
1833323505,2009 European U17 Badminton Championships,Achurchner,false,44,enwiki,2024-10-27 00:00:58
1833323613,User:InceptionBot/NewPageSearch/Literature/log,InceptionBot,true,-1133,enwiki,2024-10-27 00:01:14
1833323716,User talk:80.229.16.225,Widr,false,1216,enwiki,2024-10-27 00:01:28
1833323810,Category talk:Fiction about sexuality,Tom.Reding,false,27,enwiki,2024-10-27 00:01:41
1833323911,Category talk:Fiction about teleportation,Tom.Reding,false,27,enwiki,2024-10-27 00:01:55
1833324119,Goulles,Monkbot,true,1,enwiki,2024-10-27 00:02:21
1833324317,Digangana Suryavanshi,Zuck28,false,4,enwiki,2024-10-27 00:02:45
1833324404,Challenger 3,TravelerFromEuropeanUnion,false,0,enwiki,2024-10-27 00:02:53
1833324518,Konigovo,Monkbot,true,2,enwiki,2024-10-27 00:03:08
1833324614,The Voice UK series 13,2A02:C7C:5A5B:A300:4BAA:7705:7983:A64D,false,-1,enwiki,2024-10-27 00:03:21
357990105,Psilocybinhaltige Pilze,SalleWinter,false,118,dewiki,2024-10-27 00:03:23
1833321914,Ādaži Municipality,Marcocapelle,false,-22,enwiki,2024-10-26 23:57:10
1833322003,Jimmy Dick (rugby union),Jevansen,false,65,enwiki,2024-10-26 23:57:23
1833322116,(Cooper v. Aaron) Concurring Opinion / Significance,Villaida,false,335,enwiki,2024-10-26 23:57:41
357989904,Iris Wolff,Aschmidt,false,-145,dewiki,2024-10-26 23:57:58
1833322608,FC Kagura Shimane,Liz,false,-41,enwiki,2024-10-26 23:58:43
1833323019,Wikipedia:Usernames for administrator attention,HBC AIV helperbot14,true,-236,enwiki,2024-10-26 23:59:45
1833323202,Category talk:Fiction about euthanasia,Tom.Reding,false,27,enwiki,2024-10-27 00:00:13
357990000,1957,Clemens Stockner,false,68,dewiki,2024-10-27 00:00:20
1833323304,"Consulate General of Finland, Saint Petersburg",Monkbot,true,1,enwiki,2024-10-27 00:00:25
1833323400,Křišťanov,Monkbot,true,1,enwiki,2024-10-27 00:00:39
1833323508,Talk:Codex Monacensis (X 033),ChristieBot,true,46,enwiki,2024-10-27 00:00:59
1833323616,Category talk:Fiction about obsessive–compulsive disorder,Tom.Reding,false,27,enwiki,2024-10-27 00:01:14
1833323718,Trimbakrao Shrirangrao Bhise,223.233.87.177,false,32,enwiki,2024-10-27 00:01:27
1833323812,Otto Lehtisalo,Syvä-äksy,false,4,enwiki,2024-10-27 00:01:42
1833323912,Compartmentalization (psychology),AnomieBOT,true,18,enwiki,2024-10-27 00:01:54
1833324200,Category talk:Fiction about viral respiratory tract infections,Tom.Reding,false,27,enwiki,2024-10-27 00:02:32
1833324405,Ricardo La Volpe,Citation bot,true,43,enwiki,2024-10-27 00:02:49
1833324619,Doni Monardo,Achmad Suharto,false,-5,enwiki,2024-10-27 00:03:18
357990108,Benutzer:Carambol/Baustelle/Turnier 2,Carambol,false,591,dewiki,2024-10-27 00:03:26
1833321916,The Voice UK,2A02:C7C:5A5B:A300:BDCC:47D:1C98:D2E1,false,6,enwiki,2024-10-26 23:57:09
1833322208,Draft:Max Conway,Star Mississippi,false,-142,enwiki,2024-10-26 23:57:57
357989907,Pentameron,Carolus requiescat,false,0,dewiki,2024-10-26 23:58:05
357989917,KB-84 Kangaatsiaq,L. aus W.,false,6,dewiki,2024-10-26 23:58:14
1833322400,Tiny Planets,Dipper Dalmatian,false,46,enwiki,2024-10-26 23:58:19
1833322505,Lielstraupe Castle,Marcocapelle,false,-22,enwiki,2024-10-26 23:58:30
1833322609,List of APOEL FC seasons,Monkbot,true,1,enwiki,2024-10-26 23:58:45
1833322807,Zaube Parish,Marcocapelle,false,-21,enwiki,2024-10-26 23:59:13
1833322900,User:AlexNewArtBot/LibrariesSearchResult,InceptionBot,true,1850,enwiki,2024-10-26 23:59:28
1833323018,List of iPhone models,205.204.60.54,false,-9,enwiki,2024-10-26 23:59:33
1833323203,St. Pius X (disambiguation),Gotitbro,false,44,enwiki,2024-10-27 00:00:13
1833323309,Template:AfC statistics/accepted,EarwigBot,true,-187,enwiki,2024-10-27 00:00:25
357990011,Vorlage:Navigationsleiste Redundanz/Tabelle,TaxonBota,true,0,dewiki,2024-10-27 00:00:39
1833323408,Rio Branco de Andradas Futebol Clube,Cauã Nunes Traldi,false,-103,enwiki,2024-10-27 00:00:42
1833323813,Combretum rotundifolium,Moneacc,false,83,enwiki,2024-10-27 00:01:40
1833323914,Varetada,Monkbot,true,1,enwiki,2024-10-27 00:01:55
1833324007,Talk:Kim Ju-ae,Seefooddiet,false,-181,enwiki,2024-10-27 00:02:09
1833324202,User:Bells7/Forensic psychology,2600:6C58:5E7F:E29F:2C2A:E93C:BC35:A1C5,false,1642,enwiki,2024-10-27 00:02:32
1833324318,Yellow Aster Mine,Schnäppchen,false,-43,enwiki,2024-10-27 00:02:46
1833324413,Heat Waves,2601:183:C07F:9710:9CC1:D784:D2A7:36D2,false,-1,enwiki,2024-10-27 00:02:48
357990109,Hazel Hunkins Hallinan,Igallards7,false,68,dewiki,2024-10-27 00:03:30
357990115,Wikipedia Diskussion:Wiki Loves Monuments 2024/Deutschland/Jury,Wiegels,false,403,dewiki,2024-10-27 00:03:34
1833322008,List of El Clásico matches,Ikhouvanjou14,false,0,enwiki,2024-10-26 23:57:20
1833322101,Assembly of Canonical Orthodox Bishops of Switzerland and Liechtenstein,Κυριλλος,false,4,enwiki,2024-10-26 23:57:38
1833322118,Leonidas Zervas,Monkbot,true,1,enwiki,2024-10-26 23:57:41
1833322209,Mark Miles (sports executive),Thenascarman,false,-2,enwiki,2024-10-26 23:57:59
357989908,Gabriel Wolkenfeld,RAL1028,false,-115,dewiki,2024-10-26 23:58:06
1833322404,User talk:Ahsankhan4783,Widr,false,1290,enwiki,2024-10-26 23:58:20
1833322508,Chinese Singaporeans,Remsense,false,24,enwiki,2024-10-26 23:58:26
1833322610,Priekuļi Parish,Marcocapelle,false,-21,enwiki,2024-10-26 23:58:45
1833322808,Naser Al-Meqlad,SmartyPants22,false,81,enwiki,2024-10-26 23:59:14
1833322905,Silverbird (album),Derek R Bullamore,false,108,enwiki,2024-10-26 23:59:29
1833323101,Ronald Guttman,ZimZalaBim,false,33,enwiki,2024-10-27 00:00:02
357990001,Benutzer:LennBr,LennBr,false,22,dewiki,2024-10-27 00:00:20
1833323307,User:Cartoon network freak/sandbox,Cartoon network freak,false,75,enwiki,2024-10-27 00:00:23
357990013,Tobias Berger,XaviYuahanda,false,1,dewiki,2024-10-27 00:00:43
357990019,Folarin Balogun,Igallards7,false,68,dewiki,2024-10-27 00:00:53
1833323700,Liepupe Parish,Marcocapelle,false,-21,enwiki,2024-10-27 00:01:24
1833323818,Marist Red Foxes men's basketball,35.33.195.110,false,1,enwiki,2024-10-27 00:01:38
1833324014,Category talk:Fiction about the second plague pandemic,Tom.Reding,false,27,enwiki,2024-10-27 00:02:12
1833324207,KAN Little Joe,AnomieBOT,true,18,enwiki,2024-10-27 00:02:32
357990100,WAAhnsinn – Der Wackersdorf-Film,ÖsiDog,false,307,dewiki,2024-10-27 00:03:14
1833322009,User:Mathsinger/Timothy Flint,Mathsinger,false,176,enwiki,2024-10-26 23:57:24
1833322100,Hans Wiegel,IvanScrooge98,false,-20,enwiki,2024-10-26 23:57:35
1833322119,Phuket International Airport,Tigerdude9,false,0,enwiki,2024-10-26 23:57:37
1833322215,User:Landplane123/sandbox1,Landplane123,false,145,enwiki,2024-10-26 23:58:00
357989910,AD Vilanculo,Zollernalb,false,6,dewiki,2024-10-26 23:58:09
1833322308,2024–25 Indian Super League,103.240.96.60,false,6,enwiki,2024-10-26 23:58:02
1833322412,Impulse Tracker,Citation bot,true,24,enwiki,2024-10-26 23:58:20
1833322813,Wikipedia:Administrator intervention against vandalism,HBC AIV helperbot14,true,-213,enwiki,2024-10-26 23:59:15
1833323103,Live Your Life Be Free (song),Jarrod76,false,305,enwiki,2024-10-27 00:00:02
1833323212,Laraesima hispida,777burger,false,38,enwiki,2024-10-27 00:00:13
1833323308,Category talk:Fiction about geology,Tom.Reding,false,27,enwiki,2024-10-27 00:00:26
357990014,Gabriel Wolkenfeld,RAL1028,false,174,dewiki,2024-10-27 00:00:43
1833323500,Marylebone,Ehrenkater,false,-12,enwiki,2024-10-27 00:00:56
1833323703,Template:2024 Great Midwest Athletic Conference football standings,Elirbosley,false,0,enwiki,2024-10-27 00:01:26
1833323900,Knowledge,Citation bot,true,8,enwiki,2024-10-27 00:01:44
1833324013,Connor Hellebuyck,HickoryOughtShirt?4,false,1435,enwiki,2024-10-27 00:02:10
1833324217,Saint-Étienne-de-l'Olm,Monkbot,true,1,enwiki,2024-10-27 00:02:31
1833324300,Fleetwings BQ-2,AnomieBOT,true,18,enwiki,2024-10-27 00:02:43
1833324417,Starý Smokovec,Monkbot,true,3,enwiki,2024-10-27 00:02:55
1833321919,Raid of Silves (1197),R Prazeres,false,-51,enwiki,2024-10-26 23:57:12
1833322011,Talk:Matt Brase,Shereenlavi,false,6,enwiki,2024-10-26 23:57:24
357989902,Satz von der stetigen Abbildung,Nukelavee,false,24,dewiki,2024-10-26 23:57:56
1833322217,Brett Anderson,Hay6lee0,false,24,enwiki,2024-10-26 23:58:00
357989909,Simon Blackburn,Mhandschug,false,-35,dewiki,2024-10-26 23:58:06
1833322306,Verkhnearshinsky,Monkbot,true,2,enwiki,2024-10-26 23:58:10
1833322511,2024 NASCAR Craftsman Truck Series,A.lanzetta,false,2,enwiki,2024-10-26 23:58:27
1833322618,Ischiocentra nobilitata,777burger,false,38,enwiki,2024-10-26 23:58:47
1833322812,Makryotika,Monkbot,true,1,enwiki,2024-10-26 23:59:14
1833322906,Sanitary Act 1866,Hughbe98,false,21,enwiki,2024-10-26 23:59:29
1833323003,Max Holloway,91.123.181.250,false,-1,enwiki,2024-10-26 23:59:35
1833323104,User:AmandaNP/UAA/Time,DeltaQuadBot,true,0,enwiki,2024-10-27 00:00:04
1833323211,Max Holloway,91.123.181.250,false,2,enwiki,2024-10-27 00:00:04
1833323311,User:InceptionBot/NewPageSearch/Linguistics/log,InceptionBot,true,568,enwiki,2024-10-27 00:00:28
1833323410,Category talk:Fiction about insects,Tom.Reding,false,27,enwiki,2024-10-27 00:00:43
1833323501,Talk:Brain terrain,Praemonitus,false,1,enwiki,2024-10-27 00:00:59
1833323710,Alfred Bester,John Abbe,false,20,enwiki,2024-10-27 00:01:25
1833324016,Kaoru Mitoma,Hajime14,false,-32,enwiki,2024-10-27 00:02:08
1833324216,Frank Kriz,QuakerIlK,false,12,enwiki,2024-10-27 00:02:33
1833324419,Category talk:Fiction magazine stubs,Tom.Reding,false,27,enwiki,2024-10-27 00:02:56
357990106,Nekrolog 1731,Altsprachenfreund,false,92,dewiki,2024-10-27 00:03:28
357990110,Ivan Softa,Guslar,false,29,dewiki,2024-10-27 00:03:31
1833322013,Quodvultdeus,2A00:23C8:3C8A:6C01:A594:7CBC:2081:F94D,false,1,enwiki,2024-10-26 23:57:23
1833322108,Milochori,Monkbot,true,2,enwiki,2024-10-26 23:57:38
1833322218,Verkhnekargino,Monkbot,true,2,enwiki,2024-10-26 23:58:00
357989906,Liste der Baudenkmäler in Oberthal,Herzi Pinki,false,161,dewiki,2024-10-26 23:58:03
1833322317,Amata Parish,Marcocapelle,false,-21,enwiki,2024-10-26 23:58:10
1833322417,Oldřišov,Monkbot,true,1,enwiki,2024-10-26 23:58:19
1833322512,MV E Evangelia,Achurchner,false,41,enwiki,2024-10-26 23:58:29
1833322617,President of France,France.U.S.PRESIDENT,false,-17,enwiki,2024-10-26 23:58:46
1833322814,Carbonic anhydrase 9,Teaktl17,false,4,enwiki,2024-10-26 23:59:14
1833322909,Killing of Lacey Fletcher,2600:1700:3710:BAD0:E15A:E99A:AF9F:2C93,false,69,enwiki,2024-10-26 23:59:30
1833323009,Jyotirvidya Parisanstha,ChuppyBunny,false,4,enwiki,2024-10-26 23:59:43
1833323105,Category talk:Fiction about cryptography,Tom.Reding,false,27,enwiki,2024-10-27 00:00:03
1833323215,Nikos Liakopoulos,Monkbot,true,1,enwiki,2024-10-27 00:00:13
1833323315,Template:Terrorist attacks in India (since 2001),Doomguy427,false,39,enwiki,2024-10-27 00:00:28
1833323413,Demetrios I Kantakouzenos,Monkbot,true,1,enwiki,2024-10-27 00:00:43
357990017,Diskussion:Bagni di Craveggia,Sassalbo,false,425,dewiki,2024-10-27 00:00:52
1833323502,John Robert Woodyard,2601:152:4B00:DCB0:20E8:DDE2:4E6B:3E97,false,-99,enwiki,2024-10-27 00:00:58
1833323711,Anna Földényi,Wolbo,false,-21,enwiki,2024-10-27 00:01:26
1833323902,David Chalmers,Alenoach,false,-172,enwiki,2024-10-27 00:01:51
1833324303,Dolenje Brdo,Monkbot,true,1,enwiki,2024-10-27 00:02:44
1833322015,Washington D.C. Temple,Itsetsyoufree32,false,1335,enwiki,2024-10-26 23:57:22
1833322109,Inter Miami CF,JB82,false,-171,enwiki,2024-10-26 23:57:30
357989900,Blaues Blut (Album),YGO24895,false,-615,dewiki,2024-10-26 23:57:48
357989911,Don Fellows,Igallards7,false,68,dewiki,2024-10-26 23:58:09
1833322316,"Sara Khan (actress, born 1989)",Zuck28,false,524,enwiki,2024-10-26 23:58:10
1833322514,List of iPhone models,205.204.60.54,false,26,enwiki,2024-10-26 23:58:24
1833322816,Talk:Mariposa Grove Museum,Rfl0216,false,44,enwiki,2024-10-26 23:59:15
1833323012,UFC 308,Gsfelipe94,false,-20,enwiki,2024-10-26 23:59:42
1833323117,User:DatBot/pendingbacklog,DatBot,true,0,enwiki,2024-10-27 00:00:04
1833323219,Li Jun (sport shooter),SmartyPants22,false,162,enwiki,2024-10-27 00:00:13
1833323318,2024 Missouri Valley Football Conference season,Natethegreat4226,false,5,enwiki,2024-10-27 00:00:23
357990003,Fabulous Flournoy,Igallards7,false,68,dewiki,2024-10-27 00:00:31
357990015,Adinotec,Zollernalb,false,-3,dewiki,2024-10-27 00:00:50
1833323503,Gaillères,Monkbot,true,1,enwiki,2024-10-27 00:00:56
1833323606,1970 New Guinea earthquake,Dawnseeker2000,false,-36,enwiki,2024-10-27 00:01:12
1833323713,Bad Luck (1960 film),Monkbot,true,1,enwiki,2024-10-27 00:01:26
1833323905,Juggernaut,Florian Blaschke,false,216,enwiki,2024-10-27 00:01:54
1833324018,Agentes in rebus,Monkbot,true,2,enwiki,2024-10-27 00:02:12
1833324304,Juan Fremiot Torres Oliver,2605:BA00:3228:82C:2D8D:860A:8488:165E,false,28,enwiki,2024-10-27 00:02:45
357990103,Portal:Frauen/Biografien/Statistik von Filmschaffenden,TaxonBot,true,0,dewiki,2024-10-27 00:03:23
357990107,Gemeine Sichelschrecke,OrthoHeuschreck,false,31,dewiki,2024-10-27 00:03:30
1833324708,User:WilliamF1two/MPs,WilliamF1two,false,890,enwiki,2024-10-27 00:03:27
1833325000,José Abella,Citation bot,true,-12,enwiki,2024-10-27 00:04:14
1833325015,1961 Ireland rugby union tour of South Africa,Jevansen,false,59,enwiki,2024-10-27 00:04:18
1833325219,2024–25 Russian First League,Geregen2,false,53,enwiki,2024-10-27 00:04:51
1833325319,Chaunsky District,Monkbot,true,1,enwiki,2024-10-27 00:05:03
1833325411,Category talk:French romantic fiction,Tom.Reding,false,27,enwiki,2024-10-27 00:05:19
1833325611,User talk:Lute88,Lute88,false,-2388,enwiki,2024-10-27 00:05:43
1833325719,"Kamenka, Uryupinsky District, Volgograd Oblast",Monkbot,true,1,enwiki,2024-10-27 00:05:58
1833325801,User:Derek J Moore/sandbox/Prince Alfred Pass,Derek J Moore,false,126,enwiki,2024-10-27 00:06:11
1833325913,Category talk:German speculative fiction publishers,Tom.Reding,false,27,enwiki,2024-10-27 00:06:27
1833326007,Garbatka-Dziewiątka,Monkbot,true,3,enwiki,2024-10-27 00:06:36
1833326114,Category talk:Goryeo in fiction,Tom.Reding,false,27,enwiki,2024-10-27 00:06:54
1833324709,Juggernaut,Florian Blaschke,false,11,enwiki,2024-10-27 00:03:36
357990118,Mike Muller,ThoBer29,false,5261,dewiki,2024-10-27 00:03:39
1833324804,"Frederick II, Margrave of Meissen",Monkbot,true,1,enwiki,2024-10-27 00:03:51
1833325005,Category talk:Finland in fiction,Tom.Reding,false,27,enwiki,2024-10-27 00:04:18
1833325016,Matenadaran,Yerevantsi,false,2065,enwiki,2024-10-27 00:04:16
1833325408,Undark Magazine,Animalparty,false,-402,enwiki,2024-10-27 00:05:18
1833325612,The Uprising: Wives on Strike 3,Idoghor Melody,false,91,enwiki,2024-10-27 00:05:45
1833325804,The Voice UK,2A02:C7C:5A5B:A300:4BAA:7705:7983:A64D,false,-1,enwiki,2024-10-27 00:06:06
1833326011,StyleCop,Citation bot,true,18,enwiki,2024-10-27 00:06:37
1833326115,User:Cartoon network freak/sandbox,Cartoon network freak,false,-22,enwiki,2024-10-27 00:06:50
1833324710,Kirgizki,Monkbot,true,2,enwiki,2024-10-27 00:03:35
1833325017,Aladi (Name),Idoghor Melody,false,131,enwiki,2024-10-27 00:04:18
1833325412,The Voice UK series 13,2A02:C7C:5A5B:A300:4BAA:7705:7983:A64D,false,-1,enwiki,2024-10-27 00:05:18
1833325513,Two Kinds of Truth,Sam Sailor,false,-27,enwiki,2024-10-27 00:05:29
1833325614,Category talk:Gay (male) fiction,Tom.Reding,false,19,enwiki,2024-10-27 00:05:46
1833325808,2024–25 Liga 2 (Indonesia),ShelfSkewed,false,13,enwiki,2024-10-27 00:05:58
1833325918,Ziemeļgauja,Marcocapelle,false,-21,enwiki,2024-10-27 00:06:27
1833326010,Large language model,J450NH3,false,-25,enwiki,2024-10-27 00:06:28
1833326118,"Krasnaya Nov, Medvensky District, Kursk Oblast",Monkbot,true,1,enwiki,2024-10-27 00:06:52
1833324712,Category talk:Fiction set on Hyperion (moon),Tom.Reding,false,27,enwiki,2024-10-27 00:03:37
1833324818,Wikipedia:Featured picture candidates/Columbus skyline,Armbrust,false,264,enwiki,2024-10-27 00:03:53
1833324901,Saulkrasti Municipality,Marcocapelle,false,-21,enwiki,2024-10-27 00:04:00
1833325006,User talk:2A0A:EF40:21:1C01:20E5:E26E:BE09:DC89,Mattythewhite,false,939,enwiki,2024-10-27 00:04:18
1833325103,List of government-owned airlines,Ira Leviton,false,-178,enwiki,2024-10-27 00:04:30
1833325202,Category:Subdivisions of Quebec,Wikihistorian,false,8,enwiki,2024-10-27 00:04:50
1833325413,Larry Frisoli,2601:249:9301:D570:1DFB:5F3B:1012:72AB,false,0,enwiki,2024-10-27 00:05:20
1833325700,Category talk:Gaza Strip in fiction,Tom.Reding,false,27,enwiki,2024-10-27 00:05:56
1833325810,Juggernaut,Florian Blaschke,false,17,enwiki,2024-10-27 00:06:11
1833325919,User talk:2A01:B340:87:C6D4:3038:C7:4A6:DBA1,Deepfriedokra,false,4600,enwiki,2024-10-27 00:06:28
1833326012,List of Stuart Little characters,2600:4809:89B4:3F00:712A:25FD:7C57:36A2,false,-1,enwiki,2024-10-27 00:06:38
1833326119,"Breckenridge, Missouri",67.221.192.37,false,7,enwiki,2024-10-27 00:06:52
1833324716,1964 United States presidential election in Maine,ZackCarns,false,66,enwiki,2024-10-27 00:03:36
1833324819,Template:Announcements/New featured content,Armbrust,false,21,enwiki,2024-10-27 00:03:53
1833324903,Onni Hänninen,Syvä-äksy,false,-4,enwiki,2024-10-27 00:04:02
1833325007,Draft:Lyudi Invalidy,Tatufan104220,false,234,enwiki,2024-10-27 00:04:18
1833325102,SPADEX,Ohsin,false,3,enwiki,2024-10-27 00:04:33
1833325206,First haircut,Monkbot,true,1,enwiki,2024-10-27 00:04:50
1833325418,Lēdurga Parish,Marcocapelle,false,-21,enwiki,2024-10-27 00:05:18
1833325702,Zumtobel Group,Hakdemr,false,86,enwiki,2024-10-27 00:05:55
1833325809,Rabee al-Madkhali,ZimZalaBim,false,11,enwiki,2024-10-27 00:06:10
1833326014,2024 ADAC GT Masters,Qixx1212,false,913,enwiki,2024-10-27 00:06:36
357990116,Kathleen Freeman,Ysabella,false,-22,dewiki,2024-10-27 00:03:38
1833324902,User talk:Sir MemeGod,Armbrust,false,911,enwiki,2024-10-27 00:03:55
1833325008,George Dwyer,Bryan Krippner,false,2,enwiki,2024-10-27 00:04:17
1833325207,Bozdoğan,82.7.190.100,false,4,enwiki,2024-10-27 00:04:50
1833325310,Baltimore,Cfls,false,-39,enwiki,2024-10-27 00:04:49
1833325416,Madrid–Barajas Airport,Pmbma,false,158,enwiki,2024-10-27 00:05:16
1833325701,Saint-Lary-Soulan,Monkbot,true,1,enwiki,2024-10-27 00:05:54
1833325813,Gaujiena Castle,Marcocapelle,false,-52,enwiki,2024-10-27 00:06:11
1833325903,Talk:Mass Central Rail Trail,Rocketwidget,false,774,enwiki,2024-10-27 00:06:25
1833326019,"Andrés Andrade (footballer, born 1989)",Citation bot,true,18,enwiki,2024-10-27 00:06:38
1833324904,Hal Hanson (American football guard),Gators12345,false,71,enwiki,2024-10-27 00:04:02
1833325009,Template talk:Refideas editnotice,Pppery,false,385,enwiki,2024-10-27 00:04:18
1833325107,Category talk:First Nations writers,Tom.Reding,false,13,enwiki,2024-10-27 00:04:35
1833325209,Bucharest,2A00:1110:201:14B1:0:11:A999:D201,false,0,enwiki,2024-10-27 00:04:38
1833325312,Rockford IceHogs,2601:245:4600:6E10:BC88:2E37:D8C:59CE,false,-7,enwiki,2024-10-27 00:05:00
1833325400,Skoteini,Monkbot,true,1,enwiki,2024-10-27 00:05:16
1833325705,1902,Aneirinn,false,560,enwiki,2024-10-27 00:05:54
1833325814,Draft:Józef Czyżewski,Wikociewie,false,13,enwiki,2024-10-27 00:06:12
1833325910,2024–25 Russian First League,Geregen2,false,135,enwiki,2024-10-27 00:06:25
1833324906,Existence of God,38.18.231.61,false,-25,enwiki,2024-10-27 00:03:56
1833325012,German People's Party (Austria),Monkbot,true,1,enwiki,2024-10-27 00:04:17
1833325110,User talk:France.U.S.PRESIDENT,CodeTalker,false,595,enwiki,2024-10-27 00:04:35
1833325210,The Voice UK series 13,Wikisteveb4,false,-77,enwiki,2024-10-27 00:04:50
1833325313,User:Yerevantsi/sandbox/Matenadaran,Yerevantsi,false,8781,enwiki,2024-10-27 00:05:03
1833325401,Devonian,GeoWriter,false,-38,enwiki,2024-10-27 00:05:12
1833325816,"Whitfield, Derbyshire",Steinsky,false,-5961,enwiki,2024-10-27 00:06:12
1833325911,Evga S.A,Monkbot,true,1,enwiki,2024-10-27 00:06:26
1833324907,Temesa,41.58.224.99,false,63,enwiki,2024-10-27 00:04:03
1833325117,Clifford Aboagye,Citation bot,true,-12,enwiki,2024-10-27 00:04:34
1833325315,Sigulda Municipality,Marcocapelle,false,-20,enwiki,2024-10-27 00:05:02
1833325402,Draft:Wow beautiful words,Qwerfjkl (bot),true,26,enwiki,2024-10-27 00:05:18
1833325601,Category talk:Gambian fiction,Tom.Reding,false,27,enwiki,2024-10-27 00:05:43
1833325715,History of Italian Americans in Boston,Dmoore5556,false,-15,enwiki,2024-10-27 00:05:56
1833325818,Vrbové,Monkbot,true,2,enwiki,2024-10-27 00:06:11
1833325912,K2 Black Panther,TravelerFromEuropeanUnion,false,80,enwiki,2024-10-27 00:06:22
1833326001,Wikipedia:Arbitration/Requests/Case,Isaacl,false,1037,enwiki,2024-10-27 00:06:35
1833326111,2024–25 NBA season,GreenPepper1,false,383,enwiki,2024-10-27 00:06:51
357990117,Heinrich Gebhardt (Designer),M2k~dewiki,false,26,dewiki,2024-10-27 00:03:41
1833324917,Category talk:Fiji in fiction,Tom.Reding,false,27,enwiki,2024-10-27 00:04:04
1833325010,Wikipedia:Administrators' noticeboard/Incidents,Just Step Sideways,false,41,enwiki,2024-10-27 00:04:10
1833325119,Wikipedia talk:Manual of Style,Hyphenation Expert,false,463,enwiki,2024-10-27 00:04:26
1833325213,Category talk:Forest planets in fiction,Tom.Reding,false,27,enwiki,2024-10-27 00:04:52
1833325316,Talk:British Psychological Society,Peckedagain,false,1027,enwiki,2024-10-27 00:05:04
1833325410,Wikipedia:Administrator intervention against vandalism/TB2,HBC AIV helperbot14,true,-347,enwiki,2024-10-27 00:05:19
1833325603,Second Margrave War,Monkbot,true,1,enwiki,2024-10-27 00:05:43
1833325717,Talk:Mary Eastman (singer),Teblick,false,-16,enwiki,2024-10-27 00:05:59
1833325800,Category talk:German-language literature,Tom.Reding,false,27,enwiki,2024-10-27 00:06:10
1833325819,K-Mile Air,Jessicapierce,false,-14,enwiki,2024-10-27 00:06:13
1833325915,User:GA bot/Stats,ChristieBot,true,0,enwiki,2024-10-27 00:06:08
1833326004,Category talk:Ghent in fiction,Tom.Reding,false,27,enwiki,2024-10-27 00:06:37
1833326113,Danylo Hetmantsev,Ira Leviton,false,-18,enwiki,2024-10-27 00:06:53
1833326201,K2 Black Panther,TravelerFromEuropeanUnion,false,0,enwiki,2024-10-27 00:07:01
357990202,Reiherstieg,Archie02,false,22,dewiki,2024-10-27 00:07:21
1833326316,Wikipedia:Requests for page protection/Increase,Cyberbot I,true,1005,enwiki,2024-10-27 00:07:25
357990212,Dietrich Christoph Gloger,Jautaealis,false,36,dewiki,2024-10-27 00:07:37
1833326401,Cato Street Conspiracy,Sweetpool50,false,-780,enwiki,2024-10-27 00:07:40
357990219,Kevin Behrens,Matthias v.d. Elbe,false,5,dewiki,2024-10-27 00:07:53
1833326700,Stephen Barr,Suite1408,false,152,enwiki,2024-10-27 00:08:18
1833326813,Lode Parish,Marcocapelle,false,-18,enwiki,2024-10-27 00:08:29
1833326919,Auradou,Monkbot,true,1,enwiki,2024-10-27 00:08:40
1833327000,Template:PRC helicopters,Loned,false,57,enwiki,2024-10-27 00:08:50
1833327219,Category talk:Hungarian speculative fiction works,Tom.Reding,false,27,enwiki,2024-10-27 00:09:17
1833327302,Category talk:Ice planets in fiction,Tom.Reding,false,27,enwiki,2024-10-27 00:09:34
1833326204,Theophano of Athens,Monkbot,true,1,enwiki,2024-10-27 00:07:04
1833326300,Fox and His Friends,Monkbot,true,1,enwiki,2024-10-27 00:07:20
1833326317,Khaled Al-Mudhaf,SmartyPants22,false,79,enwiki,2024-10-27 00:07:25
357990213,Czech Airlines,08Linus,false,1189,dewiki,2024-10-27 00:07:36
1833326403,Valmiera Municipality,Marcocapelle,false,-21,enwiki,2024-10-27 00:07:40
357990215,Eckhart Schmidt,Wiegels,false,14,dewiki,2024-10-27 00:07:44
1833326507,Sosnowiec People's Stadium,Monkbot,true,1,enwiki,2024-10-27 00:07:53
1833326705,Chyšky,Monkbot,true,1,enwiki,2024-10-27 00:08:17
1833326817,"Category:People from Hythe, Kent",Ernsanchez00,false,54,enwiki,2024-10-27 00:08:30
1833327100,Tales of Hoffmann (film),Monkbot,true,1,enwiki,2024-10-27 00:09:00
1833327303,Ohio,Armbrust,false,8,enwiki,2024-10-27 00:09:23
1833326208,Magnoliaceae,74.106.206.136,false,100,enwiki,2024-10-27 00:07:02
1833326301,Category talk:Guardian Children's Fiction Prize,Tom.Reding,false,27,enwiki,2024-10-27 00:07:21
1833326318,The Prince of the Desert,Idoghor Melody,false,2,enwiki,2024-10-27 00:07:26
1833326415,Category talk:Halloween fiction,Tom.Reding,false,3,enwiki,2024-10-27 00:07:42
1833326510,Template:Fereydunkenar County,Jessicapierce,false,0,enwiki,2024-10-27 00:07:54
1833326601,Wolfgang Doeblin,Simeon,false,2,enwiki,2024-10-27 00:08:04
1833326709,Tourist attractions in Mangalore,A.sav,false,-8,enwiki,2024-10-27 00:08:18
1833326801,Łódź Film School,Monkbot,true,2,enwiki,2024-10-27 00:08:27
1833327003,Sēļi Parish,Marcocapelle,false,-21,enwiki,2024-10-27 00:08:49
1833327103,Valmiera,Marcocapelle,false,-21,enwiki,2024-10-27 00:09:00
1833327305,User talk:Shyamprof,Liz,false,1153,enwiki,2024-10-27 00:09:35
357990204,Nicole Shanahan,Mathze,false,3,dewiki,2024-10-27 00:07:18
357990206,Wikipedia:Adminwiederwahl/Stechlin,Toni Müller,false,-8,dewiki,2024-10-27 00:07:30
1833326416,Friedrich Dingeldey,Simeon,false,14,enwiki,2024-10-27 00:07:41
357990216,John Doubleday (Restaurator),Igallards7,false,68,dewiki,2024-10-27 00:07:47
1833326511,ImageMovers,2A02:C7E:2661:E00:C581:F37B:D2A7:19C2,false,100,enwiki,2024-10-27 00:07:53
1833326602,Category talk:Hindi-language literature,Tom.Reding,false,-20,enwiki,2024-10-27 00:08:05
1833326710,Two Kinds of Truth,Sam Sailor,false,-76,enwiki,2024-10-27 00:08:19
1833326803,Halina Reijn,CarciaNullius,false,5,enwiki,2024-10-27 00:08:23
1833327004,User:Du Macedo/sandbox,Du Macedo,false,4224,enwiki,2024-10-27 00:08:35
1833327110,Talk:Algiers expedition (1541),Lenovya,false,1521,enwiki,2024-10-27 00:09:00
1833327200,Glass ceiling,217.28.8.236,false,4,enwiki,2024-10-27 00:09:12
1833327311,Kho Kho World Cup,Kumarpramit,false,168,enwiki,2024-10-27 00:09:35
1833326209,Helen Boucher,GuardianH,false,-1,enwiki,2024-10-27 00:07:06
1833326303,User talk:103.99.43.33,FireflyBot,true,700,enwiki,2024-10-27 00:07:22
357990207,Benutzer:Anton-kurt/0033,Anton-kurt,false,4386,dewiki,2024-10-27 00:07:30
1833326418,Wikipedia:Requested moves/Current discussions,RMCD bot,true,0,enwiki,2024-10-27 00:07:36
1833326514,Bryan Mbeumo,Mattythewhite,false,-44,enwiki,2024-10-27 00:07:51
1833326603,RK Fēnikss,Marcocapelle,false,-10,enwiki,2024-10-27 00:08:05
1833326712,Category talk:History of Sri Lanka in fiction,Tom.Reding,false,27,enwiki,2024-10-27 00:08:19
1833326808,The Voice UK series 13,Wikisteveb4,false,321,enwiki,2024-10-27 00:08:28
1833326901,Eberhard Becker,Simeon,false,55,enwiki,2024-10-27 00:08:40
1833327007,Wikipedia:Requests for page protection/Increase,ZimZalaBim,false,398,enwiki,2024-10-27 00:08:51
1833327113,Dennis van Wijk,IvanScrooge98,false,-49,enwiki,2024-10-27 00:09:00
1833327201,Naser Al-Meqlad,SmartyPants22,false,79,enwiki,2024-10-27 00:09:14
1833327312,Harry Halbreich,Monkbot,true,1,enwiki,2024-10-27 00:09:35
1833326212,Peter Dembowski,Simeon,false,14,enwiki,2024-10-27 00:07:05
357990200,Rhaphidophoridae,OrthoHeuschreck,false,30,dewiki,2024-10-27 00:07:19
1833326308,Daniel Arreola,Citation bot,true,20,enwiki,2024-10-27 00:07:22
357990209,Benutzer:Bild-Sprache/Thomas Krempke,Bild-Sprache,false,560,dewiki,2024-10-27 00:07:35
1833326711,User:Yue,Yue,false,-35,enwiki,2024-10-27 00:08:18
1833326809,Category talk:Homophobia in fiction,Tom.Reding,false,29,enwiki,2024-10-27 00:08:29
1833326905,Ọranyan,Hydranova,false,62,enwiki,2024-10-27 00:08:40
1833327015,Biebrza,Monkbot,true,3,enwiki,2024-10-27 00:08:50
1833327115,Category talk:Houston in fiction,Tom.Reding,false,-4,enwiki,2024-10-27 00:09:03
1833327206,2024 North Dakota State Bison football team,Natethegreat4226,false,17,enwiki,2024-10-27 00:09:12
1833327313,Live at The Gorge '24,Idoghor Melody,false,-6,enwiki,2024-10-27 00:09:36
1833326214,Elliot Richardson,2601:249:9301:D570:1DFB:5F3B:1012:72AB,false,223,enwiki,2024-10-27 00:07:04
1833326310,Template:Firuzeh County,Jessicapierce,false,0,enwiki,2024-10-27 00:07:24
1833326609,Template:Ferdows County,Jessicapierce,false,0,enwiki,2024-10-27 00:08:06
1833326717,Kocēni Parish,Marcocapelle,false,-21,enwiki,2024-10-27 00:08:18
1833326810,Susan Liebeler,Idoghor Melody,false,2,enwiki,2024-10-27 00:08:29
1833327116,Valmiera Parish,Marcocapelle,false,-21,enwiki,2024-10-27 00:09:02
1833327212,Ja Rule discography,24K24,false,66,enwiki,2024-10-27 00:09:15
1833327318,Category talk:Iceland in fiction,Tom.Reding,false,27,enwiki,2024-10-27 00:09:37
1833326312,Christopher Deninger,Simeon,false,12,enwiki,2024-10-27 00:07:23
357990208,Enigma-Variationen,2404:E80:46F2:0:0:0:0:1002,false,23,dewiki,2024-10-27 00:07:31
1833326614,Godmothered,Dmoore5556,false,-15,enwiki,2024-10-27 00:08:06
1833326907,User talk:Dr Anoob RC,Liz,false,1143,enwiki,2024-10-27 00:08:41
1833327117,Wikipedia:Reliable sources/Noticeboard,XOR'easter,false,297,enwiki,2024-10-27 00:08:55
1833327209,List of United States cities by population,Armbrust,false,8,enwiki,2024-10-27 00:09:00
1833326313,Čunovo,Monkbot,true,3,enwiki,2024-10-27 00:07:23
1833326811,Whiting School of Engineering,Cfls,false,-39,enwiki,2024-10-27 00:08:29
1833326910,Olga Danilović,Sashona,false,32,enwiki,2024-10-27 00:08:36
1833327119,Whiting School of Engineering,Cfls,false,-11,enwiki,2024-10-27 00:09:03
1833327214,"Henry V, Duke of Legnica",Monkbot,true,4,enwiki,2024-10-27 00:09:15
1833327301,Smithornis,Monkbot,true,1,enwiki,2024-10-27 00:09:31
1833326200,Category talk:Gotland in fiction,Tom.Reding,false,27,enwiki,2024-10-27 00:07:04
1833326314,Category talk:Guardian Children's Fiction Prize-winning works,Tom.Reding,false,26,enwiki,2024-10-27 00:07:25
357990210,İZBAN,Erdem Ozturk 2021,false,-1002,dewiki,2024-10-27 00:07:35
1833326400,George Maris,StoneyStag,false,5,enwiki,2024-10-27 00:07:39
357990218,Wikipedia:Löschkandidaten/20. Oktober 2024,Kompetenter,false,445,dewiki,2024-10-27 00:07:48
1833326501,Brenguļi Parish,Marcocapelle,false,-21,enwiki,2024-10-27 00:07:51
1833326812,List of for-profit universities and colleges,AbeNMS92,false,83,enwiki,2024-10-27 00:08:28
1833326914,User:InceptionBot/NewPageSearch/Math/log,InceptionBot,true,-528,enwiki,2024-10-27 00:08:42
1833327001,"Columbus, Ohio",Armbrust,false,8,enwiki,2024-10-27 00:08:36
1833327218,User talk:24.143.68.24,Magnolia677,false,715,enwiki,2024-10-27 00:09:17
1833327401,48th Hong Kong International Film Festival,Prince of Erebor,false,4,enwiki,2024-10-27 00:09:47
1833327503,Category:People from Westenhanger,Ernsanchez00,false,10,enwiki,2024-10-27 00:10:01
1833327610,Christina Birkenhake,Simeon,false,12,enwiki,2024-10-27 00:10:12
1833327819,Blood in My Eye,AstonishingTunesAdmirer,false,231,enwiki,2024-10-27 00:10:47
1833327901,Cenotaph,97.190.211.152,false,-5,enwiki,2024-10-27 00:10:53
1833328105,"Nadrzecze, West Pomeranian Voivodeship",Monkbot,true,1,enwiki,2024-10-27 00:11:18
1833328211,Template:Tony Blair,Dgp4004,false,-85,enwiki,2024-10-27 00:11:39
1833327403,White guilt,2001:BB6:47EE:3400:C0CB:43A:6C31:7097,false,-1,enwiki,2024-10-27 00:09:45
1833327510,Rūjiena,Marcocapelle,false,-19,enwiki,2024-10-27 00:09:58
1833327609,"CY-208,243",76.174.0.57,false,14,enwiki,2024-10-27 00:10:11
1833327903,Talk:Title sequence/Archive 1,Sadko,false,958,enwiki,2024-10-27 00:10:57
357990301,Titus Turpilius Silanus,FZ2,false,20,dewiki,2024-10-27 00:11:00
1833328107,Ozone Disco fire,Diannaa,false,-450,enwiki,2024-10-27 00:11:19
1833328213,Deep South,Egidio24,false,-33,enwiki,2024-10-27 00:11:37
1833327406,Raphinha,41.114.157.73,false,0,enwiki,2024-10-27 00:09:44
1833327511,Bank of Korea,Boubloub,false,-12,enwiki,2024-10-27 00:10:00
1833327614,Draft:Riggy the Runkey,2600:1000:B157:C57C:3835:2167:FB3:AEE5,false,170,enwiki,2024-10-27 00:10:11
1833327719,Luka Elsner,Snowflake91,false,0,enwiki,2024-10-27 00:10:29
1833327907,Yamaha Motor Racing,Miwna,false,92,enwiki,2024-10-27 00:10:55
357990318,Władysław Suszyński,Hoefler50,false,1,dewiki,2024-10-27 00:11:11
1833328109,Category talk:Iranian speculative fiction novels,Tom.Reding,false,27,enwiki,2024-10-27 00:11:19
1833328214,Wikipedia:WikiProject Yorkshire/Newsletter/November 2024,Keith D,false,-2,enwiki,2024-10-27 00:11:39
1833327415,Kocēni,Marcocapelle,false,-21,enwiki,2024-10-27 00:09:48
1833327513,Windows File Manager,Citation bot,true,19,enwiki,2024-10-27 00:10:00
1833327613,Edward A. Silk,GhostInTheMachine,false,253,enwiki,2024-10-27 00:10:13
1833327801,Roman Catholic Diocese of Vannes,Vicedomino,false,49,enwiki,2024-10-27 00:10:43
1833327911,Talk:Title sequence,Sadko,false,-948,enwiki,2024-10-27 00:10:57
357990319,PLK (Rapper),YGO24895,false,0,dewiki,2024-10-27 00:11:10
1833328111,Richard Tanne,Idoghor Melody,false,-235,enwiki,2024-10-27 00:11:19
1833328216,Yandex,CodeTalker,false,-9,enwiki,2024-10-27 00:11:33
1833327414,Starye Tlyavli,Monkbot,true,2,enwiki,2024-10-27 00:09:48
1833327512,User:MarkYay/TWA/Earth,MarkYay,false,6,enwiki,2024-10-27 00:10:02
1833327616,Boulieu-lès-Annonay,Monkbot,true,1,enwiki,2024-10-27 00:10:11
1833327703,Category talk:Indonesian fiction,Tom.Reding,false,27,enwiki,2024-10-27 00:10:28
1833327802,Lorp-Sentaraille,Monkbot,true,1,enwiki,2024-10-27 00:10:42
1833327914,Death by sawing,CodeTalker,false,45,enwiki,2024-10-27 00:10:55
1833328002,Comparison of traffic signs in English-speaking territories,Fry1989,false,-9,enwiki,2024-10-27 00:10:58
1833328117,The Johns Hopkins University SAIS Europe,Cfls,false,7,enwiki,2024-10-27 00:11:21
1833328218,Just a Boy,Derek R Bullamore,false,85,enwiki,2024-10-27 00:11:39
1833327418,User:Cbl62/2007-09,Cbl62,false,2507,enwiki,2024-10-27 00:09:44
1833327514,Category talk:Immunology literature,Tom.Reding,false,13,enwiki,2024-10-27 00:10:01
1833327704,Energy in Norway,2601:586:D032:DD90:291A:542C:8276:AAAC,false,41,enwiki,2024-10-27 00:10:27
1833327806,Marxist cultural analysis,HudecEmil,false,541,enwiki,2024-10-27 00:10:44
1833327917,Grčarice,Monkbot,true,2,enwiki,2024-10-27 00:10:56
1833328003,Aisonia,Monkbot,true,1,enwiki,2024-10-27 00:11:06
1833328203,Artbox,Neils51,false,0,enwiki,2024-10-27 00:11:36
1833328219,Category talk:Irish romantic fiction,Tom.Reding,false,27,enwiki,2024-10-27 00:11:40
1833327419,User talk:Michieman,Liz,false,1164,enwiki,2024-10-27 00:09:50
1833327515,Talk:Title sequence,Sadko,false,-998,enwiki,2024-10-27 00:10:01
1833327602,Bad Shabbos,KingArti,false,20,enwiki,2024-10-27 00:10:11
1833327706,1971 Bingöl earthquake,Dawnseeker2000,false,-32,enwiki,2024-10-27 00:10:28
1833327809,Shin-Soo Choo,Idoghor Melody,false,-36,enwiki,2024-10-27 00:10:42
1833327919,"List of The 100 Girlfriends Who Really, Really, Really, Really, Really Love You chapters",2001:FB1:CC:3D7D:4F8:29CC:700F:E631,false,54,enwiki,2024-10-27 00:10:56
1833328010,Ghostery,Citation bot,true,6,enwiki,2024-10-27 00:11:07
1833328204,Draft:List of portraits in the United States House of Representatives collection,Sir MemeGod,false,5112,enwiki,2024-10-27 00:11:33
1833327707,Stone Cold Steve Austin,Czello,false,26,enwiki,2024-10-27 00:10:18
1833327810,Georg Bohlmann,Simeon,false,14,enwiki,2024-10-27 00:10:46
1833327918,Wikipedia:Requests for page protection/Increase,Jéské Couriano,false,-815,enwiki,2024-10-27 00:10:58
1833328015,Category talk:Iran in fiction,Tom.Reding,false,27,enwiki,2024-10-27 00:11:09
1833327605,Wikipedia:Requests for page protection/Increase,59.16.203.106,false,815,enwiki,2024-10-27 00:10:11
1833327710,User talk:Pol revision,Pol revision,false,240,enwiki,2024-10-27 00:10:30
1833327813,Elliot Slessor,Catb2006,false,0,enwiki,2024-10-27 00:10:46
357990315,Gouvelândia,Mewa767,false,-8,dewiki,2024-10-27 00:11:09
1833327400,Talk:Sound stage,Sadko,false,-355,enwiki,2024-10-27 00:09:48
1833327502,Sosnová (Česká Lípa District),Monkbot,true,1,enwiki,2024-10-27 00:09:58
1833327606,Category talk:Indian fiction,Tom.Reding,false,-20,enwiki,2024-10-27 00:10:11
1833327717,Hermann Boerner,Simeon,false,14,enwiki,2024-10-27 00:10:29
1833327815,Category talk:Interactive fiction,Tom.Reding,false,15,enwiki,2024-10-27 00:10:46
1833328019,User talk:MarkYay/TWA,MarkYay,false,177,enwiki,2024-10-27 00:11:10
1833328100,Mining in ancient Rome,92.28.82.108,false,2,enwiki,2024-10-27 00:11:18
1833328210,Sceau-Saint-Angel,Monkbot,true,1,enwiki,2024-10-27 00:11:36
1833328413,Rabee al-Madkhali,Ymblanter,false,22,enwiki,2024-10-27 00:12:01
1833328508,Joop Wijn,IvanScrooge98,false,-11,enwiki,2024-10-27 00:12:14
1833328605,Talk:Title sequence,Sadko,false,-347,enwiki,2024-10-27 00:12:33
1833328704,Wikipedia:Requests for page protection/Increase,Pickersgill-Cunliffe,false,-815,enwiki,2024-10-27 00:12:47
1833329210,Taston,AnomieBOT,true,18,enwiki,2024-10-27 00:13:52
357990412,Greenvolt,Thomas Dresler,false,1,dewiki,2024-10-27 00:14:03
1833329302,1971 San Fernando earthquake,Dawnseeker2000,false,-23,enwiki,2024-10-27 00:14:03
1833328415,John Spyridonakes,Monkbot,true,1,enwiki,2024-10-27 00:12:02
1833328511,Category talk:Israel Prize in children's literature recipients,Tom.Reding,false,65,enwiki,2024-10-27 00:12:17
1833328707,Wikipedia:WikiProject Skepticism/Discussions,Reports bot,true,-5,enwiki,2024-10-27 00:12:48
1833328802,Morabinae,Loopy30,false,2366,enwiki,2024-10-27 00:12:59
1833328902,User talk:2A00:23C6:58D:E401:31:5F6A:6707:2FC8,Jlwoodwa,false,1061,enwiki,2024-10-27 00:13:10
1833329009,Liepupe,Marcocapelle,false,-21,enwiki,2024-10-27 00:13:25
1833329101,Category talk:Jordan in fiction,Tom.Reding,false,27,enwiki,2024-10-27 00:13:39
1833329214,Black Box Diaries,Cinemacriterion,false,2515,enwiki,2024-10-27 00:13:54
1833329305,William Marshall (illustrator),Monkbot,true,1,enwiki,2024-10-27 00:14:06
1833328300,Victor Torp,86.10.92.109,false,0,enwiki,2024-10-27 00:11:47
1833328418,List of The Late Show with Stephen Colbert episodes (2024),Cytkory,false,10,enwiki,2024-10-27 00:12:02
1833328512,Walcyr Carrasco,Douglas1998A,false,32,enwiki,2024-10-27 00:12:17
1833328609,Category talk:Italian-language literature,Tom.Reding,false,27,enwiki,2024-10-27 00:12:34
1833328708,Category talk:Italian literature patrons,Tom.Reding,false,27,enwiki,2024-10-27 00:12:48
1833328810,Lists of multimedia franchises,2A0A:EF40:3AB:5601:9DB3:5586:A152:6D3B,false,20,enwiki,2024-10-27 00:12:59
1833329010,Richard Bland Lee,Mojo Hand,false,-191,enwiki,2024-10-27 00:13:25
1833329102,Denmark at the 2024 Summer Paralympics,Egidio24,false,-1,enwiki,2024-10-27 00:13:37
357990407,Wikipedia:Vandalismusmeldung,Antonsusi,false,438,dewiki,2024-10-27 00:13:52
1833329216,Istria,LukeWiller,false,45,enwiki,2024-10-27 00:13:53
357990414,Internationales Einheitensystem,Wassermaus,false,470,dewiki,2024-10-27 00:14:02
1833329306,Navalny Headquarters,Monkbot,true,1,enwiki,2024-10-27 00:14:01
1833328301,La Helvecia sawmill,NearEMPTiness,false,-1,enwiki,2024-10-27 00:11:49
1833328513,Daniel Brière,ClueBot NG,false,-118,enwiki,2024-10-27 00:12:16
1833328611,Dietrich Braess,Simeon,false,12,enwiki,2024-10-27 00:12:34
1833328709,Henio Zytomirski,Monkbot,true,4,enwiki,2024-10-27 00:12:47
1833328812,William E. Riley,Gveret Tered,false,9,enwiki,2024-10-27 00:13:00
1833328908,Grand Mosque of Paris,CopperyMarrow15,false,20,enwiki,2024-10-27 00:13:08
1833329011,Pierre Schwinte,AlfiePalmer,false,616,enwiki,2024-10-27 00:13:27
1833329103,"List of acts of the Parliament of Scotland, 1600–1698",Mauls,false,1896,enwiki,2024-10-27 00:13:31
1833329215,Wikipedia talk:Sandbox,211.30.140.217,false,127,enwiki,2024-10-27 00:13:54
357990416,Elton John/Diskografie,YGO24895,false,0,dewiki,2024-10-27 00:14:01
1833328304,1978–79 in Swiss football,Huligan0,false,3538,enwiki,2024-10-27 00:11:47
1833328400,List of Amalgam Comics characters,2600:1702:5609:5C00:9D69:9A11:790C:1B1C,false,-268,enwiki,2024-10-27 00:11:59
1833328612,Draft:Real Americans,Phibeatrice,false,41,enwiki,2024-10-27 00:12:34
1833328710,Ozone Disco fire,Diannaa,false,-176,enwiki,2024-10-27 00:12:48
1833328909,Declaration of war,Egidio24,false,-19,enwiki,2024-10-27 00:13:09
1833329014,Girls (1919 film),Sc2353,false,52,enwiki,2024-10-27 00:13:26
1833329108,Eva-Maria Feichtner,Simeon,false,12,enwiki,2024-10-27 00:13:39
1833329219,Template:Johns Hopkins University,Cfls,false,-121,enwiki,2024-10-27 00:13:56
1833329310,Wikipedia:Articles for deletion/Ancient TL,91.228.32.177,false,1222,enwiki,2024-10-27 00:14:07
357990418,Anime- und Manga-Convention,Drakemaster93,false,-125,dewiki,2024-10-27 00:14:10
1833328305,Category talk:Irish speculative fiction works,Tom.Reding,false,27,enwiki,2024-10-27 00:11:50
1833328502,Istria,LukeWiller,false,2606,enwiki,2024-10-27 00:12:13
1833328617,User talk:102.209.254.199,CodeTalker,false,1162,enwiki,2024-10-27 00:12:36
1833328910,2024–25 Puskás Akadémia FC season,Cakesam,false,0,enwiki,2024-10-27 00:13:02
1833329003,"Aloja, Latvia",Marcocapelle,false,-21,enwiki,2024-10-27 00:13:23
1833329016,Istria,LukeWiller,false,-4,enwiki,2024-10-27 00:13:25
1833329111,Club Atlético Atlas,179.9.139.145,false,41,enwiki,2024-10-27 00:13:40
357990415,Cold Heart (Pnau Remix),YGO24895,false,0,dewiki,2024-10-27 00:14:03
1833329311,Pierre Schwinte,AlfiePalmer,false,347,enwiki,2024-10-27 00:14:08
357990419,Elton John/Auszeichnungen für Musikverkäufe,YGO24895,false,-16,dewiki,2024-10-27 00:13:59
1833328313,Līgatne,Marcocapelle,false,-26,enwiki,2024-10-27 00:11:50
1833328404,Liposthey,Monkbot,true,1,enwiki,2024-10-27 00:11:59
1833328501,2024–25 Puskás Akadémia FC season,Cakesam,false,235,enwiki,2024-10-27 00:12:06
1833328600,Talk:Title sequence/Archive 1,Sadko,false,357,enwiki,2024-10-27 00:12:32
1833328718,Omar Hernandez (soccer),40.138.186.112,false,4,enwiki,2024-10-27 00:12:48
1833328912,Category talk:Jain texts,Tom.Reding,false,-30,enwiki,2024-10-27 00:13:12
1833329004,Larressingle,Monkbot,true,1,enwiki,2024-10-27 00:13:22
1833329112,Robert II (archbishop of Rouen),Kansas Bear,false,2,enwiki,2024-10-27 00:13:40
357990401,Wikipedia Diskussion:Kurier,Psittacuso,false,402,dewiki,2024-10-27 00:13:44
1833329201,Wikipedia:Articles for deletion/La Helvecia sawmill,NearEMPTiness,false,81,enwiki,2024-10-27 00:13:53
1833329309,Wikipedia:Administrators' noticeboard/Incidents,Valereee,false,256,enwiki,2024-10-27 00:13:56
1833328405,She Knows (J. Cole song),2A01:5EC0:7803:FC33:696:6B6D:D39F:9C13,false,8,enwiki,2024-10-27 00:11:59
1833328505,Talk:Title sequence/Archive 1,Sadko,false,673,enwiki,2024-10-27 00:12:16
1833328602,Draft:NorCal Conference,Thetreesarespeakingtome,false,-121,enwiki,2024-10-27 00:12:28
1833328916,Biraj Bhatta,Krishnadahal12,false,1627,enwiki,2024-10-27 00:13:10
1833329005,2024 ADAC GT Masters,Qixx1212,false,113,enwiki,2024-10-27 00:13:22
1833329018,Viola Dana,Openmy,false,3,enwiki,2024-10-27 00:13:26
1833329113,User:Pokelego999,Pokelego999,false,-46,enwiki,2024-10-27 00:13:40
357990402,Graham Hyde,Thomas Dresler,false,0,dewiki,2024-10-27 00:13:47
1833329202,Barryroe GAA,91.142.236.252,false,0,enwiki,2024-10-27 00:13:51
357990410,Schwarzfleckiger Grashüpfer,OrthoHeuschreck,false,15,dewiki,2024-10-27 00:13:58
1833329317,User:MacronMonitor/Alerts,MacronMonitor,false,248,enwiki,2024-10-27 00:14:08
1833328315,Ja Rule discography,24K24,false,-20,enwiki,2024-10-27 00:11:50
1833328408,User talk:MarkYay/TWA,MarkYay,false,327,enwiki,2024-10-27 00:12:02
1833328506,Snoezelen,Soap,false,62,enwiki,2024-10-27 00:12:16
1833328603,Margaret Moth,47.201.99.31,false,-4,enwiki,2024-10-27 00:12:30
1833328917,C/2017 T2 (PanSTARRS),Praemonitus,false,-16,enwiki,2024-10-27 00:13:11
1833329006,Jordy Caicedo,Citation bot,true,-6,enwiki,2024-10-27 00:13:23
1833329017,Abraham Lincoln,Dorgesh,false,564,enwiki,2024-10-27 00:13:08
357990403,ÖBB 1042/1142,Krauselklause,false,-70,dewiki,2024-10-27 00:13:47
1833329203,2024–25 Galatasaray S.K. (women's volleyball) season,Ozanozan,false,124,enwiki,2024-10-27 00:13:51
357990417,Banedole,J. Patrick Fischer,false,-1,dewiki,2024-10-27 00:14:10
1833328317,Definitely Maybe Tour,Egidio24,false,-12,enwiki,2024-10-27 00:11:50
1833328411,Straupe,Marcocapelle,false,-21,enwiki,2024-10-27 00:12:00
1833328507,Talk:Title sequence,Sadko,false,-663,enwiki,2024-10-27 00:12:17
1833328604,Saint-Pardoux-la-Croisille,Monkbot,true,1,enwiki,2024-10-27 00:12:30
1833328919,Istria,LukeWiller,false,1168,enwiki,2024-10-27 00:13:10
1833329008,ImageMovers,2A02:C7E:2661:E00:C581:F37B:D2A7:19C2,false,61,enwiki,2024-10-27 00:13:24
1833329100,Mexican Pacific League,189.155.192.193,false,12,enwiki,2024-10-27 00:13:38
357990400,Biateho (Atubuti),J. Patrick Fischer,false,-1,dewiki,2024-10-27 00:13:45
357990405,Lilah Fear,Igallards7,false,68,dewiki,2024-10-27 00:13:51
1833329206,Joe Day (footballer),Atp21,false,0,enwiki,2024-10-27 00:13:52
357990411,Reitstiefel,RAL1028,false,-332,dewiki,2024-10-27 00:14:02
1833329301,Category talk:Kashubian literature,Tom.Reding,false,27,enwiki,2024-10-27 00:14:06
1833329319,Talk:State of Vietnam,Ed Moise,false,638,enwiki,2024-10-27 00:14:09
1833329410,Destruction Derby Raw,Egidio24,false,-58,enwiki,2024-10-27 00:14:22
1833329606,Lindau-Insel station,Monkbot,true,1,enwiki,2024-10-27 00:14:47
1833329711,Sergey Yakshin,SmartyPants22,false,277,enwiki,2024-10-27 00:15:01
1833329905,Frank Street Jr.,Extraordinary Writ,false,-14,enwiki,2024-10-27 00:15:22
1833330007,Desperate Housewives season 1,Egidio24,false,-18,enwiki,2024-10-27 00:15:28
1833330112,2025 Kho Kho World Cup,Dawnseeker2000,false,-40,enwiki,2024-10-27 00:15:47
1833330208,Ahmose called Si-Tayit,97.116.160.235,false,-64,enwiki,2024-10-27 00:16:02
1833330316,Francis Throckmorton,Unoquha,false,137,enwiki,2024-10-27 00:16:18
1833330418,Gallery Arcturus,EdDrass,false,157,enwiki,2024-10-27 00:16:32
1833330510,Perophora,Trilletrollet,false,-2,enwiki,2024-10-27 00:16:44
1833329412,"Līči, Stopiņi Municipality",Marcocapelle,false,-21,enwiki,2024-10-27 00:14:24
1833329607,Idakwo,Emmanuella643,false,19,enwiki,2024-10-27 00:14:49
1833329712,Silesian Voivodeship (1920–1939),Monkbot,true,2,enwiki,2024-10-27 00:15:00
1833329906,D. B. Cooper,FULBERT,false,-9,enwiki,2024-10-27 00:15:11
1833330008,1960 New York Yankees season,24.101.112.71,false,65,enwiki,2024-10-27 00:15:30
1833330209,Grady the Cow,Neils51,false,-20,enwiki,2024-10-27 00:16:01
1833330508,Jodie Sweetin,2600:1702:5ACD:7400:6C19:1C32:A745:F2E4,false,23,enwiki,2024-10-27 00:16:42
1833329500,Travancore State Manual,RINTERNET EXPLORER,false,216,enwiki,2024-10-27 00:14:34
1833329609,2025 Kho Kho World Cup,Kumarpramit,false,40,enwiki,2024-10-27 00:14:49
1833329716,Mudja,109.245.205.168,false,28,enwiki,2024-10-27 00:15:00
1833329803,Lithuania national rugby union team,Thetruemoreno,false,2,enwiki,2024-10-27 00:15:09
1833329910,Wikipedia:Community portal/Open tasks,SuggestBot,false,-48,enwiki,2024-10-27 00:15:23
1833330009,"Galma, Darbhanga",Idoghor Melody,false,35,enwiki,2024-10-27 00:15:33
1833330210,Goodwin & Tabb,Sfjohna,false,269,enwiki,2024-10-27 00:16:02
1833330514,Francis Throckmorton,Unoquha,false,3,enwiki,2024-10-27 00:16:46
1833329416,Existence of God,Rasteem,false,-1428,enwiki,2024-10-27 00:14:14
1833329506,Vālodzes,Marcocapelle,false,-21,enwiki,2024-10-27 00:14:34
1833329616,Yellow Aster Mine,Schnäppchen,false,0,enwiki,2024-10-27 00:14:50
1833329717,Denmark national under-17 football team,Mrloop,false,-33,enwiki,2024-10-27 00:15:00
1833329808,User:DreamRimmer bot/Redirects.json,DreamRimmer bot,true,86,enwiki,2024-10-27 00:15:14
1833329911,Nkoranza,98.123.38.211,false,1,enwiki,2024-10-27 00:15:22
1833330010,Northern Virginia FC,TimharvFC,false,-154,enwiki,2024-10-27 00:15:31
1833330116,Bologna Center,Cfls,false,-29,enwiki,2024-10-27 00:15:48
1833330212,Saif Bin Futtais,SmartyPants22,false,82,enwiki,2024-10-27 00:16:03
1833330516,User:DrThneed/Lotta Dann,DrThneed,false,56,enwiki,2024-10-27 00:16:46
1833329507,"You, Me and Dupree",EclecticEnnui,false,15,enwiki,2024-10-27 00:14:34
1833329618,Category talk:Korean fiction,Tom.Reding,false,27,enwiki,2024-10-27 00:14:50
1833329718,Draft:Riggy the Runkey,Killarnee,false,17,enwiki,2024-10-27 00:15:02
1833329811,Draft:Superman (DC Universe),BarntToust,false,967,enwiki,2024-10-27 00:15:12
1833329914,Mukun Bhusal,Krishnadahal12,false,39,enwiki,2024-10-27 00:15:21
1833330011,Our Willi Is the Best,Monkbot,true,1,enwiki,2024-10-27 00:15:33
1833330101,Helen Boucher,GuardianH,false,43,enwiki,2024-10-27 00:15:46
1833330115,Talk:Manfred Höppner,Jkaharper,false,-1,enwiki,2024-10-27 00:15:48
1833330216,Wikipedia:Articles for deletion/Ancient TL,ArturGinter,false,136,enwiki,2024-10-27 00:16:03
1833330304,Dalmatia,LukeWiller,false,2109,enwiki,2024-10-27 00:16:14
1833329508,Wikipedia:WikiFarmer,Errantios,false,1,enwiki,2024-10-27 00:14:35
1833329619,Talk:Trump derangement syndrome,2403:5806:AF70:0:EDC9:7C3E:8A7E:16,false,886,enwiki,2024-10-27 00:14:48
1833329813,Aalberts,Peckedagain,false,239,enwiki,2024-10-27 00:15:13
1833329912,Hadrian,5.67.99.130,false,0,enwiki,2024-10-27 00:15:12
1833330013,Category talk:Latvia in fiction,Tom.Reding,false,27,enwiki,2024-10-27 00:15:34
1833330117,In Too Deep (Jenny Morris song),Jarrod76,false,-13,enwiki,2024-10-27 00:15:47
1833330306,Ernst Jacobsthal,Simeon,false,14,enwiki,2024-10-27 00:16:17
1833330401,1920 Akron Pros season,Neils51,false,1,enwiki,2024-10-27 00:16:27
1833330501,Javier Correa (footballer),Citation bot,true,-2,enwiki,2024-10-27 00:16:43
1833329400,"List of acts of the Parliament of Scotland, 1600–1698",Mauls,false,33,enwiki,2024-10-27 00:14:15
1833329509,The OG Bloodline (professional wrestling),Idoghor Melody,false,92,enwiki,2024-10-27 00:14:35
1833329814,List of equipment of the Croatian Army,Persian Meowth,false,20,enwiki,2024-10-27 00:15:09
1833329913,Deterministic acyclic finite state automaton,Egidio24,false,-17,enwiki,2024-10-27 00:15:22
1833330016,Rassoloda,Fenix down,false,-16,enwiki,2024-10-27 00:15:33
1833330103,"Loja, Latvia",Marcocapelle,false,-21,enwiki,2024-10-27 00:15:46
1833330309,Kyle Criscuolo,Losipov,false,-16,enwiki,2024-10-27 00:16:17
1833330402,Inčukalns,Marcocapelle,false,-21,enwiki,2024-10-27 00:16:30
1833330500,Talk:Bono East Region,98.123.38.211,false,286,enwiki,2024-10-27 00:16:44
1833329601,Rudy May,Orange2001 ABC,false,1,enwiki,2024-10-27 00:14:48
1833329702,Hurricane Milton,172.85.138.229,false,-198,enwiki,2024-10-27 00:14:46
1833329817,Camila Cabello,Radiohist,false,-5,enwiki,2024-10-27 00:15:08
1833329916,Thomas Becket,Remsense,false,-191,enwiki,2024-10-27 00:15:18
1833330017,Wikipedia:Vital articles/Level/5,The Blue Rider,false,0,enwiki,2024-10-27 00:15:34
1833330104,Fir,MPF,false,-71,enwiki,2024-10-27 00:15:44
1833330310,Gorals,Monkbot,true,5,enwiki,2024-10-27 00:16:15
1833330403,Uvaria,Declangi,false,-60,enwiki,2024-10-27 00:16:30
1833330502,Rachel Khong,Phibeatrice,false,295,enwiki,2024-10-27 00:16:43
1833329404,Category talk:Kenyan fiction,Tom.Reding,false,27,enwiki,2024-10-27 00:14:23
1833329514,Zavetensky,Monkbot,true,1,enwiki,2024-10-27 00:14:33
1833329602,Draft:Riggy the Runkey,Killarnee,false,-114,enwiki,2024-10-27 00:14:47
1833329703,Rudolf Gorenflo,Simeon,false,14,enwiki,2024-10-27 00:15:00
1833329902,Robert T. Bushnell,2601:249:9301:D570:1DFB:5F3B:1012:72AB,false,248,enwiki,2024-10-27 00:15:21
1833329915,Real Americans,Phibeatrice,false,70,enwiki,2024-10-27 00:15:23
1833330107,Michael E. Wegscheider,Idoghor Melody,false,4,enwiki,2024-10-27 00:15:46
1833330202,I don't know her,Heartfox,false,25,enwiki,2024-10-27 00:15:59
1833330313,User:Color probe/Template,Jonesey95,false,2,enwiki,2024-10-27 00:16:18
1833330406,Henry VIII the Sparrow,Monkbot,true,1,enwiki,2024-10-27 00:16:30
1833330503,Hadrian,Remsense,false,0,enwiki,2024-10-27 00:16:35
1833329409,1971 Solomon Islands earthquakes,Dawnseeker2000,false,-27,enwiki,2024-10-27 00:14:22
1833329603,Sinan Kaloğlu,Merdanbey14,false,440,enwiki,2024-10-27 00:14:46
1833329710,Wise Music Group,Sfjohna,false,51,enwiki,2024-10-27 00:15:01
1833329919,Metropolitan Streets Act 1867,Hughbe98,false,33,enwiki,2024-10-27 00:15:23
1833330110,Simeon the Holy Fool,Monkbot,true,1,enwiki,2024-10-27 00:15:47
1833330206,Émile Waldteufel,Monkbot,true,1,enwiki,2024-10-27 00:16:00
1833330314,NWA World Television Championship,HHH Pedrigree,false,-34,enwiki,2024-10-27 00:16:16
1833330411,Sabrina Ionescu,Mariacricket,false,2,enwiki,2024-10-27 00:16:25
1833330507,List of Nobel laureates in Physiology or Medicine,JJMC89 bot,true,-45,enwiki,2024-10-27 00:16:38
1833330619,Template:Kansas City Chiefs roster navbox,Jrooster49,false,1,enwiki,2024-10-27 00:17:03
357990500,Marsha Hunt (Sängerin),Igallards7,false,68,dewiki,2024-10-27 00:17:12
1833330600,Rachel Khong,Phibeatrice,false,4,enwiki,2024-10-27 00:16:59
1833330610,Fetal surgery,Happy-marmotte,false,4,enwiki,2024-10-27 00:17:00
1833330614,Konrad Jörgens,Simeon,false,14,enwiki,2024-10-27 00:17:02
357990502,Dada Life,Dentalum,false,270,dewiki,2024-10-27 00:17:14
1833330708,Hon Chan,Fulserish,false,-53,enwiki,2024-10-27 00:17:14
1833330912,Wikipedia:Administrators' noticeboard/Incidents,Valereee,false,162,enwiki,2024-10-27 00:17:26
1833331213,Category:Denver Nuggets (1948–1950) players,JJMC89 bot III,true,0,enwiki,2024-10-27 00:18:17
1833331300,Perophora listeri,Trilletrollet,false,18,enwiki,2024-10-27 00:18:27
1833331519,2024–25 Swiss Super League,Oberyn42,false,0,enwiki,2024-10-27 00:18:51
1833331606,"Chataignier, Louisiana",Magnolia677,false,-3,enwiki,2024-10-27 00:19:05
1833331712,"National University, Bangladesh",Cfls,false,10,enwiki,2024-10-27 00:19:18
1833331817,Team Homer,Pallettown,false,56,enwiki,2024-10-27 00:19:28
1833330716,Interstate 99,FULBERT,false,-147,enwiki,2024-10-27 00:17:11
357990510,Gubler,Wieralee,false,5,dewiki,2024-10-27 00:17:32
1833330900,The Voice UK,Wikisteveb4,false,5,enwiki,2024-10-27 00:17:34
1833330914,Template:Atlanta Falcons roster navbox,Jrooster49,false,25,enwiki,2024-10-27 00:17:39
357990516,Stjepan Kukuruzović,Hättensiesgewusst,false,-50,dewiki,2024-10-27 00:17:43
1833331218,Template talk:Body roundness index,Uwappa,false,17,enwiki,2024-10-27 00:18:15
1833331302,Polish Ombudsman,Monkbot,true,1,enwiki,2024-10-27 00:18:26
1833331418,Kho Kho World Cup,Kumarpramit,false,-10,enwiki,2024-10-27 00:18:40
1833331501,Derby du Nord,SaintCeleste,false,2,enwiki,2024-10-27 00:18:49
1833331607,Idakwo,Emmanuella643,false,35,enwiki,2024-10-27 00:19:05
1833331718,Ana Salas Lozano,Wolbo,false,-7,enwiki,2024-10-27 00:19:20
1833331818,User talk:NEDOCHAN,NEDOCHAN,false,169,enwiki,2024-10-27 00:19:29
1833330718,Rumpelstiltskin (1995 film),2600:1014:B128:C910:491:1FF8:B7A7:5859,false,11,enwiki,2024-10-27 00:17:14
1833330913,Category:18th century in Shanghai,Liz,false,25,enwiki,2024-10-27 00:17:39
1833331010,Category:Provincial parks in Canada by province or territory,Wikihistorian,false,-9,enwiki,2024-10-27 00:17:52
1833331108,List of current NCAA Division I FBS football coaches,Bbrian13,false,0,enwiki,2024-10-27 00:18:00
1833331308,Helen Clay Frick,Idoghor Melody,false,-234,enwiki,2024-10-27 00:18:28
1833331506,Category:Oklahoma City Thunder players,JJMC89 bot III,true,0,enwiki,2024-10-27 00:18:51
1833331608,Vienna State Opera,2806:107E:22:48F9:A45A:9CCB:8860:DCC4,false,3,enwiki,2024-10-27 00:19:04
1833330802,Leuke Kome,Monkbot,true,3,enwiki,2024-10-27 00:17:24
357990511,Nancy Astor,Igallards7,false,68,dewiki,2024-10-27 00:17:32
1833330901,Rachel Khong,Phibeatrice,false,-4,enwiki,2024-10-27 00:17:37
1833331011,Royal Antediluvian Order of Buffaloes,2001:8003:1495:4E01:34D6:1E7F:3653:65C5,false,30,enwiki,2024-10-27 00:17:48
1833331113,User:Liz/CSD log,Liz,false,149,enwiki,2024-10-27 00:17:42
1833331309,Idakwo,Emmanuella643,false,129,enwiki,2024-10-27 00:18:29
1833331507,The Saragossa Manuscript (film),Monkbot,true,1,enwiki,2024-10-27 00:18:50
1833331610,Draft:Lyudi Invalidy,Tatufan104220,false,-33,enwiki,2024-10-27 00:19:05
1833331703,Hippocrates of Gela,Monkbot,true,1,enwiki,2024-10-27 00:19:18
1833330804,Rauna,Marcocapelle,false,-10,enwiki,2024-10-27 00:17:23
357990512,Diskussion:Ilko-Sascha Kowalczuk,Escla,false,1,dewiki,2024-10-27 00:17:33
1833330902,Eileen Rose (artist),JJMC89 bot III,true,1,enwiki,2024-10-27 00:17:38
357990517,Jewhenija Kusnezowa,Cphweise,false,45,dewiki,2024-10-27 00:17:48
1833331012,Harcourt Butler Technical University,Burhan.nameer,false,23,enwiki,2024-10-27 00:17:50
1833331114,Freddie Freeman,Valjean,false,47,enwiki,2024-10-27 00:18:01
1833331316,Category:Indiana Pacers players,JJMC89 bot III,true,0,enwiki,2024-10-27 00:18:29
1833331510,Wikipedia:Redirects for discussion/Log/2024 October 26,Utopes,false,1464,enwiki,2024-10-27 00:18:48
1833331612,User:AlexNewArtBot/MineralogySearchResult,InceptionBot,true,-419,enwiki,2024-10-27 00:19:06
1833330808,Windah Basudara,Knitsey,false,139,enwiki,2024-10-27 00:17:23
1833330904,Computer Aided Verification,Diannaa,false,-147,enwiki,2024-10-27 00:17:38
357990518,Tuturema (Ort),J. Patrick Fischer,false,-47,dewiki,2024-10-27 00:17:48
1833331017,Category:NBA players by team,JJMC89 bot III,true,-350,enwiki,2024-10-27 00:17:53
1833331116,Category:Charlotte Hornets players,JJMC89 bot III,true,0,enwiki,2024-10-27 00:18:05
1833331319,Two Dozen and One Greyhounds,Pallettown,false,56,enwiki,2024-10-27 00:18:29
1833331509,Wikipedia:WikiProject Plants/Stub to Start drive,Eewilson,false,-8,enwiki,2024-10-27 00:18:51
1833331615,User:InceptionBot/NewPageSearch/Mineralogy/log,InceptionBot,true,-980,enwiki,2024-10-27 00:19:06
1833331706,Zhang Shan,SmartyPants22,false,116,enwiki,2024-10-27 00:19:17
1833331806,Oduduwa,Hydranova,false,83,enwiki,2024-10-27 00:19:26
1833330809,"Template:Eastern Busway, Auckland",203.94.47.23,false,-8,enwiki,2024-10-27 00:17:25
1833330905,Czech Airlines,Trulyy,false,14,enwiki,2024-10-27 00:17:35
357990519,Planaltina (Goiás),Mewa767,false,-8,dewiki,2024-10-27 00:17:49
1833331018,Kanaloa,2603:800C:2500:3F:89C6:8FD:AD5D:2E26,false,-976,enwiki,2024-10-27 00:17:53
1833331405,Disease (Lady Gaga song),Medxvo,false,12,enwiki,2024-10-27 00:18:38
1833331513,Tayside derby,95.151.120.137,false,5,enwiki,2024-10-27 00:18:50
1833331617,Draft:International Association of Drilling Contractors (IADC),Killarnee,false,163,enwiki,2024-10-27 00:19:05
1833331708,Category:Utah Jazz players,JJMC89 bot III,true,0,enwiki,2024-10-27 00:19:19
1833331808,Anand Dighe,42.111.110.1,false,19,enwiki,2024-10-27 00:19:27
357990507,Wikipedia:Auskunft,Rotkaeppchen68,false,311,dewiki,2024-10-27 00:17:23
1833330907,Vaya Space,Idoghor Melody,false,12,enwiki,2024-10-27 00:17:39
1833331409,Pierre Schwinte,AlfiePalmer,false,451,enwiki,2024-10-27 00:18:40
1833331516,"E. Stewart Jones, Jr.",Idoghor Melody,false,38,enwiki,2024-10-27 00:18:52
1833331809,Category talk:Mathematical physicists,Simeon,false,26,enwiki,2024-10-27 00:19:27
1833330814,Heterodox economics,Ronulitsky,false,-92,enwiki,2024-10-27 00:17:20
1833330909,Draft:Every Girl (EP),BlondArkhangel,false,-4,enwiki,2024-10-27 00:17:39
1833331019,Kowary,Monkbot,true,1,enwiki,2024-10-27 00:17:50
1833331416,Vasilios Pelkas,Monkbot,true,1,enwiki,2024-10-27 00:18:40
1833331517,Khaemtir,97.116.160.235,false,-4,enwiki,2024-10-27 00:18:53
1833331709,1968 United States presidential election in Texas,Jon698,false,28,enwiki,2024-10-27 00:19:03
1833331810,Strambino Town Hall,Idoghor Melody,false,21,enwiki,2024-10-27 00:19:27
357990503,Sabarakalara,J. Patrick Fischer,false,-46,dewiki,2024-10-27 00:17:18
1833330906,"Brusque, Aveyron",Monkbot,true,1,enwiki,2024-10-27 00:17:36
1833331201,Majid Jafar,Gorebath,false,17,enwiki,2024-10-27 00:18:14
1833331605,Category:Sacramento Kings players,JJMC89 bot III,true,0,enwiki,2024-10-27 00:19:05
1833331710,Geography of Poland,Monkbot,true,5,enwiki,2024-10-27 00:19:14
1833331819,Category:Umbriel,JJMC89 bot III,true,-338,enwiki,2024-10-27 00:19:29
1833331905,The Voice UK series 13,Wikisteveb4,false,-1,enwiki,2024-10-27 00:19:39
1833332011,Saint-Pierre-de-Colombier,Monkbot,true,1,enwiki,2024-10-27 00:19:58
1833332110,2024–25 NCAA football bowl games,Tom Danson,false,-177,enwiki,2024-10-27 00:20:16
1833332215,Wikipedia:Sockpuppet investigations/SPI/Cases,Mz7 (bot),true,0,enwiki,2024-10-27 00:20:33
1833332307,University of Dublin,DocWatson42,false,9,enwiki,2024-10-27 00:20:47
1833332402,Clement Attlee,146.199.140.26,false,31,enwiki,2024-10-27 00:20:59
1833332603,User:Abnorwiki/sandbox,Abnorwiki,false,1,enwiki,2024-10-27 00:21:44
1833332706,Wikipedia:Set index articles,Fgnievinski,false,146,enwiki,2024-10-27 00:22:02
1833332014,2024 in Brazilian football,186.29.35.253,false,15,enwiki,2024-10-27 00:19:55
1833332109,Saint-Pé-Delbosc,Monkbot,true,1,enwiki,2024-10-27 00:20:15
1833332218,User talk:JL-Bot,JLaTondre,false,331,enwiki,2024-10-27 00:20:33
1833332309,User talk:Digitalaudioworkstation,Liz,false,1161,enwiki,2024-10-27 00:20:49
1833332405,Religion in Tunisia,5.67.99.130,false,67,enwiki,2024-10-27 00:21:06
1833332504,Tayside derby,2A00:23C6:58D:E401:D55B:17FB:C773:855F,false,16,enwiki,2024-10-27 00:21:26
1833332604,"Talk:Aurora, Colorado",Startrain844,false,123,enwiki,2024-10-27 00:21:44
1833332712,"Novogeorgiyevka, Ishimbaysky District, Republic of Bashkortostan",Monkbot,true,1,enwiki,2024-10-27 00:22:03
1833331908,Mycobacteroides abscessus,AzseicsoK,false,-51,enwiki,2024-10-27 00:19:39
1833332015,One Hundredth Amendment of the Constitution of India,Mccapra,false,33,enwiki,2024-10-27 00:20:00
1833332308,Mycolicibacillus,AzseicsoK,false,3,enwiki,2024-10-27 00:20:50
1833332407,Hang Tuah,Ckfasdf,false,-97,enwiki,2024-10-27 00:21:06
357990619,Rob Delaney,Igallards7,false,68,dewiki,2024-10-27 00:21:12
1833332509,"Ludwig II, King of Bavaria",Monkbot,true,1,enwiki,2024-10-27 00:21:27
1833332606,Luxembourg national rugby union team,Thetruemoreno,false,196,enwiki,2024-10-27 00:21:41
1833332716,User:TheJarlXIV,TheJarlXIV,false,91,enwiki,2024-10-27 00:22:05
1833331909,User talk:TinaLees-Jones,Liz,false,1217,enwiki,2024-10-27 00:19:40
1833332018,Toyota Sienta,Stepho-wrs,false,0,enwiki,2024-10-27 00:19:59
1833332111,User talk:Fayenatic london,Magnolia677,false,208,enwiki,2024-10-27 00:20:16
1833332201,User:InceptionBot/NewPageSearch/Missouri/log,InceptionBot,true,-983,enwiki,2024-10-27 00:20:31
1833332310,The Uprising: Wives on Strike 3,B.Korlah,false,578,enwiki,2024-10-27 00:20:50
1833332409,Wikipedia:Featured article candidates/Socompa/archive1,Hog Farm,false,1588,enwiki,2024-10-27 00:21:09
1833332507,History of Scotland,ThoughtIdRetired,false,224,enwiki,2024-10-27 00:21:22
1833332615,Wikipedia:WikiProject Women/Members,Yue,false,11,enwiki,2024-10-27 00:21:46
1833332718,Billy Hartung (footballer),Aspirex,false,362,enwiki,2024-10-27 00:22:04
1833331910,"Vayres, Gironde",Monkbot,true,1,enwiki,2024-10-27 00:19:38
1833332118,Draft:Pioneer Farms,Memer15151,false,278,enwiki,2024-10-27 00:20:19
1833332202,User:AlexNewArtBot/MissouriSearchResult,InceptionBot,true,1590,enwiki,2024-10-27 00:20:30
357990611,Benutzer:Fraxinus2/準備中 1,Fraxinus2,false,148,dewiki,2024-10-27 00:20:58
357990615,Juden in der AfD,Serafschan,false,37,dewiki,2024-10-27 00:21:00
1833332410,Marcin of Wrocimowice,Monkbot,true,1,enwiki,2024-10-27 00:21:08
1833332512,Wikipedia talk:WikiProject Physics,Utopes,false,326,enwiki,2024-10-27 00:21:28
1833332616,Cēsis Castle,Marcocapelle,false,-21,enwiki,2024-10-27 00:21:45
1833331917,Hellbound (TV series),Windborne Rider,false,1180,enwiki,2024-10-27 00:19:38
1833332203,Treehouse of Horror VIII,Pallettown,false,56,enwiki,2024-10-27 00:20:30
1833332300,Sigizmund Krzhizhanovsky,Monkbot,true,1,enwiki,2024-10-27 00:20:47
1833332411,2025 Kho Kho World Cup,Kumarpramit,false,43,enwiki,2024-10-27 00:21:08
1833332519,Beyond Blunderdome,Pallettown,false,56,enwiki,2024-10-27 00:21:29
1833332618,Radkov (Opava District),Monkbot,true,1,enwiki,2024-10-27 00:21:45
1833331918,Mobtown Ballroom,Sdkb,false,33,enwiki,2024-10-27 00:19:42
1833332205,User:MarkYay/TWA/Earth,MarkYay,false,6,enwiki,2024-10-27 00:20:32
1833332415,Doom engine,Citation bot,true,22,enwiki,2024-10-27 00:21:07
1833332619,David Wijnkoop,IvanScrooge98,false,15,enwiki,2024-10-27 00:21:45
1833332006,Colombo crime family,Vic49,false,497,enwiki,2024-10-27 00:19:53
1833332208,Max Planck Institute for Multidisciplinary Sciences,Monkbot,true,1,enwiki,2024-10-27 00:20:31
1833332303,Alexander Kolchak,Romanov loyalist,false,60,enwiki,2024-10-27 00:20:46
357990618,Senador Canedo,Mewa767,false,-8,dewiki,2024-10-27 00:21:10
1833332005,User talk:Zefr,84.174.131.112,false,748,enwiki,2024-10-27 00:20:00
1833332104,Template:Giorgia Meloni,AviationEnzo,false,84,enwiki,2024-10-27 00:20:17
1833332210,Talli Osborne,2001:9E8:13AE:4600:A073:83E:7237:625E,false,-1,enwiki,2024-10-27 00:20:32
1833332304,Representation of the People (Scotland) Act 1868,Hughbe98,false,33,enwiki,2024-10-27 00:20:47
1833332700,List of Amalgam Comics characters,2600:1702:5609:5C00:9D69:9A11:790C:1B1C,false,2,enwiki,2024-10-27 00:22:01
1833332107,Olmos (Tashkent Metro),Ymblanter,false,119,enwiki,2024-10-27 00:20:17
1833332211,Vienna State Opera,Plandu,false,-3,enwiki,2024-10-27 00:20:29
1833332305,Ruth E. Nemzoff,GuardianH,false,14,enwiki,2024-10-27 00:20:48
357990610,Pawel Konstantinowitsch Mamajew,08Linus,false,664,dewiki,2024-10-27 00:20:56
1833332400,Category talk:Government ministers of Panama,Simeon,false,30,enwiki,2024-10-27 00:21:08
1833332502,The Voice UK series 13,Wikisteveb4,false,160,enwiki,2024-10-27 00:21:26
1833332602,Vladimir Voronin,82.79.237.9,false,5,enwiki,2024-10-27 00:21:41
1833332702,Pelagius,130.43.185.206,false,16,enwiki,2024-10-27 00:22:02
1833333018,User talk:2601:80:C580:AB00:F523:2663:DC70:4BD2,Jlwoodwa,false,1062,enwiki,2024-10-27 00:22:48
1833333207,User talk:95.151.120.137,Joyous!,false,1023,enwiki,2024-10-27 00:23:21
1833333304,Dolní Bojanovice,Monkbot,true,1,enwiki,2024-10-27 00:23:36
1833333418,Kim Ju-ae,ChristieBot,true,17,enwiki,2024-10-27 00:23:57
1833333512,AMC Theatres,2804:18:112D:73D8:1802:F85:4124:4AFB,false,0,enwiki,2024-10-27 00:24:12
1833333019,Gabby's Dollhouse: The Movie,116.240.45.244,false,4,enwiki,2024-10-27 00:22:47
1833333209,John Zerzan,109.79.30.209,false,4954,enwiki,2024-10-27 00:23:19
1833333306,User:AlexNewArtBot/MountainsSearchResult,InceptionBot,true,2381,enwiki,2024-10-27 00:23:37
1833333419,Kashalakbash,Monkbot,true,2,enwiki,2024-10-27 00:23:58
1833333515,Jorge Guzmán (footballer),Citation bot,true,-8,enwiki,2024-10-27 00:24:17
1833333211,Talk:Helena Blavatsky,Horse Eye's Back,false,297,enwiki,2024-10-27 00:23:20
1833333308,Jean-Marie David,Lepricavark,false,-14,enwiki,2024-10-27 00:23:39
1833333519,"Montoulieu, Hérault",Monkbot,true,1,enwiki,2024-10-27 00:24:16
1833332800,James M. Swift (lawyer),2601:249:9301:D570:1DFB:5F3B:1012:72AB,false,259,enwiki,2024-10-27 00:22:16
1833333212,Draft:Every Girl (EP),BlondArkhangel,false,-3,enwiki,2024-10-27 00:23:21
1833333317,Darko Lazović,AzErDerok,false,0,enwiki,2024-10-27 00:23:40
357990714,Bill Maher,Stauffen,false,-42,dewiki,2024-10-27 00:23:45
1833333110,Craig Wedren,Edward Bednar,false,-1,enwiki,2024-10-27 00:23:01
1833333218,Kalanga people,168.167.247.1,false,68,enwiki,2024-10-27 00:23:21
357990709,Mutesarriflik Libanonberg,Jossiphon,false,0,dewiki,2024-10-27 00:23:36
1833333319,Rasta views on race,Idoghor Melody,false,-4,enwiki,2024-10-27 00:23:38
1833332809,Rajpurohit,Rasteem,false,-12946,enwiki,2024-10-27 00:22:16
1833333006,Talk:A Shriek in the Night,82.5.173.195,false,325,enwiki,2024-10-27 00:22:45
1833333113,Shavkat Rakhmonov,156.193.51.43,false,374,enwiki,2024-10-27 00:23:00
1833333401,Pavlos Mitropoulos,Monkbot,true,1,enwiki,2024-10-27 00:23:55
1833332812,Dodge Challenger (2008),Plandu,false,-26,enwiki,2024-10-27 00:22:13
1833332900,Dulles International Airport,70.110.16.65,false,84,enwiki,2024-10-27 00:22:21
1833333009,1017 AM,Idoghor Melody,false,7,enwiki,2024-10-27 00:22:45
1833333114,Falga,Monkbot,true,1,enwiki,2024-10-27 00:23:01
357990704,Wikipedia:Review/Review des Tages/Montag,Doc Taxon,false,-242,dewiki,2024-10-27 00:23:22
357990708,Reichsreform (Heiliges Römisches Reich),Dieringer63,false,-8,dewiki,2024-10-27 00:23:32
357990710,Stephen Dwoskin,Igallards7,false,68,dewiki,2024-10-27 00:23:36
1833333407,Anita Loos,Openmy,false,3,enwiki,2024-10-27 00:23:55
1833333506,Hotel California,Borkf,false,0,enwiki,2024-10-27 00:24:11
1833332912,List of works dubbed into Indigenous languages,209.213.47.16,false,7,enwiki,2024-10-27 00:22:26
1833333010,Sulejów Abbey,Monkbot,true,1,enwiki,2024-10-27 00:22:45
1833333116,Operation Krivaja,Idoghor Melody,false,-9,enwiki,2024-10-27 00:23:04
357990705,Nekrolog Oktober 2024,2003:E5:1731:AAEF:454D:FBF2:3C59:6732,false,181,dewiki,2024-10-27 00:23:26
1833333414,Conservation-induced extinction,Neutral0814,false,36,enwiki,2024-10-27 00:23:57
1833333508,Marshall J. Beverley,Edward Bednar,false,2,enwiki,2024-10-27 00:24:15
1833332919,Lazar Samardžić,AzErDerok,false,0,enwiki,2024-10-27 00:22:26
1833333013,"Rishton, Uzbekistan",RJFJR,false,19,enwiki,2024-10-27 00:22:46
1833333117,Draft:Lyudi Invalidy,Tatufan104220,false,37,enwiki,2024-10-27 00:23:06
357990702,Dermatitis,Uwe Gille,false,-4,dewiki,2024-10-27 00:23:20
357990706,Cigarettes After Sex,YGO24895,false,32,dewiki,2024-10-27 00:23:27
1833333300,User:InceptionBot/NewPageSearch/Mountains/log,InceptionBot,true,2584,enwiki,2024-10-27 00:23:38
357990713,Union Investment,Neudabei,false,-146,dewiki,2024-10-27 00:23:45
1833333415,Oh Ye-jin,SmartyPants22,false,48,enwiki,2024-10-27 00:23:57
1833333509,Wangarĩ Maathai,Dstfyghjk,false,-13570,enwiki,2024-10-27 00:24:13
1833332819,Iowa Hawkeyes football statistical leaders,Mooreux,false,11,enwiki,2024-10-27 00:22:17
1833333014,First Islamic state,Sira Aspera,false,-52,enwiki,2024-10-27 00:22:46
357990700,Stanley Kubrick,Igallards7,false,68,dewiki,2024-10-27 00:23:15
1833333205,TREX2,Zhandragon,false,1896,enwiki,2024-10-27 00:23:19
357990707,Franz von Taxis,Dieringer63,false,24,dewiki,2024-10-27 00:23:28
1833333303,Marshall J. Beverley,Edward Bednar,false,2,enwiki,2024-10-27 00:23:38
357990715,Vorlage:Positionskarte Dione,Antonsusi,false,7,dewiki,2024-10-27 00:23:49
1833333416,Dodge Challenger (2008),Daddyofbrain,false,28,enwiki,2024-10-27 00:23:55
1833333510,Jacuzzi,37.162.243.91,false,19,enwiki,2024-10-27 00:24:15
1833333604,Clarence A. Barnes,2601:249:9301:D570:1DFB:5F3B:1012:72AB,false,-2,enwiki,2024-10-27 00:24:34
1833333712,Jiang Ranxin,SmartyPants22,false,76,enwiki,2024-10-27 00:24:53
1833333809,Tayside derby,Joyous!,false,-12,enwiki,2024-10-27 00:25:11
1833334006,Edward Brooke,2601:249:9301:D570:1DFB:5F3B:1012:72AB,false,-1,enwiki,2024-10-27 00:25:41
1833334114,User:AlexNewArtBot/NaziGermanySearchResult,InceptionBot,true,796,enwiki,2024-10-27 00:25:58
1833333607,Timeline of the BBC,2A01:4B00:D016:8600:A409:3426:C17:C2A2,false,6,enwiki,2024-10-27 00:24:33
1833333713,Jean-Marie Stephanopoli,Lepricavark,false,12,enwiki,2024-10-27 00:24:54
1833333810,2024–25 Puskás Akadémia FC season,Cakesam,false,284,enwiki,2024-10-27 00:25:00
1833334007,Wikipedia:WikiProject Women in Green/Meetup/7,Yue,false,349,enwiki,2024-10-27 00:25:43
1833334115,Experiments on Plant Hybridization,Monkbot,true,1,enwiki,2024-10-27 00:25:58
1833333714,Polish Press Agency,Monkbot,true,1,enwiki,2024-10-27 00:24:53
1833333812,Michael Lowry (rugby union),Nicknack009,false,0,enwiki,2024-10-27 00:25:13
1833334117,Promptuarium Iconum Insigniorum,BorgQueen,false,109,enwiki,2024-10-27 00:25:58
1833333608,Nevarėnai,Monkbot,true,1,enwiki,2024-10-27 00:24:35
1833333715,User:AlexNewArtBot/MusicSearchResult,InceptionBot,true,-165,enwiki,2024-10-27 00:24:47
1833333902,David Crisafulli,211.30.41.97,false,24,enwiki,2024-10-27 00:25:26
1833334010,User talk:2A00:23C8:6CAF:F301:9C8:FB25:B4A4:6EF4,Joyous!,false,1023,enwiki,2024-10-27 00:25:44
1833334118,Elliot Richardson,2601:249:9301:D570:1DFB:5F3B:1012:72AB,false,-1,enwiki,2024-10-27 00:25:56
1833333610,Crazy (disambiguation),ClueBot NG,false,489,enwiki,2024-10-27 00:24:36
1833333716,University of Canterbury Faculty of Law,MitchellMatchbox,false,-1,enwiki,2024-10-27 00:24:54
1833333813,John W. Reynolds (Oregon attorney),Idoghor Melody,false,-1,enwiki,2024-10-27 00:25:14
1833333900,Buenos Aires Rojo Sangre,Idoghor Melody,false,0,enwiki,2024-10-27 00:25:29
1833334017,User talk:Daddyofbrain,Daddyofbrain,false,146,enwiki,2024-10-27 00:25:45
1833334100,Gesture,Mugen888,false,-28,enwiki,2024-10-27 00:25:54
1833333613,Harcourt Butler Technical University,Burhan.nameer,false,76,enwiki,2024-10-27 00:24:34
1833333814,2003–04 Inter Milan season,164.160.139.16,false,-2,enwiki,2024-10-27 00:25:07
1833333906,Your Girl,Heartfox,false,-395,enwiki,2024-10-27 00:25:29
1833334019,Talk:McDonald's,Graywalls,false,144,enwiki,2024-10-27 00:25:40
1833334106,Néronde-sur-Dore,Monkbot,true,1,enwiki,2024-10-27 00:25:54
1833334202,Aladi (Name),Emmanuella643,false,79,enwiki,2024-10-27 00:26:14
1833333614,Duchy of Courland and Semigallia,Marcocapelle,false,2,enwiki,2024-10-27 00:24:33
1833333815,Draft:Genocide Mountain Tatars,Enver Ottoman,false,5353,enwiki,2024-10-27 00:25:15
1833333909,11th Engineer Regiment (Italy),Noclador,false,543,enwiki,2024-10-27 00:25:29
1833334109,Rubble & Crew,DDD71,false,-1,enwiki,2024-10-27 00:25:54
1833334204,Russian Partition,Marcocapelle,false,2,enwiki,2024-10-27 00:26:12
1833333612,Emperor of Japan,186.78.161.130,false,0,enwiki,2024-10-27 00:24:32
1833333701,Wikipedia talk:WikiProject Opera,Ssilvers,false,207,enwiki,2024-10-27 00:24:50
1833333817,User:Reports bot/WikiProjectCards,SDZeroBot,true,0,enwiki,2024-10-27 00:25:10
1833333910,Philippine Sea plate,Dicklyon,false,0,enwiki,2024-10-27 00:25:30
1833334110,Talk:Wikipedia and antisemitism,AndyTheGrump,false,3,enwiki,2024-10-27 00:25:57
1833334205,2024–25 Premier League of Bosnia and Herzegovina,Bakir123,false,5,enwiki,2024-10-27 00:26:13
1833333617,Leary v. United States,Fluffy89502,false,-28,enwiki,2024-10-27 00:24:36
1833333704,Washington D.C. Temple,ChristensenMJ,false,-198,enwiki,2024-10-27 00:24:51
1833333816,George Fingold,2601:249:9301:D570:1DFB:5F3B:1012:72AB,false,-1,enwiki,2024-10-27 00:25:15
1833333913,Principality of Jersika,Marcocapelle,false,2,enwiki,2024-10-27 00:25:29
1833334004,Trenton Gill,Jrooster49,false,299,enwiki,2024-10-27 00:25:43
1833334113,User:InceptionBot/NewPageSearch/NaziGermany/log,InceptionBot,true,-1617,enwiki,2024-10-27 00:25:58
1833334217,User:TNTBot/abusefilter-conditions,TNTBot,true,0,enwiki,2024-10-27 00:26:17
1833333602,Jean-Marie Elie,Lepricavark,false,0,enwiki,2024-10-27 00:24:33
1833333706,Pierre Schwinte,AlfiePalmer,false,278,enwiki,2024-10-27 00:24:53
1833333806,Treasure Island (1988 film),Monkbot,true,4,enwiki,2024-10-27 00:25:11
1833333917,Mansur Khan's campaign against the Kazakh Khanate,Mccapra,false,37,enwiki,2024-10-27 00:25:31
1833334003,Stelios Papathemelis,Monkbot,true,1,enwiki,2024-10-27 00:25:42
1833334112,Magnus Björnstjerna,Apollo468,false,2439,enwiki,2024-10-27 00:25:57
1833334219,Bas-Mauco,Monkbot,true,1,enwiki,2024-10-27 00:26:15
1833334303,Barry Manilow (1989 album),2601:203:4300:A8D0:A8A2:8786:C6B9:CAC6,false,554,enwiki,2024-10-27 00:26:35
1833334406,Talk:Helena Blavatsky,Martinevans123,false,305,enwiki,2024-10-27 00:26:54
357990807,Tony Dorsey,Igallards7,false,68,dewiki,2024-10-27 00:27:05
1833334508,1899–1900 Staffordshire Senior Cup,Nfitz,false,241,enwiki,2024-10-27 00:27:17
1833334819,Wikipedia:Featured pictures,Armbrust,false,79,enwiki,2024-10-27 00:28:03
1833334304,User:Microplastic Consumer/Kwame Heshimu,Microplastic Consumer,false,3148,enwiki,2024-10-27 00:26:37
1833334409,Geronthres,Monkbot,true,1,enwiki,2024-10-27 00:26:55
357990814,Margarete von Lothringen (Herzogin von Orléans),Palastwache,false,4,dewiki,2024-10-27 00:27:19
357990817,Tosin Cole,Igallards7,false,68,dewiki,2024-10-27 00:27:25
1833334704,BRICS,Un1v3r54l 7ru7h,false,-83,enwiki,2024-10-27 00:27:37
1833334307,José Santiago Hernández,Citation bot,true,22,enwiki,2024-10-27 00:26:37
357990802,St. Emmeram (Unterschneitbach),Warburg1866,false,7,dewiki,2024-10-27 00:26:58
357990811,Elektrowerke,Adl252,false,4465,dewiki,2024-10-27 00:27:11
1833334510,Wikipedia:Reference desk/Miscellaneous,Baseball Bugs,false,372,enwiki,2024-10-27 00:27:18
1833334705,David Crisafulli,86.144.127.188,false,-24,enwiki,2024-10-27 00:27:43
1833334804,PKS 0208-512,Idoghor Melody,false,2,enwiki,2024-10-27 00:27:58
1833334306,Nikolaos Savvidis,Monkbot,true,1,enwiki,2024-10-27 00:26:37
1833334414,Rimé movement,Buddhisteffort,false,-22,enwiki,2024-10-27 00:26:56
357990815,American-Football-Europameisterschaft 2025,213.47.181.89,false,5,dewiki,2024-10-27 00:27:17
357990816,Tomoko Tamura,Asakura Akira,false,739,dewiki,2024-10-27 00:27:23
1833334711,Algerian People's National Army,88.182.219.100,false,-10,enwiki,2024-10-27 00:27:43
1833334805,Wikipedia:Administrators' noticeboard/Incidents,Thryduulf,false,348,enwiki,2024-10-27 00:27:47
1833334309,"Museum of Modern Art, Warsaw",79.185.13.102,false,4828,enwiki,2024-10-27 00:26:35
357990803,Giovanna Hoffmann,Ennimate,false,136,dewiki,2024-10-27 00:26:58
1833334511,Jeff Baker,JDDJS,false,-196,enwiki,2024-10-27 00:27:18
1833334719,Kreon,Fiction Fanatic III,false,-4714,enwiki,2024-10-27 00:27:46
1833334806,Ferid Murad,GuardianH,false,1,enwiki,2024-10-27 00:27:55
1833334308,Rajpurohit,Rasteem,false,-35,enwiki,2024-10-27 00:26:38
1833334415,History of the Bahamas,Retro,false,0,enwiki,2024-10-27 00:26:57
1833334502,User:Aquadrawn2010,Aquadrawn2010,false,0,enwiki,2024-10-27 00:27:15
1833334514,Staryye Balykly,Monkbot,true,2,enwiki,2024-10-27 00:27:18
1833334600,Ciboney,Idoghor Melody,false,-4,enwiki,2024-10-27 00:27:31
1833334808,David Crisafulli,211.30.41.97,false,24,enwiki,2024-10-27 00:27:58
1833334312,Coleslaw,IvanScrooge98,false,4,enwiki,2024-10-27 00:26:37
357990812,Jarkon-Afek-Nationalpark,Dabefewulu,false,2,dewiki,2024-10-27 00:27:15
1833334515,Amazing Race Suomi season 2,Marcecarjordan,false,6,enwiki,2024-10-27 00:27:17
1833334604,User:Gasmasque/sandbox2,Gasmasque,false,-155,enwiki,2024-10-27 00:27:31
1833334812,David Chalmers,Alenoach,false,57,enwiki,2024-10-27 00:27:59
1833334313,Wikipedia:Redirects for discussion/Log/2024 October 26,Shhhnotsoloud,false,167,enwiki,2024-10-27 00:26:35
357990800,Padre Bernardo,Mewa767,false,-8,dewiki,2024-10-27 00:26:52
1833334419,Jimmy Carter,Rexxx7777,false,45,enwiki,2024-10-27 00:26:45
357990813,Friedhof Rüppurr,Wortwanderer,false,-151,dewiki,2024-10-27 00:27:16
1833334516,The Pilgrims (band),2601:185:8300:CB80:2D09:AD5:C927:EC9C,false,32,enwiki,2024-10-27 00:27:18
1833334614,Kvitok,Monkbot,true,1,enwiki,2024-10-27 00:27:32
1833334815,Lin-Manuel Miranda,116.240.45.244,false,-4,enwiki,2024-10-27 00:27:57
1833334315,Quiara Alegría Hudes,116.240.45.244,false,68,enwiki,2024-10-27 00:26:38
1833334403,Ozziel Herrera,Citation bot,true,32,enwiki,2024-10-27 00:26:54
357990804,Schatzsuche,Brettchenweber,false,-5,dewiki,2024-10-27 00:27:00
357990810,Dis wo ich herkomm,YGO24895,false,-403,dewiki,2024-10-27 00:27:10
1833334505,Bill Weld,2601:249:9301:D570:1DFB:5F3B:1012:72AB,false,0,enwiki,2024-10-27 00:27:12
1833334517,Ferid Murad,GuardianH,false,36,enwiki,2024-10-27 00:27:18
1833334616,Talk:Mei Yamaguchi (tennis),Wizardman,false,121,enwiki,2024-10-27 00:27:34
1833334816,Template:Announcements/New featured content,Armbrust,false,73,enwiki,2024-10-27 00:28:04
1833334300,User:WilliamF1two/MPs,WilliamF1two,false,1109,enwiki,2024-10-27 00:26:25
1833334404,Marko Nikolić (football manager),AzErDerok,false,0,enwiki,2024-10-27 00:26:53
357990805,AEK Athen,Seeler09,false,-5,dewiki,2024-10-27 00:26:59
1833334506,Gagnières,Monkbot,true,1,enwiki,2024-10-27 00:27:14
1833334518,NK Maribor,Snowflake91,false,2,enwiki,2024-10-27 00:27:15
1833334618,Niilo Moilanen,Idoghor Melody,false,-7,enwiki,2024-10-27 00:27:34
1833334703,Hong Kong Disciplined Services,Cfls,false,7,enwiki,2024-10-27 00:27:47
1833334818,Wikipedia:Featured picture candidates/Austin J. Tobin Plaza overhead,Armbrust,false,601,enwiki,2024-10-27 00:28:03
