1833617106,Talk:Kate Clark (flautist),Cewbot,true,-8,enwiki,2024-10-27 17:12:13
1833617214,"Kefalovryso, Ioannina",Juggertrout,false,321,enwiki,2024-10-27 17:12:35
1833617304,2024 Brazzaville Challenger – Singles,Adamtt9,false,92,enwiki,2024-10-27 17:12:54
1833617319,Mardi Gras Indians,Hoodoowoman,false,0,enwiki,2024-10-27 17:12:55
1833617405,Wikipedia:Articles for creation/recent,Memer15151,false,16,enwiki,2024-10-27 17:13:14
1833617509,M*A*S*H season 7,Moe1810,false,0,enwiki,2024-10-27 17:13:32
358018010,Drei Schwestern (Drama),Invisigoth67,false,-1,dewiki,2024-10-27 17:13:41
1833617605,Blažim (Plzeň-North District),Monkbot,true,1,enwiki,2024-10-27 17:13:50
1833617617,Draft:Pietas,Pincermitosis,false,742,enwiki,2024-10-27 17:13:55
1833617216,Talk:María Esther Duffau,Cewbot,true,19,enwiki,2024-10-27 17:12:37
1833617306,Center for Talented Youth,Coolcaesar,false,-21,enwiki,2024-10-27 17:12:55
1833617407,Gezira State,Moondragon21,false,370,enwiki,2024-10-27 17:13:13
358018002,Portal:Film und Fernsehen/Kinostarts 2004,Jobu0101,false,30,dewiki,2024-10-27 17:13:11
358018005,Portal:Film und Fernsehen/Kinostarts 2004,Jobu0101,false,-634,dewiki,2024-10-27 17:13:23
1833617606,Kheerat Panesar,146.199.140.26,false,-4,enwiki,2024-10-27 17:13:51
1833617107,Talk:Oxford Electric Bell,Lowercase sigmabot III,true,-349,enwiki,2024-10-27 17:12:14
1833617218,Polycrates of Ephesus,Monkbot,true,1,enwiki,2024-10-27 17:12:37
1833617305,Gaudi (musician),84.9.14.254,false,0,enwiki,2024-10-27 17:12:54
1833617410,User talk:AnarchistHistory,Memer15151,false,2379,enwiki,2024-10-27 17:13:14
358018000,Stockbridge (Massachusetts),Leuni,false,-7,dewiki,2024-10-27 17:13:18
1833617513,Talk:Eliza Fanthome,Cewbot,true,20,enwiki,2024-10-27 17:13:34
358018007,Werenoi,Lk95,false,264,dewiki,2024-10-27 17:13:37
358018014,Raphael Armattoe,Magipulus,false,4,dewiki,2024-10-27 17:13:54
1833617113,Ballantyne River,Masterhatch,false,6,enwiki,2024-10-27 17:12:13
1833617200,Nika Gvaramia,Sam20020202,false,174,enwiki,2024-10-27 17:12:31
1833617219,List of stage names,Ozzieboy,false,0,enwiki,2024-10-27 17:12:23
1833617310,Abdulrashid Sadulaev,Reaper1945,false,289,enwiki,2024-10-27 17:12:48
1833617409,User:Kovcszaln6/CSD log,Kovcszaln6,false,152,enwiki,2024-10-27 17:13:15
1833617500,Thuringian Basin,Monkbot,true,1,enwiki,2024-10-27 17:13:30
1833617512,2024 Brazzaville Challenger – Singles,Adamtt9,false,103,enwiki,2024-10-27 17:13:33
358018008,Liste profanierter Kirchen im Bistum Speyer,AF666,false,19,dewiki,2024-10-27 17:13:38
1833617611,List of African association football families,2003:DF:6723:5850:1D0A:46C6:BA2E:32B5,false,399,enwiki,2024-10-27 17:13:46
1833617109,Starvation (crime),Buidhe,false,-309,enwiki,2024-10-27 17:12:12
1833617203,Robert Hunt (American football coach),Mojo Hand,false,-8,enwiki,2024-10-27 17:12:33
1833617312,Lanarce,Monkbot,true,1,enwiki,2024-10-27 17:12:54
1833617411,Talk:Foreign espionage in Australia,Memer15151,false,109,enwiki,2024-10-27 17:13:14
1833617501,Zaid Al-Mutairi,SmartyPants22,false,80,enwiki,2024-10-27 17:13:30
1833617515,Shirlie Holliman,Binksternet,false,-38,enwiki,2024-10-27 17:13:33
358018012,Annalensaal,Invisigoth67,false,-2,dewiki,2024-10-27 17:13:49
358018015,Schienenverkehr in Dänemark,Mef.ellingen,false,-12,dewiki,2024-10-27 17:13:54
358018016,Weinan,Scholless,false,63,dewiki,2024-10-27 17:13:56
1833617114,Mahadevappa Rampure,2409:40F2:101D:F556:8000:0:0:0,false,33,enwiki,2024-10-27 17:12:13
1833617204,Talk:Francisco Javier de la Torre,Cewbot,true,6,enwiki,2024-10-27 17:12:34
1833617314,Draft:Stefan Norblin de la Gourdaine,Wikibenchris,false,9,enwiki,2024-10-27 17:12:55
1833617502,Talk:Daniela Delgado,Cewbot,true,71,enwiki,2024-10-27 17:13:31
358018006,Benutzer:FordPrefect42/Friedrich Christian Mohrheim,FordPrefect42,false,1358,dewiki,2024-10-27 17:13:34
358018013,Nius,MKmediaentertainment,false,57,dewiki,2024-10-27 17:13:48
1833617612,1979 Ohio Bobcats football team,Patriarca12,false,2922,enwiki,2024-10-27 17:13:53
1833617102,National Union (Portugal),2A02:1388:2092:C102:3400:BEFF:FE41:933E,false,-270,enwiki,2024-10-27 17:12:09
1833617115,Talk:1964 New York World's Fair,Dimadick,false,84,enwiki,2024-10-27 17:12:14
1833617208,Bik-Usak,Monkbot,true,2,enwiki,2024-10-27 17:12:34
1833617300,Alexander Steen Olsen,Sunay1986,false,-3,enwiki,2024-10-27 17:12:52
1833617315,User:Wolverine X-eye,Wolverine X-eye,false,145,enwiki,2024-10-27 17:12:56
1833617413,Foreign espionage in Australia,Memer15151,false,-175,enwiki,2024-10-27 17:13:14
358018001,Amtsgericht Wolmirstedt,Wilske,false,12,dewiki,2024-10-27 17:13:20
1833617503,List of One Day International cricket grounds,Bs1jac,false,0,enwiki,2024-10-27 17:13:17
1833617514,Corsair,Bkonrad,false,-123,enwiki,2024-10-27 17:13:34
358018009,Burg Plankenstein,GT1976,false,24,dewiki,2024-10-27 17:13:40
1833617601,Khatuna Lorig,Sam20020202,false,36,enwiki,2024-10-27 17:13:48
1833617613,Talk:Forcipomyia,Killarnee,false,5,enwiki,2024-10-27 17:13:54
358018017,Leyes de Ayllón,92.210.50.4,false,6,dewiki,2024-10-27 17:13:57
1833617103,Talk:Oxford Electric Bell/Archive 1,Lowercase sigmabot III,true,349,enwiki,2024-10-27 17:12:12
1833617117,Talk:Ethical Capital Partners,Cewbot,true,0,enwiki,2024-10-27 17:12:16
1833617210,The Bad Guys (film),ZootyCutie,false,1,enwiki,2024-10-27 17:12:30
1833617301,Lost Decades,RafaelTLS,false,526,enwiki,2024-10-27 17:12:52
1833617414,Bourg-Argental,Monkbot,true,2,enwiki,2024-10-27 17:13:13
358018004,Blutdruck,Hungchaka,false,2778,dewiki,2024-10-27 17:13:26
1833617505,Dirty Loops,2001:7D0:8AC3:EC00:B04C:7178:1B19:3795,false,53,enwiki,2024-10-27 17:13:32
1833617516,Białowąs,Monkbot,true,1,enwiki,2024-10-27 17:13:33
358018011,Benutzer:A1000/wolrad,A1000,false,188,dewiki,2024-10-27 17:13:45
1833617603,Thailand motorcycle Grand Prix,Vin28rol,false,148,enwiki,2024-10-27 17:13:51
1833617616,"Talk:James, Duke of Rothesay (born 1507)",Cewbot,true,-26,enwiki,2024-10-27 17:13:55
358018018,Kiezdeutsch,Willi P,false,-131,dewiki,2024-10-27 17:13:57
1833617104,Tom Scully (football manager),Petep146,false,10,enwiki,2024-10-27 17:12:12
1833617212,List of government-owned companies,176.237.201.76,false,154,enwiki,2024-10-27 17:12:32
1833617302,Howard University,Cfls,false,0,enwiki,2024-10-27 17:12:49
1833617317,Hugh O'Neil,Baby Name Meaning,false,-1,enwiki,2024-10-27 17:12:57
1833617415,Talk:Joseph T. Connelly,Cewbot,true,0,enwiki,2024-10-27 17:13:16
1833617506,Ballia,2409:40E3:1E:4C7D:25DF:8280:BE9:2A42,false,-4,enwiki,2024-10-27 17:13:30
1833617602,Genesis (2025),Plastikspork,false,7,enwiki,2024-10-27 17:13:51
1833617615,Karnataka Institute of Medical Sciences,2409:4088:9C35:4F8F:0:0:54CA:3F02,false,-1,enwiki,2024-10-27 17:13:54
358018019,Rheinisches Schwarzbrot,Bahnmoeller,false,18,dewiki,2024-10-27 17:14:03
1833617105,Ružinov,Monkbot,true,3,enwiki,2024-10-27 17:12:10
1833617211,Ringworm affair,Revirvlkodlaku,false,-1,enwiki,2024-10-27 17:12:35
1833617303,Talk:Dana Morris Dixon,Cewbot,true,34,enwiki,2024-10-27 17:12:55
1833617318,Talk:D. Delos Ellsworth,Cewbot,true,-7,enwiki,2024-10-27 17:12:58
1833617400,User:JihyoxJongkook/sandbox/Running Man Episodes 2020,JihyoxJongkook,false,-63,enwiki,2024-10-27 17:13:13
1833617418,Wikipedia:WikiProject Socialism/Discussions,Reports bot,true,51,enwiki,2024-10-27 17:13:17
358018003,Phantolid,Invisigoth67,false,-1,dewiki,2024-10-27 17:13:23
1833617508,List of leaders of Georgia (country),Bruce1ee,false,48,enwiki,2024-10-27 17:13:32
1833617604,Talk:Francis Flemming,Cewbot,true,12,enwiki,2024-10-27 17:13:52
1833617618,Sergio Pellicer,Saintandy7,false,0,enwiki,2024-10-27 17:13:53
1833617710,English language in Puerto Rico,Toomuchcuriosity,false,202,enwiki,2024-10-27 17:14:16
1833617714,Commodore (United States),173.169.198.235,false,9,enwiki,2024-10-27 17:14:17
1833617715,Bourg-d'Oueil,Monkbot,true,1,enwiki,2024-10-27 17:14:15
1833617801,Jeff Rawle,2A0A:EF40:138B:C501:3803:FBBD:925E:7526,false,44,enwiki,2024-10-27 17:14:33
1833617802,Talk:Vanessa Hudson (politician),Cewbot,true,7,enwiki,2024-10-27 17:14:34
1833617717,List of Filipino football champions,2601:147:C480:DA50:4CE4:E259:8BA0:F363,false,5,enwiki,2024-10-27 17:14:17
1833617804,Vrysoules,Monkbot,true,1,enwiki,2024-10-27 17:14:34
1833617719,Talk:Madison Guthrie,Cewbot,true,-11,enwiki,2024-10-27 17:14:19
1833617809,User talk:63.66.34.238,HJ Mitchell,false,1398,enwiki,2024-10-27 17:14:35
1833617704,Daniel Kitson,49.229.133.125,false,305,enwiki,2024-10-27 17:14:13
1833617810,2024–25 FIS Alpine Ski World Cup,Gro456,false,217,enwiki,2024-10-27 17:14:32
1833617705,John Fisher,TheCatCollective,false,-1,enwiki,2024-10-27 17:14:11
1833617816,Draft:1991–92 UNLV Runnin' Rebels basketball team,Plastikspork,false,7,enwiki,2024-10-27 17:14:33
1833617900,Ivanje Selo,Monkbot,true,2,enwiki,2024-10-27 17:14:55
1833617709,Talk:Kevin Paul Hyland,Cewbot,true,30,enwiki,2024-10-27 17:14:16
1833617817,"Ore City, Texas",Drmies,false,-131,enwiki,2024-10-27 17:14:35
1833617901,Indiana Production,148.252.159.80,false,43,enwiki,2024-10-27 17:14:56
1833617906,"Connersville, Indiana",Blainster,false,-12,enwiki,2024-10-27 17:14:55
1833618012,Tambul,FuzzyMagma,false,-409,enwiki,2024-10-27 17:15:15
1833618013,List of Hindu temples in Bangladesh,Niddle Fish,false,0,enwiki,2024-10-27 17:15:16
1833618108,Sheikh Selim,103.112.54.247,false,0,enwiki,2024-10-27 17:15:33
1833617913,Talk:Gerti Daub Hollmann,Cewbot,true,-11,enwiki,2024-10-27 17:14:58
1833618107,2025 AFC U-17 Asian Cup qualification,49.130.129.216,false,-10,enwiki,2024-10-27 17:15:26
1833618014,Draft:Anton Mazurov,Qwerfjkl (bot),true,26,enwiki,2024-10-27 17:15:17
1833618110,Talk:In Solitude,Cewbot,true,-25,enwiki,2024-10-27 17:15:34
1833617915,Uranius,Baby Name Meaning,false,177,enwiki,2024-10-27 17:14:58
1833618000,Sheikh Selim,103.112.54.247,false,0,enwiki,2024-10-27 17:15:13
1833618018,2024 MotoGP World Championship,Grdijk,false,560,enwiki,2024-10-27 17:15:09
1833618111,Helmet (band),SnivyLink2,false,-2905,enwiki,2024-10-27 17:15:33
1833618001,M*A*S*H season 6,Moe1810,false,0,enwiki,2024-10-27 17:15:14
1833618113,Georgios Amanatidis,Monkbot,true,1,enwiki,2024-10-27 17:15:33
1833617918,Tauragė Castle,Spirit of Performance,false,1212,enwiki,2024-10-27 17:14:58
1833618002,Draft:Mario Pérez de Arce Lavín,Plastikspork,false,14,enwiki,2024-10-27 17:15:15
1833618004,Kostas Hatzis,Monkbot,true,1,enwiki,2024-10-27 17:15:15
1833618100,User:Aedis1/Art1067,Aedis1,false,21,enwiki,2024-10-27 17:15:32
1833618119,Talk:Michael Heverly,Cewbot,true,1,enwiki,2024-10-27 17:15:37
1833618006,Talk:Samira Hurem,Cewbot,true,-11,enwiki,2024-10-27 17:15:16
1833618101,"Tarnowiec, West Pomeranian Voivodeship",Monkbot,true,1,enwiki,2024-10-27 17:15:30
1833618007,Mark Sarvas,76.176.252.83,false,4,enwiki,2024-10-27 17:15:16
1833618105,Nasser Al-Attiyah,SmartyPants22,false,82,enwiki,2024-10-27 17:15:30
1833618202,Talk:Beat Funktion,Cewbot,true,-18,enwiki,2024-10-27 17:15:55
1833618216,"Ore City, Texas",Drmies,false,-274,enwiki,2024-10-27 17:15:58
1833618416,Hershey Bears,Triggerbit,false,280,enwiki,2024-10-27 17:16:26
1833618205,List of reportedly haunted locations in the Philippines,Borgenland,false,-1,enwiki,2024-10-27 17:15:54
1833618217,Category talk:South Korean Christian clergy,Simeon,false,68,enwiki,2024-10-27 17:15:58
1833618208,2024–25 Selangor F.C. season,Reez95,false,15,enwiki,2024-10-27 17:15:45
1833618209,Saakshi Siva,Vivekkrishna Ramkumar,false,0,enwiki,2024-10-27 17:15:57
1833618305,Draft:Gary Stockdale,Dr.bobbs,false,215,enwiki,2024-10-27 17:16:08
1833618210,List of awards and nominations received by Lizzo,Bigdaddybeyy,false,2,enwiki,2024-10-27 17:15:54
1833618313,Daniel Kitson,49.229.133.125,false,-4,enwiki,2024-10-27 17:16:10
1833618211,Talk:Arnold Fulton,Cewbot,true,-1,enwiki,2024-10-27 17:15:58
1833618317,2024 ITF Women's World Tennis Tour (October–December),Markthewords85,false,-15,enwiki,2024-10-27 17:16:01
1833618410,2024 FIM Women's Circuit Racing World Championship,John B123,false,3,enwiki,2024-10-27 17:16:26
1833618212,Djimon Hounsou,2A02:9B0:20:35AE:C9B1:C7E6:749B:7AE3,false,-4,enwiki,2024-10-27 17:15:55
1833618318,John Burgeson,Citation bot,true,11,enwiki,2024-10-27 17:16:12
1833618411,Talk:Karen Groat,Cewbot,true,-5,enwiki,2024-10-27 17:16:28
1833618213,Westbury Swimming Pool,Wire723,false,2462,enwiki,2024-10-27 17:15:57
1833618319,Graham Hill,Mb2437,false,79,enwiki,2024-10-27 17:16:07
1833618412,Agios Dimitrios (disambiguation),Monkbot,true,1,enwiki,2024-10-27 17:16:28
1833618201,Dmitry Galkovsky,Monkbot,true,1,enwiki,2024-10-27 17:15:54
1833618214,AK-230,Therailhead1974,false,44,enwiki,2024-10-27 17:15:57
1833618413,2024 Turkish Aerospace Industries headquarters attack,MAL MALDIVE,false,296,enwiki,2024-10-27 17:16:27
1833618215,Bandi Chhor Divas,64.46.2.236,false,6,enwiki,2024-10-27 17:15:57
1833618415,Ralph Fiennes,Artman maine,false,9,enwiki,2024-10-27 17:16:23
358018100,Portal:Film und Fernsehen/Kinostarts 2006,Jobu0101,false,0,dewiki,2024-10-27 17:16:28
1833618511,Georges Mikautadze,Sinbabad,false,0,enwiki,2024-10-27 17:16:43
358018108,Benutzer:FordPrefect42/Friedrich Christian Mohrheim,FordPrefect42,false,81,dewiki,2024-10-27 17:16:51
358018111,Bogomil Rainow,Magipulus,false,4,dewiki,2024-10-27 17:16:54
358018117,Blutdruck,Hungchaka,false,40,dewiki,2024-10-27 17:17:02
1833618616,2024 Turkish Aerospace Industries headquarters attack,MAL MALDIVE,false,4,enwiki,2024-10-27 17:17:07
1833618518,Colleˊ Kharis,Aishaltonguy,false,-1,enwiki,2024-10-27 17:16:47
1833618517,"Le Roux, Ardèche",Monkbot,true,1,enwiki,2024-10-27 17:16:45
358018113,Meisterdetektiv Ron Kamonohashi,Stephan1000000,false,0,dewiki,2024-10-27 17:16:56
358018102,Liste von im Strafgefängnis Plötzensee hingerichteten Frauen,Miklas,false,4,dewiki,2024-10-27 17:16:43
358018112,Liste der Naturdenkmäler im Kreis Recklinghausen,Maldini,false,561,dewiki,2024-10-27 17:16:53
358018115,Volker Kröning,Sabify,false,26,dewiki,2024-10-27 17:16:58
358018119,Luther (1964),Koyaanis,false,28,dewiki,2024-10-27 17:17:14
358018101,Diskussion:Dzikowiec (Nowa Ruda),Hoffmaenner,false,671,dewiki,2024-10-27 17:16:41
1833618505,17 July Revolution,TheTimesAreAChanging,false,-2,enwiki,2024-10-27 17:16:43
358018106,Superliga (Spanien) 2010/11,Invisigoth67,false,-1,dewiki,2024-10-27 17:16:50
1833618600,"Avdeyeva, Kursk Oblast",Monkbot,true,2,enwiki,2024-10-27 17:17:02
1833618508,Talk:Lilit Harutyunyan (athlete),Cewbot,true,-11,enwiki,2024-10-27 17:16:46
358018107,Alex Aleardi,Tomyiy,false,54,dewiki,2024-10-27 17:16:50
358018116,Snoqualmie Pass,Iseborjer,false,4,dewiki,2024-10-27 17:16:59
1833618601,Wikipedia:Sockpuppet investigations/Msp7com,RoySmith,false,150,enwiki,2024-10-27 17:17:06
1833618507,Fukushima nuclear accident,Czarking0,false,23,enwiki,2024-10-27 17:16:39
1833618602,David Wright,Yankees10,false,-185,enwiki,2024-10-27 17:17:03
1833618510,2024 United States presidential election in Nevada,Governor Sheng,false,0,enwiki,2024-10-27 17:16:40
358018118,Benutzer:Karl L. Rauch/Meng Xi Hauenstein,31.18.43.237,false,104,dewiki,2024-10-27 17:17:08
358018104,Talsperre Lütsche,199.247.58.36,false,293,dewiki,2024-10-27 17:16:46
358018114,Josh Reid,Invisigoth67,false,1,dewiki,2024-10-27 17:16:57
1833618603,Talk:Stefan Fölster,Cewbot,true,-18,enwiki,2024-10-27 17:17:07
1833618714,2024 Turkish Aerospace Industries headquarters attack,Borgenland,false,4,enwiki,2024-10-27 17:17:27
1833618803,Draft:Stefan Norblin de la Gourdaine,Wikibenchris,false,40,enwiki,2024-10-27 17:17:46
1833618813,"Broughton, Salford",86.147.48.199,false,189,enwiki,2024-10-27 17:17:46
1833618713,Quill Kukla,Revirvlkodlaku,false,1,enwiki,2024-10-27 17:17:28
1833618715,Talk:Jensen and The Flips,Cewbot,true,-17,enwiki,2024-10-27 17:17:28
1833618804,M. L. A. M. Hizbullah,Armkiyas,false,1078,enwiki,2024-10-27 17:17:44
1833618814,DmC: Devil May Cry,JzK,false,2,enwiki,2024-10-27 17:17:48
1833618716,Talk:Tamara (name),The Blue Rider,false,-7,enwiki,2024-10-27 17:17:29
1833618816,Talk:Sean Jamieson,Cewbot,true,-10,enwiki,2024-10-27 17:17:49
1833618701,Decarboxylation,2001:8F8:1A3F:25DF:8C7D:CCED:F1EC:E3A7,false,5,enwiki,2024-10-27 17:17:24
1833618718,"Oktyabrsky, Lgovsky District, Kursk Oblast",Monkbot,true,1,enwiki,2024-10-27 17:17:28
1833618806,I'm Real (Jennifer Lopez song),Jgman724,false,53,enwiki,2024-10-27 17:17:44
1833618815,Wikipedia:Articles for deletion/MeJew movement,Flounder fillet,false,260,enwiki,2024-10-27 17:17:49
1833618702,"Velike Poljane, Ribnica",Monkbot,true,1,enwiki,2024-10-27 17:17:25
1833618810,Wikipedia:Articles for deletion/1937–38 Maltese FA Trophy,Svartner,false,155,enwiki,2024-10-27 17:17:48
1833618817,Easy Lover,RingoSmitz,false,439,enwiki,2024-10-27 17:17:47
1833618706,Template:2. Bundesliga managers,Kante4,false,17,enwiki,2024-10-27 17:17:27
1833618811,Wikipedia:Wiki Ed/Oakland University/Capstone Course in American Politics (Fall 2024),LeannH17,false,27,enwiki,2024-10-27 17:17:48
1833618818,Microspherophakia,Ozzie10aaaa,false,-15,enwiki,2024-10-27 17:17:49
1833618707,Is the glass half empty or half full?,Casau056,false,29,enwiki,2024-10-27 17:17:27
1833618711,Denmark Open (darts),Bruce1ee,false,3,enwiki,2024-10-27 17:17:25
1833618812,Three Witches,90.246.49.74,false,-667,enwiki,2024-10-27 17:17:46
1833618802,Talk:Rob Graves (disambiguation),Cewbot,true,-11,enwiki,2024-10-27 17:17:46
1833618914,User:Marchije/sandbox,Marchije,false,0,enwiki,2024-10-27 17:18:09
1833619004,YU Rock Misija,Ostalocutanje,false,12,enwiki,2024-10-27 17:18:24
1833618915,Ministry of Timber Industry,Monkbot,true,1,enwiki,2024-10-27 17:18:08
1833619006,Bamberg Cathedral,TooManyFingers,false,-3,enwiki,2024-10-27 17:18:22
1833619005,Centrum Nauki Kopernik metro station,Monkbot,true,1,enwiki,2024-10-27 17:18:23
1833619008,Talk:Elias I of Antioch,Surayeproject3,false,83,enwiki,2024-10-27 17:18:25
1833618905,8240th Army Unit,2001:FB1:11:C56D:A161:A9CE:3E5D:C779,false,52,enwiki,2024-10-27 17:18:07
1833619009,Talk:Erasmo Gómez,Cewbot,true,17,enwiki,2024-10-27 17:18:25
1833618906,Talk:Jayamini Illeperuma,Cewbot,true,23,enwiki,2024-10-27 17:18:07
1833619010,User:DreamRimmer/EFFPRH.js,DreamRimmer,false,-42,enwiki,2024-10-27 17:18:27
1833619011,Wikipedia:Articles for deletion/Misaki Uemura,Clariniie,false,669,enwiki,2024-10-27 17:18:26
1833618910,"Divisions of Punjab, Pakistan",Umartoor,false,-57,enwiki,2024-10-27 17:18:07
1833619012,SDS Tuberculosis Sanatorium,2409:4088:9C35:4F8F:0:0:54CA:3F02,false,0,enwiki,2024-10-27 17:18:26
1833618912,Talk:Thomas and the Magic Railroad,Kaidfa,false,197,enwiki,2024-10-27 17:18:08
1833619002,Sansarpur,38.137.11.10,false,43,enwiki,2024-10-27 17:18:23
1833618913,1975 NHL amateur draft,NHL04,false,-5407,enwiki,2024-10-27 17:18:06
1833619003,List of Indian writers,KangaZoo,false,23,enwiki,2024-10-27 17:18:24
1833619105,Talk:Newton's laws of motion,Johnjbarton,false,290,enwiki,2024-10-27 17:18:41
1833619117,Ben Schott,2601:281:D983:8B60:C469:EF6F:8EAB:249A,false,-35,enwiki,2024-10-27 17:18:47
1833619213,User talk:Wikipedian de San Francisco del Bay Area,Plastikspork,false,-19,enwiki,2024-10-27 17:19:07
1833619412,Talk:Simon Gibney,Cewbot,true,0,enwiki,2024-10-27 17:19:40
358018200,Luther (1974),Koyaanis,false,6,dewiki,2024-10-27 17:19:48
1833619214,Talk:Raphaël Fortin,Cewbot,true,5,enwiki,2024-10-27 17:19:07
1833619313,File:Crucero y Altar Mayor de la Catedral de Santiago de Compostela.jpg,188.163.69.47,false,21,enwiki,2024-10-27 17:19:23
1833619414,Mevalonate kinase deficiency,Ozzie10aaaa,false,-5,enwiki,2024-10-27 17:19:40
1833619109,2024 Uruguayan constitutional referendum on social security,Fadesga,false,477,enwiki,2024-10-27 17:18:45
1833619215,Roman Sadovsky,Bgsu98,false,34,enwiki,2024-10-27 17:19:04
1833619314,Piusa Caves Nature Reserve,Cremastra,false,123,enwiki,2024-10-27 17:19:22
1833619415,Talk:Farida Hussein,Riley1012,false,82,enwiki,2024-10-27 17:19:40
1833619110,India women's national cricket team,Bs1jac,false,0,enwiki,2024-10-27 17:18:40
1833619217,Derek Branning,146.199.140.26,false,12,enwiki,2024-10-27 17:19:07
1833619111,Talk:Simon Jeffries,Cewbot,true,15,enwiki,2024-10-27 17:18:46
1833619202,Hugh Bunel,Hogbade,false,1,enwiki,2024-10-27 17:19:04
1833619317,The Hoosiers,"Irwin Sparkes, Alan Sharland and Leighton Allen",false,3,enwiki,2024-10-27 17:19:21
1833619402,List of Polish People's Party politicians,Monkbot,true,1,enwiki,2024-10-27 17:19:39
1833619416,Josh Kerr (runner),KnowledgeIsPower9281,false,-2,enwiki,2024-10-27 17:19:36
1833619100,Roman Sadovsky,Bgsu98,false,-1,enwiki,2024-10-27 17:18:38
1833619204,Wikipedia:Redirects for discussion/Log/2024 October 27,MtBotany,false,1,enwiki,2024-10-27 17:19:03
1833619407,Corporation,Coolcaesar,false,30,enwiki,2024-10-27 17:19:38
1833619419,New York State Thruway,ZLima12,false,34,enwiki,2024-10-27 17:19:33
1833619112,Yambayevo,Monkbot,true,2,enwiki,2024-10-27 17:18:46
1833619206,Talk:Elizabeth Hinton,Cewbot,true,-22,enwiki,2024-10-27 17:19:04
1833619406,2024–25 Segunda División,Wikizin,false,0,enwiki,2024-10-27 17:19:36
1833619102,Shadows (1959 film),75.172.85.67,false,58,enwiki,2024-10-27 17:18:42
1833619207,Cazalrenoux,Monkbot,true,1,enwiki,2024-10-27 17:19:02
1833619408,User:TNM101,TNM101,false,41,enwiki,2024-10-27 17:19:40
1833619103,Talk:Hayastan Jan (TV series),Cewbot,true,-24,enwiki,2024-10-27 17:18:43
1833619113,Montana,Freakbobreal,false,0,enwiki,2024-10-27 17:18:32
1833619211,Agis (Paeonian),Monkbot,true,1,enwiki,2024-10-27 17:19:06
1833619409,Gustavo Quinteros,The Special Man,false,0,enwiki,2024-10-27 17:19:33
1833619106,Podlaskie Voivodeship Sejmik,Monkbot,true,3,enwiki,2024-10-27 17:18:43
1833619115,Arbaat Dam collapse,XTheBedrockX,false,-28,enwiki,2024-10-27 17:18:47
1833619212,Tropical Storm Trami (2024),HurricaneEdgar,false,0,enwiki,2024-10-27 17:19:00
1833619310,2024–25 Belgian Pro League,2001:4645:B0B3:0:29F8:CC03:D6E4:43C6,false,0,enwiki,2024-10-27 17:19:20
1833619410,Eurovision Song Contest 1970,Sims2aholic8,false,29,enwiki,2024-10-27 17:19:35
358018204,Conradin Zschokke,GT1976,false,-27,dewiki,2024-10-27 17:19:57
1833619601,Kalu-Ayry,Monkbot,true,2,enwiki,2024-10-27 17:20:16
1833619703,Princess Elizabeth of Greece and Denmark,Qubacubazamniauser,false,17,enwiki,2024-10-27 17:20:40
358018205,Paavo Rantanen,Bahnmoeller,false,27,dewiki,2024-10-27 17:19:57
358018208,Kategorie:Gazastreifen,Ulf Heinsohn,false,36,dewiki,2024-10-27 17:20:00
358018215,Rio Iratim,TaxonBot,true,-4,dewiki,2024-10-27 17:20:11
1833619603,Scene (subculture),Issan Sumisu,false,-87,enwiki,2024-10-27 17:20:15
1833619708,United States Postal Inspection Service,Vvvitlok,false,10,enwiki,2024-10-27 17:20:39
1833619500,Bohurupi,49.37.43.83,false,1,enwiki,2024-10-27 17:19:50
1833619509,Amazing Race Suomi season 2,Xoruz,false,19,enwiki,2024-10-27 17:19:56
358018219,Wikipedia Diskussion:Kurier,Andreas Werle,false,496,dewiki,2024-10-27 17:20:11
1833619710,Kościuszko's proclamation,Monkbot,true,1,enwiki,2024-10-27 17:20:41
1833619510,Jonestown,183.171.115.88,false,156,enwiki,2024-10-27 17:19:50
358018216,Benno Schmidt (Mediziner),Snoopy1964,false,-208,dewiki,2024-10-27 17:20:12
1833619612,Talk:Jenny Haan,Cewbot,true,-34,enwiki,2024-10-27 17:20:19
1833619711,File:Dag Heward-Mills at a healing Jesus campaign.jpg,188.163.69.47,false,21,enwiki,2024-10-27 17:20:41
1833619501,Laura Blindkilde Brown,CommunityNotesContributor,false,158,enwiki,2024-10-27 17:19:54
1833619515,Levan Bezhashvili,Sam20020202,false,30,enwiki,2024-10-27 17:19:54
1833619613,Concentrated solar power,Robertiki,false,685,enwiki,2024-10-27 17:20:16
1833619502,Mordechai Schlein,The Blue Rider,false,-12,enwiki,2024-10-27 17:19:53
1833619516,User:TNM202,TNM101,false,-73,enwiki,2024-10-27 17:19:59
358018217,Vorlage:Turnierplan4-mitDatum-ohnePosition-Byes,Antonsusi,false,71,dewiki,2024-10-27 17:20:12
1833619717,User talk:Réalgard,Réalgard,false,192,enwiki,2024-10-27 17:20:43
358018202,Bap-Tizum,Engelbaet,false,30,dewiki,2024-10-27 17:19:55
1833619518,Education in England,Dn9ahx,false,-72,enwiki,2024-10-27 17:19:56
358018211,Peter Jilemnický,Magipulus,false,4,dewiki,2024-10-27 17:20:02
1833619718,Marvel Epic Collection,Peterspeterson,false,0,enwiki,2024-10-27 17:20:31
1833619503,Talk:Carolina Jane,Cewbot,true,-10,enwiki,2024-10-27 17:19:55
1833619517,Thomas Vincent (minister),TheCatCollective,false,-2,enwiki,2024-10-27 17:19:58
358018218,Christoph Biemann,Schotterebene,false,154,dewiki,2024-10-27 17:20:12
1833619700,Baysakino,Monkbot,true,2,enwiki,2024-10-27 17:20:38
1833619504,Jane Beale,Foiled circuitous wanderer,false,-3,enwiki,2024-10-27 17:19:55
358018207,Blutdruck,Hungchaka,false,-14,dewiki,2024-10-27 17:19:58
1833619701,Talk:Irmelin Indenbirken,Cewbot,true,6,enwiki,2024-10-27 17:20:40
1833619507,Bamberg Cathedral,TooManyFingers,false,2,enwiki,2024-10-27 17:19:54
358018212,Karl Emil Hilgard,GT1976,false,-27,dewiki,2024-10-27 17:20:06
1833619600,Manzoor Wattoo,Sam Sailor,false,-10,enwiki,2024-10-27 17:20:15
1833619702,Draft:Letter to Myself,Paper9oll,false,-4,enwiki,2024-10-27 17:20:41
1833619813,Sarah Smarsh,Bflx 11,false,262,enwiki,2024-10-27 17:21:00
1833619814,Talk:Tameka Hobbs,Cewbot,true,-6,enwiki,2024-10-27 17:21:01
1833619916,Malaussanne,Monkbot,true,1,enwiki,2024-10-27 17:21:18
1833619815,Mevalonate kinase deficiency,Ozzie10aaaa,false,6,enwiki,2024-10-27 17:21:01
1833619919,Wikipedia:Administrators' noticeboard,Black Kite,false,415,enwiki,2024-10-27 17:21:18
1833619800,Talk:Sayed Hussain Eisa,Cewbot,true,6,enwiki,2024-10-27 17:20:58
1833619816,Teal Bunbury,Losipov,false,-2,enwiki,2024-10-27 17:20:59
1833619801,Twenty-fifth Amendment to the United States Constitution,194.48.248.145,false,19,enwiki,2024-10-27 17:20:57
1833619806,Hotel Pacific,Monkbot,true,1,enwiki,2024-10-27 17:20:59
1833619818,The Union (disambiguation),Bkonrad,false,-3578,enwiki,2024-10-27 17:21:03
1833619906,Amazing Race Suomi season 2,Xoruz,false,9,enwiki,2024-10-27 17:21:18
1833619807,Lars Nootbaar,Yankees10,false,7,enwiki,2024-10-27 17:20:59
1833619908,Talk:Islam Islam,Cewbot,true,7,enwiki,2024-10-27 17:21:19
1833619809,List of Bengali films of 2024,49.37.43.83,false,1,enwiki,2024-10-27 17:20:56
1833619810,User talk:Al.qaislegal,Drm310,false,597,enwiki,2024-10-27 17:21:01
1833619909,Arachnoid trabeculae,Alan U. Kennington,false,17,enwiki,2024-10-27 17:21:20
1833619811,Wikipedia:Redirects for discussion/Log/2024 October 26,Headbomb,false,424,enwiki,2024-10-27 17:20:56
1833619912,Draft:Stefan Norblin de la Gourdaine,Wikibenchris,false,17,enwiki,2024-10-27 17:21:19
1833620105,Battle of the Pyramids,98.187.110.166,false,1,enwiki,2024-10-27 17:22:01
1833620115,Talk:Widerøe Flight 744,BMJ-pdx,false,162,enwiki,2024-10-27 17:22:11
1833620106,Talk:Peter Hofmann (handballer),Cewbot,true,11,enwiki,2024-10-27 17:22:07
1833620116,Talk:Hold Me Close (film),Rfl0216,false,32,enwiki,2024-10-27 17:22:11
1833620001,List of White Pass and Yukon Route locomotives and cars,Buffalo Robert,false,12,enwiki,2024-10-27 17:21:33
1833620117,Saubusse,Monkbot,true,1,enwiki,2024-10-27 17:22:09
1833620118,Ulipur M.S. High School & College,118.179.124.100,false,2,enwiki,2024-10-27 17:22:10
1833620005,Talk:Julian Hilliard,Rfl0216,false,29,enwiki,2024-10-27 17:21:42
1833620110,User:Nicolaj62/sandbox,Monkbot,true,2,enwiki,2024-10-27 17:22:05
1833620119,Electric Avenue,86.10.57.199,false,95,enwiki,2024-10-27 17:22:11
1833620006,Greatest Hits '93–'03,Stellar420,false,2955,enwiki,2024-10-27 17:21:42
1833620111,Poppy Meadow,146.199.140.26,false,12,enwiki,2024-10-27 17:22:07
1833620200,Talk:Syeda Zebunnesa Haque,Cewbot,true,12,enwiki,2024-10-27 17:22:25
1833620112,Simran (actress),2A0D:E487:215F:EF3D:769F:69EE:55E1:FC7A,false,-24,enwiki,2024-10-27 17:22:06
1833620009,Talk:Anthony Ford (weightlifter),Cewbot,true,5,enwiki,2024-10-27 17:21:43
1833620113,Talk:Ámbar Garnica,Cewbot,true,-12,enwiki,2024-10-27 17:22:10
1833620019,John Holder (umpire),AssociateAffiliate,false,-12,enwiki,2024-10-27 17:21:43
1833620114,Tropical Storm Trami (2024),HurricaneEdgar,false,0,enwiki,2024-10-27 17:22:03
1833620201,List of pickleball organizations,OvertAnalyzer,false,24,enwiki,2024-10-27 17:22:25
1833620302,Talk:Bob Gasper,Cewbot,true,5,enwiki,2024-10-27 17:22:40
358018305,Roekiah,Invisigoth67,false,-1,dewiki,2024-10-27 17:22:49
358018319,Köln Hauptbahnhof,Tohma,false,-36,dewiki,2024-10-27 17:22:59
1833620203,Talk:Nancy Rue,Joyous!,false,441,enwiki,2024-10-27 17:22:26
358018301,Portal:Medizin/Index/R,Uwe Gille,false,211,dewiki,2024-10-27 17:22:37
1833620301,User talk:Pickersgill-Cunliffe,Pickersgill-Cunliffe,false,371,enwiki,2024-10-27 17:22:39
358018306,Portal:Film und Fernsehen/Kinostarts 2010,Jobu0101,false,19,dewiki,2024-10-27 17:22:40
1833620402,Economy of the Western Cape,Quebec99,false,-1,enwiki,2024-10-27 17:22:55
1833620202,Agrasen,Hargoa,false,36,enwiki,2024-10-27 17:22:26
358018302,Jonas Avyžius,Magipulus,false,4,dewiki,2024-10-27 17:22:39
1833620308,Qasim Ibrahim,MAL MALDIVE,false,-6,enwiki,2024-10-27 17:22:40
358018309,Versalzung,Invisigoth67,false,-5,dewiki,2024-10-27 17:22:51
358018311,"Datei:L05 034 Bw Kappel, Hilfstriebwagen 1331, Innenraum.jpg",Falk2,false,69,dewiki,2024-10-27 17:22:56
358018315,USS South Dakota (BB-57),Ambross07,false,16,dewiki,2024-10-27 17:22:58
1833620415,Talk:Claudymar Garcés,Cewbot,true,-14,enwiki,2024-10-27 17:23:01
358018304,Speicherproteine,Marina Ultrablue,false,3,dewiki,2024-10-27 17:22:43
1833620404,Talk:Veranika Ivanova,Cewbot,true,-13,enwiki,2024-10-27 17:22:58
1833620416,Serena McDonald,Losipov,false,12,enwiki,2024-10-27 17:23:01
1833620208,Wikipedia:Administrators' noticeboard,Black Kite,false,30,enwiki,2024-10-27 17:22:23
1833620312,Huang Yi-ling,SmartyPants22,false,238,enwiki,2024-10-27 17:22:41
358018307,Meares Irlen Syndrom,M2k~dewiki,false,-9,dewiki,2024-10-27 17:22:51
358018316,Kharayeb,Eptalon,false,1,dewiki,2024-10-27 17:22:58
1833620419,"Mary, Queen of Scots",Unoquha,false,30,enwiki,2024-10-27 17:22:58
1833620313,"Martely, Beryozovsky District, Perm Krai",Monkbot,true,1,enwiki,2024-10-27 17:22:41
358018317,Wikipedia:Administratoren/Anfragen,Ameisenigel,false,130,dewiki,2024-10-27 17:22:58
1833620209,Talk:Vasilis Gavriilidis,Cewbot,true,0,enwiki,2024-10-27 17:22:28
1833620317,Talk:Mariah Fujimagari,Cewbot,true,-13,enwiki,2024-10-27 17:22:43
358018312,Filmjahr 1997,Bernd Winnig,false,79,dewiki,2024-10-27 17:22:55
1833620405,Ivao Group,Monkbot,true,1,enwiki,2024-10-27 17:22:58
1833620210,Talk:Julian II the Roman,Surayeproject3,false,119,enwiki,2024-10-27 17:22:29
1833620318,User talk:No No No No Name fu,Drmies,false,752,enwiki,2024-10-27 17:22:44
1833620406,Marvel Epic Collection,Peterspeterson,false,83,enwiki,2024-10-27 17:22:49
1833620300,Allan Pinkerton,Memer15151,false,19,enwiki,2024-10-27 17:22:38
358018310,Wikipedia:Wiki Loves Earth 2024/Deutschland/Tab,GPSLeo,false,114,dewiki,2024-10-27 17:22:53
358018313,Portal:Film und Fernsehen/Kinostarts 2010,Jobu0101,false,15,dewiki,2024-10-27 17:22:46
1833620411,Varsey Rhododendron Sanctuary,Plastikspork,false,2,enwiki,2024-10-27 17:23:00
1833620215,Talk:Palaeotherium/GA2,PrimalMustelid,false,691,enwiki,2024-10-27 17:22:30
358018303,Wikipedia:WikiProjekt Frauen/Frauen in Rot/Fehlende Artikel nach Nationalität/US-Amerikanerinnen,TaxonBot,true,555,dewiki,2024-10-27 17:21:49
1833620319,Dietmar Kühbauer,Saintandy7,false,0,enwiki,2024-10-27 17:22:42
358018314,Golok,Nukelavee,false,12,dewiki,2024-10-27 17:22:57
358018318,New Leicester,Invisigoth67,false,2,dewiki,2024-10-27 17:23:01
1833620516,Adventures from the Book of Virtues,Vidpro23,false,-2488,enwiki,2024-10-27 17:23:18
1833620615,SEAY,Alfshire,false,115,enwiki,2024-10-27 17:23:38
1833620713,Talk:Nicholas Asbury,Rfl0216,false,-21,enwiki,2024-10-27 17:24:00
1833620519,File:DavidWarburton2024.jpeg,188.163.69.47,false,21,enwiki,2024-10-27 17:23:20
1833620506,Ashtone Morgan,Losipov,false,12,enwiki,2024-10-27 17:23:16
1833620507,2020 World Series,Muboshgu,false,-1094,enwiki,2024-10-27 17:23:14
1833620508,Universalmuseum Joanneum,Monkbot,true,1,enwiki,2024-10-27 17:23:16
1833620703,Mevalonate kinase deficiency,Ozzie10aaaa,false,-2,enwiki,2024-10-27 17:23:57
1833620512,Bill Brown (American football),Aadirulez8,false,-2,enwiki,2024-10-27 17:23:18
1833620605,Talk:Asiman Gurbanli,Cewbot,true,-11,enwiki,2024-10-27 17:23:37
1833620709,User talk:YoNefi,Drm310,false,3014,enwiki,2024-10-27 17:23:59
1833620513,2024 Vorarlberg state election,Glasperlenspieler,false,50,enwiki,2024-10-27 17:23:18
1833620607,Talk:My Future You,Rfl0216,false,32,enwiki,2024-10-27 17:23:38
1833620711,Talk:Joseph Hammond (fundraiser),Cewbot,true,-37,enwiki,2024-10-27 17:23:58
1833620514,Talk:Ivet Goranova,Cewbot,true,9,enwiki,2024-10-27 17:23:19
1833620613,Callum Ah Chee,122.199.54.184,false,30,enwiki,2024-10-27 17:23:36
1833620710,Les Ilhes,Monkbot,true,1,enwiki,2024-10-27 17:23:56
1833620501,Talk:Tareg Hamedi,Cewbot,true,-14,enwiki,2024-10-27 17:23:16
1833620515,Drosera glabriscapa,JarrahTree,false,45,enwiki,2024-10-27 17:23:19
1833620614,Steven Morris (Australian footballer),MacgregorOrchard,false,88,enwiki,2024-10-27 17:23:38
1833620712,Drosera glabriscapa,JarrahTree,false,43,enwiki,2024-10-27 17:23:58
1833620714,KSI vs Logan Paul,I exist tbh,false,-10421,enwiki,2024-10-27 17:23:58
1833620815,Aso Villa,PraisingDavid,false,-27,enwiki,2024-10-27 17:24:17
1833620913,Dharanboodhoo (Faafu Atoll),209.212.208.206,false,2,enwiki,2024-10-27 17:24:35
1833620816,User:Lucidpp,Drm310,false,23,enwiki,2024-10-27 17:24:18
1833620917,"Church of the Savior, Bydgoszcz",Monkbot,true,5,enwiki,2024-10-27 17:24:35
1833620802,Talk:Vladimir Ignatenko,Cewbot,true,11,enwiki,2024-10-27 17:24:13
1833620918,A Just Russia – For Truth,PLATEL,false,960,enwiki,2024-10-27 17:24:34
1833620801,Fukushima nuclear accident,Czarking0,false,1,enwiki,2024-10-27 17:24:07
1833620818,M*A*S*H season 2,Moe1810,false,0,enwiki,2024-10-27 17:24:18
1833620919,Talk:Hermann Carl Hagen,Cewbot,true,-3,enwiki,2024-10-27 17:24:37
1833620808,User:Bilingual24!/template,Bilingual24!,false,840,enwiki,2024-10-27 17:24:15
1833620810,Timeline of the Israel–Hezbollah conflict (17 September 2024 – present),Chomik1129,false,274,enwiki,2024-10-27 17:24:00
1833620909,Talk:Angela Flowers,Cewbot,true,10,enwiki,2024-10-27 17:24:34
1833620809,User talk:Mike Peel,Mike Peel,false,270,enwiki,2024-10-27 17:24:16
1833620910,Al Ahly (basketball),Dylam X,false,-1,enwiki,2024-10-27 17:24:30
1833620811,Talk:Pentti Hämäläinen (bandy),Cewbot,true,17,enwiki,2024-10-27 17:24:16
1833620911,User:Drm310/CSD log,Drm310,false,136,enwiki,2024-10-27 17:24:24
1833620812,Malá Vrbka,Monkbot,true,1,enwiki,2024-10-27 17:24:15
1833620912,Girl vs. Monster,2601:240:4D81:CDE0:6592:D2F9:A91:814D,false,86,enwiki,2024-10-27 17:24:34
1833621001,Draft:Helen Sarah Thomas,Starklinson,false,10,enwiki,2024-10-27 17:24:51
1833621012,Talk:Fukushima nuclear accident/GA1,Czarking0,false,182,enwiki,2024-10-27 17:24:52
358018407,Benutzer:MArcus Sinus/Notizen,MArcus Sinus,false,22,dewiki,2024-10-27 17:25:13
358018411,Benutzer:Mailtosap/Werkstatt,Mailtosap,false,600,dewiki,2024-10-27 17:25:20
1833621214,Wem–Bridgemere–Red Rock Fault System,Dicklyon,false,58,enwiki,2024-10-27 17:25:31
1833621003,SS Stettin (1933),Nareto,false,118,enwiki,2024-10-27 17:24:52
1833621016,The King of Comedy (film),Marcus Markup,false,-11,enwiki,2024-10-27 17:24:52
1833621216,Template:NFL on NBC,Abhiramakella,false,49,enwiki,2024-10-27 17:25:30
1833621002,UConn–UMass rivalry,Sportsstatsguy,false,2,enwiki,2024-10-27 17:24:49
1833621101,Bloody Beggar,81.99.233.175,false,27,enwiki,2024-10-27 17:25:08
358018413,Wikipedia:Wiki Loves Earth 2024/Deutschland/Tab unten,GPSLeo,false,114,dewiki,2024-10-27 17:25:24
1833621201,Aristodimeio,Monkbot,true,1,enwiki,2024-10-27 17:25:25
1833621218,Ediciones Atalanta,Xabier,false,8,enwiki,2024-10-27 17:25:31
1833621004,Literacy in Bihar,106.219.87.185,false,0,enwiki,2024-10-27 17:24:52
358018405,Katina Schubert,F3RaN,false,-44,dewiki,2024-10-27 17:25:09
358018417,Ljudmil Stojanow,Magipulus,false,4,dewiki,2024-10-27 17:25:29
1833621219,Talk:Stacy Davis Gates,Cewbot,true,10,enwiki,2024-10-27 17:25:31
1833621005,Carlos Soler,Enricoashton,false,0,enwiki,2024-10-27 17:24:49
358018400,Benutzer:Asakura Akira/Baustelle/Ergebnisse der japanischen Abgeordnetenhauswahl 202x,Asakura Akira,false,46,dewiki,2024-10-27 17:25:01
1833621108,Talk:George Freeling,Cewbot,true,0,enwiki,2024-10-27 17:25:10
1833621203,Transport in Vietnam,118.101.171.75,false,-13,enwiki,2024-10-27 17:25:26
1833621006,Talk:Marie Gaudin,Cewbot,true,20,enwiki,2024-10-27 17:24:52
358018401,Portal:Film und Fernsehen/Kinostarts 2012,Jobu0101,false,21,dewiki,2024-10-27 17:24:49
1833621109,A Lonely Woman,Monkbot,true,1,enwiki,2024-10-27 17:25:10
1833621204,Talk:Cléver Jiménez,Cewbot,true,6,enwiki,2024-10-27 17:25:28
358018418,Franz Ruisinger (Jurist),Nico308,false,636,dewiki,2024-10-27 17:25:33
1833621007,Sexual cannibalism,ThePeasant50,false,23,enwiki,2024-10-27 17:24:52
358018402,Erhöhter Blutdruck,Bahnmoeller,false,-4,dewiki,2024-10-27 17:25:06
358018403,BLR (Unternehmen),Boonekamp,false,-22,dewiki,2024-10-27 17:25:08
1833621110,List of number-one songs from 1989 to 2005 (Panama),RingoSmitz,false,3,enwiki,2024-10-27 17:25:05
1833621205,Hamand Khaleseh Vadan,Bkell,false,-8,enwiki,2024-10-27 17:25:29
1833621111,Widerøe Flight 744,BMJ-pdx,false,-22,enwiki,2024-10-27 17:25:10
1833621206,Dijkstra's algorithm,InspectorMendel,false,13,enwiki,2024-10-27 17:25:26
1833621009,User:Walter Tau,Walter Tau,false,2,enwiki,2024-10-27 17:24:54
1833621118,Talk:Miho Nakayama (comedian),108.54.115.42,false,170,enwiki,2024-10-27 17:25:12
358018415,HMS Inglefield (D02),Ambross07,false,15,dewiki,2024-10-27 17:25:25
1833621208,Gibraltar national under-17 football team,VampireKilla,false,1,enwiki,2024-10-27 17:25:26
1833621000,Transport in Vietnam,118.101.171.75,false,13,enwiki,2024-10-27 17:24:49
1833621011,Shimelis Abdisa,AusLondonder,false,1959,enwiki,2024-10-27 17:24:53
358018404,Fußball-Bundesliga/Rekorde,LegoFCB,false,0,dewiki,2024-10-27 17:24:27
1833621119,Talk:Yahya Sinwar,156.222.103.208,false,238,enwiki,2024-10-27 17:25:06
358018412,Karl Rössing,F. Peter Müller,false,84,dewiki,2024-10-27 17:25:22
1833621213,Apt. (song),Phibeatrice,false,1326,enwiki,2024-10-27 17:25:28
1833621302,Timeline of the Israel–Hezbollah conflict (17 September 2024 – present),Chomik1129,false,1,enwiki,2024-10-27 17:25:31
1833621314,Economy of the Western Cape,Quebec99,false,1,enwiki,2024-10-27 17:25:50
1833621406,Křinice,Monkbot,true,1,enwiki,2024-10-27 17:26:06
1833621315,2024 European Championship (darts),LBLM9253,false,47,enwiki,2024-10-27 17:25:48
1833621408,Category talk:South Korean writers,Simeon,false,32,enwiki,2024-10-27 17:26:08
1833621304,Talk:Rosalee Glass,Cewbot,true,38,enwiki,2024-10-27 17:25:49
1833621317,2024 New Way Cargo Airlines Ilyushin Il-76 shootdown,XTheBedrockX,false,-28,enwiki,2024-10-27 17:25:50
1833621410,Al Ahly (table tennis),Dylam X,false,-145,enwiki,2024-10-27 17:26:07
1833621305,Template:CAF Confederation Cup seasons,محمد أمين الطرابلسي,false,-3,enwiki,2024-10-27 17:25:50
1833621316,Sam Spade (software),Balph Eubank,false,-1411,enwiki,2024-10-27 17:25:52
1833621414,Draft talk:Stefan Norblin de la Gourdaine,Wikibenchris,false,10,enwiki,2024-10-27 17:26:10
1833621306,Gender neutrality in languages with gendered third-person pronouns,90.142.52.139,false,12,enwiki,2024-10-27 17:25:47
1833621318,2025 UEFA European Under-17 Championship qualification,Max2610,false,0,enwiki,2024-10-27 17:25:45
1833621415,Broadcast signal intrusion,2600:1702:5225:C010:158D:38CB:7223:A413,false,819,enwiki,2024-10-27 17:26:08
1833621307,2024 Jharkhand Legislative Assembly election,RITWIK MAHATA,false,170,enwiki,2024-10-27 17:25:46
1833621319,La Rouvière,Monkbot,true,1,enwiki,2024-10-27 17:25:49
1833621400,Scaphander,JoJan,false,821,enwiki,2024-10-27 17:26:05
1833621417,List of characters in the Family Guy franchise,Asav,false,-4,enwiki,2024-10-27 17:26:08
1833621401,Alexander Steen Olsen,Sunay1986,false,1,enwiki,2024-10-27 17:26:06
1833621418,Philly Special,2001:1970:488E:DC00:0:0:0:43EE,false,-13,enwiki,2024-10-27 17:26:09
1833621311,Talk:Lothar Rădăceanu,Turgidson,false,691,enwiki,2024-10-27 17:25:49
1833621403,Talk:Eileen Fitzer,Cewbot,true,0,enwiki,2024-10-27 17:26:07
1833621419,Government of the United Kingdom,Dn9ahx,false,0,enwiki,2024-10-27 17:26:08
1833621404,Cambridge R.U.F.C.,The red man of rugby,false,-4,enwiki,2024-10-27 17:26:05
1833621313,Abdelaziz Barrada,Unknown Temptation,false,-27,enwiki,2024-10-27 17:25:50
1833621405,Un lío de millones,Asqueladd,false,30,enwiki,2024-10-27 17:26:07
1833621603,Timeline of the Israel–Hezbollah conflict (17 September 2024 – present),Chomik1129,false,-407,enwiki,2024-10-27 17:26:27
1833621701,Boris Gourevitch,Andriyrussu,false,44,enwiki,2024-10-27 17:27:03
1833621717,Talk:Turkey,Bogazicili,false,1,enwiki,2024-10-27 17:27:02
1833621604,2025 UEFA European Under-17 Championship qualification,Max2610,false,10,enwiki,2024-10-27 17:26:38
1833621702,As Long as the Sun Lasts,Czar,false,1,enwiki,2024-10-27 17:27:03
1833621718,Category:Neville Chamberlain,Tuhin,false,52,enwiki,2024-10-27 17:27:08
1833621507,Joker: Folie à Deux,Smeagol 17,false,473,enwiki,2024-10-27 17:26:27
1833621605,Value conservatism,Onel5969,false,11,enwiki,2024-10-27 17:26:45
1833621719,Gibraltar national under-17 football team,VampireKilla,false,0,enwiki,2024-10-27 17:27:06
1833621607,Talk:List of Serbian hajduks,Cewbot,true,-26,enwiki,2024-10-27 17:26:46
1833621703,Sheikh Said rebellion,Mandsford,false,7,enwiki,2024-10-27 17:27:02
1833621508,National Party (Uruguay),ZlatanSweden10,false,28,enwiki,2024-10-27 17:26:26
1833621608,Diary of a Wimpy Kid,SirZPthundergod9001,false,-6,enwiki,2024-10-27 17:26:45
1833621705,Talk:Tina La Porta,Cewbot,true,16,enwiki,2024-10-27 17:27:04
1833621511,Draft:Stefan Norblin de la Gourdaine,Wikibenchris,false,-143,enwiki,2024-10-27 17:26:29
1833621609,2024 Sudan famine,XTheBedrockX,false,81,enwiki,2024-10-27 17:26:46
1833621513,Draft talk:J. Nelson Le Fevre,Cewbot,true,-39,enwiki,2024-10-27 17:26:31
1833621601,Pontifical Greek College of Saint Athanasius,Monkbot,true,2,enwiki,2024-10-27 17:26:44
1833621610,"Frankford Township, Mower County, Minnesota",Bkell,false,-28,enwiki,2024-10-27 17:26:47
1833621707,Slamna Vas,Monkbot,true,2,enwiki,2024-10-27 17:27:04
1833621514,How I Ended This Summer,Monkbot,true,1,enwiki,2024-10-27 17:26:30
1833621612,Axios (website),Cfls,false,-14,enwiki,2024-10-27 17:26:45
1833621708,M. L. A. M. Hizbullah,Armkiyas,false,184,enwiki,2024-10-27 17:27:03
1833621519,KSI vs Logan Paul,I exist tbh,false,-1,enwiki,2024-10-27 17:26:32
1833621602,Artjom Artjunin,82.131.0.214,false,-4,enwiki,2024-10-27 17:26:44
1833621614,Giannis Skarimpas,Monkbot,true,1,enwiki,2024-10-27 17:26:47
1833621713,Talk:Sung-Ngoen Kanjana,Cewbot,true,1,enwiki,2024-10-27 17:27:07
1833621700,Séméac,Monkbot,true,1,enwiki,2024-10-27 17:27:00
1833621716,Talk:Hurricane Kristy (2024),Sria-72,false,536,enwiki,2024-10-27 17:27:07
1833621806,Talk:Dax Eric López,Cewbot,true,-92,enwiki,2024-10-27 17:27:28
358018512,Last Chance Canyon,Atirador,false,22,dewiki,2024-10-27 17:27:44
1833621911,Talk:Ann Haydon Jones,Cewbot,true,-8,enwiki,2024-10-27 17:27:50
1833621805,Talk:Comus,Michael Aurel,false,-5,enwiki,2024-10-27 17:27:29
358018503,Martin Schirdewan,F3RaN,false,-44,dewiki,2024-10-27 17:27:35
358018516,"Belfast (Schiff, 1939)",Ambross07,false,6,dewiki,2024-10-27 17:27:47
1833621913,Steven Hartley,Tolousecat,false,3,enwiki,2024-10-27 17:27:50
1833621813,Bahawalpur Province,WikiEnthusiast1001,false,549,enwiki,2024-10-27 17:27:30
358018508,Angkatan 45,Magipulus,false,4,dewiki,2024-10-27 17:27:40
1833621901,User talk:No No No No Name fu,Joyous!,false,712,enwiki,2024-10-27 17:27:47
1833621918,List of equipment of the Republic of Korea Army,Eurohunter,false,47,enwiki,2024-10-27 17:27:47
1833621814,Talk:Roni Lee,Cewbot,true,0,enwiki,2024-10-27 17:27:31
358018509,"Vanguard (Schiff, 1945)",Ambross07,false,-6,dewiki,2024-10-27 17:27:39
1833621906,Carl Rose Tenement,Monkbot,true,1,enwiki,2024-10-27 17:27:47
1833621816,I Can't Explain,RockNWrite82,false,2,enwiki,2024-10-27 17:27:31
358018513,Duke of York (Begriffsklärung),Ambross07,false,6,dewiki,2024-10-27 17:27:45
358018518,Benutzer:Wurgl/Fehler GND,Silewe,false,158,dewiki,2024-10-27 17:27:36
1833621817,Fukushima nuclear accident,Czarking0,false,-13,enwiki,2024-10-27 17:27:26
358018519,Liste der olympischen Medaillengewinner aus Kasachstan,Uwe Nellner,false,-123,dewiki,2024-10-27 17:27:48
1833621818,User talk:Nishidani,Nishidani,false,30,enwiki,2024-10-27 17:27:29
358018504,Liste der Nummer-eins-Hits in der Schweiz (2024),Lk95,false,164,dewiki,2024-10-27 17:27:36
1833621907,Andrea Curiale,GoodDay,false,-14,enwiki,2024-10-27 17:27:49
1833621819,"La Rochette, Ardèche",Monkbot,true,1,enwiki,2024-10-27 17:27:30
358018505,2. Fußball-Bundesliga 2024/25,HSV1887,false,363,dewiki,2024-10-27 17:27:35
358018510,Eckhart Schmidt,2A02:908:1B12:720:9DDA:1E7B:62CA:7860,false,-2,dewiki,2024-10-27 17:27:41
1833621908,Ilia Eloshvili,Sam20020202,false,36,enwiki,2024-10-27 17:27:47
1833621802,Manthos Katsoulis,Monkbot,true,1,enwiki,2024-10-27 17:27:27
358018502,Quang Dũng,Ysabella,false,19,dewiki,2024-10-27 17:27:34
358018506,Kategorie:Triebfahrzeug (Ferrovia della Valle Seriana),Mef.ellingen,false,-37,dewiki,2024-10-27 17:27:38
358018511,"Scharnhorst (Schiff, 1939)",Ambross07,false,6,dewiki,2024-10-27 17:27:42
358018515,Fenster zum Jenseits,INDY,false,44,dewiki,2024-10-27 17:27:46
1833621909,Concentrated solar power,Robertiki,false,38,enwiki,2024-10-27 17:27:46
358018501,Liste der Stolpersteine in Augsburg,Herzi Pinki,false,19,dewiki,2024-10-27 17:27:18
1833621804,Face 2 Face (talk show),64.224.132.6,false,48,enwiki,2024-10-27 17:27:28
1833621910,Joe Clifford,24.7.115.117,false,3,enwiki,2024-10-27 17:27:49
1833622002,Peneia Pony,Monkbot,true,5,enwiki,2024-10-27 17:28:11
1833622016,Hurricane Kristy (2024),Sria-72,false,140,enwiki,2024-10-27 17:28:13
1833622101,Ethiopian National Defense Force,Beka7800,false,12,enwiki,2024-10-27 17:28:30
1833622003,2024–25 Eredivisie,Wikizin,false,0,enwiki,2024-10-27 17:28:10
1833622018,Economy of the Western Cape,Quebec99,false,0,enwiki,2024-10-27 17:28:13
1833622119,User:Plastikspork/Transclusions of missing templates/1,SporkBot,true,-2309,enwiki,2024-10-27 17:28:37
1833622004,Carlos Rodón,Yankees10,false,-91,enwiki,2024-10-27 17:28:09
1833622019,Tarlok Nath Shorey,Turtlens,false,310,enwiki,2024-10-27 17:28:15
1833622102,Midnight's Children,Baraengrabb,false,-70,enwiki,2024-10-27 17:28:33
1833622005,Any Colour You Like,95.24.231.0,false,-3,enwiki,2024-10-27 17:28:12
1833622017,Pamir Mountains,PakistanEditor,false,-72,enwiki,2024-10-27 17:28:12
1833622103,Talk:Michelle Steel,The Mountain of Eden,false,80,enwiki,2024-10-27 17:28:33
1833622009,Billie Marten,Starklinson,false,-6,enwiki,2024-10-27 17:28:11
1833622105,Deaths in 2024,Jtnav04,false,304,enwiki,2024-10-27 17:28:31
1833622011,Talk:Janet Kirina,Cewbot,true,0,enwiki,2024-10-27 17:28:14
1833622106,Talk:Ntandoyenkosi Kunene,Cewbot,true,-10,enwiki,2024-10-27 17:28:35
1833622012,List of Richmond Football Club seasons,MacgregorOrchard,false,2906,enwiki,2024-10-27 17:28:10
1833622114,Category:Winston Churchill,Tuhin,false,70,enwiki,2024-10-27 17:28:35
1833622013,Soft Lights and Sweet Music,Citation bot,true,33,enwiki,2024-10-27 17:28:13
1833622113,Oueilloux,Monkbot,true,1,enwiki,2024-10-27 17:28:32
1833622014,Kritai katholikoi,Monkbot,true,1,enwiki,2024-10-27 17:28:14
1833622000,Talk:Discrimination against men,Dimadick,false,34,enwiki,2024-10-27 17:28:09
1833622015,Genitourinary microbiome,LexyKruse,false,-30,enwiki,2024-10-27 17:28:15
1833622118,Máel Petair of Mearns,Hogbade,false,-46,enwiki,2024-10-27 17:28:35
1833622219,Ayman Rashdan Wong,CyberTroopers,false,148,enwiki,2024-10-27 17:28:57
1833622307,Luca Dal Fabbro,Tespiano,false,-11,enwiki,2024-10-27 17:29:17
1833622308,User:ClueBot III/Indices/User talk:ScottishFinnishRadish,ClueBot III,true,53,enwiki,2024-10-27 17:29:19
1833622309,2024 Iowa Hawkeyes football team,Mooreux,false,25,enwiki,2024-10-27 17:29:16
1833622200,User:Anthrolologist/sandbox,Anthrolologist,false,440,enwiki,2024-10-27 17:28:57
1833622312,Talk:Thea LaFond,Cewbot,true,-12,enwiki,2024-10-27 17:29:20
1833622212,MeToo movement,2605:B100:D08:76BB:AC07:2D4E:1AD8:A561,false,-1,enwiki,2024-10-27 17:28:42
1833622313,Batumi Botanical Garden,Bkell,false,-19,enwiki,2024-10-27 17:29:20
1833622214,Mo Harris,146.199.140.26,false,12,enwiki,2024-10-27 17:28:57
1833622315,Coal strikes,Killarnee,false,58,enwiki,2024-10-27 17:29:21
1833622213,Labastide-Chalosse,Monkbot,true,1,enwiki,2024-10-27 17:28:55
1833622319,User talk:Nishidani,Nishidani,false,-1,enwiki,2024-10-27 17:29:18
1833622216,List of equipment of the Republic of Korea Army,Eurohunter,false,18,enwiki,2024-10-27 17:28:54
1833622217,Hawk the Slayer,Quick and Dirty User Account,false,158,enwiki,2024-10-27 17:28:58
1833622218,Tsogbadrakhyn Mönkhzul,SmartyPants22,false,61,enwiki,2024-10-27 17:28:57
1833622408,Talk:Fukushima nuclear accident/GA1,Czarking0,false,100,enwiki,2024-10-27 17:29:36
1833622500,Talk:Assassin's Creed (video game),Lnbean,false,640,enwiki,2024-10-27 17:29:50
1833622519,Miss Universe 2024,Sophies mommy1988,false,-19,enwiki,2024-10-27 17:29:53
1833622603,Talk:Volodymyr Krynskyi,Cewbot,true,-11,enwiki,2024-10-27 17:30:11
358018603,Marcel Hirscher,Florian100100,false,185,dewiki,2024-10-27 17:30:12
1833622413,Tam Shek-wing,Will629,false,-4,enwiki,2024-10-27 17:29:37
1833622501,Category talk:Hungarian women dramatists and playwrights,Simeon,false,10,enwiki,2024-10-27 17:29:53
1833622604,Alonzo W. Pond,178.255.168.37,false,307,enwiki,2024-10-27 17:30:11
1833622415,United Nations Partisan Infantry Korea,2001:FB1:11:C56D:A161:A9CE:3E5D:C779,false,99,enwiki,2024-10-27 17:29:38
1833622502,Luc Economides,Bgsu98,false,87,enwiki,2024-10-27 17:29:52
1833622606,The King of Comedy (film),Marcus Markup,false,-1,enwiki,2024-10-27 17:30:09
358018604,Zheng Zuoxin,Melly42,false,14,dewiki,2024-10-27 17:30:17
1833622416,Azerbaijan Airlines,Bruce1ee,false,-40,enwiki,2024-10-27 17:29:37
358018600,Piratensender,H7,false,4,dewiki,2024-10-27 17:30:08
1833622612,Janská,Monkbot,true,1,enwiki,2024-10-27 17:30:11
1833622414,User talk:Parsecboy,Parsecboy,false,272,enwiki,2024-10-27 17:29:37
1833622508,Metropolitan Police,Elshad,false,-19,enwiki,2024-10-27 17:29:52
1833622614,Talk:Steven Leung,Cewbot,true,9,enwiki,2024-10-27 17:30:14
1833622401,Miss Charm,Sciencefish,false,-6,enwiki,2024-10-27 17:29:36
1833622417,England–Wales border,Editor account 2222,false,-16,enwiki,2024-10-27 17:29:35
1833622509,Adventurers of the North: Kalevala Heroes,2001:99A:80E:3A00:B9D5:DE85:2B15:838D,false,13,enwiki,2024-10-27 17:29:53
1833622615,Black bushbird,Aadirulez8,false,-8,enwiki,2024-10-27 17:30:12
1833622402,Fly2Sky Airlines,2001:818:E2B3:5B00:F057:F8D7:DE9F:DF36,false,1,enwiki,2024-10-27 17:29:36
1833622418,Talk:Chacoum Koutouan,Cewbot,true,-11,enwiki,2024-10-27 17:29:38
1833622510,Abhiyum Naanum (film),AnomieBOT,true,72,enwiki,2024-10-27 17:29:53
358018602,Wikipedia:Verschiebewünsche,Blackpaw the Wolf,false,508,dewiki,2024-10-27 17:30:15
1833622403,"Ernest, Margrave of Austria",Monkbot,true,1,enwiki,2024-10-27 17:29:35
1833622513,Talk:Li Xiaolin (politician),Cewbot,true,9,enwiki,2024-10-27 17:29:56
358018605,Ines Schwerdtner,F3RaN,false,47,dewiki,2024-10-27 17:30:18
1833622514,Oleg Reabciuk,Geregen2,false,-3,enwiki,2024-10-27 17:29:55
1833622602,Saulzet,Monkbot,true,1,enwiki,2024-10-27 17:30:08
358018606,Vorlage:Revert-Statistik,Revert-Statistik,true,0,dewiki,2024-10-27 17:30:20
1833622407,Jim McAnearney,GiantSnowman,false,100,enwiki,2024-10-27 17:29:36
1833622515,"Saint-Vivien, Dordogne",Monkbot,true,1,enwiki,2024-10-27 17:29:54
358018601,Liste der Studentenverbindungen in Aachen,Alrael,false,1233,dewiki,2024-10-27 17:30:10
358018608,Liste bedeutender Schiffsversenkungen,Ambross07,false,22,dewiki,2024-10-27 17:30:14
1833622702,The Yankee,Dugan Murphy,false,-1,enwiki,2024-10-27 17:30:30
1833622710,Bodva,Monkbot,true,3,enwiki,2024-10-27 17:30:32
1833622703,1979 Western Michigan Broncos football team,Patriarca12,false,2372,enwiki,2024-10-27 17:30:30
1833622810,Michalis Iliadis,Monkbot,true,1,enwiki,2024-10-27 17:30:48
1833622704,Antanas Juška,Monkbot,true,1,enwiki,2024-10-27 17:30:28
358018607,Bulsten,M2k~dewiki,false,1,dewiki,2024-10-27 17:30:22
358018609,Nabob (Schiff),Ambross07,false,6,dewiki,2024-10-27 17:30:24
358018612,Henry Leach,Ambross07,false,12,dewiki,2024-10-27 17:30:27
358018615,Benutzer:Lena1/Entwürfe,CHR!S,false,301,dewiki,2024-10-27 17:30:32
1833622814,List of NXT Tag Team Champions,DepressedPer,false,6613,enwiki,2024-10-27 17:30:47
358018610,Karl Ruppert (Archivar),Fritz Krischen,false,-11,dewiki,2024-10-27 17:30:25
358018613,Liste der Flughäfen und Flugplätze auf den Bahamas,Adtonko,false,-254,dewiki,2024-10-27 17:30:26
1833622705,Talk:Konstantinos Keramidas,Cewbot,true,5,enwiki,2024-10-27 17:30:32
358018618,Geleitzug PQ 16,Ambross07,false,6,dewiki,2024-10-27 17:30:35
1833622817,Talk:Mehmed Sadık,Killarnee,false,-28,enwiki,2024-10-27 17:30:50
358018611,RENFE-Baureihe 102,Mef.ellingen,false,-38,dewiki,2024-10-27 17:30:25
1833622706,Miss Universe 2024,Sophies mommy1988,false,-18,enwiki,2024-10-27 17:30:28
1833622816,Miss Charm,Sciencefish,false,31,enwiki,2024-10-27 17:30:49
1833622707,Miss Grand Myanmar,Ngbeam,false,2,enwiki,2024-10-27 17:30:30
1833622818,Ai sponge,Belbury,false,-118,enwiki,2024-10-27 17:30:49
358018616,Z 29,Ambross07,false,6,dewiki,2024-10-27 17:30:33
1833622819,Talk:Lee Chung-ping,Cewbot,true,17,enwiki,2024-10-27 17:30:50
358018614,Kampfgruppe (Kriegsmarine),Ambross07,false,6,dewiki,2024-10-27 17:30:30
358018617,Benutzer:Asakura Akira/Baustelle/Ergebnisse der japanischen Abgeordnetenhauswahl 202x,Asakura Akira,false,36,dewiki,2024-10-27 17:30:30
1833622801,Maxus,Andra Febrian,false,335,enwiki,2024-10-27 17:30:45
1833622701,Uncle Albert,2A00:23C8:6FBA:7D01:E1E7:B831:362B:3820,false,6,enwiki,2024-10-27 17:30:29
1833622709,"Museum of Modern Art, Warsaw",Artemis Andromeda,false,172,enwiki,2024-10-27 17:30:32
1833622805,Talk:David Diaan,98.123.38.211,false,224,enwiki,2024-10-27 17:30:48
1833623013,Page Act of 1875,2600:1700:25B1:D0C0:4546:5662:B98E:50E6,false,-1,enwiki,2024-10-27 17:31:22
1833623018,Mark McMenamin,Zhenghecaris,false,32,enwiki,2024-10-27 17:31:23
1833622916,Wanchai Jarunongkran,1.4.192.157,false,0,enwiki,2024-10-27 17:31:06
1833623019,User talk:OlifanofmrTennant,Sekipllanaofficial,false,371,enwiki,2024-10-27 17:31:21
1833622917,Bharti Airtel,CommanderOfIndus,false,-16,enwiki,2024-10-27 17:31:02
1833622918,Tonia (name),Monkbot,true,2,enwiki,2024-10-27 17:31:07
1833622919,Danil Prutsev,Geregen2,false,1,enwiki,2024-10-27 17:31:07
1833622909,Łódź Ghetto mark,Monkbot,true,3,enwiki,2024-10-27 17:31:04
1833622910,Talk:Dennis Kaars,Cewbot,true,-13,enwiki,2024-10-27 17:31:05
1833623012,2024 K3 League,Jaanklaas,false,12,enwiki,2024-10-27 17:31:22
1833623216,Anne C. Steinemann,GVB012009,false,78,enwiki,2024-10-27 17:31:54
1833623110,Igor Chislenko,Monkbot,true,1,enwiki,2024-10-27 17:31:39
1833623217,User talk:C.Fred/Archive 32,Lowercase sigmabot III,true,11757,enwiki,2024-10-27 17:31:51
1833623100,Relational algebra,Darcourse,false,-298,enwiki,2024-10-27 17:31:35
1833623111,Kopi Kade,203.189.185.210,false,-4,enwiki,2024-10-27 17:31:40
1833623219,Talk:Veruska Ljubisavljević,Cewbot,true,18,enwiki,2024-10-27 17:31:56
1833623101,Talk:Celia Kitzinger,Cewbot,true,6,enwiki,2024-10-27 17:31:38
1833623102,Wikipedia:Featured picture candidates,Armbrust,false,0,enwiki,2024-10-27 17:31:35
1833623112,Talk:Ryoyu Kobayashi,Cewbot,true,11,enwiki,2024-10-27 17:31:41
1833623113,Wikipedia:Featured picture candidates/October-2024,Armbrust,false,66,enwiki,2024-10-27 17:31:35
1833623114,User talk:Aslan Katf,Drm310,false,3018,enwiki,2024-10-27 17:31:42
1833623106,Gender neutrality in languages with gendered third-person pronouns,90.142.52.139,false,41,enwiki,2024-10-27 17:31:35
1833623115,Talk:Arbayistan,Surayeproject3,false,88,enwiki,2024-10-27 17:31:42
1833623108,The Cornell Daily Sun,Hstoops,false,35,enwiki,2024-10-27 17:31:38
1833623117,Mevalonate kinase deficiency,Ozzie10aaaa,false,6,enwiki,2024-10-27 17:31:42
1833623109,Rotherhithe,86.191.254.132,false,21,enwiki,2024-10-27 17:31:34
358018700,Shin Sang-hoon,Tomyiy,false,101,dewiki,2024-10-27 17:32:15
358018707,RENFE-Baureihe 107,Mef.ellingen,false,-28,dewiki,2024-10-27 17:32:34
1833623417,User:Paul August/Eris (mythology),Paul August,false,14,enwiki,2024-10-27 17:32:37
358018717,Blutdruck,Invisigoth67,false,-1,dewiki,2024-10-27 17:32:46
1833623309,Draft:List of portraits in the United States House of Representatives collection,Sir MemeGod,false,165,enwiki,2024-10-27 17:32:08
358018706,Julius Rupp,Fritz Krischen,false,106,dewiki,2024-10-27 17:32:29
1833623409,"Oktyabrsky District, Amur Oblast",Monkbot,true,1,enwiki,2024-10-27 17:32:32
358018711,Diskussion:Motorradsport,Ch ivk,false,132,dewiki,2024-10-27 17:32:37
1833623310,Paul Sloane,FloridaArmy,false,314,enwiki,2024-10-27 17:32:14
1833623411,Talk:Bryan Jared Kramer,Cewbot,true,-23,enwiki,2024-10-27 17:32:35
1833623311,2025 UEFA European Under-17 Championship qualification,Max2610,false,148,enwiki,2024-10-27 17:32:06
1833623412,Sunset Park (film),Citation bot,true,30,enwiki,2024-10-27 17:32:34
358018718,Austrofaschismus,Invisigoth67,false,0,dewiki,2024-10-27 17:32:49
1833623501,Talk:Younis Lari,Cewbot,true,3,enwiki,2024-10-27 17:32:53
1833623315,Pristina Incident (1999),Bruce1ee,false,54,enwiki,2024-10-27 17:32:15
1833623400,Talk:International direct dialing,JMF,false,-260,enwiki,2024-10-27 17:32:33
358018708,Wikipedia:WikiProjekt Frauen/Frauen in Rot/Fehlende Artikel nach Nationalität/Venezolanerinnen,TaxonBot,true,296,dewiki,2024-10-27 17:32:11
1833623503,Taeyeon,Paper9oll,false,317,enwiki,2024-10-27 17:32:39
1833623316,User talk:Naaiimaziz,Drm310,false,2520,enwiki,2024-10-27 17:32:14
358018705,Denmoza rhodacantha,Invisigoth67,false,1,dewiki,2024-10-27 17:32:26
1833623401,Mevalonate kinase deficiency,Ozzie10aaaa,false,-1024,enwiki,2024-10-27 17:32:32
358018709,Liste der Baudenkmale der Außenbezirke der Stadt Cuxhaven,Roland Kutzki,false,23,dewiki,2024-10-27 17:32:34
358018713,Coi Leray,IWL04,false,-3,dewiki,2024-10-27 17:32:41
1833623502,Sergio Castellitto,129.222.86.217,false,-19,enwiki,2024-10-27 17:32:52
1833623302,Talk:Queen Victoria,185.80.143.147,false,146,enwiki,2024-10-27 17:32:07
1833623317,Wikipedia:New pages patrol/Reports/Easy reviews,SDZeroBot,true,231,enwiki,2024-10-27 17:32:14
1833623402,New Slains Castle,Mike Shepherd 999,false,1766,enwiki,2024-10-27 17:32:30
1833623414,"Alan Irvine (footballer, born 1958)",GiantSnowman,false,86,enwiki,2024-10-27 17:32:34
1833623509,Leeds International Piano Competition,Fort esc,false,25,enwiki,2024-10-27 17:32:53
1833623304,Miradoux,Monkbot,true,1,enwiki,2024-10-27 17:32:10
1833623318,Le Fel,Monkbot,true,1,enwiki,2024-10-27 17:32:14
1833623407,Christopher Martins,Geregen2,false,1,enwiki,2024-10-27 17:32:33
1833623415,Qartaba,206.62.50.5,false,0,enwiki,2024-10-27 17:32:33
358018712,Liste der Münchner U-Bahnhöfe,Herzi Pinki,false,40,dewiki,2024-10-27 17:32:33
358018714,Beilun,Furfur,false,-15,dewiki,2024-10-27 17:32:42
358018716,Vorlage:Turnierplan4-5,Antonsusi,false,186,dewiki,2024-10-27 17:32:45
358018719,Michael Skibbe,94.216.237.95,false,-604,dewiki,2024-10-27 17:32:50
1833623516,Attavyros (municipality),Monkbot,true,1,enwiki,2024-10-27 17:32:53
1833623305,Peter Shreeves,GiantSnowman,false,1871,enwiki,2024-10-27 17:32:12
1833623406,Amnesia,2603:300A:2335:2600:ADEB:DBA0:9DC8:5195,false,2115,enwiki,2024-10-27 17:32:22
1833623416,Wikipedia:In the news/Candidates,Unknown Temptation,false,746,enwiki,2024-10-27 17:32:31
1833623306,Talk:List of Justices of the Supreme Court of Canada by Birthplace,Cewbot,true,-13,enwiki,2024-10-27 17:32:14
1833623408,2024 Curitiba Challenger – Singles,The Sports Gnome,false,14,enwiki,2024-10-27 17:32:33
358018710,Buer (Melle),M2k~dewiki,false,4,dewiki,2024-10-27 17:32:37
1833623615,List of Sonic X episodes,2601:18F:180:4720:B976:68CD:8A07:F302,false,-15,enwiki,2024-10-27 17:33:13
1833623701,Talk:Bharat Kamma,Cewbot,true,-18,enwiki,2024-10-27 17:33:35
1833623715,William Terrell,Rofraja,false,159,enwiki,2024-10-27 17:33:37
1833623702,Carol Ann Duffy,2409:4060:2E86:4880:0:0:5948:3C10,false,219,enwiki,2024-10-27 17:33:32
1833623716,Deniz Öncü,Sunay1986,false,0,enwiki,2024-10-27 17:33:36
1833623600,User:Mathglot/sandbox/Templates/Rfc demote note/doc,Gonnym,false,185,enwiki,2024-10-27 17:33:11
1833623705,Wabash Valley Seismic Zone,Dicklyon,false,7,enwiki,2024-10-27 17:33:36
1833623717,Template:FK Sloboda Tuzla squad,Gruesome Gary,false,62,enwiki,2024-10-27 17:33:39
1833623604,2024–25 Pharco FC season,EpicAdventurer,false,349,enwiki,2024-10-27 17:33:12
1833623706,Talk:Asian News International,Hako9,false,355,enwiki,2024-10-27 17:33:31
1833623718,Colleˊ Kharis,Aishaltonguy,false,1,enwiki,2024-10-27 17:33:38
1833623606,Abd al-Aziz ibn Shu'ayb,Monkbot,true,2,enwiki,2024-10-27 17:33:13
1833623707,Metropolitan Police,Elshad,false,-35,enwiki,2024-10-27 17:33:33
1833623608,Steve Agnew,GiantSnowman,false,282,enwiki,2024-10-27 17:33:12
1833623712,24 Hour Fitness,Titu4455,false,1,enwiki,2024-10-27 17:33:36
1833623609,Talk:Saul Koll,Cewbot,true,-7,enwiki,2024-10-27 17:33:14
1833623713,Mürefte,Monkbot,true,1,enwiki,2024-10-27 17:33:35
1833623612,User:Anthrolologist/citing sources,Anthrolologist,false,27,enwiki,2024-10-27 17:33:15
1833623614,Paul Sloane,FloridaArmy,false,1,enwiki,2024-10-27 17:33:15
1833623714,Talk:Lissi Dancefloor Disaster,Cewbot,true,9,enwiki,2024-10-27 17:33:38
1833623811,Talk:Asian News International,Gråbergs Gråa Sång,false,268,enwiki,2024-10-27 17:33:52
1833623812,Pakistan Tehreek-e-Insaf,Titan2456,false,-76,enwiki,2024-10-27 17:33:46
1833623907,Wikipedia:WikiProject Articles for creation/Help desk,Baro Bromberger,false,150,enwiki,2024-10-27 17:34:08
1833623816,African diaspora,2803:9800:9402:B852:7C46:2559:AD3A:EF6B,false,0,enwiki,2024-10-27 17:33:53
1833623908,Willie McFaul,2A04:4A43:421F:F011:E00A:A3A9:CA63:45B9,false,36,enwiki,2024-10-27 17:34:16
1833623817,Talk:Jolene Marie Cholock,Cewbot,true,11,enwiki,2024-10-27 17:33:59
1833623909,Talk:Masʿūd II of Ṭur ʿAbdin,Surayeproject3,false,121,enwiki,2024-10-27 17:34:18
1833623914,"Dafni, Boeotia",Monkbot,true,1,enwiki,2024-10-27 17:34:18
1833623901,Saint-Salvadour,Monkbot,true,1,enwiki,2024-10-27 17:34:14
1833623915,Why You Wanna,Carlosmarkos2345,false,166,enwiki,2024-10-27 17:34:18
1833623903,Mevalonate kinase deficiency,Ozzie10aaaa,false,6,enwiki,2024-10-27 17:34:16
1833623904,Wikipedia:In the news/Candidates,Haers6120,false,111,enwiki,2024-10-27 17:34:10
1833623808,2024 K3 League,Jaanklaas,false,0,enwiki,2024-10-27 17:33:55
1833623905,Talk:Naomi Kramer,Cewbot,true,-32,enwiki,2024-10-27 17:34:17
1833623810,Câlnic Fortress,Monkbot,true,2,enwiki,2024-10-27 17:33:55
1833623906,Aidan Chiles,Yankees10,false,-45,enwiki,2024-10-27 17:34:17
1833624108,2025 UEFA Women's Under-17 Championship qualification,Max2610,false,1,enwiki,2024-10-27 17:34:48
1833624214,Kosmos 2418,Monkbot,true,1,enwiki,2024-10-27 17:35:11
1833624110,Gabriele Frangipani,Bgsu98,false,88,enwiki,2024-10-27 17:34:52
1833624215,Timeline of the Russian invasion of Ukraine (1 August 2024 – present),Borgenland,false,-158,enwiki,2024-10-27 17:35:05
1833624100,Relational algebra,Darcourse,false,-6,enwiki,2024-10-27 17:34:49
1833624111,User:Anthrolologist/citing sources,Anthrolologist,false,33,enwiki,2024-10-27 17:34:54
1833624219,Christie Sides,2600:1014:B114:6528:B9AB:B40A:D376:5309,false,-3,enwiki,2024-10-27 17:35:11
358018806,Dogaressa,Hans-Jürgen Hübner,false,11,dewiki,2024-10-27 17:35:15
358018807,Benutzer Diskussion:TorBeyer,Sicherlich,false,505,dewiki,2024-10-27 17:35:18
1833624112,Category:Animated films about the afterlife,Dimadick,false,1,enwiki,2024-10-27 17:34:55
1833624101,User talk:Kafash 1989,Guliolopez,false,401,enwiki,2024-10-27 17:34:52
1833624114,Alia Janine,68.59.4.151,false,61,enwiki,2024-10-27 17:34:54
358018801,Claus Kühnl,Ebrownless,false,132,dewiki,2024-10-27 17:35:11
1833624102,2024 FIM Women's Circuit Racing World Championship,79.91.13.170,false,0,enwiki,2024-10-27 17:34:50
1833624113,Template:COVID-19 pandemic data/United States/Texas medical cases chart,Stattracker24,false,44,enwiki,2024-10-27 17:34:47
358018802,Marina Abramović,Kapuziner 2,false,294,dewiki,2024-10-27 17:35:10
358018805,Common,IWL04,false,6,dewiki,2024-10-27 17:35:12
1833624103,Laméac,Monkbot,true,1,enwiki,2024-10-27 17:34:50
1833624118,2024 Curitiba Challenger – Singles,Adamtt9,false,139,enwiki,2024-10-27 17:34:54
358018808,Lei Fumin,Melly42,false,448,dewiki,2024-10-27 17:35:19
1833624106,Talk:Saskia Ludwig,Cewbot,true,11,enwiki,2024-10-27 17:34:53
1833624119,James E. Dalton,MoviesandTelevisionFan,false,-38,enwiki,2024-10-27 17:34:55
358018803,Johannes Nauclerus,B.A.Enz,false,29,dewiki,2024-10-27 17:35:11
1833624204,User talk:Ray.helm fon,Isaidnoway,false,998,enwiki,2024-10-27 17:35:12
1833624107,Koreshan State Historic Site,199.73.152.190,false,84,enwiki,2024-10-27 17:34:53
358018804,Benutzer:Robertk9410/Artikelentwurf5,Robertk9410,false,224,dewiki,2024-10-27 17:35:09
1833624316,Mevalonate kinase deficiency,Ozzie10aaaa,false,6,enwiki,2024-10-27 17:35:28
358018817,Willy Rumpf,Fritz Krischen,false,106,dewiki,2024-10-27 17:35:37
1833624502,That Lady in Ermine,Citation bot,true,-6,enwiki,2024-10-27 17:35:56
358018810,Zhenhai,Furfur,false,-16,dewiki,2024-10-27 17:35:25
1833624317,Feudal fragmentation,Shahray,false,-14,enwiki,2024-10-27 17:35:27
358018815,Diskussion:Speziesismus,2A05:5800:20F:5800:42B8:2E6F:1C61:6EB3,false,305,dewiki,2024-10-27 17:35:35
1833624400,2024 in animation,LR.127,false,-108,enwiki,2024-10-27 17:35:34
1833624504,Mosasaurus,Amirani1746,false,9,enwiki,2024-10-27 17:35:53
1833624519,Talk:Surodchana Khambao,Cewbot,true,-12,enwiki,2024-10-27 17:35:59
1833624303,Mad Max: Fury Road,MapReader,false,287,enwiki,2024-10-27 17:35:20
1833624318,Fonsorbes,Monkbot,true,1,enwiki,2024-10-27 17:35:25
1833624401,User talk:103.73.197.71,ClueBot NG,false,1465,enwiki,2024-10-27 17:35:41
1833624505,Mevalonate kinase deficiency,Ozzie10aaaa,false,6,enwiki,2024-10-27 17:35:57
358018811,Musikjahr 1965,Bernd Winnig,false,77,dewiki,2024-10-27 17:35:25
1833624403,Talk:Lena Krier,Cewbot,true,13,enwiki,2024-10-27 17:35:41
1833624506,Manglabites,Monkbot,true,1,enwiki,2024-10-27 17:35:57
1833624305,Talk:Nika Kentchadze,Cewbot,true,-12,enwiki,2024-10-27 17:35:26
1833624404,Category talk:South Korean novelists,Simeon,false,55,enwiki,2024-10-27 17:35:41
1833624509,Imaan Sulaiman-Ibrahim,105.112.225.71,false,-78,enwiki,2024-10-27 17:35:57
358018809,Friedrich Eugen (Württemberg),Invisigoth67,false,1,dewiki,2024-10-27 17:35:22
1833624306,User talk:Abo Yemen,Bro The Man,false,295,enwiki,2024-10-27 17:35:26
1833624402,Dhaka Residential Model College,ClueBot NG,false,-52,enwiki,2024-10-27 17:35:39
1833624507,File talk:1899 Michigan Wolverines football team.jpg,Tom.Reding,false,-1,enwiki,2024-10-27 17:35:58
1833624307,Burton Gilliam,2A02:8084:8001:2D00:44F6:7F40:219E:A965,false,7,enwiki,2024-10-27 17:35:27
1833624406,Curitiba Challenger,Adamtt9,false,143,enwiki,2024-10-27 17:35:41
1833624513,Wikipedia:Meetup/DC/Women's Independence and Financial Power,Ariel Cetrone (WMDC),false,699,enwiki,2024-10-27 17:35:58
1833624309,Talk:Ignatius Saba I,Surayeproject3,false,155,enwiki,2024-10-27 17:35:27
358018814,Stadtbahn Charleroi,Anna Catarina,false,-20,dewiki,2024-10-27 17:35:33
358018816,Samira Benichi,Invisigoth67,false,0,dewiki,2024-10-27 17:35:37
1833624413,Georges Mikautadze,Sinbabad,false,0,enwiki,2024-10-27 17:35:40
1833624514,Sectarian violence in Pakistan,Tobby72,false,223,enwiki,2024-10-27 17:35:53
1833624310,Marañon gnatcatcher,Killarnee,false,18,enwiki,2024-10-27 17:35:28
358018819,Benutzerin:Nicola/Wöllner,Nicola,false,24,dewiki,2024-10-27 17:35:41
1833624418,List of Sonic X episodes,Geraldo Perez,false,15,enwiki,2024-10-27 17:35:40
1833624500,Major non-NATO ally,2600:8800:3100:7C00:C291:B9FF:FE72:CD03,false,3,enwiki,2024-10-27 17:35:51
1833624515,Wikipedia:Translate us,2409:40E6:1E:B943:8000:0:0:0,false,-7904,enwiki,2024-10-27 17:35:58
1833624601,Talk:Aktenge Keunimjaeva,Cewbot,true,-11,enwiki,2024-10-27 17:36:14
1833624312,Draft:2024 Glilot ramming attack,TNM101,false,349,enwiki,2024-10-27 17:35:27
1833624419,"Koutalas, Corinthia",Monkbot,true,1,enwiki,2024-10-27 17:35:42
1833624501,Michelin Guide,192.76.8.71,false,1,enwiki,2024-10-27 17:35:54
1833624603,The Katzenjammer Kids,DoctorHver,false,9,enwiki,2024-10-27 17:36:14
1833624702,File talk:African buffalo (Syncerus caffer caffer) male with cattle egret.jpg,Tom.Reding,false,0,enwiki,2024-10-27 17:36:29
1833624613,User talk:Brotherbenz,Gymrat16,false,3289,enwiki,2024-10-27 17:36:16
1833624706,Category:Animated films about the afterlife,Dimadick,false,401,enwiki,2024-10-27 17:36:31
1833624619,John Holder (umpire),AssociateAffiliate,false,0,enwiki,2024-10-27 17:36:15
1833624708,Punorjonmo Universe,103.72.212.56,false,184,enwiki,2024-10-27 17:36:30
1833624617,Jeremy Robinson,Fico Puricelli,false,0,enwiki,2024-10-27 17:36:14
1833624711,The Katzenjammer Kids,DoctorHver,false,10,enwiki,2024-10-27 17:36:30
1833624719,Cairo Governorate,Hussierhussier1,false,0,enwiki,2024-10-27 17:36:29
1833624807,"Parori, Boeotia",Monkbot,true,2,enwiki,2024-10-27 17:36:46
1833624906,The Demon Disorder,Rfl0216,false,-3,enwiki,2024-10-27 17:37:07
1833624811,Evacuation of Karin Base,Moondragon21,false,61,enwiki,2024-10-27 17:36:49
1833624907,Talk:D. K. Kulevome,Cewbot,true,-2,enwiki,2024-10-27 17:37:08
1833624910,Wikipedia:Administrator intervention against vandalism/TB2,DatBot,true,433,enwiki,2024-10-27 17:37:08
1833624816,List of Anglicans,Wally FitzWalter,false,1385,enwiki,2024-10-27 17:36:47
1833624908,File talk:Anas-strepera-001.jpg,Tom.Reding,false,0,enwiki,2024-10-27 17:37:08
1833624817,Venom: The Last Dance,151.251.81.64,false,-2,enwiki,2024-10-27 17:36:46
1833624900,Réseau express métropolitain,Piper13,false,-13,enwiki,2024-10-27 17:36:58
1833624912,Shannon Evans,HanTsî,false,35,enwiki,2024-10-27 17:37:07
1833624803,Ivanko (boyar),Hogbade,false,33,enwiki,2024-10-27 17:36:45
1833624819,Talk:Zara Jönsson,Cewbot,true,-11,enwiki,2024-10-27 17:36:50
1833624911,Jainism in Bengal,Soumyapatra13,false,2,enwiki,2024-10-27 17:37:07
1833624804,Banareia,TheTechnician27,false,-3,enwiki,2024-10-27 17:36:46
1833624904,Curitiba,Knitsey,false,-39,enwiki,2024-10-27 17:37:02
1833624918,Pneumopulmonata,Ondrej.korabek,false,3435,enwiki,2024-10-27 17:37:08
1833624805,Talk:François Kistler,Cewbot,true,11,enwiki,2024-10-27 17:36:47
1833624903,Josip Broz Tito,2601:243:1A00:4510:A9B6:1E49:B975:2C40,false,2,enwiki,2024-10-27 17:36:41
1833624919,Ricardo Mangas,Geregen2,false,1,enwiki,2024-10-27 17:37:09
1833624806,File talk:Alice Roosevelt by Frances Benjamin Johnston.jpg,Tom.Reding,false,-18,enwiki,2024-10-27 17:36:47
1833624905,Cromā,CommanderOfIndus,false,2,enwiki,2024-10-27 17:37:07
1833625102,Parotta,Emjake,false,-6,enwiki,2024-10-27 17:37:36
1833625207,Music of Charlotte,MoedGoated,false,29,enwiki,2024-10-27 17:37:51
358018903,Benutzer:Pechristener/Liste der Locomotive Superintendents und Chief Mechanical Engineers der britischen Eisenbahnen,Pechristener,false,7028,dewiki,2024-10-27 17:37:39
1833625208,German destroyer Z15 Erich Steinbrinck,Monkbot,true,1,enwiki,2024-10-27 17:37:51
358018915,Dahieh-Doktrin,M2k~dewiki,false,25,dewiki,2024-10-27 17:37:59
1833625103,Timeline of the Russian invasion of Ukraine (1 August 2024 – present),Borgenland,false,371,enwiki,2024-10-27 17:37:30
358018911,Benutzerin:Nicola/Wöllner,Nicola,false,13,dewiki,2024-10-27 17:37:54
358018901,Benutzer:Robertk9410/Artikelentwurf5,Robertk9410,false,4,dewiki,2024-10-27 17:37:34
1833625110,File talk:Antarctica 6400px from Blue Marble.jpg,Tom.Reding,false,-1,enwiki,2024-10-27 17:37:40
1833625209,Apocalypto,2603:6080:A000:83FA:2493:86:EA57:2686,false,-25,enwiki,2024-10-27 17:37:52
1833625114,Talk:The Prince (upcoming film),Rfl0216,false,16,enwiki,2024-10-27 17:37:40
1833625200,Progress Chapter 172: Werewolves Of London,JeyReydar97,false,5,enwiki,2024-10-27 17:37:52
1833625210,Methemoglobinemia,Ozzie10aaaa,false,-552,enwiki,2024-10-27 17:37:53
1833625115,Mark Gorodnitsky,Bgsu98,false,91,enwiki,2024-10-27 17:37:38
358018905,Wolfgang Schmidbauer,Miraki,false,407,dewiki,2024-10-27 17:37:44
1833625201,African diaspora,2803:9800:9402:B852:7C46:2559:AD3A:EF6B,false,0,enwiki,2024-10-27 17:37:47
358018912,Sexyy Red,IWL04,false,64,dewiki,2024-10-27 17:37:54
1833625116,Murmur (2022),Theys York,false,-11,enwiki,2024-10-27 17:37:40
1833625202,Alander Mountain,Villaida,false,-30,enwiki,2024-10-27 17:37:51
1833625213,Leah-Marie Ramalho,Losipov,false,23,enwiki,2024-10-27 17:37:55
358018902,Rita Ora,Deirdre,false,-183,dewiki,2024-10-27 17:37:37
1833625118,Christian supremacy,130.209.119.157,false,0,enwiki,2024-10-27 17:37:39
1833625203,Bailiwick of Guernsey,72.178.154.64,false,0,enwiki,2024-10-27 17:37:51
1833625218,Crysencio Summerville,TactiX9929,false,0,enwiki,2024-10-27 17:37:52
358018908,Winston Washington,Invisigoth67,false,2,dewiki,2024-10-27 17:37:48
358018910,Ninghai,Furfur,false,-17,dewiki,2024-10-27 17:37:51
1833625204,Talk:Ted Kalebe,Cewbot,true,0,enwiki,2024-10-27 17:37:53
358018913,Wikipedia:Redaktion Altertum/Römischer Limes/Dakischer Limes,Hartmann Linge,false,0,dewiki,2024-10-27 17:37:59
358018916,Wikipedia:WikiProjekt Österreich/GD/Maißen,Tärkein kampa,false,954,dewiki,2024-10-27 17:38:03
1833625101,List of birds of the Turks and Caicos Islands,Waterfaux,false,54,enwiki,2024-10-27 17:37:37
358018909,Monica Jeffries,194.230.160.109,false,70,dewiki,2024-10-27 17:37:48
1833625206,File talk:Apikal4D.gif,Tom.Reding,false,0,enwiki,2024-10-27 17:37:54
1833625307,Kostas Zouraris,Monkbot,true,1,enwiki,2024-10-27 17:38:14
1833625412,Lisa Fowler,146.199.140.26,false,-18,enwiki,2024-10-27 17:38:34
1833625308,File talk:Arachnothera magna - Kaeng Krachan.jpg,Tom.Reding,false,0,enwiki,2024-10-27 17:38:15
1833625416,Fantaisie-Impromptu,Monkbot,true,1,enwiki,2024-10-27 17:38:34
1833625313,Ethiopian National Defense Force,Beka7800,false,176,enwiki,2024-10-27 17:38:11
1833625417,User talk:Guruji 1234,Drm310,false,1873,enwiki,2024-10-27 17:38:36
1833625400,The Name of the Doctor,2A02:C7C:44B8:DD00:61DA:D5A:76E7:13D1,false,-2,enwiki,2024-10-27 17:38:28
1833625419,2024–25 FC Schalke 04 season,SideT04,false,2,enwiki,2024-10-27 17:38:28
1833625403,Ahmed Daniyal,2001:8F8:1361:554F:E9:263F:D5AF:B7A,false,0,enwiki,2024-10-27 17:38:33
1833625404,User:Guruji 1234,Drm310,false,27,enwiki,2024-10-27 17:38:34
1833625406,Talk:Jamie Lee Henry,Mason7512,false,13,enwiki,2024-10-27 17:38:33
358018919,Benutzer:Robertk9410/Artikelentwurf5,Robertk9410,false,8,dewiki,2024-10-27 17:38:09
1833625301,Talk:Maria Kapnisi,Cewbot,true,53,enwiki,2024-10-27 17:38:14
1833625507,Governor of the Jewish Autonomous Oblast,Monkbot,true,1,enwiki,2024-10-27 17:38:47
1833625305,Category:Boris Johnson,Tuhin,false,52,enwiki,2024-10-27 17:38:15
1833625411,Talk:Hans de Kroon,Cewbot,true,-13,enwiki,2024-10-27 17:38:35
1833625609,Mariański Choir,Monkbot,true,2,enwiki,2024-10-27 17:38:57
1833625707,Government Delegation for Poland,Monkbot,true,1,enwiki,2024-10-27 17:39:14
1833625610,Talk:Jamie Lee Henry,Mason7512,false,-13,enwiki,2024-10-27 17:38:57
1833625713,Wikipedia:Articles for deletion/MeJew movement,Mushy Yank,false,320,enwiki,2024-10-27 17:39:16
1833625614,Coulomb's law,Headbomb,false,20,enwiki,2024-10-27 17:38:53
1833625715,Talk:Thirudi (2006 film),Rfl0216,false,2,enwiki,2024-10-27 17:39:16
1833625617,Talk:Looksmart Ngudle,Cewbot,true,-1,enwiki,2024-10-27 17:38:59
1833625719,Talk:Dionysius II of Antioch,Surayeproject3,false,47,enwiki,2024-10-27 17:39:17
1833625619,Wikipedia:Administrators' noticeboard/Incidents,Dustfreeworld,false,469,enwiki,2024-10-27 17:38:44
1833625700,Basetsana Kumalo,41.13.104.168,false,1,enwiki,2024-10-27 17:39:11
1833625702,Talk:James Manjrekar,Cewbot,true,-5,enwiki,2024-10-27 17:39:14
1833625701,This Way Up (TV series),82.40.72.3,false,-4,enwiki,2024-10-27 17:39:12
1833625703,File talk:Australian Wood Duck duckling.jpg,Tom.Reding,false,-9,enwiki,2024-10-27 17:39:14
1833625704,Talk:Neopagan witchcraft,2600:100D:B078:4C3B:0:1C:B704:2701,false,524,enwiki,2024-10-27 17:39:09
1833625600,File talk:Atelier Nadar - Galli-Marié in Bizet's Carmen.jpg,Tom.Reding,false,-9,enwiki,2024-10-27 17:38:57
1833625706,Kingdom of Mewar - Delhi Sultanate Conflict (1326 to 1518),Rawn3012,false,52,enwiki,2024-10-27 17:39:14
1833625801,War Doctor,2A02:C7C:44B8:DD00:61DA:D5A:76E7:13D1,false,24,enwiki,2024-10-27 17:39:31
1833625907,User:Cbl62/2007-09,Cbl62,false,2,enwiki,2024-10-27 17:39:49
358019001,Wikipedia:Wartungsbausteinwettbewerb/Sommer 2012/Editnotice,Lómelinde,false,-132,dewiki,2024-10-27 17:40:13
1833625802,Šnipiškės,Monkbot,true,2,enwiki,2024-10-27 17:39:33
1833625908,Talk:Ayu Nakada,Cewbot,true,-11,enwiki,2024-10-27 17:39:56
358019002,Doppelpulstest,Sputeanus,false,417,dewiki,2024-10-27 17:40:13
1833626004,Windawski Canal,Monkbot,true,4,enwiki,2024-10-27 17:40:12
1833625803,Ethiopian National Defense Force,Beka7800,false,-9,enwiki,2024-10-27 17:39:31
1833625910,Millennials in the United States,Nerd271,false,-4,enwiki,2024-10-27 17:39:50
1833626009,"File talk:Baturraden overview from ridge, Purwokerto, 2015-03-23.jpg",Tom.Reding,false,0,enwiki,2024-10-27 17:40:14
1833625804,Talk:Milena Minkova,Cewbot,true,22,enwiki,2024-10-27 17:39:35
1833625911,Pakistani cricket team in Australia in 2024–25,2001:8F8:1361:554F:E9:263F:D5AF:B7A,false,3,enwiki,2024-10-27 17:39:56
1833626011,Talk:Monster Mack,Cewbot,true,-5,enwiki,2024-10-27 17:40:14
1833625805,File talk:Bald Eagle Portrait.jpg,Tom.Reding,false,0,enwiki,2024-10-27 17:39:36
1833625912,Oksana Grigorieva,Monkbot,true,1,enwiki,2024-10-27 17:39:55
1833626012,Photo finish,174.94.23.229,false,319,enwiki,2024-10-27 17:40:14
1833625808,Ashgabat,Geogrfr3ak,false,87,enwiki,2024-10-27 17:39:30
1833625913,File talk:Barbara McClintock (1902-1992) shown in her laboratory in 1947.jpg,Tom.Reding,false,-9,enwiki,2024-10-27 17:39:57
1833626016,User:Chae07,Chae07,false,3957,enwiki,2024-10-27 17:40:15
1833625813,Marvel Epic Collection,Peterspeterson,false,0,enwiki,2024-10-27 17:39:25
1833625900,User talk:2601:18F:180:4720:B976:68CD:8A07:F302,Geraldo Perez,false,776,enwiki,2024-10-27 17:39:54
1833625917,Font,JMF,false,-20,enwiki,2024-10-27 17:39:57
1833626000,List of clubs in the Landesliga Bayern-Nord,Monkbot,true,1,enwiki,2024-10-27 17:40:09
1833626015,RS-24 Yars,Arado,false,-5,enwiki,2024-10-27 17:40:12
1833625814,Physical hazard,HertzDonuts,false,3,enwiki,2024-10-27 17:39:36
1833625919,Murder of Vanessa Guillén,2600:1001:A010:66AB:5951:C305:D7AF:D34A,false,126,enwiki,2024-10-27 17:39:58
1833626001,Sudan,2601:42:0:4000:4055:E21A:E794:9572,false,5763,enwiki,2024-10-27 17:39:58
1833625819,User:Flibirigit/ice hockey,Flibirigit,false,59,enwiki,2024-10-27 17:39:37
1833625906,Headquarters (The Monkees album),EPBeatles,false,0,enwiki,2024-10-27 17:39:54
1833625918,User:Paul August/Eris (mythology),Paul August,false,3,enwiki,2024-10-27 17:40:00
358019000,Yuyao,Furfur,false,-15,dewiki,2024-10-27 17:40:13
358019017,Hinterrod,Invisigoth67,false,-1,dewiki,2024-10-27 17:40:37
1833626205,Wikipedia:Sockpuppet investigations/SPI/Cases,Mz7 (bot),true,82,enwiki,2024-10-27 17:40:46
358019007,Oppositionswort,Invisigoth67,false,0,dewiki,2024-10-27 17:40:24
358019019,Tettau (Schönberg),2A02:2454:9A60:8100:DD85:7FE2:D932:6F11,false,117,dewiki,2024-10-27 17:40:40
1833626208,Simon Murray (footballer),RossBFD,false,0,enwiki,2024-10-27 17:40:44
358019006,Liste der Sendungen von BET,IWL04,false,-3,dewiki,2024-10-27 17:40:24
1833626209,Talk:Yūki Mihara,Cewbot,true,19,enwiki,2024-10-27 17:40:47
358019005,Brigitte Reinwald,Mascarada17,false,608,dewiki,2024-10-27 17:40:21
358019015,Hubertus Giebe,F. Peter Müller,false,123,dewiki,2024-10-27 17:40:35
1833626217,"Kentro, Elis",Monkbot,true,1,enwiki,2024-10-27 17:40:46
358019008,Wilhelm Dörr (Politiker),KFSc,false,199,dewiki,2024-10-27 17:40:27
358019010,Weckamine,Invisigoth67,false,2,dewiki,2024-10-27 17:40:30
1833626102,Uzès,Monkbot,true,1,enwiki,2024-10-27 17:40:26
358019018,Benutzer:Vincent (VvM),Vincent (VvM),false,-102,dewiki,2024-10-27 17:40:39
358019011,Diskussion:Skisprungschanze,Lektor w,false,-21,dewiki,2024-10-27 17:40:31
358019012,Patricia Jünger,2A02:21B4:18B6:7B00:9111:8ACF:4C0A:1E22,false,179,dewiki,2024-10-27 17:40:33
358019016,Paul Burkhard (Bildhauer),217.162.130.191,false,1,dewiki,2024-10-27 17:40:37
1833626108,Talk:The Captive (2025 film),Rfl0216,false,23,enwiki,2024-10-27 17:40:30
358019013,Kloster Sveti Jovan Bigorski,Invisigoth67,false,-9,dewiki,2024-10-27 17:40:33
1833626110,INSEAD,Mshang853,false,13,enwiki,2024-10-27 17:40:30
358019014,Vorlage:Turnierplan4-Platz3-ohne,Antonsusi,false,-1,dewiki,2024-10-27 17:40:34
1833626202,"File talk:Bixby Creek Bridge, California, USA - May 2013.jpg",Tom.Reding,false,8,enwiki,2024-10-27 17:40:46
1833626112,Smile 2,Robbe554,false,0,enwiki,2024-10-27 17:40:30
1833626203,Great Wolf Resorts,CostalCal,false,-250,enwiki,2024-10-27 17:40:45
1833626306,Talk:2024 World Wrestling Championships – Men's Greco-Roman 55 kg,Mason7512,false,5,enwiki,2024-10-27 17:41:03
1833626307,Burton Gilliam,2A02:8084:8001:2D00:44F6:7F40:219E:A965,false,0,enwiki,2024-10-27 17:41:03
1833626417,Talk:Nez and Rio,Cewbot,true,-11,enwiki,2024-10-27 17:41:20
1833626309,File talk:Black phoebe sayornis nigricans.jpg,Tom.Reding,false,0,enwiki,2024-10-27 17:41:03
1833626401,File talk:Black-tailed Godwit Uferschnepfe.jpg,Tom.Reding,false,-1,enwiki,2024-10-27 17:41:17
1833626402,Talk:Naomi Ng'ang'a,Cewbot,true,5,enwiki,2024-10-27 17:41:17
1833626302,Talk:Theodoros bar Wahbun,Surayeproject3,false,95,enwiki,2024-10-27 17:41:02
1833626410,Category:Yahoo! people,Inpops,false,-24,enwiki,2024-10-27 17:41:19
1833626303,Toru Miyoshi,2405:3800:8CB:D3A4:0:0:0:1,false,3,enwiki,2024-10-27 17:41:01
1833626304,User talk:2601:18F:180:4720:B976:68CD:8A07:F302,Geraldo Perez,false,-776,enwiki,2024-10-27 17:41:02
1833626412,A.O.Loutraki F.C.,Monkbot,true,1,enwiki,2024-10-27 17:41:17
1833626305,Talk:Ioannis Mouzalas,Cewbot,true,23,enwiki,2024-10-27 17:41:02
1833626416,Colin Ford,Theys York,false,47,enwiki,2024-10-27 17:41:19
1833626510,Sussudio,RingoSmitz,false,-2,enwiki,2024-10-27 17:41:39
1833626619,Amazing Race Suomi season 2,Xoruz,false,1,enwiki,2024-10-27 17:41:59
1833626511,Democratic Party – demokraci.pl,Monkbot,true,1,enwiki,2024-10-27 17:41:38
1833626609,Mosselbukta,Deor,false,21,enwiki,2024-10-27 17:41:58
1833626512,Talk:Ishak Mohammed,Cewbot,true,-2,enwiki,2024-10-27 17:41:41
1833626701,K4 League,Jaanklaas,false,160,enwiki,2024-10-27 17:42:11
1833626513,John Congleton,73.31.130.82,false,0,enwiki,2024-10-27 17:41:42
1833626613,Wikipedia:Articles for deletion/Dave Potter (politician),Randykitty,false,1693,enwiki,2024-10-27 17:41:59
1833626702,David Potter,Randykitty,false,-113,enwiki,2024-10-27 17:42:12
1833626514,File talk:Border USA Mexico.jpg,Tom.Reding,false,-35,enwiki,2024-10-27 17:41:42
1833626614,Ruhrgas,Mercer17,false,-2,enwiki,2024-10-27 17:41:59
1833626703,"Podgorci, Ormož",Monkbot,true,1,enwiki,2024-10-27 17:42:10
1833626708,Talk:Noda Yosihiko,Cewbot,true,31,enwiki,2024-10-27 17:42:11
1833626600,Talk:Josephine Nambooze,Cewbot,true,-18,enwiki,2024-10-27 17:41:56
1833626615,Luma Russo,Sciencefish,false,-86,enwiki,2024-10-27 17:41:59
1833626714,Kavan (film),Kailash29792,false,-15,enwiki,2024-10-27 17:42:11
1833626616,Pakistani cricket team in Australia in 2024–25,2001:8F8:1361:554F:E9:263F:D5AF:B7A,false,18,enwiki,2024-10-27 17:41:57
1833626719,Hadji Ali,Sebbog13,false,5,enwiki,2024-10-27 17:42:10
1833626501,Template talk:Element-symbol-to-oxidation-state-data,Johnjbarton,false,856,enwiki,2024-10-27 17:41:39
1833626617,File talk:Brown Bluff-2016-Tabarin Peninsula–Volcanic tephra.jpg,Tom.Reding,false,-11,enwiki,2024-10-27 17:41:59
1833626508,Muslim People's Republic Party,Vif12vf,false,-92,enwiki,2024-10-27 17:41:38
1833626607,User:Nigel Ish/Sandbox HMS Lucifer (1915),Nigel Ish,false,913,enwiki,2024-10-27 17:41:57
1833626618,Talk:Nguyễn Văn Đài,Cewbot,true,-11,enwiki,2024-10-27 17:41:59
