1833607309,Wind & Wuthering,Martin IIIa,false,55,enwiki,2024-10-27 16:43:30
1833607417,Atalanta (disambiguation),Xabier,false,-3,enwiki,2024-10-27 16:43:48
1833607508,Thunder and Lightning (comics),Fiction Fanatic III,false,-2225,enwiki,2024-10-27 16:44:02
1833607610,User:The joy of all things/subpage 11,The joy of all things,false,30,enwiki,2024-10-27 16:44:25
1833607811,Salamander shark,Quetzal1964,false,64,enwiki,2024-10-27 16:44:54
1833607909,Laurențiu Budur,Tom.Reding,false,2,enwiki,2024-10-27 16:45:13
1833608003,Malihabadi Dusseheri Mango,Vivo78,false,1880,enwiki,2024-10-27 16:45:26
1833608108,Talk:Muhajir nationalism,Wikibear47,false,18,enwiki,2024-10-27 16:45:44
1833608212,User:Nikikana,Nikikana,false,-11,enwiki,2024-10-27 16:46:03
1833608316,Grigol Vashadze,Sam20020202,false,36,enwiki,2024-10-27 16:46:16
1833607300,Chavaroux,Monkbot,true,1,enwiki,2024-10-27 16:43:26
358016915,Portal:Film und Fernsehen/Kinostarts 1975,Jobu0101,false,4,dewiki,2024-10-27 16:43:23
1833607401,Henry Walter Houldsworth,2A00:23C5:B33C:4101:BCAC:415E:462F:6E49,false,108,enwiki,2024-10-27 16:43:45
1833607419,Talk:Glossy display,OpalYosutebito,false,9,enwiki,2024-10-27 16:43:49
1833607511,Journal asiatique,Riad Salih,false,-30,enwiki,2024-10-27 16:44:02
1833607600,Yuji Yaku,Tom.Reding,false,2,enwiki,2024-10-27 16:44:20
1833607613,Talk:GMOSAIC,OpalYosutebito,false,9,enwiki,2024-10-27 16:44:25
1833607702,2020 Visions,Rich Farmbrough,false,-74,enwiki,2024-10-27 16:44:39
1833607813,Talk:Muftian,Wikibear47,false,19,enwiki,2024-10-27 16:44:54
1833607910,Tehatta II,Cerium4B,false,0,enwiki,2024-10-27 16:45:11
1833608006,McMillan's catshark,Quetzal1964,false,3,enwiki,2024-10-27 16:45:27
1833608109,John Holder (umpire),AssociateAffiliate,false,-117,enwiki,2024-10-27 16:45:44
358017004,Liste der Tatort-Folgen,Bergfalke2,false,229,dewiki,2024-10-27 16:45:38
1833608214,Brent Rushlaw,Tom.Reding,false,2,enwiki,2024-10-27 16:46:02
1833607301,Paolo Scaramuzza,Tom.Reding,false,2,enwiki,2024-10-27 16:43:28
1833607313,Franz Siegl,Tom.Reding,false,1,enwiki,2024-10-27 16:43:31
1833607404,Tatiana Nikolayeva,Monkbot,true,1,enwiki,2024-10-27 16:43:45
1833607513,Lino Benoni,Tom.Reding,false,2,enwiki,2024-10-27 16:44:03
1833607601,"Radwanki, West Pomeranian Voivodeship",Monkbot,true,1,enwiki,2024-10-27 16:44:21
1833607614,2024 FIBA U15 South American Championship,AnishaShar,false,-35,enwiki,2024-10-27 16:44:23
1833607703,Barabanovka,Monkbot,true,1,enwiki,2024-10-27 16:44:38
1833607812,Gerzeh culture,Ario1234,false,99,enwiki,2024-10-27 16:44:53
1833607911,Talk:Syrian Negotiation Commission,Cewbot,true,31,enwiki,2024-10-27 16:45:14
1833608007,Talk:Nimer Assy,Wizardman,false,19,enwiki,2024-10-27 16:45:28
1833608110,Hisham Mohamed Mekin,Tom.Reding,false,2,enwiki,2024-10-27 16:45:45
358017003,Portal:Film und Fernsehen/Kinostarts 1977,Jobu0101,false,497,dewiki,2024-10-27 16:45:43
358017011,Theophrastos von Eresos,Dk1909,false,3,dewiki,2024-10-27 16:46:03
1833607302,List of Philippine television shows,2001:4453:5BF:5300:6520:8234:C276:6A37,false,0,enwiki,2024-10-27 16:43:23
1833607312,Talk:Mubarak Shahi,Wikibear47,false,5,enwiki,2024-10-27 16:43:32
1833607515,Talk:GM 4T40 transmission,OpalYosutebito,false,8,enwiki,2024-10-27 16:44:04
1833607602,UmaSofia Srivastava,Sciencefish,false,-230,enwiki,2024-10-27 16:44:22
1833607615,Lukino Selo,Monkbot,true,2,enwiki,2024-10-27 16:44:24
1833607706,Shing-Tung Yau,Simeon,false,21,enwiki,2024-10-27 16:44:32
1833607814,Suwałki Region,Monkbot,true,7,enwiki,2024-10-27 16:44:52
1833607913,User:Austronesier/sandbox5,Ermenrich,false,1739,enwiki,2024-10-27 16:45:05
1833608016,Joe Tyler (bobsleigh),Tom.Reding,false,2,enwiki,2024-10-27 16:45:27
1833608114,Anti-Germans (political current),Monkbot,true,1,enwiki,2024-10-27 16:45:44
1833608200,David Harris (American actor),2A02:8440:7133:F8AF:828:35FF:FEFB:F203,false,19,enwiki,2024-10-27 16:45:59
1833608216,Wikipedia:Administrators' noticeboard/Incidents,Beshogur,false,288,enwiki,2024-10-27 16:45:48
358017012,Taschengeldanspruch,Icy2008,false,0,dewiki,2024-10-27 16:46:07
1833607303,Talk:English Pastoral School,Cewbot,true,30,enwiki,2024-10-27 16:43:29
1833607314,"Talk:Prelude and Fugue in C major, BWV 531",Cewbot,true,31,enwiki,2024-10-27 16:43:32
1833607405,Zhang Ziping,Simeon,false,14,enwiki,2024-10-27 16:43:46
1833607516,Courtyard Crisis,Kuru,false,-168,enwiki,2024-10-27 16:44:03
1833607617,Talk:Mufasir-ul-Haq,Wikibear47,false,15,enwiki,2024-10-27 16:44:26
1833607709,Howrah–Ernakulam Antyodaya Express,Sam Sailor,false,259,enwiki,2024-10-27 16:44:40
1833607914,User:Guessitsavis/Draftify log,Guessitsavis,false,135,enwiki,2024-10-27 16:45:15
1833608015,"Pradelles, Haute-Loire",Monkbot,true,1,enwiki,2024-10-27 16:45:26
1833608101,October 2024 Bulgarian parliamentary election,DPH8888,false,543,enwiki,2024-10-27 16:45:40
1833608116,Category:Youth ministers of the Bahamas,Felida97,false,10,enwiki,2024-10-27 16:45:46
358017005,S-Klasse (1917),Ambross07,false,10,dewiki,2024-10-27 16:45:54
1833608201,Talk:GiveForward.com,OpalYosutebito,false,9,enwiki,2024-10-27 16:46:01
1833607304,Talk:Globotype,OpalYosutebito,false,9,enwiki,2024-10-27 16:43:29
1833607318,Greek destroyer Kountouriotis (1931),Monkbot,true,1,enwiki,2024-10-27 16:43:30
1833607406,Angus Stuart (bobsledder),Tom.Reding,false,2,enwiki,2024-10-27 16:43:45
1833607517,2024 Styrian state election,Spaastm,false,0,enwiki,2024-10-27 16:44:03
1833607603,Talk:String Quartet (Franck),Cewbot,true,31,enwiki,2024-10-27 16:44:23
1833607616,Sailing Directions,Grifo74,false,23,enwiki,2024-10-27 16:44:25
1833607711,Talk:List of South East Asian Junior and Cadet Table Tennis Championships medalists,Cewbot,true,31,enwiki,2024-10-27 16:44:41
1833607917,Joyce Tamale,Guessitsavis,false,10,enwiki,2024-10-27 16:45:14
1833608014,Jesus in Christianity,2A00:23C6:F389:B301:E151:2E41:C5C1:80BC,false,3,enwiki,2024-10-27 16:45:24
1833608102,Viverols,Monkbot,true,1,enwiki,2024-10-27 16:45:41
1833608115,2024 Mexico City Grand Prix,AnishaShar,false,-58,enwiki,2024-10-27 16:45:43
358017009,Burkhart Müller-Hillebrand,Jesi,false,48,dewiki,2024-10-27 16:46:02
358017015,Krankenhaus Reinickendorf,Emmridet,false,330,dewiki,2024-10-27 16:46:11
358017019,Wulfersdorf (Tauche),Aline Ollivier,false,238,dewiki,2024-10-27 16:46:19
358016911,Wikipedia Diskussion:Kurier,Schreibvieh,false,559,dewiki,2024-10-27 16:43:26
358016916,Liste profanierter Kirchen im Bistum Speyer,AF666,false,0,dewiki,2024-10-27 16:43:33
1833607604,2024–25 Feyenoord season,Poklane,false,3,enwiki,2024-10-27 16:44:19
1833607618,Talk:Divertissement (Prokofiev),Cewbot,true,31,enwiki,2024-10-27 16:44:26
1833607712,1973 Lincoln by-election,Thecolonpagesaretoocomplicated,false,-9,enwiki,2024-10-27 16:44:40
1833607906,Novyye Maty,Monkbot,true,2,enwiki,2024-10-27 16:45:11
1833607918,Kostas Karipis,Monkbot,true,1,enwiki,2024-10-27 16:45:14
1833608012,Pataclaun,Bit-Pasta,false,0,enwiki,2024-10-27 16:45:28
1833608103,Olivia Newton-John,BusterD,false,27,enwiki,2024-10-27 16:45:32
1833608203,Ted Pick,Marjan15777787,false,0,enwiki,2024-10-27 16:46:01
358017013,Portal:Film und Fernsehen/Kinostarts 1977,Jobu0101,false,30,dewiki,2024-10-27 16:46:00
358016906,Hugenpoet (Adelsgeschlecht),Dusdia,false,71,dewiki,2024-10-27 16:43:22
358016909,Skagerrakschlacht,Ambross07,false,14,dewiki,2024-10-27 16:43:24
358016913,Věra Ledererová,Miklas,false,-1,dewiki,2024-10-27 16:43:30
1833607407,Talk:Chromatrope,Cewbot,true,31,enwiki,2024-10-27 16:43:47
1833607501,Draft:Rhododendron Wood,PatKat24,false,113,enwiki,2024-10-27 16:44:02
1833607609,Alicante–Elche Miguel Hernández Airport,Pmbma,false,158,enwiki,2024-10-27 16:44:22
1833607713,Joseph Smith (bobsleigh),Tom.Reding,false,2,enwiki,2024-10-27 16:44:41
1833607919,User:Apenguinlover/DO NOT DELETE,Apenguinlover,false,150,enwiki,2024-10-27 16:45:14
1833608000,Panagiotis Moraitis,Monkbot,true,1,enwiki,2024-10-27 16:45:23
1833608017,Talk:Mughalabad,Wikibear47,false,5,enwiki,2024-10-27 16:45:28
1833608104,Alabama–LSU football rivalry,209.16.68.190,false,11,enwiki,2024-10-27 16:45:39
1833608117,Ian McGinnis,CalDoesIt,false,5,enwiki,2024-10-27 16:45:46
1833608204,Category:Youth ministers of the Cayman Islands,Felida97,false,10,enwiki,2024-10-27 16:46:02
358016914,"Louis Mountbatten, 1. Earl Mountbatten of Burma",Ambross07,false,4,dewiki,2024-10-27 16:43:29
358016918,Centurion,Ambross07,false,2,dewiki,2024-10-27 16:43:34
1833607414,Thai Airways International Flight 114,Inertia6084,false,1,enwiki,2024-10-27 16:43:46
1833607502,Talk:Piano Trio No. 5 (Mozart),Cewbot,true,31,enwiki,2024-10-27 16:44:02
1833607612,Talk:Tommy Robinson,DanielRigal,false,43,enwiki,2024-10-27 16:44:22
1833607715,"Iredell County, North Carolina",Mahagaja,false,-1,enwiki,2024-10-27 16:44:39
1833607800,2024–25 Feyenoord season,Poklane,false,0,enwiki,2024-10-27 16:44:49
1833607908,User:Aedis1/Art1067,Aedis1,false,182,enwiki,2024-10-27 16:45:14
1833608105,"Talk:Chami, Mauritania",Cewbot,true,31,enwiki,2024-10-27 16:45:44
358017006,Grand Canyon Airlines,Uli Elch,false,11,dewiki,2024-10-27 16:45:55
1833608205,The Prince of Rogues,Monkbot,true,1,enwiki,2024-10-27 16:46:01
358017016,Benutzer:Aka/Fehlerlisten/Typographische Anführungszeichen/006,Dk1909,false,-5026,dewiki,2024-10-27 16:46:12
1833607308,Wikipedia:Interface administrators' noticeboard,TNM202,false,101,enwiki,2024-10-27 16:43:29
1833607415,2024 Styrian state election,Spaastm,false,243,enwiki,2024-10-27 16:43:47
1833607505,Giannis Simosis,Monkbot,true,1,enwiki,2024-10-27 16:44:02
1833607611,Toshio Wakita,Tom.Reding,false,2,enwiki,2024-10-27 16:44:24
1833607619,2024 U Sports football season,Earl Andrew,false,70,enwiki,2024-10-27 16:44:26
1833607719,Athens International Airport,Pmbma,false,159,enwiki,2024-10-27 16:44:40
1833607802,Talk:Phoenicia,RowanElder,false,761,enwiki,2024-10-27 16:44:48
1833607907,Talk:Ice hockey rink,Brotherbenz,false,215,enwiki,2024-10-27 16:45:13
1833608002,Talk:Samir Kassir Award for Freedom of Press,Cewbot,true,31,enwiki,2024-10-27 16:45:26
1833608107,California High-Speed Rail,DracaenaGuianensis,false,-23,enwiki,2024-10-27 16:45:33
1833608118,Draft:Marie Tomanova,Wenncesslas,false,3973,enwiki,2024-10-27 16:45:43
358017002,"Hilton Young, 1. Baron Kennet",Ambross07,false,-5,dewiki,2024-10-27 16:45:50
1833608208,Talk:Addis Ababa City Corridor Project,Cewbot,true,31,enwiki,2024-10-27 16:46:02
358017014,Liste der Länder nach Alphabetisierungsquote,Marilyn.hanson,false,2339,dewiki,2024-10-27 16:46:06
358017017,Gemeindeschule Friedrichsfelde,44Pinguine,false,71,dewiki,2024-10-27 16:46:15
358017018,Malta-Konvois,Ambross07,false,10,dewiki,2024-10-27 16:46:18
1833608409,Gezira State,Moondragon21,false,119,enwiki,2024-10-27 16:46:32
1833608400,Penelope (Enda Walsh play),Monkbot,true,1,enwiki,2024-10-27 16:46:31
1833608401,Talk:Kapanga wiltoni,Cewbot,true,41,enwiki,2024-10-27 16:46:32
1833608402,Tehatta II,Cerium4B,false,-1,enwiki,2024-10-27 16:46:30
1833608405,Talk:Rajesh Agrawal,Wizardman,false,79,enwiki,2024-10-27 16:46:32
1833608407,Ryan Perryman,CalDoesIt,false,-21,enwiki,2024-10-27 16:46:33
1833608504,2024 Jharkhand Legislative Assembly election,RITWIK MAHATA,false,5,enwiki,2024-10-27 16:46:46
1833608618,Talk:Frederick Lennox Ingall,Cewbot,true,50,enwiki,2024-10-27 16:47:11
1833608703,Talk:Mark Paslawsky,Cewbot,true,52,enwiki,2024-10-27 16:47:26
1833608806,Ocean Vuong,Lnpham9,false,106,enwiki,2024-10-27 16:47:43
1833608507,User talk:Kovcszaln6,Tangjai1234,false,120,enwiki,2024-10-27 16:46:52
1833608519,Super Bowl LX,195.213.125.246,false,13,enwiki,2024-10-27 16:46:53
1833608619,Wikipedia:Administrator intervention against vandalism,Filmssssssssssss,false,211,enwiki,2024-10-27 16:47:09
1833608807,Alexandros Masouras,Monkbot,true,1,enwiki,2024-10-27 16:47:46
1833608508,Emil Angelescu,Tom.Reding,false,1,enwiki,2024-10-27 16:46:51
1833608709,Constantin Obreja,Tom.Reding,false,2,enwiki,2024-10-27 16:47:26
1833608808,Lakheshwar Baghel,Davidindia,false,102,enwiki,2024-10-27 16:47:47
1833608509,Wikipedia:Administrators' noticeboard/Incidents,Beshogur,false,25,enwiki,2024-10-27 16:46:44
1833608601,2024 Rugby League Pacific Championships squads,Nhoj1898,false,-504,enwiki,2024-10-27 16:46:55
1833608809,"Talk:Vor Arneths Grab, WAB 53",Cewbot,true,49,enwiki,2024-10-27 16:47:47
1833608607,Talk:Scotospilus divisus,Cewbot,true,41,enwiki,2024-10-27 16:47:08
1833608712,1973 Lincoln by-election,Thecolonpagesaretoocomplicated,false,184,enwiki,2024-10-27 16:47:27
1833608810,Talk:Glass house effect,OpalYosutebito,false,8,enwiki,2024-10-27 16:47:48
1833608514,User:MacronMonitor/LinkAlerts,MacronMonitor,false,262,enwiki,2024-10-27 16:46:52
1833608608,French Reef,Mdnavman,false,185,enwiki,2024-10-27 16:47:06
1833608714,User:Karthik Nittala,Karthik Nittala,false,0,enwiki,2024-10-27 16:47:29
1833608811,Talk:Trace Elliot,ChrisHuort,false,677,enwiki,2024-10-27 16:47:47
1833608515,Talk:Muhammad Yar Chishti,Wikibear47,false,5,enwiki,2024-10-27 16:46:53
1833608609,"Alga, Alginsky Selsoviet, Davlekanovsky District, Republic of Bashkortostan",Monkbot,true,2,enwiki,2024-10-27 16:47:07
1833608716,Talk:Kamalak TV,Cewbot,true,31,enwiki,2024-10-27 16:47:29
1833608803,2024 U23 World Wrestling Championships,AnishaShar,false,-69,enwiki,2024-10-27 16:47:41
1833608815,Thierry Neuville,SabitAprido,false,1,enwiki,2024-10-27 16:47:44
1833608500,Frank Stronach,Wellington Bay,false,-15,enwiki,2024-10-27 16:46:50
1833608516,Talk:Sanlian Lifeweek,Cewbot,true,31,enwiki,2024-10-27 16:46:53
1833608610,Che with hook,2A00:F41:580D:5A43:A865:51FF:FED3:4056,false,151,enwiki,2024-10-27 16:47:06
1833608700,"Rochegude, Gard",Monkbot,true,1,enwiki,2024-10-27 16:47:23
1833608715,Adeshewa,Onel5969,false,29,enwiki,2024-10-27 16:47:29
1833608816,Talk:Mohra Nabi Shah,Wikibear47,false,5,enwiki,2024-10-27 16:47:48
1833608501,Draft:Stefan Norblin de la Gourdaine,Wikibenchris,false,-324,enwiki,2024-10-27 16:46:50
1833608517,Talk:Antisocial personality disorder,RachelTensions,false,207,enwiki,2024-10-27 16:46:53
1833608614,Gabriel Popa (bobsleigh),Tom.Reding,false,2,enwiki,2024-10-27 16:47:09
1833608701,Lincoln Red Imps F.C.,VampireKilla,false,63,enwiki,2024-10-27 16:47:24
1833608717,Cologne I,Monkbot,true,1,enwiki,2024-10-27 16:47:27
1833608804,Stanisław Gawlik,Tom.Reding,false,1,enwiki,2024-10-27 16:47:45
1833608819,Millennials in the United States,Nerd271,false,333,enwiki,2024-10-27 16:47:40
1833608502,Category:Youth ministers of Libya,Felida97,false,10,enwiki,2024-10-27 16:46:51
1833608518,Talk:GMT360,OpalYosutebito,false,9,enwiki,2024-10-27 16:46:54
1833608616,Talk:Muhammadi Steamship Company Limited,Wikibear47,false,15,enwiki,2024-10-27 16:47:10
1833608909,2024 ATP Finals,Yimingbao,false,-68,enwiki,2024-10-27 16:48:04
1833609005,Brezje pri Rožnem Dolu,Monkbot,true,1,enwiki,2024-10-27 16:48:20
1833609015,Leonidas Smolents,Monkbot,true,1,enwiki,2024-10-27 16:48:23
358017100,Portal:Film und Fernsehen/Kinostarts 1979,Jobu0101,false,363,dewiki,2024-10-27 16:48:24
1833609119,Rotta (lyre),Jacqke,false,34,enwiki,2024-10-27 16:48:36
358017109,Portal:Film und Fernsehen/Kinostarts 1980,Jobu0101,false,4,dewiki,2024-10-27 16:48:35
358017112,TuS Schwarz-Weiß Elmschenhagen,Exa,false,0,dewiki,2024-10-27 16:48:45
1833608910,"Casimir II, Duke of Cieszyn",Monkbot,true,2,enwiki,2024-10-27 16:48:07
1833609004,Worksheet,77.183.181.110,false,-277,enwiki,2024-10-27 16:48:21
1833609017,Immanuel Feyi-Waboso,2A0B:5F04:4019:4900:617F:4D6A:BEFC:685F,false,3,enwiki,2024-10-27 16:48:22
358017106,Benutzer:Swrat/Dahieh-Doktrin,Wikiloginproton,false,4,dewiki,2024-10-27 16:48:38
1833608913,"Talk:Wie bist du, Frühling, gut und treu, WAB 58",Cewbot,true,48,enwiki,2024-10-27 16:48:08
1833609007,María Becerra,CatchMe,false,-379,enwiki,2024-10-27 16:48:19
1833609018,Talk:General group problem solving model,OpalYosutebito,false,5,enwiki,2024-10-27 16:48:24
358017107,Christoph Biemann,Rebutdole,false,176,dewiki,2024-10-27 16:48:39
358017113,"Empress of India (Schiff, 1893)",Ambross07,false,4,dewiki,2024-10-27 16:48:45
1833608914,Category talk:Educators from Hebei,Simeon,false,23,enwiki,2024-10-27 16:48:08
1833609009,2024 Formula Regional European Championship,Hmnphl,false,139,enwiki,2024-10-27 16:48:16
1833609100,Deim Elias,Moondragon21,false,50,enwiki,2024-10-27 16:48:34
358017110,Liste der Spieler des 1. FC Magdeburg,KruegA,false,183,dewiki,2024-10-27 16:48:37
358017116,Amtsgericht Staßfurt,Wilske,false,7,dewiki,2024-10-27 16:48:53
1833609019,Neil Critchley,Saintandy7,false,0,enwiki,2024-10-27 16:48:23
1833609101,"Talk:The Duke of York, Gate Helmsley",Cewbot,true,0,enwiki,2024-10-27 16:48:35
358017104,Portal:Film und Fernsehen/Kinostarts 1980,Jobu0101,false,12,dewiki,2024-10-27 16:48:31
358017111,Frederick Field (Admiral),Ambross07,false,-4,dewiki,2024-10-27 16:48:42
1833609202,Template:Invasive species by country,182.218.211.231,false,50,enwiki,2024-10-27 16:48:49
358017114,Iron-Duke-Klasse,Ambross07,false,4,dewiki,2024-10-27 16:48:51
358017119,Valentina Magaletti,Engelbaet,false,-16,dewiki,2024-10-27 16:48:59
1833608916,Shirin Su Rural District (Maneh County),Brightkingdom,false,2,enwiki,2024-10-27 16:48:08
1833609010,Ramy Rabia,Kuru,false,-241,enwiki,2024-10-27 16:48:21
1833609109,Lakheshwar Baghel,Davidindia,false,41,enwiki,2024-10-27 16:48:35
358017105,Benutzerin:Nicola/Wöllner,Nicola,false,655,dewiki,2024-10-27 16:48:37
1833609204,Centre for Artificial Intelligence and Robotics,Rvsingh12,false,8,enwiki,2024-10-27 16:48:48
358017102,Crazylegs,Horst Fuchs,true,-284,dewiki,2024-10-27 16:48:35
1833609215,Category talk:Educators from Heilongjiang,Simeon,false,23,enwiki,2024-10-27 16:48:49
1833608917,Andrzej Herder,Tom.Reding,false,1,enwiki,2024-10-27 16:48:09
1833609011,Mikheil Saakashvili,Sam20020202,false,36,enwiki,2024-10-27 16:48:13
1833609116,October 2024 Israeli strikes on Iran,XTheBedrockX,false,82,enwiki,2024-10-27 16:48:31
1833609219,Timeline of Iranian history,The Nineteenth Century,false,106,enwiki,2024-10-27 16:48:47
1833608918,Philippine Daily Inquirer,Davide King,false,10,enwiki,2024-10-27 16:48:08
1833609014,Miroslav Matiaško,Tom.Reding,false,1,enwiki,2024-10-27 16:48:23
358017103,Liste von Schriftstellerlexika,Magipulus,false,375,dewiki,2024-10-27 16:48:36
358017108,Janakkala,Scholless,false,64,dewiki,2024-10-27 16:48:41
358017118,Portal:Film und Fernsehen/Kinostarts 1980,Jobu0101,false,15,dewiki,2024-10-27 16:48:49
1833608905,Ernest J. King Middle High School,WhisperToMe,false,708,enwiki,2024-10-27 16:48:06
1833609016,Talk:Dorothy Wiggins,Cewbot,true,41,enwiki,2024-10-27 16:48:23
358017101,Bill Denz,Berita,false,3,dewiki,2024-10-27 16:48:31
1833609117,Macedonians (ethnic group),Rkt2312,false,8,enwiki,2024-10-27 16:48:31
358017117,Wikipedia Diskussion:Wiki Loves Monuments 2024/Deutschland/Jury,Ailura,false,99,dewiki,2024-10-27 16:48:55
1833609314,Talk:Isabel Adrian,Cewbot,true,-13,enwiki,2024-10-27 16:48:59
1833609404,Palace of Vélaz de Medrano,The Royal Herald,false,130,enwiki,2024-10-27 16:49:12
1833609419,Talk Saxy,RachelTensions,false,-40,enwiki,2024-10-27 16:49:15
1833609516,Curières,Monkbot,true,1,enwiki,2024-10-27 16:49:26
1833609602,Fredy Schultheiss,Tom.Reding,false,2,enwiki,2024-10-27 16:49:40
1833609617,Iskakovo,Monkbot,true,2,enwiki,2024-10-27 16:49:43
1833609716,Otto Vonlaufen,Tom.Reding,false,2,enwiki,2024-10-27 16:49:57
1833609604,Talk:Abdurahman Al-Hassan,Cewbot,true,-7,enwiki,2024-10-27 16:49:41
1833609618,Talk:Andrea Belluzzi,Cewbot,true,2,enwiki,2024-10-27 16:49:44
1833609718,Digaleto,Monkbot,true,1,enwiki,2024-10-27 16:49:58
1833609405,Talk:Niki Albon,Cewbot,true,1,enwiki,2024-10-27 16:49:14
1833609518,Talk:Inga S. Bernstein,Cewbot,true,-38,enwiki,2024-10-27 16:49:29
1833609603,Ayutthaya Kingdom,Aadirulez8,false,-6,enwiki,2024-10-27 16:49:33
1833609619,Reto Wyss,Tom.Reding,false,2,enwiki,2024-10-27 16:49:43
1833609406,2024 Styrian state election,Spaastm,false,4,enwiki,2024-10-27 16:49:14
1833609519,User:Paul August/Eris (mythology),Paul August,false,-216,enwiki,2024-10-27 16:49:30
1833609408,Sabine Hinkelmann,Tom.Reding,false,2,enwiki,2024-10-27 16:49:15
1833609611,Template:San Diego Clippers current roster,Koolcatz34,false,-1,enwiki,2024-10-27 16:49:44
1833609409,Alyaksandr Hutar,Monkbot,true,2,enwiki,2024-10-27 16:49:14
1833609612,Luka Hyryläinen,Syvä-äksy,false,1,enwiki,2024-10-27 16:49:42
1833609700,List of leaders of the opposition in the Andhra Pradesh Legislative Assembly,1WikiCont,false,-165,enwiki,2024-10-27 16:49:57
1833609412,1953 in Singapore,Mortality7182,false,0,enwiki,2024-10-27 16:49:15
1833609500,Fort William and Mary,2601:14D:4B80:1950:6D08:D9AA:1B05:55BF,false,54,enwiki,2024-10-27 16:49:25
1833609615,McNally v R,2401:D002:E209:F400:61BA:A3CE:B7A2:8E7E,false,-6,enwiki,2024-10-27 16:49:43
1833609709,José Miguel Zúñiga,Unknown Temptation,false,303,enwiki,2024-10-27 16:49:58
1833609417,Talk:General regression neural network,OpalYosutebito,false,8,enwiki,2024-10-27 16:49:17
1833609501,Beach Weather,Shout4Serenity,false,643,enwiki,2024-10-27 16:49:27
1833609601,Kamari,Monkbot,true,2,enwiki,2024-10-27 16:49:40
1833609713,Serbia and Montenegro in the Eurovision Song Contest 2004,Ferclopedio,false,256,enwiki,2024-10-27 16:49:57
1833609401,Trensacq,Monkbot,true,1,enwiki,2024-10-27 16:49:10
1833609418,Majestic (musician),Hiddenstranger,false,-2,enwiki,2024-10-27 16:49:17
1833609505,Category:Youth ministers of Tonga,Felida97,false,10,enwiki,2024-10-27 16:49:29
1833609616,PUBG Mobile Global Championship 2024,MeLABOYYYY,false,-821,enwiki,2024-10-27 16:49:44
1833609712,Motel California (TV series),Royiswariii,false,-238,enwiki,2024-10-27 16:49:59
1833609805,Education reform,Paul 012,false,-7509,enwiki,2024-10-27 16:50:04
1833609919,User:AmandaNP/SPI case list,DeltaQuadBot,true,0,enwiki,2024-10-27 16:50:26
1833610115,User:Kalathei95/sandbox/List of F1 Drivers/F1 driver record template/977 Chygon Grand Prix,Kalathei95,false,10,enwiki,2024-10-27 16:50:51
1833609806,Talk:Selvi Ananda,Wizardman,false,21,enwiki,2024-10-27 16:50:09
1833610116,User:DreamRimmer/EFFPRH.js,DreamRimmer,false,18,enwiki,2024-10-27 16:50:52
1833609903,Stepan Dmitriyevsky,Tom.Reding,false,2,enwiki,2024-10-27 16:50:22
1833610114,Ludovic Zanoni,Tom.Reding,false,2,enwiki,2024-10-27 16:50:50
1833609812,Talk:Helen Armstrong (activist),Cewbot,true,-14,enwiki,2024-10-27 16:50:09
1833609908,Talk:Rodrigo Barba,Cewbot,true,7,enwiki,2024-10-27 16:50:23
1833609813,Elemér Takács,Tom.Reding,false,2,enwiki,2024-10-27 16:50:08
1833609909,Portal:Current events/2024 October 27,Affiliating,false,9,enwiki,2024-10-27 16:50:25
1833609814,"Tony Farmer (basketball, born 1994)",VolatileAnomaly,false,-66,enwiki,2024-10-27 16:50:08
1833609910,Dolenje Vrhpolje,Monkbot,true,1,enwiki,2024-10-27 16:50:23
1833610102,Flatulence humor,"Ist mir egal, ich ändere das jetzt einfach.",false,-79,enwiki,2024-10-27 16:50:49
1833609818,Gangnam Style,Szyign,false,0,enwiki,2024-10-27 16:50:01
1833609911,Dan Lissvik,Information Records,false,407,enwiki,2024-10-27 16:50:24
1833609819,Stiliani Pilatou,Monkbot,true,1,enwiki,2024-10-27 16:50:10
1833610000,Cologne II,Monkbot,true,1,enwiki,2024-10-27 16:50:35
1833610110,Pelutava,Monkbot,true,2,enwiki,2024-10-27 16:50:49
1833609804,Kato Symi,Monkbot,true,1,enwiki,2024-10-27 16:50:07
1833609915,Chain Reaction (Cuban Link album),24K24,false,404,enwiki,2024-10-27 16:50:25
1833610017,Talk:Lori Bartley,Cewbot,true,-5,enwiki,2024-10-27 16:50:38
1833610111,Talk:Andrea Bezděková,Cewbot,true,-11,enwiki,2024-10-27 16:50:51
1833609918,Kazi Rafiqul Alam,Onel5969,false,64,enwiki,2024-10-27 16:50:26
1833610112,MysticCipher87(alt-account)/sandbox,Killarnee,false,21,enwiki,2024-10-27 16:50:51
1833610213,Kalyan-Dombivli Municipal Corporation,2409:40C0:42:A555:DC44:83FF:FEE6:2AFD,false,2,enwiki,2024-10-27 16:51:07
1833610305,Lurbe-Saint-Christau,Monkbot,true,1,enwiki,2024-10-27 16:51:18
358017217,Benutzer:Swrat/Dahieh-Doktrin,Wikiloginproton,false,1,dewiki,2024-10-27 16:51:30
1833610406,The Night With the Emperor,Monkbot,true,1,enwiki,2024-10-27 16:51:37
1833610516,Draft:Stefan Norblin de la Gourdaine,Wikibenchris,false,76,enwiki,2024-10-27 16:51:52
1833610603,Ramanandi Sampradaya,141.161.163.89,false,-2,enwiki,2024-10-27 16:52:02
1833610214,Talk:Multan Division,Wikibear47,false,16,enwiki,2024-10-27 16:51:08
358017207,Erzwungene Schwangerschaft,Serols,false,42,dewiki,2024-10-27 16:51:14
358017210,Wahlkreis Brixen (Camera dei deputati),Zukunft99,false,0,dewiki,2024-10-27 16:51:15
1833610304,Call of Duty (video game),BrassBirmingham,false,37,enwiki,2024-10-27 16:51:18
1833610409,Talk:Saugat Bista,Cewbot,true,-37,enwiki,2024-10-27 16:51:39
1833610517,Talk:Libby Babet,Cewbot,true,11,enwiki,2024-10-27 16:51:54
1833610619,Gwalior,Donchocolate,false,85,enwiki,2024-10-27 16:51:57
1833610215,Veselin Shterev,Tom.Reding,false,2,enwiki,2024-10-27 16:51:08
1833610306,Onefin catshark,Quetzal1964,false,-174,enwiki,2024-10-27 16:51:20
1833610408,David Harris (American actor),Sunshineisles2,false,53,enwiki,2024-10-27 16:51:39
1833610519,User:Youngster priddydee,Ozzie10aaaa,false,27,enwiki,2024-10-27 16:51:55
1833610216,Corset controversy,Photos of Japan,false,8,enwiki,2024-10-27 16:51:06
358017211,Liste von Jazz- und Improvisationsmusikerinnen,Engelbaet,false,-3,dewiki,2024-10-27 16:51:20
358017214,Copa América 1991/Spiele,MacOrcas,false,0,dewiki,2024-10-27 16:51:23
1833610410,Yrjö Hakoila,Tom.Reding,false,2,enwiki,2024-10-27 16:51:39
358017205,Wikipedia:WikiProjekt Kategorien/Diskussionen/2024/Oktober/20,Julius1990,false,328,dewiki,2024-10-27 16:51:09
358017212,Corporate Digital Responsibility,Mhandschug,false,-34,dewiki,2024-10-27 16:51:22
358017216,Diskussion:Automobil,Gwele kloz,false,506,dewiki,2024-10-27 16:51:29
1833610411,Spartacist League of Britain,Wellington Bay,false,69,enwiki,2024-10-27 16:51:39
1833610510,Kansas State Wildcats football,73.247.225.225,false,0,enwiki,2024-10-27 16:51:50
358017202,Leon Kruczkowski,Magipulus,false,4,dewiki,2024-10-27 16:51:06
1833610218,User talk:SP-KP,Z1720,false,469,enwiki,2024-10-27 16:51:08
1833610312,Matti Niemi (rowing),Tom.Reding,false,2,enwiki,2024-10-27 16:51:22
358017218,HMS Audacious,Ambross07,false,4,dewiki,2024-10-27 16:51:33
1833610416,Talk:Multan Heavy Water Production Facility,Wikibear47,false,2,enwiki,2024-10-27 16:51:40
1833610511,David Harris (American actor),Sunshineisles2,false,54,enwiki,2024-10-27 16:51:52
1833610201,List of equipment of the Republic of Korea Army,Eurohunter,false,40,enwiki,2024-10-27 16:51:02
1833610219,Talk:Hilary Blumberg,Cewbot,true,-13,enwiki,2024-10-27 16:51:09
358017213,Wikipedia:Wiki Loves Earth 2024/Deutschland/Oben,GPSLeo,false,51,dewiki,2024-10-27 16:51:23
358017215,Liste von nationalen und supranationalen Parlamenten,Stp1910,false,-96,dewiki,2024-10-27 16:51:26
1833610418,Oyewale,Onel5969,false,29,enwiki,2024-10-27 16:51:41
1833610512,Talk:Ushi Narrative Tablet,Surayeproject3,false,39,enwiki,2024-10-27 16:51:53
1833610207,Sugrovo,Monkbot,true,2,enwiki,2024-10-27 16:51:05
358017206,Benutzer:Chivista/Groundhopping,Chivista,false,-1,dewiki,2024-10-27 16:51:12
1833610318,Wikipedia talk:WikiProject Volcanoes,Z1720,false,469,enwiki,2024-10-27 16:51:21
1833610400,Epic of Gilgamesh,J.B.,false,-2,enwiki,2024-10-27 16:51:31
1833610419,"Sibylla, Queen of Jerusalem",Surtsicna,false,49,enwiki,2024-10-27 16:51:40
1833610513,Ally Anderson,4TheWynne,false,1,enwiki,2024-10-27 16:51:52
358017203,Havana Joy Braun,Malyacko,false,7,dewiki,2024-10-27 16:51:07
1833610302,Environmental justice,69.228.150.115,false,4,enwiki,2024-10-27 16:51:14
1833610319,Targowica Confederation,Monkbot,true,2,enwiki,2024-10-27 16:51:22
1833610401,User:DannyS712/EFFPRH/sandbox,DreamRimmer,false,184,enwiki,2024-10-27 16:51:37
1833610514,Pekka Pietilä,Tom.Reding,false,2,enwiki,2024-10-27 16:51:53
1833610211,Kolwezi,Alternativebeat,false,0,enwiki,2024-10-27 16:51:05
1833610303,Talk:Jawad Blunt,Cewbot,true,-12,enwiki,2024-10-27 16:51:21
1833610405,Wikipedia talk:WikiProject Mountains,Z1720,false,469,enwiki,2024-10-27 16:51:38
1833610515,Talk:Shehu Usman Adamu,Wizardman,false,26,enwiki,2024-10-27 16:51:54
1833610600,Harry Wikman,Tom.Reding,false,2,enwiki,2024-10-27 16:52:04
1833610816,2013 Pacific typhoon season,CycloneSakura,false,204,enwiki,2024-10-27 16:52:26
1833610919,1953 in Singapore,Mortality7182,false,-4,enwiki,2024-10-27 16:52:56
1833611011,Talk:Kurdistan Region,Beshogur,false,334,enwiki,2024-10-27 16:53:09
1833610707,Β-Endorphin,Ellenacr,false,-22,enwiki,2024-10-27 16:52:17
1833610804,Udice French Research Universities,Onel5969,false,14,enwiki,2024-10-27 16:52:34
1833610903,List of commemorative plaques in Coventry,SDGB1217,false,393,enwiki,2024-10-27 16:52:50
1833611013,Échandelys,Monkbot,true,1,enwiki,2024-10-27 16:53:09
1833610709,2024 Iowa Hawkeyes football team,Mooreux,false,77,enwiki,2024-10-27 16:52:16
1833610805,Eaglehawk–Inglewood railway line,Quebec99,false,-1,enwiki,2024-10-27 16:52:34
1833610819,Wikipedia talk:WikiProject British and Irish hills,Z1720,false,469,enwiki,2024-10-27 16:52:34
1833610904,Hristiana Todorova,Tom.Reding,false,2,enwiki,2024-10-27 16:52:53
1833611014,José Clot,Tom.Reding,false,2,enwiki,2024-10-27 16:53:10
1833610710,Temple of Venus (Aelia Capitolina),Onel5969,false,-30,enwiki,2024-10-27 16:52:20
1833610806,User:GrabUp/common.js,GrabUp,false,35,enwiki,2024-10-27 16:52:35
1833610906,Talk:Lade Akinremi,Cewbot,true,23,enwiki,2024-10-27 16:52:54
1833610711,Vence,Monkbot,true,1,enwiki,2024-10-27 16:52:17
1833610809,Barbara Blewster,Atrivo,false,446,enwiki,2024-10-27 16:52:35
1833610909,CNBC Asia,ChristopherF,false,20,enwiki,2024-10-27 16:52:54
1833610712,User:Aedis1/Art1067,Aedis1,false,96,enwiki,2024-10-27 16:52:21
1833610811,User:Shout4Serenity/sandbox,Shout4Serenity,false,-6,enwiki,2024-10-27 16:52:35
1833610910,Haute-Vienne,Monkbot,true,1,enwiki,2024-10-27 16:52:53
1833610718,Talk:Stanley Aronowitz bibliography,Cewbot,true,6,enwiki,2024-10-27 16:52:21
1833610814,Baltoji Vokė,Monkbot,true,2,enwiki,2024-10-27 16:52:34
1833610914,Nikephoritzes,Monkbot,true,1,enwiki,2024-10-27 16:52:56
1833610702,Walter Massop,Tom.Reding,false,2,enwiki,2024-10-27 16:52:18
1833610900,Talk:Nesrin Abdullah,Cewbot,true,0,enwiki,2024-10-27 16:52:51
1833610917,Talk:Jesper Bratt,Cewbot,true,-20,enwiki,2024-10-27 16:52:57
1833611005,Talk:Ilona Bruzsenyá,Cewbot,true,17,enwiki,2024-10-27 16:53:09
1833610703,Talk:Tomás Bastos,Cewbot,true,-13,enwiki,2024-10-27 16:52:18
1833610815,Talk:Rachel Boyack,Cewbot,true,-10,enwiki,2024-10-27 16:52:36
1833610915,Aleksandar Batinkov,Tom.Reding,false,1,enwiki,2024-10-27 16:52:56
1833611007,Indonesia,Mommy Debby,false,7,enwiki,2024-10-27 16:52:56
1833610705,User:JaGa/Short leaderboard,DPL bot,true,138,enwiki,2024-10-27 16:52:19
1833610817,Adriana Admiraal-Meijerink,Tom.Reding,false,1,enwiki,2024-10-27 16:52:35
1833610902,Bacha Khan Trust,2A01:E0A:C06:EC80:99B7:DD24:CFB5:BA74,false,833,enwiki,2024-10-27 16:52:53
1833610918,Pandour Corps,DonBeroni,false,-235,enwiki,2024-10-27 16:52:57
1833611008,Karol Świderski,UncleTupelo1,false,1,enwiki,2024-10-27 16:53:09
358017301,Guido A. Schick,Felbre,false,474,dewiki,2024-10-27 16:53:28
358017307,Liste der Länderspiele der kanadischen Fußballnationalmannschaft der Frauen,RedPiranha,false,20,dewiki,2024-10-27 16:53:25
1833611208,U.S. Route 17 in Virginia,108.40.124.43,false,52,enwiki,2024-10-27 16:53:40
1833611306,Gaillagos,Monkbot,true,1,enwiki,2024-10-27 16:53:58
1833611119,Talk:List of Agriculture Ministers of Albania,Cewbot,true,24,enwiki,2024-10-27 16:53:30
1833611209,2024 Nebraska Cornhuskers football team,2601:644:9201:8EF0:A5C5:2C96:C647:F8FF,false,-144,enwiki,2024-10-27 16:53:40
1833611311,Israel–Hamas war,Achmad Rachmani,false,-1,enwiki,2024-10-27 16:53:38
1833611118,Eurovision Song Contest 2011,Sims2aholic8,false,7,enwiki,2024-10-27 16:53:18
358017311,Hallenradsport-Weltmeisterschaften 2024,Rz98,false,146,dewiki,2024-10-27 16:53:34
1833611210,Talk:Ezzeldin M. Abdulrahman,Cewbot,true,-9,enwiki,2024-10-27 16:53:45
1833611301,List of leaders of the opposition in the Andhra Pradesh Legislative Assembly,1WikiCont,false,-233,enwiki,2024-10-27 16:53:58
1833611211,Tool use by non-humans,Naveen Chakrabarti,false,-73,enwiki,2024-10-27 16:53:39
358017319,Schlacht in der Barentssee,Ambross07,false,0,dewiki,2024-10-27 16:53:55
1833611300,Mary Jane Watson,Rtkat3,false,-11,enwiki,2024-10-27 16:53:56
1833611313,Arne Holst,Tom.Reding,false,1,enwiki,2024-10-27 16:54:03
358017312,"Datei:L05 031 Bw Kappel, Hilfstriebwagen 1331.jpg",Falk2,false,89,dewiki,2024-10-27 16:53:36
1833611212,Reidar Berg,Tom.Reding,false,2,enwiki,2024-10-27 16:53:46
1833611302,Candace Owens,Pemilligan,false,-355,enwiki,2024-10-27 16:53:52
1833611314,Talk:Prince Julius Adewale Adelusi-Adeluyi,Cewbot,true,6,enwiki,2024-10-27 16:54:03
358017305,Friedrich Übelhack,Jesi,false,-11,dewiki,2024-10-27 16:53:31
1833611213,Preston Kilwien,Rkilwien,false,2,enwiki,2024-10-27 16:53:45
1833611303,Anders Hveem,Tom.Reding,false,1,enwiki,2024-10-27 16:54:00
1833611103,Cat Power discography,フランベ,false,30,enwiki,2024-10-27 16:53:27
1833611204,Wikipedia:Featured list candidates/List of Women's Basketball Academic All-America Team Members of the Year/archive1,Hey man im josh,false,343,enwiki,2024-10-27 16:53:43
1833611218,Talk:Ali Bukhari,Wikibear47,false,14,enwiki,2024-10-27 16:53:46
1833611304,Talk:Philip Aguirre,Cewbot,true,48,enwiki,2024-10-27 16:54:00
1833611315,Doirani railway station,Monkbot,true,1,enwiki,2024-10-27 16:54:02
1833611104,Gunnar Thoresen (bobsledder),Tom.Reding,false,1,enwiki,2024-10-27 16:53:28
1833611205,The Blue and White Lion,Monkbot,true,1,enwiki,2024-10-27 16:53:43
1833611219,KTV,Great Brightstar,false,24,enwiki,2024-10-27 16:53:47
358017315,Evangelium nach Lukas,Ktiv,false,49,dewiki,2024-10-27 16:53:48
1833611317,Alfonso Bedoya,Lord Cornwallis,false,15,enwiki,2024-10-27 16:54:04
1833611105,"Oichalia, Trikala",Monkbot,true,1,enwiki,2024-10-27 16:53:27
358017310,Alexandra (Begriffsklärung),Nawennschon,false,288,dewiki,2024-10-27 16:53:34
358017313,Blutdruck,Hungchaka,false,126,dewiki,2024-10-27 16:53:40
1833611206,Talk:Dance the Night/GA1,MaranoFan,false,1389,enwiki,2024-10-27 16:53:44
358017317,Brusio,Cheyron,false,-147,dewiki,2024-10-27 16:53:54
1833611318,User:Novem Linguae/Scripts/GANReviewTool/GANReviewLog,MaranoFan,false,147,enwiki,2024-10-27 16:53:56
1833611207,Tosin Adarabioyo,Chelsdog,false,1,enwiki,2024-10-27 16:53:37
358017314,League of Legends Championship Series,Tim031002,false,28512,dewiki,2024-10-27 16:53:43
1833611305,RČS,Thatdordrechtguy,false,-13,enwiki,2024-10-27 16:54:01
1833611400,Tu Jhoothi Main Makkaar,RangersRus,false,-11,enwiki,2024-10-27 16:54:16
1833611412,Fatah,Skitash,false,736,enwiki,2024-10-27 16:54:14
1833611616,Intercontinental Cup (football),109.245.32.97,false,0,enwiki,2024-10-27 16:54:43
1833611401,Alfred S. Alschuler,Cjmoran,false,46,enwiki,2024-10-27 16:54:19
1833611413,Talk:Rawshan Ara Bachchu,Cewbot,true,-6,enwiki,2024-10-27 16:54:21
1833611600,Luca Vildoza,HanTsî,false,35,enwiki,2024-10-27 16:54:53
1833611618,Physical hazard,HertzDonuts,false,-5,enwiki,2024-10-27 16:54:58
1833611701,Natangians,Monkbot,true,4,enwiki,2024-10-27 16:55:15
1833611402,1973 Lincoln by-election,Thecolonpagesaretoocomplicated,false,42,enwiki,2024-10-27 16:54:18
1833611601,Yatinuwara Polling Division,Not Wlwtn,false,-1699,enwiki,2024-10-27 16:54:54
1833611619,User talk:Paytonisboss,Paytonisboss,false,243,enwiki,2024-10-27 16:54:58
1833611703,User talk:No Swan So Fine,Lowercase sigmabot III,true,-907,enwiki,2024-10-27 16:55:16
1833611415,Laddie Lewis,Tom.Reding,false,2,enwiki,2024-10-27 16:54:21
1833611504,Wikipedia:Articles for deletion/Zhongli (Genshin Impact) (2nd nomination),SuperSkaterDude45,false,667,enwiki,2024-10-27 16:54:37
1833611603,Promptuarium Iconum Insigniorum,BorgQueen,false,6,enwiki,2024-10-27 16:54:55
1833611709,Jainism in Bengal,Soumyapatra13,false,-340,enwiki,2024-10-27 16:55:17
1833611403,Psaltery,Jacqke,false,28,enwiki,2024-10-27 16:54:18
1833611417,Draft:Stefan Norblin de la Gourdaine,Wikibenchris,false,-16,enwiki,2024-10-27 16:54:20
1833611505,User:JeyReydar97/Articlescreatedbyme,JeyReydar97,false,38,enwiki,2024-10-27 16:54:35
1833611602,Maria Apostolidi,Tom.Reding,false,2,enwiki,2024-10-27 16:54:56
1833611711,Merten Mauritz,Tom.Reding,false,2,enwiki,2024-10-27 16:55:17
1833611408,Apytalaukis,Monkbot,true,2,enwiki,2024-10-27 16:54:18
1833611418,Rupert I of Legnica,Monkbot,true,1,enwiki,2024-10-27 16:54:21
1833611609,Viktor Goncharenko,Saintandy7,false,0,enwiki,2024-10-27 16:54:55
1833611712,Talk:Benja Bruijning,Cewbot,true,-16,enwiki,2024-10-27 16:55:18
1833611419,Antonio R. Frausto,Lord Cornwallis,false,48,enwiki,2024-10-27 16:54:22
1833611506,Filipp Makharadze,Monkbot,true,1,enwiki,2024-10-27 16:54:36
1833611610,Talk:Salmin Atiq Al Rumaihi,Cewbot,true,-22,enwiki,2024-10-27 16:54:57
1833611713,Category talk:Educators from Shanghai,Simeon,false,23,enwiki,2024-10-27 16:55:17
1833611409,2024 Jharkhand Legislative Assembly election,RITWIK MAHATA,false,82,enwiki,2024-10-27 16:54:15
1833611507,Draft:Bangladesh Fishing,Bangladesh Fishing,false,115,enwiki,2024-10-27 16:54:38
1833611715,2015 Pacific typhoon season,Hoguert,false,-35,enwiki,2024-10-27 16:55:06
1833611410,UCLA College of Letters and Science,Michael D. Turnbull,false,-176,enwiki,2024-10-27 16:54:20
1833611508,Talk:Ramazan Ballioğlu,Cewbot,true,-26,enwiki,2024-10-27 16:54:39
1833611611,Czech Airlines,CANREY,false,-3,enwiki,2024-10-27 16:54:54
1833611411,Pandour Corps,DonBeroni,false,-64,enwiki,2024-10-27 16:54:20
1833611509,Marco Soria,Tom.Reding,false,2,enwiki,2024-10-27 16:54:38
1833611612,2024–25 Regionalliga,Phanto1999,false,-191,enwiki,2024-10-27 16:54:56
1833611818,Talk:Flaka Asllanaj,Cewbot,true,12,enwiki,2024-10-27 16:55:36
1833611912,Axe manufacturing in Pennsylvania,Jpn55,false,-15,enwiki,2024-10-27 16:55:51
1833612015,Commercial broadcasting,Dzulfi Ramadhan,false,-8,enwiki,2024-10-27 16:56:02
1833612111,Vera Farmiga,RedLiquorice,false,11,enwiki,2024-10-27 16:56:26
1833611800,Multiple sulfatase deficiency,Ozzie10aaaa,false,-72,enwiki,2024-10-27 16:55:34
1833611915,Villard-de-Lans,Monkbot,true,1,enwiki,2024-10-27 16:55:49
1833612016,Talk:Khaldoun Al-Khashti,Cewbot,true,11,enwiki,2024-10-27 16:56:06
1833612100,Gary Indiana,Sunshineisles2,false,-4,enwiki,2024-10-27 16:56:25
1833612116,Kiʻilani Arruda,Sciencefish,false,-171,enwiki,2024-10-27 16:56:28
1833612017,Adrienne Krebitz,Tom.Reding,false,2,enwiki,2024-10-27 16:56:06
358017407,Il Primo Tower,Afus199620,false,221,dewiki,2024-10-27 16:56:23
358017414,Kiezdeutsch,2003:C6:CF22:C0BA:1967:8359:FE3D:14F9,false,131,dewiki,2024-10-27 16:56:29
1833612018,List of Philippine television shows,2001:4453:5BF:5300:6520:8234:C276:6A37,false,250,enwiki,2024-10-27 16:56:03
1833612101,2024 ATP Tour,Hyperion82,false,1,enwiki,2024-10-27 16:56:15
1833611805,User:PresN/vesperbats,PresN,false,-74052,enwiki,2024-10-27 16:55:30
1833612104,Kevin Kiermaier,Spanneraol,false,588,enwiki,2024-10-27 16:56:26
1833611810,Michael Switak,Tom.Reding,false,2,enwiki,2024-10-27 16:55:34
1833611900,Oliver Kayser,Tom.Reding,false,2,enwiki,2024-10-27 16:55:48
358017401,Versionsraum,Phzh,false,-9,dewiki,2024-10-27 16:56:08
358017408,Wikipedia Diskussion:Wiki Loves Monuments 2024/Deutschland/Jury,Ailura,false,85,dewiki,2024-10-27 16:56:25
1833612106,Talk:Marc-Andre Barriault,Cewbot,true,-12,enwiki,2024-10-27 16:56:27
1833611812,Birger Jarl,Jähmefyysikko,false,-26,enwiki,2024-10-27 16:55:32
1833611906,Koba Narchemashvili,Sam20020202,false,74,enwiki,2024-10-27 16:55:49
1833612105,Taylor Luvambo,Fodbold-fan,false,60,enwiki,2024-10-27 16:56:27
1833611811,Divya Drishti,Pri2000,false,76,enwiki,2024-10-27 16:55:34
1833611908,Kavan (film),Sid95Q,false,-1851,enwiki,2024-10-27 16:55:50
358017402,The Beatles: Eight Days a Week – The Touring Years,Anjaron,false,191,dewiki,2024-10-27 16:56:10
1833612107,Neoi Poroi,Monkbot,true,1,enwiki,2024-10-27 16:56:26
1833611813,Ermakia,Monkbot,true,3,enwiki,2024-10-27 16:55:34
1833611909,Imogen Poots,GiofanniRahman,false,45,enwiki,2024-10-27 16:55:49
1833612014,La Loubière,Monkbot,true,1,enwiki,2024-10-27 16:56:03
1833612108,Moussa Jaalouk,Tom.Reding,false,2,enwiki,2024-10-27 16:56:27
1833611817,Marian Łącz,KibolLP,false,51,enwiki,2024-10-27 16:55:35
1833611911,Talk:Jorge Avilés,Cewbot,true,7,enwiki,2024-10-27 16:55:51
358017400,Southern Airways Express,Uli Elch,false,9,dewiki,2024-10-27 16:56:06
358017404,Benutzer:YPS/Baustelle2,YPS,false,-6137,dewiki,2024-10-27 16:56:15
358017406,Benutzerin Diskussion:Fiona B.,Doc.Heintz,false,4,dewiki,2024-10-27 16:56:23
358017412,Shigeru Oda,Ephraim33,false,31,dewiki,2024-10-27 16:56:26
1833612109,Pandour Corps,DonBeroni,false,-4,enwiki,2024-10-27 16:56:27
1833612214,2024 Lahore college rape,XTheBedrockX,false,394,enwiki,2024-10-27 16:56:46
1833612405,User talk:Paper9oll,Paper9oll,false,-735,enwiki,2024-10-27 16:57:25
358017415,BE Semiconductor,Qwertz1894,false,123,dewiki,2024-10-27 16:56:36
1833612215,Beatrice Regina della Scala,Sfar13,false,110,enwiki,2024-10-27 16:56:46
1833612303,Liu Gang (sport shooter),SmartyPants22,false,166,enwiki,2024-10-27 16:57:01
1833612200,Talk:Iva Marín Adrichem,Cewbot,true,-16,enwiki,2024-10-27 16:56:45
1833612217,I Never Loved a Man the Way I Love You,Ded Meem,false,1,enwiki,2024-10-27 16:56:47
1833612307,Loshchinovsky,Monkbot,true,1,enwiki,2024-10-27 16:57:01
1833612406,Amazing Race Suomi season 2,Samuelzzzz1,false,43,enwiki,2024-10-27 16:57:24
1833612218,Bakuage Sentai Boonboomger,Exukvera,false,220,enwiki,2024-10-27 16:56:46
1833612308,Kavan (film),Sid95Q,false,-551,enwiki,2024-10-27 16:57:02
1833612408,List of awards and nominations received by Olivia Rodrigo,Cookingpotandutensils,false,691,enwiki,2024-10-27 16:57:20
1833612201,2024–25 FIS Alpine Ski World Cup,Gro456,false,202,enwiki,2024-10-27 16:56:43
1833612310,Toni Salame,Tom.Reding,false,2,enwiki,2024-10-27 16:57:02
1833612402,Talk:Wilhelm Biechl,Cewbot,true,5,enwiki,2024-10-27 16:57:24
1833612412,Talk:Dana Beldová-Spálenská,Cewbot,true,-15,enwiki,2024-10-27 16:57:27
1833612203,List of leaders of the opposition in the Andhra Pradesh Legislative Assembly,1WikiCont,false,-48,enwiki,2024-10-27 16:56:44
1833612309,Nangal Thathal,38.137.11.10,false,207,enwiki,2024-10-27 16:57:03
1833612411,User:Shapeyness/sandbox,Shapeyness,false,-338,enwiki,2024-10-27 16:57:27
358017416,Birgit Rausing,Ephraim33,false,31,dewiki,2024-10-27 16:56:41
1833612202,Skinny Puppy,SnivyLink2,false,-36,enwiki,2024-10-27 16:56:39
1833612311,Talk:Khaled Omr Abdalla,Cewbot,true,-11,enwiki,2024-10-27 16:57:03
1833612414,User:JeyReydar97/Articlescreatedbyme,JeyReydar97,false,-1,enwiki,2024-10-27 16:57:25
1833612204,Draft:St1 Nordic,Mstr250,false,79,enwiki,2024-10-27 16:56:46
1833612313,"Moreno Valley, California",ClueBot NG,false,83,enwiki,2024-10-27 16:56:59
1833612403,Patrice Martell,Tom.Reding,false,2,enwiki,2024-10-27 16:57:23
1833612415,Roman Torn,Tom.Reding,false,1,enwiki,2024-10-27 16:57:27
1833612207,Terrorism in Indonesia,Rofraja,false,-20,enwiki,2024-10-27 16:56:43
1833612300,George Salameh,Tom.Reding,false,2,enwiki,2024-10-27 16:56:59
1833612314,Lethal Weapon,Darkwarriorblake,false,3377,enwiki,2024-10-27 16:57:02
1833612404,Nikolai Kryukov (gymnast),Monkbot,true,1,enwiki,2024-10-27 16:57:22
358017418,Christian Lüscher,GT1976,false,42,dewiki,2024-10-27 16:56:42
1833612210,Chevrolet Agile,Alatriste2003,false,2077,enwiki,2024-10-27 16:56:45
1833612301,Talk:Nour Abdelsalam,Cewbot,true,-16,enwiki,2024-10-27 16:57:00
1833612315,Çimpe Castle,Monkbot,true,2,enwiki,2024-10-27 16:57:04
1833612517,Talk:Zhamila Bakbergenova,Cewbot,true,-11,enwiki,2024-10-27 16:57:42
1833612614,Talk:Viviana Bottaro,Cewbot,true,-14,enwiki,2024-10-27 16:58:03
1833612500,Assisted suicide in the United Kingdom,Bird244,false,144,enwiki,2024-10-27 16:57:38
1833612518,Electoral history of Michael Gove,Andysmith248,false,3,enwiki,2024-10-27 16:57:41
1833612601,Talk:Isabel Aco,Cewbot,true,-14,enwiki,2024-10-27 16:58:00
1833612615,"Faugères, Ardèche",Monkbot,true,1,enwiki,2024-10-27 16:58:00
1833612501,User:FraVitaLIUC,FraVitaLIUC,false,131,enwiki,2024-10-27 16:57:41
1833612600,Social data science,Mlody1312,false,54,enwiki,2024-10-27 16:57:59
1833612616,Terrorism in Indonesia,Rofraja,false,-1,enwiki,2024-10-27 16:58:00
1833612502,User:Marchije/sandbox,Marchije,false,-351,enwiki,2024-10-27 16:57:41
1833612605,1969 NBA Finals,Openmy,false,11,enwiki,2024-10-27 16:57:59
1833612617,List of birds of Guadeloupe,Waterfaux,false,423,enwiki,2024-10-27 16:58:02
1833612503,2024 Uruguayan constitutional referendum on nighttime police raids,Fadesga,false,93,enwiki,2024-10-27 16:57:41
1833612604,List of Bakuage Sentai Boonboomger characters,Exukvera,false,-24,enwiki,2024-10-27 16:58:00
1833612618,Hawk the Slayer,Quick and Dirty User Account,false,35,enwiki,2024-10-27 16:58:03
1833612504,List of killings by law enforcement officers in Germany,62.216.215.63,false,-2156,enwiki,2024-10-27 16:56:56
1833612606,Reading Rainbow,Mariewan,false,1500,enwiki,2024-10-27 16:57:58
1833612609,Bernd Eckstein,Tom.Reding,false,2,enwiki,2024-10-27 16:58:02
1833612506,Draft:Rčs,Thatdordrechtguy,false,85,enwiki,2024-10-27 16:57:40
1833612607,Natasha Kaplinsky,Starklinson,false,54,enwiki,2024-10-27 16:58:00
1833612505,Imaan Sulaiman-Ibrahim,AusLondonder,false,861,enwiki,2024-10-27 16:57:40
1833612613,Sri Chaitanya Educational Institutions,2409:40F2:101D:F556:8000:0:0:0,false,-2,enwiki,2024-10-27 16:58:01
1833612510,Gordon Wren,Tom.Reding,false,2,enwiki,2024-10-27 16:57:41
1833612710,Talk:Kimberly A. Bassett,Cewbot,true,1,enwiki,2024-10-27 16:58:21
1833612914,Jeongnyeon: The Star Is Born,Muatsem90,false,0,enwiki,2024-10-27 16:58:54
358017508,Diana Shelstad,John Red,false,8,dewiki,2024-10-27 16:59:05
358017519,St. Marx (Band),Darius Minor,false,6,dewiki,2024-10-27 16:59:12
1833613015,Marko Milanović (professor),Joriki,false,532,enwiki,2024-10-27 16:59:15
1833613102,Isaac Atish Wa-El,Tom.Reding,false,2,enwiki,2024-10-27 16:59:29
1833612711,Christine Scheiblich,Tom.Reding,false,2,enwiki,2024-10-27 16:58:19
1833612808,Khaled Ghaloum,Tom.Reding,false,2,enwiki,2024-10-27 16:58:44
1833612915,Sergey Bezrukov,Monkbot,true,1,enwiki,2024-10-27 16:58:57
1833613000,Talk:Umida Abdullaeva,Cewbot,true,-32,enwiki,2024-10-27 16:59:12
1833613103,Talk:Michael E. Belt,Cewbot,true,-11,enwiki,2024-10-27 16:59:30
1833612712,Laslades,Monkbot,true,1,enwiki,2024-10-27 16:58:19
1833612916,Bashar Omar,Tom.Reding,false,2,enwiki,2024-10-27 16:58:58
358017514,Star Marianas Air,Uli Elch,false,11,dewiki,2024-10-27 16:59:09
1833613002,Saleh Al-Sharrah,Tom.Reding,false,2,enwiki,2024-10-27 16:59:12
1833613017,John Holder (umpire),AssociateAffiliate,false,-1,enwiki,2024-10-27 16:59:15
1833613110,File:APT-1-corrected.png,188.163.69.47,false,21,enwiki,2024-10-27 16:59:32
1833612715,2024 Rolex Paris Masters – Singles,Yimingbao,false,52,enwiki,2024-10-27 16:58:18
1833612819,Talk:Swedish Egil,Cewbot,true,-33,enwiki,2024-10-27 16:58:45
358017500,Yeat,Lk95,false,26,dewiki,2024-10-27 16:58:49
358017509,Rag ’n’ Bone Man,Lk95,false,25,dewiki,2024-10-27 16:59:04
358017515,Portal:Film und Fernsehen/Kinostarts 1990,Jobu0101,false,4,dewiki,2024-10-27 16:59:03
1833613003,Ian Rush,EliasAntonakos,false,149,enwiki,2024-10-27 16:59:07
1833613018,List of leaders of the opposition in the Andhra Pradesh Legislative Assembly,1WikiCont,false,-32,enwiki,2024-10-27 16:59:15
1833613006,User talk:Bangladesh Fishing,Qcne,false,2185,enwiki,2024-10-27 16:59:13
1833613019,James Adede,Tom.Reding,false,-2,enwiki,2024-10-27 16:59:16
1833612702,Talk:Monica Bachmann-Weier,Cewbot,true,17,enwiki,2024-10-27 16:58:18
1833612719,Wikipedia talk:WikiProject Middle Ages/Archive 52,Lowercase sigmabot III,true,758,enwiki,2024-10-27 16:58:23
358017513,Wikipedia:Dritte Meinung,Mary Joanna,false,-417,dewiki,2024-10-27 16:59:08
358017518,L. G. Bass,Phzh,false,38,dewiki,2024-10-27 16:59:11
1833613007,Thiago Motta,200.4.118.152,false,-1,enwiki,2024-10-27 16:59:06
1833612703,Logan International Airport,96.252.72.40,false,-19,enwiki,2024-10-27 16:58:14
1833613012,Gudula,Witger,false,5,enwiki,2024-10-27 16:59:14
1833612705,Exenatide,Coolcaesar,false,309,enwiki,2024-10-27 16:58:18
358017502,Eisschnelllauf-Sprintweltmeisterschaft 1970,Bingo123,false,-6,dewiki,2024-10-27 16:58:57
358017506,Portal Diskussion:Tennis,Fressbacke,false,138,dewiki,2024-10-27 16:59:00
1833613014,Yo compro esa mujer,Thisanivadix,false,8,enwiki,2024-10-27 16:59:12
1833613100,Athens metropolitan area,Citation bot,true,281,enwiki,2024-10-27 16:59:27
1833612709,Iron Family,Muatsem90,false,1,enwiki,2024-10-27 16:58:16
1833612800,Pinoy Big Brother: Celebrity Edition 1,AnomieBOT,true,18,enwiki,2024-10-27 16:58:41
1833612908,Talk:Ghofrane Belkhir,Cewbot,true,-12,enwiki,2024-10-27 16:58:57
358017507,Portal:Film und Fernsehen/Kinostarts 1990,Jobu0101,false,4,dewiki,2024-10-27 16:58:55
1833613013,Yaowarat (restaurant),Another Believer,false,-1,enwiki,2024-10-27 16:59:12
1833612708,Talk:Aki Asakura,Rfl0216,false,-21,enwiki,2024-10-27 16:58:20
1833612801,Ishak Bey Hranić,Durraz0,false,3,enwiki,2024-10-27 16:58:43
1833612909,Do Not Disturb (1999 film),TheDutchArchivist,false,37,enwiki,2024-10-27 16:58:57
1833613016,Talk:Laetitia Aoun,Cewbot,true,-14,enwiki,2024-10-27 16:59:15
1833613101,2021–22 USC Upstate Spartans men's basketball team,Moist hammer,false,-461,enwiki,2024-10-27 16:59:26
1833613112,"Neromyloi, Larissa",Monkbot,true,1,enwiki,2024-10-27 16:59:31
1833613214,Talk:2024 Pacific hurricane season/ACE calcs,Mitchie17327,false,3,enwiki,2024-10-27 16:59:50
1833613309,BTR-152,Hamasien,false,0,enwiki,2024-10-27 17:00:01
1833613400,Talk:The Best of H. P. Lovecraft: Bloodcurdling Tales of Horror and the Macabre,Cewbot,true,0,enwiki,2024-10-27 17:00:18
1833613413,Alexander Beloborodov,Monkbot,true,1,enwiki,2024-10-27 17:00:20
1833613113,1969 NBA Finals,Openmy,false,-28,enwiki,2024-10-27 16:59:30
1833613300,Claudio Giráldez,Saintandy7,false,0,enwiki,2024-10-27 17:00:05
1833613311,List of India Test cricket records,Jeevan Singh Chundawat,false,-1,enwiki,2024-10-27 16:59:54
1833613414,User:DreamRimmer/EFFPRH.js,DreamRimmer,false,1,enwiki,2024-10-27 17:00:23
1833613114,Indus script,RegentsPark,false,-96,enwiki,2024-10-27 16:59:28
1833613200,Talk:Jack Smith (lawyer),206.84.255.251,false,385,enwiki,2024-10-27 16:59:44
1833613303,Talk:Will Baynham,Cewbot,true,0,enwiki,2024-10-27 17:00:06
1833613313,Ishikawajima Ne-20,HeroicIdiot,false,51,enwiki,2024-10-27 17:00:07
1833613403,Mulibrey nanism,Ozzie10aaaa,false,4,enwiki,2024-10-27 17:00:19
1833613415,Mouthwashing (video game),Shapeyness,false,-684,enwiki,2024-10-27 17:00:21
1833613201,Fawzi Salloum,Tom.Reding,false,2,enwiki,2024-10-27 16:59:47
1833613301,Cole Palmer,Chelsdog,false,2,enwiki,2024-10-27 17:00:00
1833613318,User:GalacticVelocity08/sandbox,BurningBlaze05,false,4149,enwiki,2024-10-27 17:00:07
1833613404,Jordán Vallmajo,Tom.Reding,false,2,enwiki,2024-10-27 17:00:19
1833613116,Talk:Alanoud Ihab,Cewbot,true,-12,enwiki,2024-10-27 16:59:33
1833613203,Talk:Nancy Genzel Abouke,Cewbot,true,-8,enwiki,2024-10-27 16:59:48
1833613302,List of Malayalam films of 2024,RangersRus,false,3,enwiki,2024-10-27 17:00:01
1833613406,Talk:Sean Combs,Lowercase sigmabot III,true,-9415,enwiki,2024-10-27 17:00:17
1833613416,Talk:2025 CFL season,Cmm3,false,-74,enwiki,2024-10-27 17:00:22
1833613204,Bourgougnague,Monkbot,true,1,enwiki,2024-10-27 16:59:46
1833613304,Wikipedia:Database reports/Transclusions of non-existent templates,FastilyBot,true,-6223,enwiki,2024-10-27 17:00:07
1833613405,Lévignac,Monkbot,true,1,enwiki,2024-10-27 17:00:16
1833613418,Wikipedia and antisemitism,I.am.a.qwerty,false,189,enwiki,2024-10-27 17:00:22
1833613119,Hasan Al-Shammari,Tom.Reding,false,2,enwiki,2024-10-27 16:59:33
1833613205,Tauragė Castle,Spirit of Performance,false,636,enwiki,2024-10-27 16:59:48
1833613305,2025 CFL season,Cmm3,false,4602,enwiki,2024-10-27 17:00:03
1833613408,Talk:The Bone Key,Cewbot,true,19,enwiki,2024-10-27 17:00:21
1833613118,M*A*S*H season 8,Moe1810,false,-1,enwiki,2024-10-27 16:59:34
1833613206,2024 Rolex Paris Masters,Yimingbao,false,45,enwiki,2024-10-27 16:59:48
1833613306,Talk:The Godfather,Lowercase sigmabot III,true,-975,enwiki,2024-10-27 17:00:05
1833613410,List of birds of Guadeloupe,Waterfaux,false,1,enwiki,2024-10-27 17:00:19
1833613211,Talk:Bangkok Dark Tales,Rfl0216,false,91,enwiki,2024-10-27 16:59:50
1833613307,User:Paul August/Eris (mythology),Paul August,false,-205,enwiki,2024-10-27 17:00:07
1833613409,Artemy Vedel,Ушкуйник,false,18,enwiki,2024-10-27 17:00:18
1833613213,Talk:Gene Bradford,Cewbot,true,19,enwiki,2024-10-27 16:59:51
1833613308,List of leaders of the opposition in the Andhra Pradesh Legislative Assembly,1WikiCont,false,3,enwiki,2024-10-27 17:00:06
1833613503,Chrysa Spiliotis,Monkbot,true,1,enwiki,2024-10-27 17:00:37
1833613710,Draft:Sara Sánchez,John B123,false,0,enwiki,2024-10-27 17:01:16
1833613506,Talk:Dani Pagliarello,Rfl0216,false,-21,enwiki,2024-10-27 17:00:39
1833613609,Alexander Wernsdorfer,Tom.Reding,false,2,enwiki,2024-10-27 17:01:01
1833613712,National Library of Poland,Monkbot,true,1,enwiki,2024-10-27 17:01:15
1833613508,Talk:Sofía Brambilla,Cewbot,true,18,enwiki,2024-10-27 17:00:39
1833613613,Talk:Dani Pagliarello,Rfl0216,false,133,enwiki,2024-10-27 17:01:01
1833613714,List of attendance figures at domestic professional sports leagues,2A02:A316:2486:4500:898B:2884:DC3B:4DD0,false,189,enwiki,2024-10-27 17:01:12
1833613507,Wikipedia:Fringe theories/Noticeboard,Fiveby,false,302,enwiki,2024-10-27 17:00:36
1833613713,2024 Ohio Bobcats football team,APocketJoker,false,1369,enwiki,2024-10-27 17:01:12
1833613509,Talk:Tel al-Sultan attack/GA1,Abo Yemen,false,406,enwiki,2024-10-27 17:00:39
1833613615,I'm Still in Love with You (Al Green album),Ded Meem,false,0,enwiki,2024-10-27 17:01:01
1833613717,"Talk:Carlos Alberto (footballer, born 1953)",Cewbot,true,0,enwiki,2024-10-27 17:01:18
1833613511,Pakur block,Cerium4B,false,0,enwiki,2024-10-27 17:00:38
1833613616,Christian supremacy,130.209.119.157,false,8,enwiki,2024-10-27 17:01:01
1833613517,Stefan Gaisreiter,Tom.Reding,false,2,enwiki,2024-10-27 17:00:40
1833613601,Holstebro Boldklub,Bocanegra,false,1568,enwiki,2024-10-27 17:00:59
1833613703,Elizabeth Roads,EAnnB,false,114,enwiki,2024-10-27 17:01:16
1833613518,A Virtuous Business,Muatsem90,false,0,enwiki,2024-10-27 17:00:38
1833613603,Talk:Richard Anderson (English MP),Cewbot,true,-12,enwiki,2024-10-27 17:01:00
1833613706,Drisht,Arberian2444,false,-12,enwiki,2024-10-27 17:01:15
1833613519,Tigray war,2607:FEA8:A41E:4700:7163:624F:7BA8:C383,false,1,enwiki,2024-10-27 17:00:25
1833613604,User talk:Bangladesh Fishing,Pickersgill-Cunliffe,false,2805,enwiki,2024-10-27 17:01:00
1833613502,Quad 4 engine,Kumboloi,false,-86,enwiki,2024-10-27 17:00:37
1833613608,Kamenianoi,Monkbot,true,1,enwiki,2024-10-27 17:01:00
1833613818,Visa policy of Jordan,ILibya10,false,-11,enwiki,2024-10-27 17:01:34
358017603,Go! (Fluggesellschaft),Uli Elch,false,11,dewiki,2024-10-27 17:01:39
358017612,Marin Držić,Invisigoth67,false,-8,dewiki,2024-10-27 17:01:55
1833614105,Talk:EBay,103.138.202.212,false,131,enwiki,2024-10-27 17:02:29
1833613819,Talk:Boris Bizetić,Cewbot,true,0,enwiki,2024-10-27 17:01:36
1833613900,2024 Uruguayan constitutional referendum on social security,Fadesga,false,85,enwiki,2024-10-27 17:01:55
358017615,Wikipedia:WikiCup/WikiCup 2024/Runde 4,Bingo123,false,24,dewiki,2024-10-27 17:02:01
1833614011,MFG Austria – People Freedom Fundamental Rights,Monkbot,true,1,enwiki,2024-10-27 17:02:12
1833614109,Talk:Michael Chyliński,Cewbot,true,1,enwiki,2024-10-27 17:02:33
1833613806,User:DreamRimmer/EFFPRH.js,DreamRimmer,false,-150,enwiki,2024-10-27 17:01:36
358017610,ASM International,Qwertz1894,false,126,dewiki,2024-10-27 17:01:53
1833613907,The Hoosiers discography,Binksternet,false,42,enwiki,2024-10-27 17:01:55
358017616,Go! (Fluggesellschaft),Uli Elch,false,2,dewiki,2024-10-27 17:02:01
1833614016,India national under-17 football team,223.223.142.25,false,7,enwiki,2024-10-27 17:02:09
1833614108,Alphablocks,CoolBaljeetFan12,false,4,enwiki,2024-10-27 17:02:30
1833613807,Draft:Into the Wild: Wolf Girl 1,Plastikspork,false,-28,enwiki,2024-10-27 17:01:35
1833613908,Massacres of Albanians in World War I,Arberian2444,false,1481,enwiki,2024-10-27 17:01:55
1833614017,Onefin catshark,Quetzal1964,false,55,enwiki,2024-10-27 17:02:14
358017600,Johann Max V. Graf von Preysing-Hohenaschau,Invisigoth67,false,2,dewiki,2024-10-27 17:01:36
1833613910,Top Gear (magazine),Boulette982,false,1,enwiki,2024-10-27 17:01:56
1833614018,Talk:Ana Clavel,Cewbot,true,-11,enwiki,2024-10-27 17:02:15
1833613811,I'm Still in Love with You (Al Green album),Ded Meem,false,0,enwiki,2024-10-27 17:01:35
358017601,Benutzer:A1000/wolrad,A1000,false,30,dewiki,2024-10-27 17:01:38
1833613911,Talk:José de León y Echales,Cewbot,true,19,enwiki,2024-10-27 17:01:57
358017618,Portal:Film und Fernsehen/Kinostarts 1993,Jobu0101,false,4,dewiki,2024-10-27 17:01:57
1833614019,"List of killings by law enforcement officers in the United States, October 2024",2601:1C2:C100:D7A0:C7B0:3F34:E90D:9310,false,5,enwiki,2024-10-27 17:01:59
1833613812,Owen Farrell,2A0B:5F04:4019:4900:617F:4D6A:BEFC:685F,false,8,enwiki,2024-10-27 17:01:32
1833613912,Adrián Marzo,Tom.Reding,false,1,enwiki,2024-10-27 17:01:57
1833613816,Torokina Airfield,Thought 1915,false,0,enwiki,2024-10-27 17:01:36
358017606,Marc Lavoine/Diskografie,Lk95,false,141,dewiki,2024-10-27 17:01:41
1833613913,Pignan,Monkbot,true,1,enwiki,2024-10-27 17:01:55
1833614001,Inver House Distillers,John baost,false,679,enwiki,2024-10-27 17:02:12
1833613813,Millennials in the United States,Nerd271,false,519,enwiki,2024-10-27 17:01:28
358017608,Benutzerin Diskussion:Lómelinde,Mombacher,false,600,dewiki,2024-10-27 17:01:51
1833613917,Benjamin Tahirović,77.221.2.235,false,-2,enwiki,2024-10-27 17:01:58
1833614002,Nippon Ishin no Kai,ValenciaThunderbolt,false,-1,enwiki,2024-10-27 17:02:07
1833613817,Ioannis Leivatidis,Tom.Reding,false,2,enwiki,2024-10-27 17:01:36
358017602,Hallenradsport-Weltmeisterschaften/Zweier-Kunstradfahren offene Klasse,Rz98,false,88,dewiki,2024-10-27 17:01:38
358017609,Lei Fumin,Invisigoth67,false,1,dewiki,2024-10-27 17:01:51
358017617,Garret Sparks,Tomyiy,false,43,dewiki,2024-10-27 17:02:02
1833614003,Dafydd ap Gruffydd,Cltjames,false,53,enwiki,2024-10-27 17:02:12
1833614111,The Count of Monte Cristo (1934 film),2A01:E0A:596:A660:B9CE:349A:95D5:27B2,false,-215,enwiki,2024-10-27 17:02:32
1833614200,Talk:2024 Venezuelan presidential election,Fairfis,false,161,enwiki,2024-10-27 17:02:50
1833614218,Pakistan International Airlines,WikiEnthusiast1001,false,878,enwiki,2024-10-27 17:02:50
1833614305,Talk:Michelle Obama,206.84.255.251,false,491,enwiki,2024-10-27 17:03:11
1833614318,Black Insurrectionist,Greatbrookcondor,false,15,enwiki,2024-10-27 17:03:18
1833614417,We Can Be Heroes (2020 film),24.216.112.19,false,53,enwiki,2024-10-27 17:03:37
1833614201,Sofia Coppola,Hameltion,false,14,enwiki,2024-10-27 17:02:49
1833614219,1966 in fine arts of the Soviet Union,Monkbot,true,4,enwiki,2024-10-27 17:02:55
1833614306,Killing of Yahya Sinwar,Abo Yemen,false,-19,enwiki,2024-10-27 17:03:12
1833614319,Proto-Samoyedic language,95.190.144.216,false,-4,enwiki,2024-10-27 17:03:18
1833614418,Eris (mythology),Paul August,false,-29,enwiki,2024-10-27 17:03:36
1833614112,"Ziros, Preveza",Monkbot,true,1,enwiki,2024-10-27 17:02:32
1833614202,2024 Jiangxi Open,Yimingbao,false,0,enwiki,2024-10-27 17:02:51
1833614307,User:Incognito melon,Incognito melon,false,666,enwiki,2024-10-27 17:03:06
1833614402,Nathan Shepperd,Beatpoet,false,225,enwiki,2024-10-27 17:03:34
1833614204,North-East Democratic Alliance,Unknown FG,false,0,enwiki,2024-10-27 17:02:51
1833614308,Júnior Urso,UncleTupelo1,false,13,enwiki,2024-10-27 17:03:16
1833614406,Cloth hall,Monkbot,true,4,enwiki,2024-10-27 17:03:35
1833614419,"Centre for Fire, Explosive and Environment Safety",Rvsingh12,false,52,enwiki,2024-10-27 17:03:39
1833614114,Owen Farrell,2A0B:5F04:4019:4900:617F:4D6A:BEFC:685F,false,-189,enwiki,2024-10-27 17:02:29
1833614205,2025 AFC U-17 Asian Cup qualification,2405:9800:BA10:254D:613C:163B:1B79:3115,false,3,enwiki,2024-10-27 17:02:40
1833614407,Talk:Petronella Ekroth,Cewbot,true,-11,enwiki,2024-10-27 17:03:36
1833614118,Sears,Maxeto0910,false,1,enwiki,2024-10-27 17:02:30
1833614206,Passenger (1963 film),Monkbot,true,1,enwiki,2024-10-27 17:02:52
1833614408,User talk:Pickersgill-Cunliffe,VanMars,false,459,enwiki,2024-10-27 17:03:35
1833614211,Talk:Janela Cuaton,Cewbot,true,-1,enwiki,2024-10-27 17:02:54
1833614314,Olena Chekan,Monkbot,true,3,enwiki,2024-10-27 17:03:16
1833614412,Wikipedia:Fringe theories/Noticeboard,LuckyLouie,false,1,enwiki,2024-10-27 17:03:36
1833614212,Adilson Malanda,UncleTupelo1,false,12,enwiki,2024-10-27 17:02:55
1833614301,Feudalism,2404:8000:1001:8AE0:106A:D16D:FBD2:43A,false,-13,enwiki,2024-10-27 17:03:12
1833614315,Template:Sticky header/sandbox/styles.css,Jroberson108,false,77,enwiki,2024-10-27 17:03:19
1833614415,British Rail Class 807,2A0A:EF40:395:2501:D54B:6AF1:6D5E:7E36,false,97,enwiki,2024-10-27 17:03:37
1833614213,Special Operations Task Force,103.6.150.30,false,25,enwiki,2024-10-27 17:02:52
1833614303,User talk:Syed Shahzaman1,2409:40D5:108C:FFEE:9110:7F0D:A93E:DBF5,false,218,enwiki,2024-10-27 17:03:15
1833614316,Talk:Nicole Croteau,Cewbot,true,6,enwiki,2024-10-27 17:03:18
1833614304,Talk:Nathan Cruz,Cewbot,true,8,enwiki,2024-10-27 17:03:15
1833614317,Category talk:South Korean musical theatre actors,Simeon,false,26,enwiki,2024-10-27 17:03:18
1833614416,Sinaloa Cartel,Signorravey,false,10,enwiki,2024-10-27 17:03:29
1833614514,Template talk:Routemap,JIP,false,1815,enwiki,2024-10-27 17:03:56
1833614613,Talk:Turkey,Bogazicili,false,685,enwiki,2024-10-27 17:04:12
1833614704,Talk:List of fellows of the Nigerian Academy of Science,Cewbot,true,-11,enwiki,2024-10-27 17:04:33
1833614719,Supremacism,130.209.119.157,false,-2,enwiki,2024-10-27 17:04:35
358017703,Liste von Interpreten mit den meisten verkauften Tonträgern weltweit,Jlo Fan 1999,false,0,dewiki,2024-10-27 17:04:11
358017706,1. FC Heidenheim,94.31.91.150,false,16,dewiki,2024-10-27 17:04:47
1833614614,Tauragė Castle,Spirit of Performance,false,1,enwiki,2024-10-27 17:04:16
1833614706,Eris (mythology),Paul August,false,750,enwiki,2024-10-27 17:04:30
358017700,Benutzer:YPS,YPS,false,27,dewiki,2024-10-27 17:04:38
358017707,Peter Modest Waterloo,Invisigoth67,false,-1,dewiki,2024-10-27 17:04:51
1833614515,Maryna Arzamasova,Monkbot,true,2,enwiki,2024-10-27 17:03:58
1833614617,Grown Ups 2,5.11.98.199,false,93,enwiki,2024-10-27 17:04:13
1833614708,I Am Gloria World Tour,2400:79E0:80:23B8:60E5:F51D:8379:BBCD,false,84,enwiki,2024-10-27 17:04:33
1833614506,2025 AFC U-17 Asian Cup qualification,2405:9800:BA10:254D:613C:163B:1B79:3115,false,0,enwiki,2024-10-27 17:03:45
1833614516,Eaglehawk–Inglewood railway line,Quebec99,false,134,enwiki,2024-10-27 17:04:00
1833614709,Black Insurrectionist,Greatbrookcondor,false,23,enwiki,2024-10-27 17:04:35
358017701,Portal:Film und Fernsehen/Kinostarts 1996,Jobu0101,false,47,dewiki,2024-10-27 17:04:33
1833614507,Talk:Ilija Dimovski (footballer),Cewbot,true,-6,enwiki,2024-10-27 17:03:57
1833614517,Talk:Vlad the Impaler,Doniago,false,166,enwiki,2024-10-27 17:03:57
1833614606,Talk:1984 anti-Sikh riots,RegentsPark,false,138,enwiki,2024-10-27 17:04:13
1833614711,Edwin Jarvis,Rtkat3,false,-11,enwiki,2024-10-27 17:04:34
358017708,Czech Airlines,Uli Elch,false,4,dewiki,2024-10-27 17:04:50
1833614508,Elizabeth Roads,EAnnB,false,52,enwiki,2024-10-27 17:03:57
1833614518,Talk:Carmen Espegel,Cewbot,true,-11,enwiki,2024-10-27 17:04:00
1833614607,Promptuarium Iconum Insigniorum,BorgQueen,false,15,enwiki,2024-10-27 17:04:14
1833614712,Chods,Monkbot,true,3,enwiki,2024-10-27 17:04:34
358017704,Tom Petty & the Heartbreakers,Lk95,false,25,dewiki,2024-10-27 17:04:43
1833614509,Tauragė Castle,Spirit of Performance,false,637,enwiki,2024-10-27 17:03:57
1833614519,Fatih Tekke,Saintandy7,false,0,enwiki,2024-10-27 17:03:59
1833614608,369th Croatian Reinforced Infantry Regiment (Wehrmacht),Monkbot,true,2,enwiki,2024-10-27 17:04:14
1833614717,Talk:Costas Constantinou (Scouting),Cewbot,true,-24,enwiki,2024-10-27 17:04:36
358017705,Jörg-Tilmann Hinz,Invisigoth67,false,-1,dewiki,2024-10-27 17:04:45
1833614510,List of awards and nominations received by Charli XCX,Bigdaddybeyy,false,0,enwiki,2024-10-27 17:03:54
1833614609,Catholic Encyclopedia,Anonymous Editorial Help,false,23,enwiki,2024-10-27 17:04:14
358017702,Alan B. Krueger,Invisigoth67,false,1,dewiki,2024-10-27 17:04:39
1833614511,Amer Ordagić,Caber33,false,90,enwiki,2024-10-27 17:03:58
1833614611,Talk:Tatjana Đekanović,Cewbot,true,-11,enwiki,2024-10-27 17:04:15
1833614512,Owen Farrell,Vedant Katyayan,false,189,enwiki,2024-10-27 17:03:54
1833614610,Wikipedia:Articles for creation/Redirects,LR.127,false,-368,enwiki,2024-10-27 17:04:10
1833614700,Marine Corps Marathon,C22033,false,126,enwiki,2024-10-27 17:04:32
1833614718,User talk:2600:1700:9E15:20:45F0:20B:338E:8186,HJ Mitchell,false,1481,enwiki,2024-10-27 17:04:38
1833614807,Fly2Sky Airlines,2001:818:E2B3:5B00:F057:F8D7:DE9F:DF36,false,-87,enwiki,2024-10-27 17:04:54
358017717,Benutzer:Swrat/Dahieh-Doktrin,Wikiloginproton,false,61,dewiki,2024-10-27 17:05:14
358017719,Sharat Chandra Chattopadhyay,Magipulus,false,4,dewiki,2024-10-27 17:05:23
1833615105,Talk:E.T. the Extra-Terrestrial,Rfl0216,false,1,enwiki,2024-10-27 17:05:49
358017709,Nicholas Shepherd-Barron,John Red,false,115,dewiki,2024-10-27 17:04:56
358017713,Bắc Ninh (Provinz),Invisigoth67,false,-3,dewiki,2024-10-27 17:05:05
1833614918,Category talk:South Korean actors,Simeon,false,26,enwiki,2024-10-27 17:05:14
1833615017,Talk:Mary D'Souza,Cewbot,true,14,enwiki,2024-10-27 17:05:33
1833615110,Digimon: The Movie,68.134.8.115,false,-12,enwiki,2024-10-27 17:05:50
358017710,GAZ-46,Invisigoth67,false,0,dewiki,2024-10-27 17:04:55
358017715,Hassan Muhammad Makki,Aline Ollivier,false,12,dewiki,2024-10-27 17:05:07
358017718,Liste deutschsprachiger Zeitungen außerhalb Europas,Scholless,false,2,dewiki,2024-10-27 17:05:15
1833615018,Talk:Animal,Jts1882,false,511,enwiki,2024-10-27 17:05:33
1833614811,Bouillabaisse,Monkbot,true,1,enwiki,2024-10-27 17:04:54
358017716,Portal:Film und Fernsehen/Kinostarts 1996,Jobu0101,false,4,dewiki,2024-10-27 17:05:03
1833615019,User:Fumikas Sagisavas/sandbox/1962 climate report,Fumikas Sagisavas,false,3781,enwiki,2024-10-27 17:05:29
1833615115,Sara Sánchez,John B123,false,38,enwiki,2024-10-27 17:05:53
358017711,Benutzer:Samuel Adrian Antz/Drafts,Samuel Adrian Antz,false,1178,dewiki,2024-10-27 17:04:16
1833614904,Just as I Am (Bill Withers album),Ded Meem,false,7,enwiki,2024-10-27 17:05:10
1833615002,File:Austria Hungary ethnic (updated).jpg,188.163.69.47,false,21,enwiki,2024-10-27 17:05:31
1833615118,Marc Guiu,Chelsdog,false,1,enwiki,2024-10-27 17:05:51
1833614815,Filip Brattbakk,Caber33,false,4,enwiki,2024-10-27 17:04:56
1833614907,List of Philippine films of 2013,AnomieBOT,false,481,enwiki,2024-10-27 17:05:06
1833615003,Basil Mesardonites,Monkbot,true,1,enwiki,2024-10-27 17:05:31
1833614816,Gudula,Witger,false,1,enwiki,2024-10-27 17:04:57
1833614908,Royal flycatcher,Craigthebirder,false,396,enwiki,2024-10-27 17:05:10
1833615004,List of Philippine television shows,2001:4453:5BF:5300:6520:8234:C276:6A37,false,-3,enwiki,2024-10-27 17:05:28
1833615100,Talk:Lyudmila Dmitriady,Cewbot,true,23,enwiki,2024-10-27 17:05:51
1833614802,UTRGV Baseball Stadium,Matthewjaredgarza2010,false,208,enwiki,2024-10-27 17:04:51
1833614817,Talk:List of Danish nurses,Cewbot,true,0,enwiki,2024-10-27 17:04:57
1833614910,Talk:Carlos Elizalde,Cewbot,true,-2,enwiki,2024-10-27 17:05:12
1833615007,Category talk:South Korean male actors,Simeon,false,26,enwiki,2024-10-27 17:05:31
1833614801,Big Five (association football),Mishary94,false,0,enwiki,2024-10-27 17:04:52
1833614819,The Love of Jeanne Ney,Monkbot,true,1,enwiki,2024-10-27 17:04:57
1833614911,"Chappes, Allier",Monkbot,true,1,enwiki,2024-10-27 17:05:10
1833615008,Elizabeth Roads,EAnnB,false,19,enwiki,2024-10-27 17:05:32
1833615103,Myzzhelovo,Monkbot,true,1,enwiki,2024-10-27 17:05:51
1833614806,Talk:José Antonio Chicoy,Cewbot,true,11,enwiki,2024-10-27 17:04:54
1833614912,Andrew Privett,UncleTupelo1,false,162,enwiki,2024-10-27 17:05:13
1833615102,Draft:LYF Outreach,Spiderone,false,-67,enwiki,2024-10-27 17:05:52
1833615211,Talk:Rosa Kutty Kunnath Chacko,Cewbot,true,17,enwiki,2024-10-27 17:06:09
1833615401,Sailor Song (song),Lk95,false,-1,enwiki,2024-10-27 17:06:46
1833615212,José Miguel Zúñiga,Unknown Temptation,false,31,enwiki,2024-10-27 17:06:10
1833615306,Cincinnati Reds all-time roster,2600:1004:A121:5B2B:5084:15E8:3AEF:1646,false,-2,enwiki,2024-10-27 17:06:24
1833615402,Canterbury Rugby League,203.184.10.242,false,-1,enwiki,2024-10-27 17:06:47
1833615213,List of lord-lieutenants in the United Kingdom,ネイ,false,77,enwiki,2024-10-27 17:06:09
1833615403,1819 Delaware gubernatorial election,ZackCarns,false,0,enwiki,2024-10-27 17:06:47
1833615200,Talk:Time zone,Heitordp,false,1429,enwiki,2024-10-27 17:06:04
1833615214,Lourenties,Monkbot,true,1,enwiki,2024-10-27 17:06:07
1833615309,Talk:Rob Krupicka,Mojo Hand,false,-826,enwiki,2024-10-27 17:06:29
1833615202,Talk:Mubarak Sultan Al-Nubi Faraj,Cewbot,true,17,enwiki,2024-10-27 17:06:06
1833615218,Dionys Schönecker,Barr Theo,false,28,enwiki,2024-10-27 17:06:10
1833615312,Mitochondrial pyruvate carrier 2,Ozzie10aaaa,false,-1,enwiki,2024-10-27 17:06:29
1833615201,Rob Krupicka,Mojo Hand,false,17,enwiki,2024-10-27 17:06:07
1833615314,"Urzhum, Urzhumsky District, Kirov Oblast",Monkbot,true,2,enwiki,2024-10-27 17:06:28
1833615204,Mikey Madison,Louisemanielou,false,9,enwiki,2024-10-27 17:06:08
1833615207,Marvel Epic Collection,Peterspeterson,false,3742,enwiki,2024-10-27 17:05:57
1833615209,User talk:Sable232,Ritchie333,false,811,enwiki,2024-10-27 17:06:08
1833615210,Toothbrush moustache,Jpgordon,false,-54,enwiki,2024-10-27 17:06:05
1833615300,Sir John (make-up artist),2603:8000:CCF0:C1A0:1435:625D:DC6E:A6C7,false,-1,enwiki,2024-10-27 17:06:25
1833615408,Three Seas Initiative,Monkbot,true,1,enwiki,2024-10-27 17:06:46
1833615500,County of Moers,Monkbot,true,2,enwiki,2024-10-27 17:07:07
1833615518,2024 United States Tri-Nation Series,PEditorS10,false,48,enwiki,2024-10-27 17:07:10
1833615608,Utah Social Media Regulation Act,Squidyyy,false,217,enwiki,2024-10-27 17:07:28
1833615406,Talk:Palaeotherium/GA2,Jens Lallensack,false,828,enwiki,2024-10-27 17:06:48
1833615503,2024 Turkish Aerospace Industries headquarters attack,188.132.138.233,false,-8,enwiki,2024-10-27 17:07:06
1833615609,Yatinuwara Polling Division,Not Wlwtn,false,40,enwiki,2024-10-27 17:07:27
1833615410,Talk:Nadezhda Burlakova,Cewbot,true,17,enwiki,2024-10-27 17:06:48
1833615505,Tarnation (2017 film),2409:40D5:103E:B3F7:500C:9DE7:7797:7C93,false,2,enwiki,2024-10-27 17:07:08
1833615610,Mount Lapithas,Monkbot,true,1,enwiki,2024-10-27 17:07:28
358017801,Nicholas Shepherd-Barron,John Red,false,97,dewiki,2024-10-27 17:07:48
1833615411,Princess Xenia (aircraft),Whispyhistory,false,-3,enwiki,2024-10-27 17:06:49
1833615507,Women's Equality Party,Snokalok,false,965,enwiki,2024-10-27 17:07:05
1833615616,2024 ACC Emerging Teams Asia Cup,PEditorS10,false,95,enwiki,2024-10-27 17:07:28
1833615705,Quiksilver Pro France,Cltjames,false,34,enwiki,2024-10-27 17:07:47
1833615412,Socialist Equality Party (UK),Wellington Bay,false,-304,enwiki,2024-10-27 17:06:48
1833615508,Rio de Janeiro,2804:56C:C28F:300:900C:4627:22C4:7891,false,75,enwiki,2024-10-27 17:06:58
1833615601,Asfandyar Wali Khan,Vedant Katyayan,false,-34,enwiki,2024-10-27 17:07:25
1833615708,Talk:Annabel Eyres,Cewbot,true,-16,enwiki,2024-10-27 17:07:48
1833615413,Morten Karlsen,Saintandy7,false,0,enwiki,2024-10-27 17:06:49
1833615511,"George Marks (soccer, born 1999)",UncleTupelo1,false,3,enwiki,2024-10-27 17:07:09
1833615604,I Am Gloria World Tour,2400:79E0:80:23B8:60E5:F51D:8379:BBCD,false,6,enwiki,2024-10-27 17:07:26
1833615619,Devar Malchot,EmausBot,true,-40,enwiki,2024-10-27 17:07:30
1833615709,Looe Key National Marine Sanctuary,Mdnavman,false,-3,enwiki,2024-10-27 17:07:48
1833615415,Atlantic royal flycatcher,Craigthebirder,false,-683,enwiki,2024-10-27 17:06:49
1833615512,Roméo Lavia,Chelsdog,false,-2,enwiki,2024-10-27 17:07:06
1833615418,Movement for a United Communist Party of Greece,Monkbot,true,2,enwiki,2024-10-27 17:06:50
1833615513,Talk:Lord Cochrane,Cewbot,true,-13,enwiki,2024-10-27 17:07:09
1833615605,Talk:Mcebo Dlamini,Cewbot,true,-65,enwiki,2024-10-27 17:07:27
1833615419,David Usupashvili,Sam20020202,false,8,enwiki,2024-10-27 17:06:49
1833615516,Marine Corps Marathon,C22033,false,64,enwiki,2024-10-27 17:07:09
1833615607,"Bergerac, Dordogne",Monkbot,true,1,enwiki,2024-10-27 17:07:24
1833615517,Dennis Wheatley,195.213.86.42,false,-16,enwiki,2024-10-27 17:07:08
1833615606,Wikipedia:Help desk,Michael D. Turnbull,false,0,enwiki,2024-10-27 17:07:27
1833615712,UTRGV Baseball Stadium,Matthewjaredgarza2010,false,1,enwiki,2024-10-27 17:07:48
358017806,Mitchell Heard,Tomyiy,false,152,dewiki,2024-10-27 17:07:57
1833615815,Pandour Corps,DonBeroni,false,-6,enwiki,2024-10-27 17:08:04
358017819,UEFA Champions League,62.227.138.232,false,0,dewiki,2024-10-27 17:08:04
1833615915,February 1925,Mandsford,false,1748,enwiki,2024-10-27 17:08:24
1833616005,"Zhuravlyovka, Belgorod Oblast",Editor12334,false,514,enwiki,2024-10-27 17:08:41
1833616019,User:Asratulhasannahid/sandbox,Asratulhasannahid,false,-6,enwiki,2024-10-27 17:08:45
1833615713,The Door (Teddy Swims song),Lk95,false,0,enwiki,2024-10-27 17:07:48
358017813,Baraksai,2001:871:261:564:AC4D:D8D1:10C5:42F4,false,0,dewiki,2024-10-27 17:08:02
1833615916,Saint-Vincent-le-Paluel,Monkbot,true,1,enwiki,2024-10-27 17:08:23
1833616007,File:Ben higgins Engine Room photo.jpg,188.163.69.47,false,21,enwiki,2024-10-27 17:08:43
1833615717,User:Holy.Yasin,Holy.Yasin,false,65,enwiki,2024-10-27 17:07:51
358017804,Albaner in Argentinien,92.219.129.44,false,-3,dewiki,2024-10-27 17:07:53
358017811,World Athletics Label Road Races 2024,Loper12321,false,330,dewiki,2024-10-27 17:07:57
1833615909,Talk:Carlos Feitosa,Cewbot,true,13,enwiki,2024-10-27 17:08:24
1833616006,User talk:Wikibear47,Wikibear47,false,132,enwiki,2024-10-27 17:08:43
1833615718,1813 Delaware gubernatorial election,ZackCarns,false,0,enwiki,2024-10-27 17:07:49
358017807,Sonnenhügel,Invisigoth67,false,0,dewiki,2024-10-27 17:07:58
358017814,Hodo I. (Lausitz),Invisigoth67,false,-1,dewiki,2024-10-27 17:08:02
1833616008,Women's Equality Party,Snokalok,false,65,enwiki,2024-10-27 17:08:39
1833615719,2024 ACC Emerging Teams Asia Cup,PEditorS10,false,16,enwiki,2024-10-27 17:07:50
358017805,Liste der Flugplätze auf Antigua und Barbuda,Uli Elch,false,3,dewiki,2024-10-27 17:07:54
1833615908,Florian Kohfeldt,Saintandy7,false,0,enwiki,2024-10-27 17:08:23
1833616009,"Zarechny, Penza Oblast",Monkbot,true,1,enwiki,2024-10-27 17:08:41
1833615910,User talk:89.160.187.124,HJ Mitchell,false,1434,enwiki,2024-10-27 17:08:25
1833616010,"The Bush Inn, Tasmania",Brycehughes,false,-2,enwiki,2024-10-27 17:08:43
358017812,Bhartrihari,Magipulus,false,4,dewiki,2024-10-27 17:08:02
1833615911,Rio de Janeiro,Kovcszaln6,false,-75,enwiki,2024-10-27 17:08:11
1833616012,Lothar Rădăceanu,Turgidson,false,252,enwiki,2024-10-27 17:08:42
1833615912,User:AVontop,Drm310,false,22,enwiki,2024-10-27 17:08:25
1833616002,User talk:200.5.49.173,FireflyBot,true,709,enwiki,2024-10-27 17:08:42
1833616017,Game design,Nodicenomasters,false,-874,enwiki,2024-10-27 17:08:42
1833615901,Wikipedia:Administrator intervention against vandalism/TB2,HBC AIV helperbot14,true,-404,enwiki,2024-10-27 17:08:22
1833615914,I Am Gloria World Tour,2400:79E0:80:23B8:60E5:F51D:8379:BBCD,false,8,enwiki,2024-10-27 17:08:24
1833616003,Wikipedia:Administrator intervention against vandalism/TB2,HBC AIV helperbot14,true,-344,enwiki,2024-10-27 17:08:42
1833615811,Talk:Caddillac Tah,Cewbot,true,11,enwiki,2024-10-27 17:08:03
358017818,Mount Washington Hotel,Silberštejn,false,-3,dewiki,2024-10-27 17:08:10
1833615905,Wikipedia:New pages patrol/Reports/Easy reviews,SDZeroBot,true,336,enwiki,2024-10-27 17:08:21
1833615913,Mitochondrial neurogastrointestinal encephalopathy syndrome,Ozzie10aaaa,false,-15,enwiki,2024-10-27 17:08:25
1833616004,Talk:Xu Zhen (singer),Cewbot,true,-7,enwiki,2024-10-27 17:08:42
1833616018,1337x,Joyous!,false,-17,enwiki,2024-10-27 17:08:44
1833616102,Talk:Ahmad Fawzi (footballer),Cewbot,true,-36,enwiki,2024-10-27 17:09:00
1833616100,Spyridon of America,Monkbot,true,1,enwiki,2024-10-27 17:08:59
1833616119,Talk:Jack Smith (lawyer),Esowteric,false,-846,enwiki,2024-10-27 17:09:03
1833616103,User:Abby Buko/sandbox,Abby Buko,false,568,enwiki,2024-10-27 17:09:01
1833616106,Ron Howard,Davide King,false,-1,enwiki,2024-10-27 17:08:59
1833616107,User talk:J2009j,S0091,false,643,enwiki,2024-10-27 17:09:02
1833616111,Starvation (crime),Réalgard,false,36,enwiki,2024-10-27 17:09:00
1833616115,Raoul (Byzantine family),Monkbot,true,1,enwiki,2024-10-27 17:09:02
1833616117,Wikipedia:Good article nominations,ChristieBot,true,132,enwiki,2024-10-27 17:08:48
1833616116,Ch (Cyrillic),Thatdordrechtguy,false,0,enwiki,2024-10-27 17:09:04
1833616205,Mayoral Council for England,Dn9ahx,false,48,enwiki,2024-10-27 17:09:20
1833616315,List of Philippine television shows,2001:4453:5BF:5300:6520:8234:C276:6A37,false,-86,enwiki,2024-10-27 17:09:37
1833616414,Aeronautics Defense Orbiter,21Kakai,false,-6,enwiki,2024-10-27 17:09:53
1833616206,Wikipedia talk:WikiProject Doctor Who/Archive 35,Lowercase sigmabot III,true,2742,enwiki,2024-10-27 17:09:20
1833616317,Wang Zheng (sport shooter),SmartyPants22,false,233,enwiki,2024-10-27 17:09:40
1833616415,Talk:Bilyana Dudova,Cewbot,true,-15,enwiki,2024-10-27 17:09:55
1833616207,Talk:Varnavas Christofi,Cewbot,true,0,enwiki,2024-10-27 17:09:22
1833616208,Accommodations for Marriage,Monkbot,true,1,enwiki,2024-10-27 17:09:21
1833616309,Ibiza Airport,Pmbma,false,162,enwiki,2024-10-27 17:09:37
1833616215,Airbus A320 family,2406:7400:75:21E2:7DB5:92EE:CCDF:55F4,false,10,enwiki,2024-10-27 17:09:14
1833616310,Stefan Leitl,Saintandy7,false,0,enwiki,2024-10-27 17:09:38
1833616400,User:Prof. Paul Bhangal,Drm310,false,21,enwiki,2024-10-27 17:09:53
1833616216,Quartet (Müller play),Sperbsen,false,235,enwiki,2024-10-27 17:09:23
1833616218,List of India Test cricket records,Jeevan Singh Chundawat,false,0,enwiki,2024-10-27 17:09:12
1833616311,Joannis Avramidis,Monkbot,true,1,enwiki,2024-10-27 17:09:34
1833616408,User talk:Prof. Paul Bhangal,Drm310,false,2552,enwiki,2024-10-27 17:09:54
1833616312,The One Doctor,Heroeswithmetaphors,false,54,enwiki,2024-10-27 17:09:39
1833616409,Deim Elias,FuzzyMagma,false,-403,enwiki,2024-10-27 17:09:52
1833616313,Amur Cossacks,Monkbot,true,1,enwiki,2024-10-27 17:09:39
1833616411,2025 AFC U-17 Asian Cup qualification,Conam-san,false,2,enwiki,2024-10-27 17:09:46
1833616202,Geneva Airport,Pmbma,false,162,enwiki,2024-10-27 17:09:19
1833616314,Talk:Mary Bushiri,Cewbot,true,27,enwiki,2024-10-27 17:09:39
1833616412,Rostovsky District,Monkbot,true,1,enwiki,2024-10-27 17:09:53
1833616501,Talk:List of magazines in Nigeria,105.112.178.69,false,171,enwiki,2024-10-27 17:10:12
1833616517,User:Fma12/sandbox,Fma12,false,803,enwiki,2024-10-27 17:10:16
1833616605,Wang Nan (sport shooter),SmartyPants22,false,268,enwiki,2024-10-27 17:10:35
1833616712,Marquis de Sade,CherryPigeon,false,-32,enwiki,2024-10-27 17:10:50
1833616500,Goniądz,Monkbot,true,3,enwiki,2024-10-27 17:10:10
1833616518,Maurice Brouha,Cyfal,false,-7,enwiki,2024-10-27 17:10:17
1833616606,Center for Talented Youth,Coolcaesar,false,25,enwiki,2024-10-27 17:10:35
1833616700,Kempegowda International Airport,AvgeekSK,false,54,enwiki,2024-10-27 17:10:49
1833616714,Commodore (United States),173.169.198.235,false,62,enwiki,2024-10-27 17:10:55
1833616503,Madison Square Garden (1879),204.144.211.235,false,0,enwiki,2024-10-27 17:10:10
1833616519,User talk:Dicklyon,Dicklyon,false,544,enwiki,2024-10-27 17:10:17
1833616607,Madrid–Barajas Airport,Pmbma,false,162,enwiki,2024-10-27 17:10:31
358017905,Magnetberg,Mike Krüger,false,-7,dewiki,2024-10-27 17:10:55
358017907,Fußball-Oberliga Nordost 2024/25,2A00:20:B281:673F:7CF1:C2FF:8A6D:C29D,false,0,dewiki,2024-10-27 17:10:52
1833616502,Elon Musk,SnowyNix,false,-10,enwiki,2024-10-27 17:10:00
1833616611,"Talk:Çelikköy, Dargeçit",Surayeproject3,false,24,enwiki,2024-10-27 17:10:36
1833616705,Naples International Airport,Pmbma,false,162,enwiki,2024-10-27 17:10:53
1833616718,Marvel Epic Collection,Peterspeterson,false,29,enwiki,2024-10-27 17:10:47
1833616507,Talk:Martha Diplock,Cewbot,true,2,enwiki,2024-10-27 17:10:13
1833616612,British Raj,Edasf,false,25,enwiki,2024-10-27 17:10:22
358017903,Johann Max V. Graf von Preysing-Hohenaschau,Scholless,false,20,dewiki,2024-10-27 17:10:50
1833616707,Mayoral Council for England,Dn9ahx,false,-1,enwiki,2024-10-27 17:10:53
1833616719,User:Joel Mkandawire,Joel Mkandawire,false,16,enwiki,2024-10-27 17:10:58
1833616508,Center for Talented Youth,Coolcaesar,false,634,enwiki,2024-10-27 17:10:13
1833616613,Jude Bellingham,Vedant Katyayan,false,1819,enwiki,2024-10-27 17:10:33
358017900,Hopfen am See,2A02:3100:AC5B:8000:F148:B5A:A1BF:6550,false,4,dewiki,2024-10-27 17:10:45
1833616706,Rachel Skarsten,2601:546:201:8890:7113:2596:9AF5:E181,false,0,enwiki,2024-10-27 17:10:53
1833616510,Talk:2025 AFC U-17 Asian Cup qualification,2409:40E3:40FA:CA48:A580:ED62:9087:EF25,false,235,enwiki,2024-10-27 17:10:14
1833616614,Talk:Viktoria Dimova,Cewbot,true,-11,enwiki,2024-10-27 17:10:37
358017901,Liste profanierter Kirchen im Bistum Speyer,AF666,false,-236,dewiki,2024-10-27 17:10:46
1833616708,Gao Qifeng,Crisco 1492,false,3,enwiki,2024-10-27 17:10:53
1833616509,Talk:Resonance,Johnjbarton,false,152,enwiki,2024-10-27 17:10:13
1833616616,Blaziert,Monkbot,true,1,enwiki,2024-10-27 17:10:35
1833616709,Talk:Jessica Chesney-Kürten,Cewbot,true,7,enwiki,2024-10-27 17:10:55
1833616515,Kamala Harris,Cfls,false,19,enwiki,2024-10-27 17:09:59
1833616615,Ethan Bear,Triggerbit,false,35,enwiki,2024-10-27 17:10:37
358017902,Benutzer:Wiki Gh!/Werkstatt,Wiki Gh!,false,8,dewiki,2024-10-27 17:10:47
1833616710,User:JihyoxJongkook/sandbox/Running Man Episodes 2020,JihyoxJongkook,false,12,enwiki,2024-10-27 17:10:55
1833616516,Talk:Adilet Davlumbayev,Cewbot,true,-11,enwiki,2024-10-27 17:10:16
1833616713,MuseScore,FrierMAnaro,false,14,enwiki,2024-10-27 17:10:52
358017908,Schlacht bei Arcole,Baumfreund-FFM,false,-26,dewiki,2024-10-27 17:10:59
358017912,Brusio,Cheyron,false,-148,dewiki,2024-10-27 17:11:08
1833616807,1798 Delaware gubernatorial election,ZackCarns,false,0,enwiki,2024-10-27 17:11:11
358017917,Benutzer:Lena1/Entwürfe,CHR!S,false,280,dewiki,2024-10-27 17:11:18
1833616917,Saint-Hilaire-d'Ozilhan,Monkbot,true,1,enwiki,2024-10-27 17:11:32
1833616809,Ellen Beeman,Citation bot,true,19,enwiki,2024-10-27 17:11:12
1833616918,2011 Guatemalan general election,2803:D100:E460:4201:901:2A1:1DB7:AE77,false,31,enwiki,2024-10-27 17:11:33
358017910,Benutzer:MArcus Sinus/Notizen,MArcus Sinus,false,55,dewiki,2024-10-27 17:11:05
1833616808,Split Airport,Pmbma,false,162,enwiki,2024-10-27 17:11:11
1833617000,"Kilgore, Texas",Bruce1ee,false,2,enwiki,2024-10-27 17:11:49
358017909,Rüttegraben,M2k~dewiki,false,24,dewiki,2024-10-27 17:11:02
358017913,Emilijan Stanew,Magipulus,false,4,dewiki,2024-10-27 17:11:09
1833616810,Talk:Annika Christiansen,Cewbot,true,7,enwiki,2024-10-27 17:11:13
1833617003,2025 AFC U-17 Asian Cup,Puan555,false,121,enwiki,2024-10-27 17:11:51
1833616811,Grzybno Górne,Monkbot,true,1,enwiki,2024-10-27 17:11:12
1833617006,1974–75 Nationalliga A,Huligan0,false,13085,enwiki,2024-10-27 17:11:48
1833616815,2024 Iowa Hawkeyes football team,Mooreux,false,604,enwiki,2024-10-27 17:11:10
358017919,Portal:Film und Fernsehen/Kinostarts 2002,Jobu0101,false,21,dewiki,2024-10-27 17:11:11
1833617008,Talk:Dökött,Cewbot,true,13,enwiki,2024-10-27 17:11:52
1833616816,User:DannyS712/EFFPRH/sandbox,DreamRimmer,false,184,enwiki,2024-10-27 17:11:14
1833616901,Walker Buehler,Spanneraol,false,783,enwiki,2024-10-27 17:11:29
1833617011,Physical hazard,HertzDonuts,false,1,enwiki,2024-10-27 17:11:52
1833616911,User:Prikryl,Prikryl,false,16,enwiki,2024-10-27 17:11:34
1833616802,George Ford (rugby union),2A0B:5F04:4019:4900:617F:4D6A:BEFC:685F,false,0,enwiki,2024-10-27 17:11:10
1833616912,Nobles of the Sword,77.130.249.139,false,103,enwiki,2024-10-27 17:11:33
358017911,Hansjoachim von Rohr,Fritz Krischen,false,106,dewiki,2024-10-27 17:11:08
1833616803,Category talk:People from Mapo District,Simeon,false,28,enwiki,2024-10-27 17:11:12
358017916,Fortsetzungskrieg,L.Willms,false,204,dewiki,2024-10-27 17:11:16
1833616914,Talk:Jean-Luc Dreyer,Cewbot,true,11,enwiki,2024-10-27 17:11:34
