1833504108,Wikipedia:WikiProject Melanesia/Article alerts,AAlertBot,false,-6,enwiki,2024-10-27 09:08:45
1833504209,Episode 2: Medecine Cake,Swinub,false,2,enwiki,2024-10-27 09:09:02
1833504303,Wikipedia:WikiProject National Football League/Article alerts/Archive 3,AAlertBot,true,1161,enwiki,2024-10-27 09:09:17
1833504402,User talk:Blake Hale,Sam Sailor,false,250,enwiki,2024-10-27 09:09:33
1833504416,Wikipedia:WikiProject Oregon/Article alerts,AAlertBot,false,575,enwiki,2024-10-27 09:09:35
1833504109,Wikipedia:WikiProject Melbourne/Article alerts,AAlertBot,false,136,enwiki,2024-10-27 09:08:45
1833504211,Far-right politics in Finland,RKT7789,false,-41,enwiki,2024-10-27 09:09:00
1833504304,Wikipedia:WikiProject National Football League/Washington Commanders subproject/Article alerts/Archive 1,AAlertBot,true,436,enwiki,2024-10-27 09:09:17
1833504317,Wikipedia:WikiProject Musicians/Featured and Good content/Article alerts/Archive 1,AAlertBot,true,384,enwiki,2024-10-27 09:09:12
1833504401,"Henry Jeffrey Flower, 5th Viscount Ashbrook",Paladyn-john,false,99,enwiki,2024-10-27 09:09:33
1833504418,Kalousi,Monkbot,true,1,enwiki,2024-10-27 09:09:33
1833504505,Wikipedia:WikiProject Birds/Poultry task force/Article alerts/Archive 1,AAlertBot,true,425,enwiki,2024-10-27 09:09:46
1833504110,Draft:Samvel Sargsyan,Jannatulbaqi,false,94,enwiki,2024-10-27 09:08:45
1833504212,Wikipedia:WikiProject Military history/North American military history task force/Article alerts,AAlertBot,false,632,enwiki,2024-10-27 09:09:02
1833504306,Wikipedia:WikiProject National Basketball Association/Article alerts,AAlertBot,false,-911,enwiki,2024-10-27 09:09:18
1833504315,Peruvian Amazon Company,Arawoke,false,-14,enwiki,2024-10-27 09:09:16
1833504417,Sibton Abbey,Leutha,false,14,enwiki,2024-10-27 09:09:35
1833504111,Wikipedia:WikiProject Marketing & Advertising/Article alerts,AAlertBot,false,-332,enwiki,2024-10-27 09:08:46
1833504200,Wikipedia:WikiProject Military history/South Asian military history task force/Article alerts,AAlertBot,false,-18,enwiki,2024-10-27 09:09:01
1833504214,Talk:Rash (disambiguation),2001:5B0:9102:D680:59D8:A21A:612A:D0A9,false,270,enwiki,2024-10-27 09:09:03
1833504305,2024–25 Western United FC season,Ausfootballfan,false,257,enwiki,2024-10-27 09:09:12
1833504407,Wikipedia:WikiProject Ohio/Deletion sorting/Article alerts,AAlertBot,false,-896,enwiki,2024-10-27 09:09:34
1833504419,Wikipedia:WikiProject Numismatics/Article alerts,AAlertBot,false,-1018,enwiki,2024-10-27 09:09:35
1833504112,Wikipedia:WikiProject Lists/Article alerts,AAlertBot,false,-8738,enwiki,2024-10-27 09:08:39
1833504201,Wikipedia:WikiProject Military history/Southeast Asian military history task force/Article alerts,AAlertBot,false,0,enwiki,2024-10-27 09:09:01
1833504215,Wikipedia:WikiProject Military history/World War II task force/Article alerts,AAlertBot,false,1652,enwiki,2024-10-27 09:09:03
1833504308,Wikipedia:WikiProject National Football League/Washington Commanders subproject/Article alerts,AAlertBot,false,-1133,enwiki,2024-10-27 09:09:18
1833504318,Wikipedia:WikiProject Neopaganism/Article alerts,AAlertBot,false,-842,enwiki,2024-10-27 09:09:19
1833504409,Wikipedia:WikiProject Norway/Article alerts/Archive 3,AAlertBot,true,224,enwiki,2024-10-27 09:09:28
1833504114,Talk:2024 Cuban blackout,EmausBot,true,1,enwiki,2024-10-27 09:08:46
1833504202,User talk:GraziePrego,GraziePrego,false,222,enwiki,2024-10-27 09:08:55
1833504216,Wikipedia:WikiProject Mississippi/Article alerts,AAlertBot,false,-6,enwiki,2024-10-27 09:09:03
1833504310,Wikipedia:WikiProject Myanmar/Article alerts/Archive 1,AAlertBot,true,200,enwiki,2024-10-27 09:09:12
1833504319,Raavan (2010 film),2600:1702:523F:F310:2065:E1F3:954:6024,false,-49,enwiki,2024-10-27 09:09:15
1833504408,Talk:She Knows (J. Cole song),T. Behint SK,false,292,enwiki,2024-10-27 09:09:34
1833504101,Wikipedia:WikiProject Mauritius/Article alerts,AAlertBot,false,185,enwiki,2024-10-27 09:08:44
1833504113,User talk:Med community,Jannatulbaqi,false,2866,enwiki,2024-10-27 09:08:46
1833504203,Wikipedia:WikiProject Military history/European military history task force/Article alerts,AAlertBot,false,987,enwiki,2024-10-27 09:09:01
1833504309,Christina Carreira,Stevencocoboy,false,0,enwiki,2024-10-27 09:09:16
1833504410,Wikipedia:WikiProject Ohio/Deletion sorting/Article alerts/Archive 2,AAlertBot,true,332,enwiki,2024-10-27 09:09:31
1833504102,Wikipedia:WikiProject Linguistics/Article alerts/Archive 2,AAlertBot,true,231,enwiki,2024-10-27 09:08:35
1833504115,Wikipedia:WikiProject Merseyside/Article alerts,AAlertBot,false,-48,enwiki,2024-10-27 09:08:46
1833504204,Verovka,Monkbot,true,1,enwiki,2024-10-27 09:09:00
1833504219,"Wikipedia:WikiProject Military history/Military science, technology, and theory task force/Article alerts",AAlertBot,false,-453,enwiki,2024-10-27 09:09:04
1833504312,Aleksey Arakcheyev,Monkbot,true,2,enwiki,2024-10-27 09:09:17
1833504412,Wikipedia:WikiProject Ohio/Article alerts/Archive 3,AAlertBot,true,523,enwiki,2024-10-27 09:09:31
1833504500,Wikipedia:WikiProject Pornography/Article alerts,AAlertBot,false,245,enwiki,2024-10-27 09:09:48
1833504103,Wikipedia:WikiProject Magazines/Article alerts,AAlertBot,false,-278,enwiki,2024-10-27 09:08:44
1833504117,List of anime broadcast by NHK,8.43.55.81,false,52,enwiki,2024-10-27 09:08:45
1833504206,Wikipedia:WikiProject Military history/Article alerts,AAlertBot,false,4156,enwiki,2024-10-27 09:08:57
1833504300,Wikipedia:WikiProject National Football League/New York Jets subproject/Article alerts,AAlertBot,false,-6,enwiki,2024-10-27 09:09:17
1833504313,Stairway to the Sky Tour,188.74.98.180,false,278,enwiki,2024-10-27 09:09:17
1833504411,Wikipedia:WikiProject Ohio/Article alerts,AAlertBot,false,-1597,enwiki,2024-10-27 09:09:34
1833504501,Wikipedia:WikiProject Birds/Poultry task force/Article alerts,AAlertBot,false,-1084,enwiki,2024-10-27 09:09:48
1833504104,Wikipedia:WikiProject Media franchises/Article alerts,AAlertBot,false,550,enwiki,2024-10-27 09:08:44
1833504207,Wikipedia:WikiProject Military history/Military aviation task force/Article alerts,AAlertBot,false,291,enwiki,2024-10-27 09:09:02
1833504301,Clothing material,Викидим,false,25,enwiki,2024-10-27 09:09:15
1833504314,Wikipedia:WikiProject National Football League/Article alerts,AAlertBot,false,-3596,enwiki,2024-10-27 09:09:18
1833504400,The Fantastic Expedition of Dillard & Clark,Swinub,false,19,enwiki,2024-10-27 09:09:33
1833504415,Wikipedia:WikiProject Olympics/Article alerts,AAlertBot,false,342,enwiki,2024-10-27 09:09:33
1833504502,Armenians in Poland,Monkbot,true,2,enwiki,2024-10-27 09:09:46
1833504515,Talk:Rash (disambiguation),Synorem,false,-270,enwiki,2024-10-27 09:09:51
1833504506,October 2024 Israeli strikes on Iran,Linkin Prankster,false,12,enwiki,2024-10-27 09:09:45
1833504518,Wikipedia:WikiProject R&B and Soul Music/Article alerts,AAlertBot,false,1508,enwiki,2024-10-27 09:09:51
1833504507,Wikipedia:WikiProject Pop music/Article alerts,AAlertBot,false,95,enwiki,2024-10-27 09:09:49
1833504517,Villa District,Monkbot,true,1,enwiki,2024-10-27 09:09:49
1833504510,Wikipedia:WikiProject Radio Stations/Article alerts,AAlertBot,false,794,enwiki,2024-10-27 09:09:51
1833504519,Deborah Kerr,2600:1000:A016:D4F:54B1:C9FC:2E5C:EFE,false,-204,enwiki,2024-10-27 09:09:48
1833504511,Wikipedia:WikiProject Puerto Rico/Article alerts,AAlertBot,false,-844,enwiki,2024-10-27 09:09:51
1833504509,Talk:She Knows (J. Cole song),T. Behint SK,false,139,enwiki,2024-10-27 09:09:50
1833504512,Wikipedia:WikiProject Radio/Article alerts,AAlertBot,false,1110,enwiki,2024-10-27 09:09:51
1833504513,Wikipedia:WikiProject Pornography/Article alerts/Archive 3,AAlertBot,true,208,enwiki,2024-10-27 09:09:46
1833504514,Wikipedia:WikiProject Punk music/Article alerts,AAlertBot,false,-581,enwiki,2024-10-27 09:09:51
1833504619,Churni River,Balai Chandra Das,false,532,enwiki,2024-10-27 09:10:06
1833504705,Wikipedia:WikiProject Taylor Swift/Article alerts,AAlertBot,false,-6,enwiki,2024-10-27 09:10:20
1833504717,Wikipedia:WikiProject Tamil Nadu/Article alerts/Archive 2,AAlertBot,true,413,enwiki,2024-10-27 09:10:20
1833504800,Wikipedia:WikiProject United States Presidents/Article alerts,AAlertBot,false,204,enwiki,2024-10-27 09:10:35
1833504813,Wikipedia:WikiProject US State Legislatures/Article alerts,AAlertBot,false,-6,enwiki,2024-10-27 09:10:37
1833504903,Wikipedia:WikiProject Women writers/Article alerts,AAlertBot,false,-2337,enwiki,2024-10-27 09:10:54
1833504914,Wikipedia:WikiProject Women's sport/Martial arts task force/Article alerts,AAlertBot,false,-580,enwiki,2024-10-27 09:10:56
357999601,Benutzer:Pudt,Pudt,false,207,dewiki,2024-10-27 09:11:07
1833505015,2022 Philippine presidential election in Antique,TheNuggeteer,false,63,enwiki,2024-10-27 09:11:25
1833505102,Holy Rus',Monkbot,true,1,enwiki,2024-10-27 09:11:55
1833505109,Mohammad A. Arafat,45.248.151.238,false,-47,enwiki,2024-10-27 09:12:01
1833504600,Wikipedia:WikiProject Scouting/Article alerts/Archive 1,AAlertBot,true,215,enwiki,2024-10-27 09:10:02
1833504610,Wikipedia:WikiProject Ships/Article alerts,AAlertBot,false,-114,enwiki,2024-10-27 09:10:05
1833504707,Wikipedia:WikiProject Statistics/Article alerts,AAlertBot,false,41,enwiki,2024-10-27 09:10:20
1833504718,Indonesian Space Agency,Pratama26,false,34,enwiki,2024-10-27 09:10:20
1833504801,Atlantic Airways Flight 670,Ivebeenhacked,false,-20,enwiki,2024-10-27 09:10:33
1833504815,Presian (son of Ivan Vladislav),Monkbot,true,2,enwiki,2024-10-27 09:10:36
1833504904,Wikipedia:WikiProject Women artists/Article alerts/Archive 2,AAlertBot,true,168,enwiki,2024-10-27 09:10:51
1833504915,1984 Guamanian general election,EmausBot,true,7,enwiki,2024-10-27 09:10:57
1833505017,User:Imcdc/sandbox,Imcdc,false,-9,enwiki,2024-10-27 09:11:27
1833505111,World of Warcraft: The War Within,Folco88,false,1,enwiki,2024-10-27 09:12:02
1833504601,Wikipedia:WikiProject Severe weather/Article alerts/Archive 1,AAlertBot,true,209,enwiki,2024-10-27 09:10:03
1833504611,Lasosna,Monkbot,true,2,enwiki,2024-10-27 09:10:05
1833504706,Sgt. Slaughter's Mat Wars,Mrfoogles,false,49,enwiki,2024-10-27 09:10:18
1833504803,Wikipedia:WikiProject United States Government/Article alerts,AAlertBot,false,-12,enwiki,2024-10-27 09:10:35
1833504817,Wikipedia:WikiProject United States History/Article alerts,AAlertBot,false,6,enwiki,2024-10-27 09:10:38
1833504905,WNBC,MusikBot II,true,-17,enwiki,2024-10-27 09:10:47
1833504917,Wikipedia:WikiProject Women/Women in Green/Article alerts,AAlertBot,false,285,enwiki,2024-10-27 09:10:56
357999602,Helene Berg (Politikerin),Sebastian Wallroth,false,372,dewiki,2024-10-27 09:11:17
1833505002,Nazriya Nazim,120.58.76.177,false,-5,enwiki,2024-10-27 09:11:16
1833505018,Talk:1998 Guamanian general election,EmausBot,true,7,enwiki,2024-10-27 09:11:27
1833505112,The Voice of Poland season 15,Casper18,false,826,enwiki,2024-10-27 09:12:01
1833504602,Wikipedia:WikiProject Scotland/Article alerts,AAlertBot,false,773,enwiki,2024-10-27 09:10:04
1833504612,Wikipedia:WikiProject Schools/Article alerts,AAlertBot,false,3334,enwiki,2024-10-27 09:10:05
1833504709,Wikipedia:WikiProject Syria/Article alerts,AAlertBot,false,-528,enwiki,2024-10-27 09:10:20
1833504805,Wikipedia:WikiProject United Kingdom/Article alerts/Archive 10,AAlertBot,true,2169,enwiki,2024-10-27 09:10:34
1833504818,Wikipedia:WikiProject Utah/Article alerts,AAlertBot,false,170,enwiki,2024-10-27 09:10:39
1833504906,Wikipedia:WikiProject Women's Health/Article alerts,AAlertBot,false,171,enwiki,2024-10-27 09:10:55
1833504918,Arslanbekovo,Monkbot,true,2,enwiki,2024-10-27 09:10:54
1833505001,"Fons, Gard",Monkbot,true,1,enwiki,2024-10-27 09:11:18
357999612,Horst-Helmut Wind,Asperatus,false,2257,dewiki,2024-10-27 09:11:27
357999617,Leibniz-Institut DSMZ-Deutsche Sammlung von Mikroorganismen und Zellkulturen,Hodsha,false,4,dewiki,2024-10-27 09:11:34
1833505113,User:M Waleed/sandbox,M Waleed,false,577,enwiki,2024-10-27 09:11:16
1833504603,Wikipedia:WikiProject Shropshire/Article alerts,AAlertBot,false,24,enwiki,2024-10-27 09:10:05
1833504613,Wikipedia:WikiProject Scotland/Article alerts/Archive 3,AAlertBot,true,212,enwiki,2024-10-27 09:10:01
1833504710,Slunečná,Monkbot,true,1,enwiki,2024-10-27 09:10:18
1833504804,Jennifer Lopez & Marc Anthony en Concierto,76.88.55.135,false,-32,enwiki,2024-10-27 09:10:36
1833504819,Wikipedia:WikiProject Urban studies and planning/Article alerts,AAlertBot,false,-6,enwiki,2024-10-27 09:10:39
1833504909,Wikipedia:WikiProject Women's sport/Boxing task force/Article alerts,AAlertBot,false,-648,enwiki,2024-10-27 09:10:55
1833504916,Thwaite Mills,Leutha,false,38,enwiki,2024-10-27 09:10:54
357999606,28. November,Vive la France2,false,186,dewiki,2024-10-27 09:11:22
1833505105,Comfort Ekpo,Itorob,false,11,enwiki,2024-10-27 09:12:00
1833504605,Wikipedia:WikiProject Science Fiction/Article alerts/Archive 4,AAlertBot,true,206,enwiki,2024-10-27 09:10:01
1833504614,Wikipedia:WikiProject Slovenia/Article alerts,AAlertBot,false,-6,enwiki,2024-10-27 09:10:07
1833504700,List of Department of Defense appointments by Joe Biden,Umutdyb,false,152,enwiki,2024-10-27 09:10:13
1833504712,Wikipedia:WikiProject Television/Arrowverse task force/Article alerts/Archive 1,AAlertBot,true,285,enwiki,2024-10-27 09:10:21
1833504806,Talk:1984 Guamanian general election,EmausBot,true,7,enwiki,2024-10-27 09:10:37
1833504907,Wikipedia:Village pump (miscellaneous),Chris G,false,427,enwiki,2024-10-27 09:10:54
357999607,Greyline,OS,false,-3193,dewiki,2024-10-27 09:11:24
1833505115,Pornographic film,182.4.198.50,false,11,enwiki,2024-10-27 09:11:57
1833504604,User talk:Keivan.f,MSincccc,false,893,enwiki,2024-10-27 09:10:04
1833504615,Wikipedia:WikiProject Serbia/Article alerts,AAlertBot,false,-1996,enwiki,2024-10-27 09:10:07
1833504702,Wikipedia:WikiProject Stub sorting/Article alerts/Archive 1,AAlertBot,true,208,enwiki,2024-10-27 09:10:17
1833504711,Template:Khulna–Mongla Port line,Asm sultan,false,6,enwiki,2024-10-27 09:10:21
1833504808,Wikipedia:WikiProject U.S. Roads/Article alerts,AAlertBot,false,-12,enwiki,2024-10-27 09:10:36
1833504910,Wikipedia:WikiProject Women/Article alerts/Archive 22,AAlertBot,true,4396,enwiki,2024-10-27 09:10:50
357999603,Landgericht Magdeburg,Wilske,false,-2,dewiki,2024-10-27 09:11:20
1833505007,Lyutsinsky Uyezd,Marcocapelle,false,43,enwiki,2024-10-27 09:11:24
1833505106,Avajan,Monkbot,true,1,enwiki,2024-10-27 09:11:58
1833505114,Rēzeknes apriņķis,Marcocapelle,false,-42,enwiki,2024-10-27 09:12:04
1833504606,Masha Slamovich,2600:6C48:417F:FA02:75F4:854A:3300:8056,false,84,enwiki,2024-10-27 09:10:04
1833504617,List of German films of the 1990s,2003:C6:9F30:E349:30DD:4F1E:4DA2:2808,false,141,enwiki,2024-10-27 09:09:53
1833504701,Heart (radio network),Socialist Distancing,false,4,enwiki,2024-10-27 09:10:17
1833504714,Wikipedia:WikiProject Tamil Nadu/Article alerts,AAlertBot,false,-506,enwiki,2024-10-27 09:10:22
1833504809,Wikipedia:WikiProject United Kingdom/Article alerts,AAlertBot,false,-4636,enwiki,2024-10-27 09:10:35
357999600,St.-Johannes-der-Täufer-Kirche (Bartoszyce),Tino Cannst,false,676,dewiki,2024-10-27 09:11:13
357999605,Guèye,Landroval,false,61,dewiki,2024-10-27 09:11:21
1833505009,Natural product,Boghog,false,147,enwiki,2024-10-27 09:11:21
1833504608,Wikipedia:Requested moves/Article alerts,AAlertBot,false,4528,enwiki,2024-10-27 09:09:57
1833504703,Wikipedia:WikiProject Syria/Article alerts/Archive 2,AAlertBot,true,183,enwiki,2024-10-27 09:10:19
1833504716,Wikipedia:WikiProject Statistics/Article alerts/Archive 1,AAlertBot,true,174,enwiki,2024-10-27 09:10:17
1833504811,User:CJCurrie/sandbox,CJCurrie,false,419,enwiki,2024-10-27 09:10:28
1833504900,Wikipedia:WikiProject Women artists/Article alerts,AAlertBot,false,-485,enwiki,2024-10-27 09:10:54
1833504911,User:Imcdc/sandbox,Citation bot,true,8,enwiki,2024-10-27 09:10:55
1833505014,"Montpezat, Lot-et-Garonne",Monkbot,true,1,enwiki,2024-10-27 09:11:22
1833505107,Mahadevi,Seyamar,false,4,enwiki,2024-10-27 09:11:58
1833505117,"Louis III, Grand Duke of Hesse",Monkbot,true,1,enwiki,2024-10-27 09:12:03
1833504609,Wikipedia:WikiProject Skiing and Snowboarding/Article alerts,AAlertBot,false,-6,enwiki,2024-10-27 09:10:06
1833504618,Wikipedia:WikiProject Skepticism/Article alerts,AAlertBot,false,-6,enwiki,2024-10-27 09:10:06
1833504704,Wikipedia:WikiProject Taiwan/Article alerts,AAlertBot,false,450,enwiki,2024-10-27 09:10:20
1833504715,Wikipedia:WikiProject Television/Arrowverse task force/Article alerts,AAlertBot,false,-857,enwiki,2024-10-27 09:10:22
1833504814,Wikipedia:WikiProject Trains/Article alerts/Archive 10,AAlertBot,true,1603,enwiki,2024-10-27 09:10:29
1833504902,Wikipedia:WikiProject Wisconsin/Article alerts,AAlertBot,false,-1733,enwiki,2024-10-27 09:10:54
1833504913,Wikipedia:WikiProject Women in Music/Article alerts,AAlertBot,false,-1890,enwiki,2024-10-27 09:10:54
1833505011,Élie Halévy,Motekov,false,-1,enwiki,2024-10-27 09:11:24
357999616,Führungsakademie der Bundeswehr/Absolventen,Asperatus,false,23,dewiki,2024-10-27 09:11:32
357999619,Bettina Bannasch,Seemannssonntag,false,-26,dewiki,2024-10-27 09:11:41
1833505108,Allophylus,Declangi,false,-83,enwiki,2024-10-27 09:12:02
1833505200,2000 Guamanian general election,EmausBot,true,7,enwiki,2024-10-27 09:12:47
1833505212,Killing of journalists in the Israel–Hamas war,CarmenEsparzaAmoux,false,454,enwiki,2024-10-27 09:12:50
1833505315,Live at Donington (AC/DC album),Dima6,false,28,enwiki,2024-10-27 09:13:25
1833505400,Loucas Éthier,Rainbowed-Sunned-Spirit,false,352,enwiki,2024-10-27 09:13:49
1833505201,List of UIC country codes,2001:16B8:CD7A:E000:DD33:EC3:78DC:90CA,false,0,enwiki,2024-10-27 09:12:47
1833505213,"Bourg, Gironde",Monkbot,true,1,enwiki,2024-10-27 09:12:50
1833505317,Swing-piston engine,Pancho507,false,114,enwiki,2024-10-27 09:13:26
1833505415,"Guamanian general election, 2002",EmausBot,true,7,enwiki,2024-10-27 09:13:57
1833505202,User:CJCurrie/sandbox,CJCurrie,false,107,enwiki,2024-10-27 09:12:39
1833505214,Legislative Assembly of Queensland,124.170.93.177,false,188,enwiki,2024-10-27 09:12:51
1833505319,15th Poznań Uhlan Regiment,Monkbot,true,22,enwiki,2024-10-27 09:13:27
1833505402,Camarès,Monkbot,true,1,enwiki,2024-10-27 09:13:49
1833505418,"Choco (footballer, born 18 January 1990)",FromCzech,false,-10,enwiki,2024-10-27 09:13:57
1833505204,Front Row Motorsports,JRnation88,false,0,enwiki,2024-10-27 09:12:41
1833505215,2022 Philippine presidential election in Eastern Samar,TheNuggeteer,false,40,enwiki,2024-10-27 09:12:53
1833505205,News media endorsements in the 2024 United States presidential election,Lima Bean Farmer,false,190,enwiki,2024-10-27 09:12:42
1833505419,Balagushevo,Monkbot,true,2,enwiki,2024-10-27 09:13:56
1833505206,Châtelus-le-Marcheix,Monkbot,true,1,enwiki,2024-10-27 09:12:46
1833505219,Eugenius of Palermo,Monkbot,true,4,enwiki,2024-10-27 09:12:54
1833505403,User:GrabUp/sandbox,GrabUp,false,56,enwiki,2024-10-27 09:13:51
1833505404,Talk:Binary tiling/GA1,David Eppstein,false,865,enwiki,2024-10-27 09:13:52
1833505208,Edison Fan,Rastinition,false,-346,enwiki,2024-10-27 09:12:50
1833505405,2024 Kursk offensive,PrusBis6187,false,-1,enwiki,2024-10-27 09:13:45
1833505209,Paradise Belongs to You,Swinub,false,2,enwiki,2024-10-27 09:12:52
1833505313,Talk:2002 Guamanian general election,EmausBot,true,7,enwiki,2024-10-27 09:13:27
1833505406,Xerxes I,RedactedHumanoid,false,32,enwiki,2024-10-27 09:13:48
1833505211,Madame du Barry (1954 film),DocWatson42,false,6,enwiki,2024-10-27 09:12:53
1833505314,Chile at the FIFA World Cup,FromCzech,false,1,enwiki,2024-10-27 09:13:24
1833505401,Alanyaspor,171.248.216.35,false,1,enwiki,2024-10-27 09:13:46
1833505408,"Sadovy, Nizhnereutchansky Selsoviet, Medvensky District, Kursk Oblast",Monkbot,true,1,enwiki,2024-10-27 09:13:53
1833505508,Andreï Makine,Zlmark,false,0,enwiki,2024-10-27 09:14:28
1833505608,User:DreamRimmer bot/Redirects.json,DreamRimmer bot,true,145,enwiki,2024-10-27 09:15:10
357999705,"Édouard Adolphe Casimir Joseph Mortier, duc de Trévise",Carolus requiescat,false,0,dewiki,2024-10-27 09:15:19
357999709,Portal:Budapest/Qualitätssicherung,TaxonBota,true,-24,dewiki,2024-10-27 09:15:33
1833505510,Love in the Big City (TV series),Myun223,false,-21,enwiki,2024-10-27 09:14:30
1833505609,Verkhneye Kamennoye,Monkbot,true,1,enwiki,2024-10-27 09:15:09
357999708,Peter Florin,Sebastian Wallroth,false,395,dewiki,2024-10-27 09:15:27
357999711,Neuhofen (Pfalz),HIEBM,false,214,dewiki,2024-10-27 09:15:37
357999713,Andreas Lukas,Sans-prix,false,87,dewiki,2024-10-27 09:15:44
1833505612,John C. Watson (judge),Commander Keane,false,-805,enwiki,2024-10-27 09:15:10
357999706,Benutzer:Freimut Bahlo/Spielwiese,Freimut Bahlo,false,7,dewiki,2024-10-27 09:15:10
1833505706,"Rudžiai, Kėdainiai",Monkbot,true,2,enwiki,2024-10-27 09:15:38
357999714,Deutschbaselitz,Freygangfreunde,false,-2,dewiki,2024-10-27 09:15:50
1833505501,Bardowick,Monkbot,true,1,enwiki,2024-10-27 09:14:25
1833505610,Cnidaria,ZKevinTheCat,false,4069,enwiki,2024-10-27 09:15:05
357999707,Liste deutschsprachiger Literaturzeitschriften,Malagus1,false,4,dewiki,2024-10-27 09:15:18
1833505716,Capital Dance,Socialist Distancing,false,6,enwiki,2024-10-27 09:15:40
1833505500,Mohd Anuar Mohd Tahir,Normal rookie,false,-20,enwiki,2024-10-27 09:14:25
1833505513,Berlin Northern Railway,Monkbot,true,1,enwiki,2024-10-27 09:14:33
1833505614,Nokia 9 PureView,HTGS,false,-222,enwiki,2024-10-27 09:15:09
1833505718,Draft:Fyang Smith,Hocksock,false,-258,enwiki,2024-10-27 09:15:40
1833505502,Jassem Al-Kharafi,Asrefaei,false,5,enwiki,2024-10-27 09:14:27
1833505515,User:SuperWIKI/sandbox4,SuperWIKI,false,-2,enwiki,2024-10-27 09:14:35
1833505600,"Guamanian general election, 2004",EmausBot,true,7,enwiki,2024-10-27 09:15:07
357999701,Bundesautobahn 92,Beissert,false,335,dewiki,2024-10-27 09:15:09
357999703,Reinhard Meyers,Alossola,false,1138,dewiki,2024-10-27 09:15:17
1833505503,Imago (The Butterfly Effect album),Swinub,false,2,enwiki,2024-10-27 09:14:28
1833505601,Stańczyk (painting),Monkbot,true,1,enwiki,2024-10-27 09:15:05
357999702,Ras Doumeira,Gak69,false,-465,dewiki,2024-10-27 09:15:12
357999710,Noah Cyrus,YGO24895,false,0,dewiki,2024-10-27 09:15:36
357999715,Theo Grandy,Sebastian Wallroth,false,266,dewiki,2024-10-27 09:15:51
1833505506,Jordan Bowden,Intruder007,false,124,enwiki,2024-10-27 09:14:30
1833505517,"Talk:Guamanian general election, 2004",EmausBot,true,7,enwiki,2024-10-27 09:14:37
1833505616,User:DatBot/pendingbacklog,DatBot,true,0,enwiki,2024-10-27 09:15:12
1833505507,Matthew 27:65–66,Monkbot,true,2,enwiki,2024-10-27 09:14:29
1833505518,1994 São Paulo FC season,FromCzech,false,7,enwiki,2024-10-27 09:14:31
1833505603,Mohammad A. Arafat,103.26.246.41,false,-4,enwiki,2024-10-27 09:15:06
1833505617,Radina Borshosh,Krisi tranchev.1999,false,323,enwiki,2024-10-27 09:15:13
1833505606,List of battles of the Italian Wars,2A01:E11:17:40B0:40DC:BFA4:60D8:8792,false,0,enwiki,2024-10-27 09:15:06
1833505805,User talk:2400:1A00:BD20:C1B8:E9CE:336B:AD32:FCAE,Bhairava7,false,4627,enwiki,2024-10-27 09:16:14
357999716,Liste der Lieder von Billie Eilish,Luckywiki1234,false,94,dewiki,2024-10-27 09:15:59
1833505808,Draft:Sirjana Rai,Bhairava7,false,-77,enwiki,2024-10-27 09:16:13
1833505916,List of A.D. Isidro Metapan records and statistics,BKReruns,false,221,enwiki,2024-10-27 09:16:48
357999717,Frowein,Georg Hügler,false,14,dewiki,2024-10-27 09:16:00
1833505807,War of the Polish Succession,Monkbot,true,1,enwiki,2024-10-27 09:16:12
1833505901,Donald L. Barlett,Farolif,false,-413,enwiki,2024-10-27 09:16:42
1833505917,Category:Drissensky Uyezd,Marcocapelle,false,371,enwiki,2024-10-27 09:16:50
1833505902,Libertarian Party (United States),2600:1015:A122:D10F:346C:313C:19CF:83B4,false,-21,enwiki,2024-10-27 09:16:30
1833505918,Pulakeshin II,2409:4088:8404:D2A4:1191:51DA:24DC:4B66,false,4,enwiki,2024-10-27 09:16:45
1833505810,2006 Guamanian gubernatorial election,EmausBot,true,7,enwiki,2024-10-27 09:16:17
1833505919,Roshan Din Junejo,2001:8F8:1361:554F:E9:263F:D5AF:B7A,false,6,enwiki,2024-10-27 09:16:48
1833505904,Padborg,Monkbot,true,1,enwiki,2024-10-27 09:16:44
1833505907,Clinton Tyree,RussBot,true,6,enwiki,2024-10-27 09:16:46
357999719,Lea Große,Sebastian Wallroth,false,372,dewiki,2024-10-27 09:16:03
1833505802,Anora (film),Kire1975,false,4,enwiki,2024-10-27 09:16:10
1833505908,"Talk:Guamanian general election, 2010",EmausBot,true,7,enwiki,2024-10-27 09:16:47
1833505803,Paaru (Marathi TV series),103.173.195.112,false,-2097,enwiki,2024-10-27 09:16:12
1833505910,Wieluń Land,Monkbot,true,2,enwiki,2024-10-27 09:16:47
1833505804,2024 WTA 125 tournaments,Rafter913,false,-2,enwiki,2024-10-27 09:16:06
1833505915,Fisher Body,JPRiley,false,4,enwiki,2024-10-27 09:16:47
1833506007,Bryan Bozzi,RussBot,true,7,enwiki,2024-10-27 09:17:16
1833506111,Talk:2014 Guamanian general election,EmausBot,true,7,enwiki,2024-10-27 09:17:57
1833506010,Template:New Zealand national netball team,JaumeBG,false,34,enwiki,2024-10-27 09:17:18
1833506113,Economy of Dubai,Bruce1ee,false,-140,enwiki,2024-10-27 09:17:54
1833506013,Internal combustion engine,Pancho507,false,36,enwiki,2024-10-27 09:17:13
1833506101,User talk:Dave.Dunford/List of village lock-ups in the United Kingdom,KJP1,false,183,enwiki,2024-10-27 09:17:55
1833506016,Kuks,Monkbot,true,1,enwiki,2024-10-27 09:17:17
1833506102,Talk:Parade (magazine),Nardog,false,-166,enwiki,2024-10-27 09:17:54
1833506116,Lauzès,Monkbot,true,1,enwiki,2024-10-27 09:17:56
1833506103,"Saints Peter and Paul Church, Kraków",Monkbot,true,1,enwiki,2024-10-27 09:17:53
1833506106,User talk:Kaustubh42,Kaustubh42,false,154,enwiki,2024-10-27 09:17:51
1833506004,Assistant Secretary of Defense for Homeland Defense and Hemispheric Affairs,Umutdyb,false,-27,enwiki,2024-10-27 09:17:15
1833506017,2024 Spikers' Turf Invitational Conference,Triple A2205,false,1101,enwiki,2024-10-27 09:17:17
1833506003,Vehicle insurance,Bruce1ee,false,-389,enwiki,2024-10-27 09:17:12
1833506018,News media endorsements in the 2024 United States presidential election,Lima Bean Farmer,false,394,enwiki,2024-10-27 09:17:14
1833506107,Zunaid Ahmed Palak,45.248.151.238,false,56,enwiki,2024-10-27 09:17:53
1833506005,XVIII International Chopin Piano Competition,Monkbot,true,1,enwiki,2024-10-27 09:17:08
1833506019,Zeal Monachorum,RussBot,true,9,enwiki,2024-10-27 09:17:21
1833506108,Rule 63,213.230.92.140,false,0,enwiki,2024-10-27 09:17:55
1833506006,2010 Guamanian general election,EmausBot,true,7,enwiki,2024-10-27 09:17:17
1833506110,List of comedy drama television series,Waxworker,false,-42,enwiki,2024-10-27 09:17:55
1833506200,Azmi Khalid,Normal rookie,false,-8,enwiki,2024-10-27 09:18:31
357999802,Marion Walsmann,CamelBot,true,12,dewiki,2024-10-27 09:19:29
1833506407,Isaac Komnenos Vatatzes,Monkbot,true,1,enwiki,2024-10-27 09:19:37
357999807,Cleebronn,Drarebe,false,0,dewiki,2024-10-27 09:19:43
1833506118,"Karagayly, Beloretsky District, Republic of Bashkortostan",Monkbot,true,2,enwiki,2024-10-27 09:18:00
1833506201,Hits Radio,Socialist Distancing,false,7,enwiki,2024-10-27 09:18:30
1833506214,Judaism by country,Tk2696,false,0,enwiki,2024-10-27 09:18:16
1833506300,Nairobi Terminus,ToadetteEdit,false,57,enwiki,2024-10-27 09:19:01
1833506314,"Guamanian general election, 2018",EmausBot,true,7,enwiki,2024-10-27 09:19:07
1833506408,Deaths in August 1988,Bryan Krippner,false,252,enwiki,2024-10-27 09:19:36
1833506119,Mikhail Botkin,Gleb95,false,10,enwiki,2024-10-27 09:17:59
1833506202,2024 Maharashtra Legislative Assembly election,Kalpesh Manna 2002,false,-17,enwiki,2024-10-27 09:18:20
1833506215,Template:Foreign relations of Mali,ClareWhitePlane,false,0,enwiki,2024-10-27 09:18:35
1833506302,Meitetsu Kōwa Line,AlphaBetaGamma,false,546,enwiki,2024-10-27 09:19:00
1833506318,"Saint-Ambroix, Gard",Monkbot,true,1,enwiki,2024-10-27 09:19:06
1833506412,Armed Forces of Haiti,Zlmark,false,-1,enwiki,2024-10-27 09:19:37
1833506203,User talk:Daniel Case,Travelmite,false,52,enwiki,2024-10-27 09:18:29
1833506216,"De Do Do Do, De Da Da Da",Swinub,false,2,enwiki,2024-10-27 09:18:34
1833506304,Wikipedia:Articles for deletion/Yugendra Pawar,TheWikiholic,false,150,enwiki,2024-10-27 09:19:03
1833506319,Zeal Monachorum,"Crouch, Swale",false,76,enwiki,2024-10-27 09:19:09
1833506205,Punha Kartavya Aahe,Synorem,false,1020,enwiki,2024-10-27 09:18:32
1833506217,Edward Lozzi,Bunde,false,2168,enwiki,2024-10-27 09:18:35
1833506305,Asphaltene,Mgasparin,false,-13,enwiki,2024-10-27 09:19:03
357999803,Artur Hofmann,Sebastian Wallroth,false,372,dewiki,2024-10-27 09:19:32
357999808,Körpergedächtnis,Seemannssonntag,false,4,dewiki,2024-10-27 09:19:46
1833506206,Ministry of Communication (Poland),Monkbot,true,1,enwiki,2024-10-27 09:18:33
1833506218,Cute (disambiguation),Synorem,false,-4,enwiki,2024-10-27 09:18:36
1833506308,Johann Joachim Becher,Monkbot,true,1,enwiki,2024-10-27 09:19:03
357999801,Magischer Realismus,Seemannssonntag,false,4,dewiki,2024-10-27 09:19:27
357999805,Klaus-Peter Hemmer,WoodJackPfader,false,57,dewiki,2024-10-27 09:19:43
1833506209,User talk:103.173.195.112,Synorem,false,785,enwiki,2024-10-27 09:18:34
1833506219,Talk:Steve Baer,77.247.89.67,false,2,enwiki,2024-10-27 09:18:34
1833506309,Tim Sheehy (businessman),Djflem,false,219,enwiki,2024-10-27 09:19:04
1833506210,WRDD,Wcquidditch,false,53,enwiki,2024-10-27 09:18:32
1833506403,Teuchezhsky District,Monkbot,true,2,enwiki,2024-10-27 09:19:33
1833506212,2024 K League 1,Jaanklaas,false,65,enwiki,2024-10-27 09:18:20
1833506312,User:GrabUp/sandbox,GrabUp,false,15,enwiki,2024-10-27 09:19:06
1833506404,Talk:Lamine Yamal,Annh07,false,25,enwiki,2024-10-27 09:19:34
357999809,Diskussion:Einspeisevergütung,S3rvus,false,17,dewiki,2024-10-27 09:19:47
1833506211,Blake Robinson Synthetic Orchestra,SimLibrarian,false,-18,enwiki,2024-10-27 09:18:33
1833506406,Help!... It's the Hair Bear Bunch!,98.168.245.52,false,17,enwiki,2024-10-27 09:19:35
1833506503,Tim Whitnall,Abdullah839351,false,7,enwiki,2024-10-27 09:20:05
1833506518,User:Loukus999,Loukus999,false,0,enwiki,2024-10-27 09:20:10
1833506604,"Pelargos, Florina",Monkbot,true,1,enwiki,2024-10-27 09:20:34
1833506719,Abdulkadir Nur Farah,QalasQalas,false,2059,enwiki,2024-10-27 09:21:15
357999815,Esteghlal Khuzestan FC,Pudt,false,-85,dewiki,2024-10-27 09:20:08
1833506519,Draft:Mister Supranational 2025,119.93.116.43,false,33,enwiki,2024-10-27 09:20:12
1833506605,Larva,2001:4C3C:3A00:F400:39C2:2766:34BA:800F,false,-221,enwiki,2024-10-27 09:20:35
1833506505,Power of the Dragonflame,Swinub,false,2,enwiki,2024-10-27 09:20:08
1833506606,Lapitch the Little Shoemaker (TV series),93.138.223.192,false,-382,enwiki,2024-10-27 09:20:35
1833506510,Meitetsu Kōwa Line,AlphaBetaGamma,false,-12,enwiki,2024-10-27 09:20:08
1833506607,Oceania Road Championships,EmausBot,true,-6,enwiki,2024-10-27 09:20:37
1833506704,Kouvaras,Monkbot,true,1,enwiki,2024-10-27 09:21:09
357999810,David Alonso (Rennfahrer),MrLW97,false,81,dewiki,2024-10-27 09:19:53
1833506512,Category:Wikipedia categories named after populated places in Jamaica,AusLondonder,false,-44,enwiki,2024-10-27 09:20:11
1833506705,User talk:BenTanXiaoMing,BenTanXiaoMing,false,-4488,enwiki,2024-10-27 09:21:11
357999813,Österreichisch Weiß,KleineFritte,false,-1,dewiki,2024-10-27 09:20:00
1833506515,"Saint-Basile, Ardèche",Monkbot,true,1,enwiki,2024-10-27 09:20:09
1833506609,Berchtesgaden Provostry,Monkbot,true,1,enwiki,2024-10-27 09:20:37
1833506514,User:M Waleed/sandbox,M Waleed,false,12,enwiki,2024-10-27 09:19:22
1833506601,User talk:Dave.Dunford/List of village lock-ups in the United Kingdom,KJP1,false,164,enwiki,2024-10-27 09:20:34
1833506611,Symphyotrichum pygmaeum,Eewilson,false,48,enwiki,2024-10-27 09:20:37
1833506709,List of programmes broadcast by Zee Marathi,103.173.195.112,false,-35,enwiki,2024-10-27 09:21:12
357999811,Jagdstörung,Gak69,false,15,dewiki,2024-10-27 09:19:56
357999814,Salah El Mahdi,Luckywiki1234,false,75,dewiki,2024-10-27 09:20:00
1833506500,Talk:Oceania Road Championships,EmausBot,true,-6,enwiki,2024-10-27 09:20:07
357999818,Willi Münzenberg,Seemannssonntag,false,4,dewiki,2024-10-27 09:20:11
1833506712,Bastennes,Monkbot,true,1,enwiki,2024-10-27 09:21:12
1833506501,Brusnovolovsky Pogost,Monkbot,true,1,enwiki,2024-10-27 09:20:06
357999819,Heinrich Homann,Sebastian Wallroth,false,373,dewiki,2024-10-27 09:20:12
1833506603,Nick Wilton,GhostInTheMachine,false,-101,enwiki,2024-10-27 09:20:34
1833506614,User talk:SM Panja,SM Panja,false,-7138,enwiki,2024-10-27 09:20:38
1833506713,Morton-James Public Library,JPRiley,false,9,enwiki,2024-10-27 09:21:14
357999812,Motorbootsport,Ch ivk,false,0,dewiki,2024-10-27 09:19:57
1833506502,The Alchemaster's Apprentice,DemianStratford,false,68,enwiki,2024-10-27 09:20:07
1833506517,The Claremont Murders,Bib of Bob,false,6,enwiki,2024-10-27 09:20:12
1833506602,User:BenTanXiaoMing,BenTanXiaoMing,false,70,enwiki,2024-10-27 09:20:35
1833506617,Godfrey Mwakikagile,Dave1959,false,-9,enwiki,2024-10-27 09:20:38
1833506718,Draft talk:Marco Masa,EmausBot,true,-8,enwiki,2024-10-27 09:21:17
1833506803,Wikipedia:Categories for discussion/Speedy,AusLondonder,false,181,enwiki,2024-10-27 09:21:46
1833506911,User:PakEditor,PakEditor,false,153,enwiki,2024-10-27 09:22:30
1833506804,Fransèches,Monkbot,true,1,enwiki,2024-10-27 09:21:46
1833506903,Stratos Dionysiou,Monkbot,true,1,enwiki,2024-10-27 09:22:25
1833506912,Talk:Suicide legislation,76.33.134.160,false,439,enwiki,2024-10-27 09:22:26
1833506805,Draft:Fyang Smith,Hocksock,false,0,enwiki,2024-10-27 09:21:47
1833506902,1995 Paris RER bombing,Fabrickator,false,100,enwiki,2024-10-27 09:22:25
1833506919,Smolyachkovo,Monkbot,true,2,enwiki,2024-10-27 09:22:31
1833506807,Dirty Loops,Wayway19,false,4,enwiki,2024-10-27 09:21:48
1833506904,Shanghai’s Leadership Academy,EmausBot,true,-3,enwiki,2024-10-27 09:22:27
1833506808,Mister Grand International 2023,Rc ramz,false,-52,enwiki,2024-10-27 09:21:48
1833506905,Canterbury Region,Panamitsu,false,25,enwiki,2024-10-27 09:22:22
1833506906,Maneater,Gotitbro,false,335,enwiki,2024-10-27 09:22:28
1833506810,NGC 3524,Loooke,false,8,enwiki,2024-10-27 09:21:50
1833506908,Azrul Mahathir Aziz,Normal rookie,false,43,enwiki,2024-10-27 09:22:28
1833506813,Death of Theresa Allore,Davidgoodheart,false,72,enwiki,2024-10-27 09:21:51
1833506909,Module:Israeli-Palestinian conflict detailed map,President Loki,false,-2,enwiki,2024-10-27 09:22:29
1833506817,Saint-Pompon,Monkbot,true,1,enwiki,2024-10-27 09:21:50
1833506800,List of programmes broadcast by Zee Marathi,103.173.195.112,false,-4,enwiki,2024-10-27 09:21:46
1833506818,User:AusLondonder/XfD log,AusLondonder,false,147,enwiki,2024-10-27 09:21:48
1833506910,All-Poland Alliance of Trade Unions,Monkbot,true,1,enwiki,2024-10-27 09:22:28
1833507000,User talk:152.58.69.101,Liz,false,1149,enwiki,2024-10-27 09:22:49
1833507018,User talk:103.30.197.19,Synorem,false,644,enwiki,2024-10-27 09:22:56
1833507109,Promptuarium Iconum Insigniorum,BorgQueen,false,211,enwiki,2024-10-27 09:23:21
1833507200,Hits Radio Black Country & Shropshire,Socialist Distancing,false,4,enwiki,2024-10-27 09:23:47
357999908,Tim Kleindienst,Nixus Minimax,false,0,dewiki,2024-10-27 09:24:06
1833507002,Shangri-La Frontier,Xexerss,false,162,enwiki,2024-10-27 09:22:47
1833507202,"Hastings, New Zealand",Panamitsu,false,50,enwiki,2024-10-27 09:23:46
357999903,Ilta,YGO24895,false,545,dewiki,2024-10-27 09:23:55
357999905,Lachmiden,Rheinpaul,false,8,dewiki,2024-10-27 09:24:00
1833507007,Mohammad Abdullah Al-Mubarak Al-Sabah,Asrefaei,false,223,enwiki,2024-10-27 09:22:51
1833507203,Wilhelm Keppler,Monkbot,true,1,enwiki,2024-10-27 09:23:49
1833507008,Hits Radio Coventry & Warwickshire,Socialist Distancing,false,4,enwiki,2024-10-27 09:22:51
1833507111,Wikipedia:Redirects for discussion/Log/2024 October 8,Utopes,false,-13055,enwiki,2024-10-27 09:23:19
1833507204,Maxo 187,2806:262:496:852A:8112:2AC:5471:269F,false,13,enwiki,2024-10-27 09:23:49
1833507100,Hits Radio Herefordshire & Worcestershire,Socialist Distancing,false,4,enwiki,2024-10-27 09:23:18
1833507112,Montjoux,Monkbot,true,1,enwiki,2024-10-27 09:23:22
1833507206,User:Fahadzaman66,MolecularPilot,false,27,enwiki,2024-10-27 09:23:51
1833507010,List of governors of Odisha,Dr.AyushBhardwaj,false,-48,enwiki,2024-10-27 09:22:51
1833507101,Wikipedia:Redirects for discussion/Log/2024 October 27,Utopes,false,14235,enwiki,2024-10-27 09:23:19
1833507113,List of Chinese–Japanese false friends,2601:184:487F:5AA0:0:0:0:3,false,72,enwiki,2024-10-27 09:23:24
1833507207,Category:Songs written by Kodak Black,Sahaib,false,10,enwiki,2024-10-27 09:23:52
1833507012,Anthony Ponomarenko,Stevencocoboy,false,2,enwiki,2024-10-27 09:22:48
1833507103,Russian Constitution of 1906,Monkbot,true,1,enwiki,2024-10-27 09:23:19
1833507218,User talk:Fahadzaman66,MolecularPilot,false,2046,enwiki,2024-10-27 09:23:53
1833507015,Islam in England,182.184.209.140,false,0,enwiki,2024-10-27 09:22:47
1833507104,Guerrero Negro,ToyStatistics,false,2945,enwiki,2024-10-27 09:23:18
357999900,Thomas Rompf,Wurgl,false,28,dewiki,2024-10-27 09:23:53
357999904,Diskussion:Tine Plesch,Thzht,false,464,dewiki,2024-10-27 09:23:59
357999906,Liste von Persönlichkeiten aus Agra TI,Cheyron,false,221,dewiki,2024-10-27 09:24:04
1833507016,Mézilhac,Monkbot,true,1,enwiki,2024-10-27 09:22:51
1833507106,Three-Point Contest,76.88.55.135,false,0,enwiki,2024-10-27 09:23:16
1833507118,Dear Boss letter,DrKay,false,-19,enwiki,2024-10-27 09:23:26
357999902,Kurt Lohberger,Sebastian Wallroth,false,395,dewiki,2024-10-27 09:23:54
1833507017,Template:S4 (St. Gallen S-Bahn),GleisReis,false,100,enwiki,2024-10-27 09:22:53
1833507108,2008 Davis Cup Americas Zone Group III,PE fans,false,594,enwiki,2024-10-27 09:23:19
1833507119,Dipendra Singh Airee,2400:9500:4021:3B97:4758:28F9:12B8:3539,false,0,enwiki,2024-10-27 09:23:24
357999907,Benutzer Diskussion:Arkaitz1974,Pyaet,false,58,dewiki,2024-10-27 09:24:07
357999912,Paul Markgraf,Sebastian Wallroth,false,273,dewiki,2024-10-27 09:24:16
357999909,International Football Alliance,ElTres,false,-16,dewiki,2024-10-27 09:24:09
357999910,Der polnische Jude,Luckywiki1234,false,73,dewiki,2024-10-27 09:24:10
357999911,Intuitionismus,Perennis,false,19,dewiki,2024-10-27 09:24:14
357999913,Finn Große-Freese,Voyager1500,false,11,dewiki,2024-10-27 09:24:19
1833507302,Minibosses,SimLibrarian,false,-69,enwiki,2024-10-27 09:24:28
1833507311,Jessicka Havok,2600:1004:B0B4:1CDF:0:7:7FE4:C901,false,-1,enwiki,2024-10-27 09:24:29
1833507403,Georgios Voulgarakis,Monkbot,true,1,enwiki,2024-10-27 09:25:08
1833507304,Wikipedia:Administrators' noticeboard/Incidents,Hydrangeans,false,367,enwiki,2024-10-27 09:24:15
1833507313,"World Theater (Omaha, Nebraska)",JPRiley,false,-26,enwiki,2024-10-27 09:24:34
1833507408,Battle of Culloden,AnomieBOT,true,18,enwiki,2024-10-27 09:25:06
1833507502,List of foreign A-League Women players,SuperJew,false,273,enwiki,2024-10-27 09:25:57
1833507307,Mister Grand International,Rc ramz,false,95,enwiki,2024-10-27 09:24:28
1833507315,Johan Fano,"Spring tides, Summer holidays, Autumn leaves, Winter warmers",false,-4,enwiki,2024-10-27 09:24:34
1833507410,2010 in Poland,Monkbot,true,1,enwiki,2024-10-27 09:25:11
1833507503,Hits Radio Dorset,Socialist Distancing,false,4,enwiki,2024-10-27 09:25:58
357999915,Hochstift Minden,Definitiv,false,38,dewiki,2024-10-27 09:24:32
1833507317,"List of members of the Italian Senate, 1983–87",EmausBot,true,1,enwiki,2024-10-27 09:24:37
1833507504,Terrell Burden,Intruder007,false,-3,enwiki,2024-10-27 09:25:59
1833507308,Axel von Ambesser,Zlmark,false,0,enwiki,2024-10-27 09:24:33
1833507318,Dynamo Moscow (bandy club),Monkbot,true,1,enwiki,2024-10-27 09:24:36
1833507505,Major League Soccer attendance,Fan of MLS,false,335,enwiki,2024-10-27 09:25:57
1833507309,Oskar Dvořák,Swinub,false,-1,enwiki,2024-10-27 09:24:33
1833507412,Patushay,Theazmatparrey,false,-532,enwiki,2024-10-27 09:25:13
1833507506,Vayrac,Monkbot,true,1,enwiki,2024-10-27 09:25:58
357999916,Diskussion:Abdullah Öcalan,Koenraad,false,208,dewiki,2024-10-27 09:24:33
1833507415,Tulka (village),Monkbot,true,1,enwiki,2024-10-27 09:25:14
1833507310,Maxo 187,2806:262:496:852A:8112:2AC:5471:269F,false,22,enwiki,2024-10-27 09:24:32
1833507416,User:Gasmasque/sandbox2,Gasmasque,false,0,enwiki,2024-10-27 09:25:13
357999918,Moritz Mebel,Sebastian Wallroth,false,372,dewiki,2024-10-27 09:24:33
357999919,Harzer Schmalspurbahnen,Diopuld,false,54,dewiki,2024-10-27 09:24:38
1833507418,"Talk:List of members of the Italian Senate, 1987–92",EmausBot,true,1,enwiki,2024-10-27 09:25:17
1833507303,S/2019 S 2,Loooke,false,8,enwiki,2024-10-27 09:24:28
357999917,Naturschutzgebiet Auf der Buchenlied bei Wirmighausen,Falkmart,false,261,dewiki,2024-10-27 09:24:34
1833507402,Terrell Burden,Intruder007,false,670,enwiki,2024-10-27 09:25:07
1833507419,2024 Idaho Vandals football team,96.18.110.175,false,12,enwiki,2024-10-27 09:25:16
1833507500,The Man in Search of His Murderer,Monkbot,true,1,enwiki,2024-10-27 09:25:55
1833507509,Sara Craven,EnthusiastWorld37,false,275,enwiki,2024-10-27 09:26:01
1833507602,Ivonino,Monkbot,true,1,enwiki,2024-10-27 09:26:29
1833507510,Chrysler Building,J.avanzado,false,0,enwiki,2024-10-27 09:25:55
1833507608,Carrie Underwood discography,ClueBot NG,false,2089,enwiki,2024-10-27 09:26:27
1833507511,Wikipedia:Categories for discussion/Log/2024 October 27,AusLondonder,false,310,enwiki,2024-10-27 09:26:04
1833507609,Kolkata Metro Line 2,Mahafujalam6131,false,-2,enwiki,2024-10-27 09:26:26
1833507610,Hits Radio East Midlands,Socialist Distancing,false,4,enwiki,2024-10-27 09:26:32
1833507513,"Category:Ashoro, Hokkaido",AusLondonder,false,342,enwiki,2024-10-27 09:26:03
1833507611,Pyx Lax,Monkbot,true,1,enwiki,2024-10-27 09:26:32
1833507515,Aydat,Monkbot,true,1,enwiki,2024-10-27 09:26:02
1833507612,Thaba 'Nchu,Axxter99,false,-52,enwiki,2024-10-27 09:26:31
1833507518,User:M Waleed/sandbox,M Waleed,false,264,enwiki,2024-10-27 09:25:16
1833507614,Wej SC,89.237.148.254,false,3,enwiki,2024-10-27 09:26:32
1833507600,List of A.D. Isidro Metapan records and statistics,BKReruns,false,246,enwiki,2024-10-27 09:26:28
1833507615,User:Adr28382,Adr28382,false,26,enwiki,2024-10-27 09:26:34
1833507601,User talk:DonkeyDood15 ukog-monkey,ClueBot NG,false,1511,enwiki,2024-10-27 09:26:29
1833507617,User:GrabUp/sandbox,GrabUp,false,21,enwiki,2024-10-27 09:26:35
1833507710,Laure (Nepalese rapper),Sumanmali11,false,0,enwiki,2024-10-27 09:27:17
1833507711,Monterrei (DO),2.194.245.83,false,28,enwiki,2024-10-27 09:27:16
1833507812,User:Women e-Commerce Entrepreneurs - WE,Women e-Commerce Entrepreneurs - WE,false,6,enwiki,2024-10-27 09:27:51
1833507700,Leave No Traces,Monkbot,true,1,enwiki,2024-10-27 09:27:12
1833507714,Pulakeshin II,2409:4088:8404:D2A4:1191:51DA:24DC:4B66,false,237,enwiki,2024-10-27 09:27:13
1833507813,SpongeBob SquarePants,MimirIsSmart,false,300,enwiki,2024-10-27 09:27:35
1833507701,Category:1998 Gold Flake Open,Gotitbro,false,25,enwiki,2024-10-27 09:27:13
1833507713,Manawatū-Whanganui,Panamitsu,false,9,enwiki,2024-10-27 09:27:15
1833507815,Serbs in Turkey,Shadow4ya,false,1,enwiki,2024-10-27 09:27:51
358000001,Benutzer:Shi Annan/Farol de Ponta do Barril,Shi Annan,false,914,dewiki,2024-10-27 09:28:17
1833507702,2024 Pacific typhoon season,Pogowo,false,20,enwiki,2024-10-27 09:27:05
1833507716,Precedent,J450NH3,false,-23,enwiki,2024-10-27 09:27:16
1833507704,Brian Cox (actor),76.88.55.135,false,0,enwiki,2024-10-27 09:27:09
1833507719,Talk:War of the Sixth Coalition,Cinderella157,false,80,enwiki,2024-10-27 09:27:16
1833507802,Igromania,Monkbot,true,1,enwiki,2024-10-27 09:27:49
1833507816,"Mikniūnai, Kėdainiai",Monkbot,true,2,enwiki,2024-10-27 09:27:52
358000009,Mike Travis,Schelmentraum,false,7,dewiki,2024-10-27 09:28:26
1833507707,"Gostomia, West Pomeranian Voivodeship",Monkbot,true,1,enwiki,2024-10-27 09:27:15
1833507806,Category:Women spies,AHI-3000,false,0,enwiki,2024-10-27 09:27:49
1833507817,User:ST47/rangeblocks expiring soon,ST47Bot,true,-3797,enwiki,2024-10-27 09:27:17
358000008,Führungsakademie der Bundeswehr/Absolventen,Asperatus,false,51,dewiki,2024-10-27 09:28:18
1833507808,Mister Grand International 2022,Rc ramz,false,-53,enwiki,2024-10-27 09:27:49
1833507818,Kolkata Metro Line 1,Mahafujalam6131,false,4,enwiki,2024-10-27 09:27:50
1833507809,Category:2001 Gold Flake Open,Gotitbro,false,25,enwiki,2024-10-27 09:27:50
358000000,Fußball-Bundesliga/Rekorde,LegoFCB,false,4,dewiki,2024-10-27 09:27:44
1833507709,William Gillies (Australian politician),DocWatson42,false,14,enwiki,2024-10-27 09:27:15
358000010,Harzer Schmalspurbahnen,Diopuld,false,34,dewiki,2024-10-27 09:28:25
1833507913,Georgia Bulldogs football,Robertosumm,false,-26,enwiki,2024-10-27 09:28:38
1833508009,Nikola Đurišić,Intruder007,false,528,enwiki,2024-10-27 09:29:15
1833507914,National road 2 (Poland),Monkbot,true,2,enwiki,2024-10-27 09:28:39
1833508011,2010 Canterbury earthquake,Panamitsu,false,100,enwiki,2024-10-27 09:29:11
1833507900,Hello Harinezumi,78.92.39.119,false,15,enwiki,2024-10-27 09:28:33
1833507916,Category:2002 Tata Open,Gotitbro,false,24,enwiki,2024-10-27 09:28:44
1833508012,Draft:Anthony Jones,Rfghw2,false,1172,enwiki,2024-10-27 09:29:16
1833507901,Tirana International Airport Nënë Tereza,2.224.2.18,false,-25,enwiki,2024-10-27 09:28:29
1833507918,Kuzma-Alexandrovka,Monkbot,true,1,enwiki,2024-10-27 09:28:43
1833508013,"List of members of the Italian Senate, 2001-06",EmausBot,true,1,enwiki,2024-10-27 09:29:18
358000013,Forum Metall,Ulmenholz,false,43,dewiki,2024-10-27 09:28:35
1833508014,Audenge,Monkbot,true,1,enwiki,2024-10-27 09:29:16
1833507903,2025 Atlanta mayoral election,Raspberry505,false,-34,enwiki,2024-10-27 09:28:36
358000019,Bestenliste britischer Triathleten auf der Ironman-Distanz,Giacomo1970,false,620,dewiki,2024-10-27 09:28:56
1833508000,Lleyton Brooks,Makejets,false,213,enwiki,2024-10-27 09:29:12
1833508015,Immo (Lotharingian count),Andrew Lancaster,false,31,enwiki,2024-10-27 09:29:19
358000011,Diskussion:Theodor Oberländer,Sanandros,false,805,dewiki,2024-10-27 09:28:29
1833507904,"Fontanès, Hérault",Monkbot,true,1,enwiki,2024-10-27 09:28:35
1833508001,Arsen Galstyan,Monkbot,true,2,enwiki,2024-10-27 09:29:09
1833508016,The Funky Phantom,98.168.245.52,false,16,enwiki,2024-10-27 09:29:19
1833507907,User:Ankit Singh 90/sandbox,Ankit Singh 90,false,458,enwiki,2024-10-27 09:28:37
1833508003,Northern German Football Association,Monkbot,true,6,enwiki,2024-10-27 09:29:13
1833508017,Marika Mitsotakis,Monkbot,true,1,enwiki,2024-10-27 09:29:20
1833507911,2024 WTA Tour,Hyperion82,false,-15,enwiki,2024-10-27 09:28:25
358000016,Missouri,JuTe CLZ,false,-1,dewiki,2024-10-27 09:28:45
358000018,Rheingauer Gebück-Wanderweg,176.3.70.129,false,795,dewiki,2024-10-27 09:28:51
1833508004,William's Wish Wellingtons,2A02:C7C:88D6:BB00:9A:5E11:2BD3:C0A4,false,-121,enwiki,2024-10-27 09:29:12
358000015,Jenni Vartiainen,YGO24895,false,2,dewiki,2024-10-27 09:28:40
1833508005,William Gillies (Australian politician),DocWatson42,false,-7,enwiki,2024-10-27 09:29:14
1833508109,Α-Pinene,Maproom,false,9,enwiki,2024-10-27 09:29:52
1833508119,List of governors of Tripura,Dr.AyushBhardwaj,false,-1,enwiki,2024-10-27 09:29:58
1833508101,User:ST47/global rangeblocks expiring soon,ST47Bot,true,-9,enwiki,2024-10-27 09:28:52
1833508110,History of cricket,2.25.25.244,false,84,enwiki,2024-10-27 09:29:52
1833508103,Talk:Earth,120.16.78.95,false,266,enwiki,2024-10-27 09:29:47
1833508111,Mikołaj Krzysztof Radziwiłł the Orphan,Monkbot,true,3,enwiki,2024-10-27 09:29:54
1833508201,Renault Trafic,Rodolphe Catalan,false,-10,enwiki,2024-10-27 09:30:19
1833508304,Bourg-de-Péage,Monkbot,true,2,enwiki,2024-10-27 09:30:53
1833508104,Talk:Artificial planet,Mrfoogles,false,451,enwiki,2024-10-27 09:29:49
1833508112,Adjetey Anang,Balshka,false,280,enwiki,2024-10-27 09:29:55
1833508203,Wikipedia:Categories for discussion/Speedy,AusLondonder,false,192,enwiki,2024-10-27 09:30:21
1833508105,User:GrabUp/sandbox,GrabUp,false,-18,enwiki,2024-10-27 09:29:52
1833508113,"Talk:List of members of the Italian Senate, 2006-08",EmausBot,true,1,enwiki,2024-10-27 09:29:58
1833508206,Ves Touškov,Monkbot,true,1,enwiki,2024-10-27 09:30:22
1833508308,User:MolecularPilot/CSD Log,MolecularPilot,false,91,enwiki,2024-10-27 09:30:58
1833508106,"Krasny Pakhar, Lgovsky District, Kursk Oblast",Monkbot,true,1,enwiki,2024-10-27 09:29:50
1833508215,Wikipedia talk:Civility,Hob Gadling,false,316,enwiki,2024-10-27 09:30:25
1833508309,Akaji Maro,55go,false,166,enwiki,2024-10-27 09:30:57
1833508116,Medical specialty,StygianScribe,false,8,enwiki,2024-10-27 09:29:55
1833508217,Draft:Gazi Salauddin,Qwerfjkl (bot),true,26,enwiki,2024-10-27 09:30:26
1833508117,Brisbane punk rock,Vg1983,false,1508,enwiki,2024-10-27 09:29:57
1833508218,Nickelodeon Animation Studio,MimirIsSmart,false,1326,enwiki,2024-10-27 09:30:22
1833508107,Austria–Germany relations,Thenightaway,false,150,enwiki,2024-10-27 09:29:52
1833508311,Menelik II,Socialwave597,false,-1574,enwiki,2024-10-27 09:30:56
1833508409,Shillong Premier League,Lancepark,false,0,enwiki,2024-10-27 09:31:29
1833508502,Piotr Triebler,Monkbot,true,5,enwiki,2024-10-27 09:31:59
1833508313,Abu Dhabi Vegetable Market,Elite words2,false,16,enwiki,2024-10-27 09:30:58
1833508411,Mahabharat (2013 TV series),SubhadraArjuna,false,-10,enwiki,2024-10-27 09:31:26
1833508503,Blokart,Finn ped,false,7,enwiki,2024-10-27 09:32:01
1833508314,Michael Jackson albums discography,2601:41:4301:DF0:9900:D571:7677:EF4F,false,-1,enwiki,2024-10-27 09:30:52
358000100,Portal:Frauen/Biografien/Statistik von Filmschaffenden,TaxonBot,true,0,dewiki,2024-10-27 09:31:29
1833508510,Talk:Black box,Johnuniq,false,-19,enwiki,2024-10-27 09:32:01
358000112,Portal:Pharmazie/Sichtung,Hgzbot,false,-122,dewiki,2024-10-27 09:32:05
1833508413,Troskovice,Monkbot,true,1,enwiki,2024-10-27 09:31:29
358000109,Benutzer:Luke081515/Sichtung,Hgzbot,false,112,dewiki,2024-10-27 09:32:03
1833508315,Saint-Viance,Monkbot,true,1,enwiki,2024-10-27 09:30:57
1833508414,Ganguly family,103.175.10.151,false,-389,enwiki,2024-10-27 09:31:31
358000103,"Gelobt seist du, Herr Jesu Christ",37.209.63.230,false,981,dewiki,2024-10-27 09:31:39
358000105,Nekrolog Oktober 2024,Masegand,false,198,dewiki,2024-10-27 09:31:45
358000108,VfL Lintorf,Ahwie,false,0,dewiki,2024-10-27 09:32:03
358000113,AEL,Dragonlord73,false,106,dewiki,2024-10-27 09:32:05
358000115,Nekrolog 1950,Mö1997,false,140,dewiki,2024-10-27 09:32:07
358000101,Wikipedia:WikiProjekt Frauen/Frauen in Rot/Fehlende Artikel nach Nationalität/Katarerinnen,TaxonBot,true,71,dewiki,2024-10-27 09:31:32
1833508513,Clothing material,Викидим,false,306,enwiki,2024-10-27 09:32:02
1833508402,Androula Sialou,Monkbot,true,1,enwiki,2024-10-27 09:31:26
1833508419,Template:Infobox mobile phone/doc,HTGS,false,-10,enwiki,2024-10-27 09:31:32
358000104,Landgericht Magdeburg,Wilske,false,3,dewiki,2024-10-27 09:31:39
358000107,Wilhelm Eimers,Dreizung,false,14,dewiki,2024-10-27 09:32:00
1833508519,"Category:Goka, Ibaraki",AusLondonder,false,358,enwiki,2024-10-27 09:32:03
1833508405,Category:People from Stoney Stanton,Ernsanchez00,false,22,enwiki,2024-10-27 09:31:28
1833508418,Courland Cuff Title,Monkbot,true,1,enwiki,2024-10-27 09:31:33
358000110,Gottesmord,EinBeitrag,false,2,dewiki,2024-10-27 09:32:03
358000114,Sam Laidlow,Voyager1500,false,32,dewiki,2024-10-27 09:32:05
1833508500,User:Women e-Commerce Entrepreneurs - WE,Women e-Commerce Entrepreneurs - WE,false,8,enwiki,2024-10-27 09:32:01
1833508406,2024 in professional wrestling,Miki1234568,false,273,enwiki,2024-10-27 09:31:18
1833508501,Bayana Assembly constituency,Zlmark,false,-1,enwiki,2024-10-27 09:32:00
358000111,Portal:Rhein-Neckar-Dreieck/Sichtung,Hgzbot,false,273,dewiki,2024-10-27 09:32:04
1833508609,Red Skelton,Isaidnoway,false,-8,enwiki,2024-10-27 09:32:22
1833508708,2024 Maharashtra Legislative Assembly election,Dev Adhi,false,289,enwiki,2024-10-27 09:33:00
358000116,Queen Camilla,*SGR*,false,-7,dewiki,2024-10-27 09:32:12
1833508709,User:AusLondonder/XfD log,AusLondonder,false,141,enwiki,2024-10-27 09:33:06
358000117,Diskussion:Yonathan Shay,Provis2020,false,350,dewiki,2024-10-27 09:32:14
1833508610,Pacynowo,Monkbot,true,1,enwiki,2024-10-27 09:32:28
1833508710,Hits Radio West Yorkshire,Socialist Distancing,false,4,enwiki,2024-10-27 09:33:09
358000118,Portal:Technik/Sichtung,Hgzbot,false,62,dewiki,2024-10-27 09:32:14
1833508702,Jentry Chau vs. The Underworld,117.213.211.54,false,21,enwiki,2024-10-27 09:33:05
1833508711,"Gryady, Kursk Oblast",Monkbot,true,2,enwiki,2024-10-27 09:33:08
1833508611,Template:Foreign relations of Ireland,ClareWhitePlane,false,36,enwiki,2024-10-27 09:32:30
1833508703,"List of members of the Italian Senate, 2013–18",EmausBot,true,1,enwiki,2024-10-27 09:33:08
1833508712,Welteislehre,Hairy Dude,false,4,enwiki,2024-10-27 09:33:10
358000119,Benutzer:Hattori 15/geänderte Artikel Bahn,Hgzbot,false,-150,dewiki,2024-10-27 09:32:16
1833508612,Pearliaison,Hyphenation Expert,false,-9,enwiki,2024-10-27 09:32:31
1833508705,User:GrabUp/common.js,GrabUp,false,-4121,enwiki,2024-10-27 09:33:09
1833508713,Category:Songs written by DJ Toomp,Sahaib,false,10,enwiki,2024-10-27 09:33:12
1833508801,Ada and Eben,Dolpina,false,-253,enwiki,2024-10-27 09:33:38
1833508602,Marseillette,Monkbot,true,1,enwiki,2024-10-27 09:32:24
1833508614,Category:Songs written by Smokepurpp,Sahaib,false,10,enwiki,2024-10-27 09:32:31
1833508706,Oyewale,Emmanuella643,false,28,enwiki,2024-10-27 09:33:08
1833508714,Faheem Khan (politician),2001:8F8:1361:554F:E9:263F:D5AF:B7A,false,3,enwiki,2024-10-27 09:33:11
1833508803,List of heads of former ruling families,DrKay,false,-431,enwiki,2024-10-27 09:33:31
1833508604,"Talk:List of members of the Italian Senate, 2013–18",EmausBot,true,1,enwiki,2024-10-27 09:32:28
1833508707,Garth Brooks,DonkeyDood15 ukog-monkey,false,-153,enwiki,2024-10-27 09:33:05
1833508718,History of cricket,2.25.25.244,false,27,enwiki,2024-10-27 09:33:09
1833508802,Katav-Ivanovsk,Monkbot,true,1,enwiki,2024-10-27 09:33:36
1833508605,Ajman Oval,Elite words2,false,-1,enwiki,2024-10-27 09:32:27
1833508618,Pierre Thomas (American football),BittersweetParadox,false,519,enwiki,2024-10-27 09:32:30
1833508719,Reign season 2,Arbeiten8,false,85,enwiki,2024-10-27 09:33:12
1833508804,Template:Foreign relations of Cuba,ClareWhitePlane,false,39,enwiki,2024-10-27 09:33:39
1833508606,User talk:Kaustubh42,Roni0102,false,418,enwiki,2024-10-27 09:32:24
1833508619,"Vishnevka, Chishminsky District, Republic of Bashkortostan",Monkbot,true,1,enwiki,2024-10-27 09:32:31
1833508809,Interstate 90 in Illinois,207.172.34.206,false,19,enwiki,2024-10-27 09:33:39
1833508819,Template:College Park Skyhawks roster,Intruder007,false,142,enwiki,2024-10-27 09:33:46
1833508919,User:Women e-Commerce Entrepreneurs - WE,Women e-Commerce Entrepreneurs - WE,false,2,enwiki,2024-10-27 09:34:11
1833509001,List of bishops of Metz,Filiep,false,4,enwiki,2024-10-27 09:34:50
1833508810,Mas-Saintes-Puelles,Monkbot,true,1,enwiki,2024-10-27 09:33:40
1833509004,List of awards and nominations received by Mammootty,178.152.118.238,false,33,enwiki,2024-10-27 09:34:48
1833509019,Talk:Non redemption,EmausBot,true,5,enwiki,2024-10-27 09:34:58
1833508811,Psophometric weighting,Monkbot,true,1,enwiki,2024-10-27 09:33:44
1833509005,Legalism (Chinese philosophy),FourLights,false,6,enwiki,2024-10-27 09:34:48
1833508813,White power skinhead,2601:680:C300:AE20:708D:DF63:A903:57E4,false,32,enwiki,2024-10-27 09:33:39
1833509006,Hussein Nasser Al-Huraiti,Asrefaei,false,61,enwiki,2024-10-27 09:34:52
1833508812,Wikipedia:Categories for discussion/Speedy,Ymblanter,false,-456,enwiki,2024-10-27 09:33:43
1833508900,Thermes,Monkbot,true,1,enwiki,2024-10-27 09:34:05
1833509007,Wikipedia talk:Civility,Hob Gadling,false,269,enwiki,2024-10-27 09:34:51
1833508902,Bill Tytla,Zlmark,false,0,enwiki,2024-10-27 09:34:06
1833509008,Józef Weyssenhoff Square,Monkbot,true,0,enwiki,2024-10-27 09:34:51
1833508815,Abdulwahed Al-Awadhi,Asrefaei,false,44,enwiki,2024-10-27 09:33:45
1833508903,Category:Wikipedia categories named after populated places in Kazakhstan,AusLondonder,false,-47,enwiki,2024-10-27 09:34:09
1833509012,Russia in the Council of Europe,FromCzech,false,-159,enwiki,2024-10-27 09:34:54
1833508816,Polaris Entertainment,K-popguardian,false,27,enwiki,2024-10-27 09:33:44
1833508917,Vladimir Markelov (gymnast),Monkbot,true,1,enwiki,2024-10-27 09:34:08
1833509000,"Pokrovka, Baymaksky District, Republic of Bashkortostan",Monkbot,true,1,enwiki,2024-10-27 09:34:48
1833509014,Category:Songs written by Monty Powell,Sahaib,false,10,enwiki,2024-10-27 09:34:57
1833508817,Draft:Paris Innovation,2A01:CB09:E010:3E33:F924:1E8B:2AF3:4BE2,false,89,enwiki,2024-10-27 09:33:44
1833509015,Chvaleč,Monkbot,true,1,enwiki,2024-10-27 09:34:55
1833509113,Rampieux,Monkbot,true,1,enwiki,2024-10-27 09:35:32
358000218,Peter Jacob Johannssen,Berlin-George,false,10,dewiki,2024-10-27 09:35:50
1833509102,Dance the Night,MaranoFan,false,-33,enwiki,2024-10-27 09:35:24
1833509114,Aleksei Ulianov,Khonda8,false,24,enwiki,2024-10-27 09:35:33
358000210,Annalisa (Sängerin),YGO24895,false,7,dewiki,2024-10-27 09:35:38
358000215,Hans-Joachim Frowein,Georg Hügler,false,24,dewiki,2024-10-27 09:35:47
358000219,Nick Mondo,Cewbot,true,0,dewiki,2024-10-27 09:35:51
1833509203,John C. Watson (judge),AnomieBOT,true,18,enwiki,2024-10-27 09:36:04
1833509214,Laguna Joyuda,EmausBot,true,16,enwiki,2024-10-27 09:36:08
1833509104,Walter Moers,DemianStratford,false,-22,enwiki,2024-10-27 09:35:28
358000206,Tananai,YGO24895,false,21,dewiki,2024-10-27 09:35:35
1833509204,File:Ist-meeting.jpg,SnorlaxMyther,false,224,enwiki,2024-10-27 09:36:04
1833509215,Forth 1,Socialist Distancing,false,4,enwiki,2024-10-27 09:36:06
1833509106,Germ plasm,Monkbot,true,1,enwiki,2024-10-27 09:35:29
1833509116,2024–25 Auckland FC season,SuperJew,false,-1,enwiki,2024-10-27 09:35:32
358000212,Portal:Ereignisse/Verbesserungswürdige Artikel,TaxonBota,true,136,dewiki,2024-10-27 09:35:38
1833509206,Taya Valkyrie,2600:1004:B0B4:1CDF:0:7:7FE4:C901,false,70,enwiki,2024-10-27 09:35:59
1833509216,User:Beast from da East/sandbox,Beast from da East,false,-259,enwiki,2024-10-27 09:36:08
358000202,Klaus-Peter Hemmer,WoodJackPfader,false,41,dewiki,2024-10-27 09:35:30
1833509117,Ganguly family,103.175.10.151,false,823,enwiki,2024-10-27 09:35:35
358000211,Chris Raaber,Cewbot,true,0,dewiki,2024-10-27 09:35:41
1833509207,Draft:Fyang Smith,Hocksock,false,159,enwiki,2024-10-27 09:36:03
1833509219,Saleh Shahin,CLalgo,false,352,enwiki,2024-10-27 09:36:09
1833509107,Yagyavalkya Institute of Technology,Macrobreed2,false,-19,enwiki,2024-10-27 09:35:29
358000207,Raven (Wrestler),Cewbot,true,0,dewiki,2024-10-27 09:35:36
1833509208,Nikos Barlos,Monkbot,true,1,enwiki,2024-10-27 09:36:04
358000203,Wrestling,Cewbot,true,0,dewiki,2024-10-27 09:35:31
358000208,Brest (Finistère),Gerald Fix,false,85,dewiki,2024-10-27 09:35:35
358000216,LFA 2024,ElTres,false,26,dewiki,2024-10-27 09:35:50
1833509211,Districts of Kosovo,StevieWonderUpdate,false,25,enwiki,2024-10-27 09:36:05
1833509112,Battle of the Chernaya,AntientNestor,false,294,enwiki,2024-10-27 09:35:32
1833509118,Alexei Sviatchenko,Rainbowed-Sunned-Spirit,false,0,enwiki,2024-10-27 09:35:34
358000213,Wikipedia:WikiProjekt Frauen/Frauen in Rot/Fehlende Artikel nach Nationalität/Kenianerinnen,TaxonBot,true,108,dewiki,2024-10-27 09:35:32
1833509212,Jade Jagger,Premeditated Chaos,false,20,enwiki,2024-10-27 09:36:04
1833509100,Wikipedia talk:Civility,Hob Gadling,false,4,enwiki,2024-10-27 09:35:27
358000204,THOUET Mundartpreis der Stadt Aachen,ArthurMcGill,false,2,dewiki,2024-10-27 09:35:34
358000217,Hinrich Baller,JuTe CLZ,false,-79,dewiki,2024-10-27 09:35:50
1833509101,Template talk:Polish Squad 2007 Women’s European Volleyball Championship,EmausBot,true,0,enwiki,2024-10-27 09:35:28
358000205,Telefonbuch,Peter Gröbner,false,-1,dewiki,2024-10-27 09:35:34
358000214,Jerry Lynn,Cewbot,true,0,dewiki,2024-10-27 09:35:46
1833509201,Dusti,Monkbot,true,4,enwiki,2024-10-27 09:36:01
1833509318,Pushpa 2: The Rule,Teojdok,false,386,enwiki,2024-10-27 09:36:44
1833509406,András Hadik,Monkbot,true,3,enwiki,2024-10-27 09:37:21
1833509304,Draft:Jimmy Watkins (runner),U003F,false,205,enwiki,2024-10-27 09:36:41
1833509319,Talk:As bestas,EmausBot,true,-12,enwiki,2024-10-27 09:36:48
1833509408,User talk:Gerda Arendt,Gerda Arendt,false,-12,enwiki,2024-10-27 09:37:19
1833509306,Alternan,Elmidae,false,-30,enwiki,2024-10-27 09:36:43
1833509409,Infidelity,ImNotGettingAUsernameOk101,false,25,enwiki,2024-10-27 09:37:20
1833509307,Template:Leylek places,AusLondonder,false,-50,enwiki,2024-10-27 09:36:43
1833509410,Template talk:Did you know/Approved,WugBot,true,65,enwiki,2024-10-27 09:37:00
1833509308,Category:Undercover police agents,AHI-3000,false,126,enwiki,2024-10-27 09:36:44
1833509413,Rika Dialina,Monkbot,true,1,enwiki,2024-10-27 09:37:24
1833509311,Joey Hauser,Intruder007,false,124,enwiki,2024-10-27 09:36:44
1833509416,Nazriya Nazim,120.58.76.177,false,583,enwiki,2024-10-27 09:37:21
1833509312,La Chapelaude,Monkbot,true,1,enwiki,2024-10-27 09:36:43
1833509400,Raja Riaz,Sam Sailor,false,-1,enwiki,2024-10-27 09:37:20
1833509417,Hindu Shahi–Saffarid wars,Everyone63fake,false,-63,enwiki,2024-10-27 09:37:26
1833509401,Robert Tijdeman,Turtlens,false,1331,enwiki,2024-10-27 09:37:20
1833509419,MFR (radio station),Socialist Distancing,false,4,enwiki,2024-10-27 09:37:25
1833509300,Talk:Sappho,UndercoverClassicist,false,607,enwiki,2024-10-27 09:36:38
1833509313,Talk:Diane McGuinness,77.247.89.65,false,-1,enwiki,2024-10-27 09:36:46
1833509403,User:AusLondonder/XfD log,AusLondonder,false,149,enwiki,2024-10-27 09:37:18
1833509301,Carrie Underwood,DonkeyDood15 ukog-monkey,false,12,enwiki,2024-10-27 09:36:31
1833509314,List of WWE pay-per-view and livestreaming supercards,Samifan56,false,0,enwiki,2024-10-27 09:36:41
1833509402,Macclesfield,2003:D3:FF03:11FE:D5E8:817B:B8EF:BEEA,false,-486,enwiki,2024-10-27 09:37:15
358000302,Walter Scheele,91.2.233.128,false,68,dewiki,2024-10-27 09:38:02
358000311,Portal:Hip-Hop/Wartung,TaxonBota,true,-92,dewiki,2024-10-27 09:38:26
1833509600,Sofia Kenin career statistics,Ks0108,false,30,enwiki,2024-10-27 09:38:35
358000303,Rheingauer Gebück-Wanderweg,176.3.70.129,false,4,dewiki,2024-10-27 09:38:02
1833509601,Immo (Lotharingian count),Andrew Lancaster,false,61,enwiki,2024-10-27 09:38:38
1833509512,Alghero–Fertilia Airport,Riktetta,false,-366,enwiki,2024-10-27 09:38:01
1833509514,"Ussel, Lot",Monkbot,true,1,enwiki,2024-10-27 09:38:01
1833509515,Paul Foot (journalist),Proscribe,false,0,enwiki,2024-10-27 09:38:02
358000306,Heinz Frowein,Georg Hügler,false,13,dewiki,2024-10-27 09:38:19
1833509500,Urgaza,Monkbot,true,2,enwiki,2024-10-27 09:37:55
1833509516,Hindu Shahi–Saffarid wars,Everyone63fake,false,-7,enwiki,2024-10-27 09:38:05
358000307,Fafi,Drahreg01,false,23,dewiki,2024-10-27 09:38:23
1833509502,Kentaro Iida,CLalgo,false,126,enwiki,2024-10-27 09:37:55
1833509518,Category:People from Sileby,Ernsanchez00,false,14,enwiki,2024-10-27 09:38:06
358000301,Ornella Vanoni,YGO24895,false,167,dewiki,2024-10-27 09:37:52
1833509503,Talk:2022 Guamanian general election,EmausBot,true,7,enwiki,2024-10-27 09:37:58
1833509519,Lerna (municipal unit),Monkbot,true,1,enwiki,2024-10-27 09:38:05
358000310,1901,Gerald Fix,false,104,dewiki,2024-10-27 09:38:22
1833509506,Giorgos Vasiliou,Monkbot,true,1,enwiki,2024-10-27 09:37:58
1833509509,Cardiff State Beach,76.88.55.135,false,-2,enwiki,2024-10-27 09:37:58
358000312,Vinícius Júnior,Pyaet,false,-59,dewiki,2024-10-27 09:38:31
1833509604,Mudhar Club,89.237.148.254,false,6,enwiki,2024-10-27 09:38:37
1833509610,2024 Women's Hockey One,Lachie23,false,0,enwiki,2024-10-27 09:38:38
358000317,Filmjahr 2023,Schelmentraum,false,80,dewiki,2024-10-27 09:38:39
1833509611,Daeqwon Plowden,Intruder007,false,133,enwiki,2024-10-27 09:38:40
1833509612,"Frunzensky District, Saint Petersburg",Monkbot,true,1,enwiki,2024-10-27 09:38:39
1833509614,Shen Buhai,FourLights,false,-34,enwiki,2024-10-27 09:38:41
358000318,Hanna Große Holtrup,2003:E2:BF0B:700:155A:548D:BE4D:78B9,false,483,dewiki,2024-10-27 09:38:42
1833509615,Draft talk:Kanel Joseph,Randykitty,false,-271,enwiki,2024-10-27 09:38:42
1833509617,Kovylkinsky District,Monkbot,true,3,enwiki,2024-10-27 09:38:42
1833509711,Pierre Thomas (American football),BittersweetParadox,false,7,enwiki,2024-10-27 09:39:05
1833509803,Draft:Fav!,Sam Sailor,false,353,enwiki,2024-10-27 09:39:45
1833509713,Gay 45,2A02:8388:6B83:F080:8114:1C2F:AC4A:A94E,false,-22,enwiki,2024-10-27 09:39:07
1833509804,Ai Ogura,Hansen Sebastian,false,199,enwiki,2024-10-27 09:39:41
1833509805,Michael Dobson (actor),Waxworker,false,-80,enwiki,2024-10-27 09:39:45
1833509703,Black market in wartime France,Zlmark,false,-14,enwiki,2024-10-27 09:38:58
1833509717,Borgeous,Waxworker,false,-52,enwiki,2024-10-27 09:39:07
1833509807,"Kashirsky District, Voronezh Oblast",Monkbot,true,1,enwiki,2024-10-27 09:39:45
358000319,Olympische Sommerspiele 2004/Teilnehmer (Lesotho),Squasher,false,-19,dewiki,2024-10-27 09:38:52
1833509705,Earth trojan,120.16.78.95,false,30,enwiki,2024-10-27 09:39:04
1833509718,Talk:E.l.f.,SpikeToronto,false,-291,enwiki,2024-10-27 09:39:09
1833509808,Tai Koo station,Tim Cheng koros,false,0,enwiki,2024-10-27 09:39:45
1833509900,Ministry of Communication and Informatics (Indonesia),EmausBot,true,6,enwiki,2024-10-27 09:40:18
1833509706,Immo (Lotharingian count),Andrew Lancaster,false,0,enwiki,2024-10-27 09:39:06
1833509809,Meatloaf,142.180.11.204,false,6,enwiki,2024-10-27 09:39:44
1833509901,"Karsibór, Wałcz County",Monkbot,true,1,enwiki,2024-10-27 09:40:17
1833509707,2024 Super Taikyu Series,Thfeeder,false,678,enwiki,2024-10-27 09:38:58
1833509719,Rome Ciampino Airport,Riktetta,false,-289,enwiki,2024-10-27 09:39:07
1833509815,User talk:Thanoulispap,Liz,false,1168,enwiki,2024-10-27 09:39:47
1833509903,Interstate 90 in Illinois,207.172.34.206,false,19,enwiki,2024-10-27 09:40:16
1833509708,Vinsobres,Monkbot,true,1,enwiki,2024-10-27 09:39:04
1833509800,Reuben Asberry Jr.,Hyphenation Expert,false,64,enwiki,2024-10-27 09:39:46
1833509816,Talk:Ministry of Communications and Informatics (Indonesia),EmausBot,true,6,enwiki,2024-10-27 09:39:48
1833509904,Law enforcement in the United Kingdom,2404:440E:2A3E:6200:27C7:99F0:E09C:2A79,false,-7,enwiki,2024-10-27 09:40:14
1833509709,Taini Jamison Trophy,JaumeBG,false,148,enwiki,2024-10-27 09:39:05
1833509710,List of fatal accidents to commercial cargo aircraft,FromCzech,false,1,enwiki,2024-10-27 09:39:07
1833509819,Year 2000 problem,86.31.45.72,false,22,enwiki,2024-10-27 09:39:41
1833509906,Napton on the Hill,Entranced98,false,55,enwiki,2024-10-27 09:40:19
1833509919,Saint Gorgonia,Monkbot,true,1,enwiki,2024-10-27 09:40:27
1833510017,List of The Tonight Show Starring Jimmy Fallon episodes (2024),2600:1700:18D1:670:BC22:6B85:9DC1:A9D1,false,126,enwiki,2024-10-27 09:41:05
1833509907,Herrenberg station,Monkbot,true,1,enwiki,2024-10-27 09:40:20
1833510019,Indonesian Ministry of Communications,EmausBot,true,6,enwiki,2024-10-27 09:41:08
1833510101,Alexander Shlemenko,Monkbot,true,1,enwiki,2024-10-27 09:41:45
1833509908,User:Gzagona/sandbox,Gzagona,false,326,enwiki,2024-10-27 09:40:21
1833510000,Black-hooded antwren,Zlmark,false,-8,enwiki,2024-10-27 09:41:03
1833510103,User:Hoben7599/sandbox,Hoben7599,false,1,enwiki,2024-10-27 09:41:49
1833509909,List of awards and nominations received by Mammootty,178.152.118.238,false,20,enwiki,2024-10-27 09:40:21
1833510001,User:PecMo,PecMo,false,12007,enwiki,2024-10-27 09:41:02
1833510105,Yagyavalkya Institute of Technology,Macrobreed2,false,94,enwiki,2024-10-27 09:41:49
1833509911,User:AmandaNP/SPI case list,DeltaQuadBot,true,-8,enwiki,2024-10-27 09:40:24
1833510002,For the Love of George,Mmberney,false,-39,enwiki,2024-10-27 09:41:03
1833510106,User:באיקל,Sean.hoyland,false,1,enwiki,2024-10-27 09:41:50
1833510010,"Sherekino, Selektsionny selsoviet, Lgovsky District, Kursk Oblast",Monkbot,true,2,enwiki,2024-10-27 09:41:03
358000402,Portal:Jagd/Arbeitslisten,TaxonBota,true,103,dewiki,2024-10-27 09:41:45
1833509913,Wikipedia:WikiProject Women in Red/Meetup/293,Yue,false,46,enwiki,2024-10-27 09:40:03
1833510014,Regina Song,BenTanXiaoMing,false,31,enwiki,2024-10-27 09:41:04
1833510108,Lanquais,Monkbot,true,1,enwiki,2024-10-27 09:41:49
1833509916,Yzosse,Monkbot,true,1,enwiki,2024-10-27 09:40:23
1833510015,Venice Marco Polo Airport,Riktetta,false,-635,enwiki,2024-10-27 09:41:05
358000403,Puleng Lala,Luckywiki1234,false,175,dewiki,2024-10-27 09:41:53
1833509915,Grotesquerie (TV series),SnapSnap,false,16,enwiki,2024-10-27 09:40:24
1833510016,Matthew Bozinovski,Makejets,false,433,enwiki,2024-10-27 09:41:07
1833509917,Nafeesa Inayatullah Khan Khattak,2001:8F8:1361:554F:E9:263F:D5AF:B7A,false,22,enwiki,2024-10-27 09:40:24
1833510110,User talk:Fuhghettaboutit,Gerda Arendt,false,-759,enwiki,2024-10-27 09:41:46
358000408,Caravaning Gutachter Fachverband,Stp1910,false,-283,dewiki,2024-10-27 09:42:03
358000415,Tsui Hark,Aka,false,15,dewiki,2024-10-27 09:42:12
1833510209,Tiberius,173.46.246.61,false,30,enwiki,2024-10-27 09:42:26
1833510304,North American cougar,Fentalogue,false,8,enwiki,2024-10-27 09:43:10
1833510319,Deaths in 2024,Refsworldlee,false,11,enwiki,2024-10-27 09:43:13
1833510111,2007 in New Zealand,Panamitsu,false,28,enwiki,2024-10-27 09:41:51
1833510210,Black-spotted bare-eye,Zlmark,false,-8,enwiki,2024-10-27 09:42:29
1833510305,La Chapelle-Aubareil,Monkbot,true,1,enwiki,2024-10-27 09:43:12
1833510115,Jangid,Vigyansthal,false,167,enwiki,2024-10-27 09:41:54
358000418,Hof Hauptbahnhof,Aka,false,-6,dewiki,2024-10-27 09:42:20
1833510212,2001 in New Zealand,Panamitsu,false,14,enwiki,2024-10-27 09:42:30
1833510306,Brian Edward Kelley,Sahaib,false,1,enwiki,2024-10-27 09:43:15
1833510116,User talk:Caelis Borrini,Caelis Borrini,false,254,enwiki,2024-10-27 09:41:56
358000416,Josefine Swoboda,Kuhni74,false,-344,dewiki,2024-10-27 09:42:16
1833510202,List of 2024–25 Nepal Premier League auctions and personnel signings,Iambijaya7,false,18,enwiki,2024-10-27 09:42:22
1833510214,Electoral districts of Sri Lanka,QEnigma,false,1,enwiki,2024-10-27 09:42:28
1833510311,Maurice LaMarche,Waxworker,false,-450,enwiki,2024-10-27 09:43:14
1833510117,Léguillac-de-l'Auche,Monkbot,true,1,enwiki,2024-10-27 09:41:53
358000409,Heinz Frowein,Georg Hügler,false,-4,dewiki,2024-10-27 09:42:05
358000419,Heinz Frowein,Georg Hügler,false,8,dewiki,2024-10-27 09:42:22
1833510203,"Randan, Puy-de-Dôme",Monkbot,true,1,enwiki,2024-10-27 09:42:25
1833510215,Nikola Zhekov,Monkbot,true,2,enwiki,2024-10-27 09:42:32
1833510312,Mandate for Palestine,Mccapra,false,-31,enwiki,2024-10-27 09:43:12
1833510119,2024 Super Taikyu Series,Thfeeder,false,4,enwiki,2024-10-27 09:41:49
358000407,Wickihalder,Aka,false,2,dewiki,2024-10-27 09:42:01
1833510205,Draft:Trovador Ramos Sr.,219.76.26.80,false,4,enwiki,2024-10-27 09:42:28
1833510216,Khakim Fuzaylov,Lancepark,false,58,enwiki,2024-10-27 09:42:33
1833510314,Randall Gay,BittersweetParadox,false,13,enwiki,2024-10-27 09:43:15
1833510118,Wikipedia:Edit filter/False positives/Reports,1AmNobody24,false,-558,enwiki,2024-10-27 09:41:55
1833510204,Bahaddarhat Flyover collapse,Bruno pnm ars,false,42,enwiki,2024-10-27 09:42:28
1833510217,Kuy language,2405:9800:B950:B60:3D54:B85:899B:55F0,false,46,enwiki,2024-10-27 09:42:33
1833510315,User:আরমান হোসেন (রবিন),আরমান হোসেন (রবিন),false,-7,enwiki,2024-10-27 09:43:17
358000405,Starship (Begriffsklärung),Frankee 67,false,-9,dewiki,2024-10-27 09:41:57
1833510206,Burton Hastings,Entranced98,false,55,enwiki,2024-10-27 09:42:28
1833510317,User:Globetrotter83/sandbox,EmausBot,true,-8,enwiki,2024-10-27 09:43:18
1833510403,Draft:Trovador Ramos Sr.,219.76.26.80,false,-1,enwiki,2024-10-27 09:43:48
358000406,Portal:Imperialismus und Weltkriege/Arbeitslisten,TaxonBota,true,-56,dewiki,2024-10-27 09:41:54
358000414,Columban-Kloster,Eschenmoser,false,107,dewiki,2024-10-27 09:42:13
1833510207,"Kotovo, Volgograd Oblast",Monkbot,true,1,enwiki,2024-10-27 09:42:29
1833510301,Ananda Krishnan,Gotitbro,false,37,enwiki,2024-10-27 09:43:11
1833510316,Poisoned candy myths,Ethoori,false,1552,enwiki,2024-10-27 09:43:17
1833510208,Ana de Armas,Krimuk2.0,false,734,enwiki,2024-10-27 09:42:23
1833510302,Blackish antbird,Zlmark,false,-8,enwiki,2024-10-27 09:43:13
1833510318,Peyrissac,Monkbot,true,1,enwiki,2024-10-27 09:43:16
1833510407,"Northend, Warwickshire",Entranced98,false,55,enwiki,2024-10-27 09:43:49
1833510507,Jubilee Clock Tower,HundenvonPenang,false,2,enwiki,2024-10-27 09:44:23
1833510518,2024 Finnish Cup,DenZaUNITY,false,229,enwiki,2024-10-27 09:44:21
358000512,Patrick Lange (Triathlet),JogyB,false,-28,dewiki,2024-10-27 09:45:16
1833510412,County of Rietberg,Monkbot,true,2,enwiki,2024-10-27 09:43:50
1833510508,Dimitris Papamichael,Monkbot,true,1,enwiki,2024-10-27 09:44:24
1833510519,User:Liz/CSD log,Liz,false,144,enwiki,2024-10-27 09:44:09
1833510600,WRC Promoter GmbH,Unnamelessness,false,-5,enwiki,2024-10-27 09:44:57
1833510617,Category:2013 Aircel Chennai Open,Gotitbro,false,37,enwiki,2024-10-27 09:45:05
358000505,Sepahan FC,Pudt,false,301,dewiki,2024-10-27 09:45:11
1833510414,Elle (disambiguation),DonkeyDood15 ukog-monkey,false,-700,enwiki,2024-10-27 09:43:52
1833510602,"Ponikve, Semič",Monkbot,true,1,enwiki,2024-10-27 09:44:58
1833510618,List of A.D. Isidro Metapan records and statistics,BKReruns,false,200,enwiki,2024-10-27 09:45:05
1833510416,Al-Taraji Club,89.237.148.254,false,89,enwiki,2024-10-27 09:43:51
1833510509,Haustellum fallax,ClueBot NG,false,-22,enwiki,2024-10-27 09:44:25
1833510605,Shen Buhai,FourLights,false,-74,enwiki,2024-10-27 09:44:59
358000513,Derxia gummosa,Kogge,false,311,dewiki,2024-10-27 09:45:21
358000500,Pieszkowo,2003:D0:9719:E659:C9DC:940D:E80:5A70,false,1,dewiki,2024-10-27 09:45:07
358000502,Wolfegg,Roland1950,false,744,dewiki,2024-10-27 09:45:09
358000509,Benutzer:GamerAndWriter/Testkiste 2,GamerAndWriter,false,-73,dewiki,2024-10-27 09:45:14
1833510500,Haustellum fallax,115.189.82.16,false,22,enwiki,2024-10-27 09:44:21
1833510609,Glamanand Group,Mims Mentor,false,1596,enwiki,2024-10-27 09:45:00
358000504,Liste der Stolpersteine in Augsburg,Aka,false,1,dewiki,2024-10-27 09:45:05
1833510502,Talk:Deaths in 2024,Refsworldlee,false,208,enwiki,2024-10-27 09:44:24
1833510514,Lake Paranoa,EmausBot,true,0,enwiki,2024-10-27 09:44:28
358000503,Altkoreanische Sprache,Kallemabrutz,false,-4,dewiki,2024-10-27 09:45:10
358000506,Caleb Blood Smith,Aka,false,15,dewiki,2024-10-27 09:45:12
358000511,Marisa Mell,Aka,false,-2,dewiki,2024-10-27 09:45:19
1833510503,Timna Nelson-Levy,CLalgo,false,16,enwiki,2024-10-27 09:44:21
1833510611,User:AmandaNP/UTRS Appeals,DeltaQuadBot,true,140,enwiki,2024-10-27 09:45:02
358000501,Eduard Kasparides,Aka,false,2,dewiki,2024-10-27 09:45:08
1833510504,Yngve Slyngstad,5.90.111.235,false,1,enwiki,2024-10-27 09:44:23
1833510516,Bílý Potok (Liberec District),Monkbot,true,1,enwiki,2024-10-27 09:44:27
1833510613,Les Ollières-sur-Eyrieux,Monkbot,true,1,enwiki,2024-10-27 09:45:01
358000507,Josefine Swoboda,Kuhni74,false,345,dewiki,2024-10-27 09:45:13
1833510505,User:Samiggles/sandbox,Samiggles,false,28,enwiki,2024-10-27 09:44:24
1833510615,2013 Pacific typhoon season,Jasper Deng,false,-10,enwiki,2024-10-27 09:44:48
1833510708,Talk:Mad Max series legacy and influence in popular culture,EmausBot,true,-24,enwiki,2024-10-27 09:45:28
358000517,Emmanuel Carrère,Aka,false,16,dewiki,2024-10-27 09:45:31
1833510818,Whakaari / White Island,Panamitsu,false,103,enwiki,2024-10-27 09:45:53
1833510905,Walter Moers,DemianStratford,false,499,enwiki,2024-10-27 09:46:21
1833510919,June 2011 Christchurch earthquake,Panamitsu,false,163,enwiki,2024-10-27 09:46:25
1833511006,Warriors (Lin-Manuel Miranda and Eisa Davis album),Jonathan Deamer,false,1012,enwiki,2024-10-27 09:46:48
1833510710,Wikipedia:WikiProject Belize/Hot articles,HotArticlesBot,true,-22,enwiki,2024-10-27 09:45:29
1833510906,Wikipedia:WikiProject Oregon/Hot articles,HotArticlesBot,true,33,enwiki,2024-10-27 09:46:23
1833510711,User:Johnson524,Johnson524,false,156,enwiki,2024-10-27 09:45:26
1833510812,Wikipedia:WikiProject Gastropods/Hot articles,HotArticlesBot,true,-1,enwiki,2024-10-27 09:45:55
1833510910,Wikipedia:WikiProject Organized Labour/Hot articles,HotArticlesBot,true,6,enwiki,2024-10-27 09:46:24
1833511010,Asteraceae,Eewilson,false,245,enwiki,2024-10-27 09:46:47
1833510701,Wikipedia:WikiProject Bangladesh/Hot articles,HotArticlesBot,true,16,enwiki,2024-10-27 09:45:27
1833510713,Wikipedia:WikiProject Biology/Hot articles,HotArticlesBot,true,0,enwiki,2024-10-27 09:45:30
1833510811,Bloody Wednesday of Olkusz,Monkbot,true,1,enwiki,2024-10-27 09:45:53
1833510909,Niedamierz,Monkbot,true,1,enwiki,2024-10-27 09:46:22
1833511000,Orgita,Monkbot,true,1,enwiki,2024-10-27 09:46:47
1833511012,Tikdam,Ustadeditor2011,false,34,enwiki,2024-10-27 09:46:50
358000514,Dépôt des cartes et plans de la Marine,Gerald Fix,false,4,dewiki,2024-10-27 09:45:23
1833510702,Sir (2024 film),2001:8F8:1163:BE36:FD57:F071:D46F:DF95,false,37,enwiki,2024-10-27 09:45:24
358000516,Guè Pequeno,YGO24895,false,121,dewiki,2024-10-27 09:45:27
1833510800,Wikipedia:WikiProject Food and drink/Hot articles,HotArticlesBot,true,-1,enwiki,2024-10-27 09:45:52
1833510911,Wikipedia:WikiProject Ottawa/Hot articles,HotArticlesBot,true,-8,enwiki,2024-10-27 09:46:24
1833511001,Edd Griles,Strattonsmith,false,58,enwiki,2024-10-27 09:46:48
1833511013,Polish Sport Shooting Federation,Monkbot,true,1,enwiki,2024-10-27 09:46:50
1833510703,Stanisław Lem's fictitious criticism of nonexistent books,Monkbot,true,1,enwiki,2024-10-27 09:45:26
1833510714,Arnold Schoenberg Choir,Monkbot,true,1,enwiki,2024-10-27 09:45:29
1833510801,Raising a Flag over the Reichstag,Monkbot,true,2,enwiki,2024-10-27 09:45:50
1833510813,Bulgan SP Falcons,PenaBijak,false,-268,enwiki,2024-10-27 09:45:55
1833510913,Wikipedia:WikiProject Pakistan/Hot articles,HotArticlesBot,true,-16,enwiki,2024-10-27 09:46:26
1833511002,Wikipedia:WikiProject Uruguay/Hot articles,HotArticlesBot,true,29,enwiki,2024-10-27 09:46:49
1833511014,Wikipedia:WikiProject Video games/Hot articles,HotArticlesBot,true,19,enwiki,2024-10-27 09:46:52
1833510704,Wikipedia:WikiProject Mammals/Bats Task Force/Hot articles,HotArticlesBot,true,-6,enwiki,2024-10-27 09:45:27
1833510715,Wikipedia:WikiProject Birds/Hot articles,HotArticlesBot,true,20,enwiki,2024-10-27 09:45:31
1833510803,Category:People from Syston,Ernsanchez00,false,14,enwiki,2024-10-27 09:45:52
1833510814,Wikipedia:WikiProject Geology/Hot articles,HotArticlesBot,true,-9,enwiki,2024-10-27 09:45:56
1833510900,Panagiotis Triadis,Monkbot,true,1,enwiki,2024-10-27 09:46:19
1833511003,Battle of Magh Slecht,Samhanin,false,16,enwiki,2024-10-27 09:46:48
1833511015,Wikipedia:WikiProject Vietnam/Hot articles,HotArticlesBot,true,0,enwiki,2024-10-27 09:46:53
1833510705,Dan Ige,Reunion,false,0,enwiki,2024-10-27 09:45:23
1833510716,Einat Wilf,CLalgo,false,8,enwiki,2024-10-27 09:45:29
1833510804,Wikipedia:WikiProject Football/Arsenal F.C. task force/Hot articles,HotArticlesBot,true,-3,enwiki,2024-10-27 09:45:53
1833510815,Wikipedia:WikiProject Green Bay Packers/Hot articles,HotArticlesBot,true,-10,enwiki,2024-10-27 09:45:57
1833510901,Category:2014 Aircel Chennai Open,Gotitbro,false,37,enwiki,2024-10-27 09:46:21
1833510914,Jangid,Vigyansthal,false,8,enwiki,2024-10-27 09:46:25
1833511004,2024–25 Women's Big Bash League season,PEditorS10,false,-13,enwiki,2024-10-27 09:46:46
1833511016,Golden Bay / Mohua,Panamitsu,false,14,enwiki,2024-10-27 09:46:49
1833510706,Ford End,Entranced98,false,48,enwiki,2024-10-27 09:45:26
1833510717,Wikipedia:WikiProject Bivalves/Hot articles,HotArticlesBot,true,-14,enwiki,2024-10-27 09:45:31
358000518,Andrea C. Hoffmann,Onkelkoeln,false,1274,dewiki,2024-10-27 09:45:33
1833510807,Wikipedia:WikiProject Fungi/Lichen task force/Hot articles,HotArticlesBot,true,-9,enwiki,2024-10-27 09:45:53
1833510816,Sebastian Chruściel,Monkbot,true,1,enwiki,2024-10-27 09:45:56
1833510902,Wikipedia:WikiProject Opera/Hot articles,HotArticlesBot,true,3,enwiki,2024-10-27 09:46:22
1833510915,Wikipedia:WikiProject Palaeontology/Hot articles,HotArticlesBot,true,-42,enwiki,2024-10-27 09:46:27
1833511005,Wikipedia:WikiProject Veganism and Vegetarianism/Hot articles,HotArticlesBot,true,5,enwiki,2024-10-27 09:46:49
1833511019,Wikipedia:WikiProject Viruses/Hot articles,HotArticlesBot,true,50,enwiki,2024-10-27 09:46:53
358000515,Capriccio (Oper),Gak69,false,17,dewiki,2024-10-27 09:45:25
1833510707,Wikipedia:WikiProject Beetles/Hot articles,HotArticlesBot,true,1,enwiki,2024-10-27 09:45:28
1833510719,Wikipedia:WikiProject British and Irish hills/Hot articles,HotArticlesBot,true,-29,enwiki,2024-10-27 09:45:32
1833510809,Wikipedia:WikiProject Fungi/Hot articles,HotArticlesBot,true,-3,enwiki,2024-10-27 09:45:54
1833510817,User:আরমান হোসেন (রবিন),আরমান হোসেন (রবিন),false,-1,enwiki,2024-10-27 09:45:56
1833510904,Talk:Binary tiling/GA1,David Eppstein,false,1117,enwiki,2024-10-27 09:46:22
1833510917,Wikipedia:WikiProject Palaeontology/Lobe-Fins/Hot articles,HotArticlesBot,true,0,enwiki,2024-10-27 09:46:27
1833511007,Wikipedia:WikiProject Veterinary medicine/Hot articles,HotArticlesBot,true,-24,enwiki,2024-10-27 09:46:50
1833511113,Germany in the Eurovision Song Contest,Mcyossi26,false,-85,enwiki,2024-10-27 09:47:20
1833511316,Is It Over Now?,2603:800C:4101:4CFC:58B9:588D:B6FF:464,false,329,enwiki,2024-10-27 09:48:10
358000602,Édouard,Gerald Fix,false,61,dewiki,2024-10-27 09:48:31
358000606,Ironman World Championship,ValiH20,false,10,dewiki,2024-10-27 09:48:29
1833511103,Agkaryones,Monkbot,true,1,enwiki,2024-10-27 09:47:20
1833511114,Aveyron,Monkbot,true,1,enwiki,2024-10-27 09:47:23
1833511300,Talk:Earth,ImNotGettingAUsernameOk101,false,163,enwiki,2024-10-27 09:48:04
1833511317,Jainism in Australia,JJMC89 bot III,true,-2,enwiki,2024-10-27 09:48:12
1833511401,Hari Singh,122.161.240.143,false,-14,enwiki,2024-10-27 09:48:32
1833511102,Charles Cotesworth Pinckney,M. Armando,false,0,enwiki,2024-10-27 09:47:18
1833511215,MTV Hustle,SulaimanAarbi,false,812,enwiki,2024-10-27 09:47:46
1833511302,Rajhi Banking and Investment Corp,EmausBot,true,-1,enwiki,2024-10-27 09:48:08
1833511318,Olaf Scholz,Hoben7599,false,1,enwiki,2024-10-27 09:47:55
358000600,Wilhelmsdorf (Württemberg),Roland1950,false,3,dewiki,2024-10-27 09:48:22
1833511106,1993 in New Zealand,Panamitsu,false,14,enwiki,2024-10-27 09:47:20
1833511303,The New Woman,Monkbot,true,1,enwiki,2024-10-27 09:48:08
358000601,Diskussion:Alexander Nikuradse,77.8.115.168,false,124,dewiki,2024-10-27 09:48:25
358000603,Puleng Lala,Squasher,false,-57,dewiki,2024-10-27 09:48:33
1833511107,Ivan Reitman,2600:1016:B043:FE6E:0:0:54:6F01,false,-1,enwiki,2024-10-27 09:47:18
1833511115,Michail Fragoulakis,Monkbot,true,1,enwiki,2024-10-27 09:47:27
1833511218,Hantu Tinggi,JJMC89 bot III,true,0,enwiki,2024-10-27 09:47:50
1833511304,2018 Pacific typhoon season,Jasper Deng,false,-19,enwiki,2024-10-27 09:47:58
1833511108,Edd Griles,Strattonsmith,false,1,enwiki,2024-10-27 09:47:23
1833511116,Professional American football,BittersweetParadox,false,7,enwiki,2024-10-27 09:47:28
1833511219,Puybegon,Monkbot,true,1,enwiki,2024-10-27 09:47:49
1833511109,Wikipedia:Articles for deletion/Parkour Civilization,Bunnypranav,false,147,enwiki,2024-10-27 09:47:23
1833511117,More Radio Eastbourne,Socialist Distancing,false,-1,enwiki,2024-10-27 09:47:28
1833511201,Gebühreneinzugszentrale,EmausBot,true,-9,enwiki,2024-10-27 09:47:48
1833511310,2024–25 Denmark Series,212.112.153.14,false,-1,enwiki,2024-10-27 09:48:10
1833511111,Schönberg,2A02:3030:610:9EE:800A:5A78:E330:798B,false,1,enwiki,2024-10-27 09:47:24
1833511118,Gebuhreneinzugszentrale,EmausBot,true,-9,enwiki,2024-10-27 09:47:28
1833511206,Hantu Raya,JJMC89 bot III,true,0,enwiki,2024-10-27 09:47:48
1833511312,Pogobie Tylne,Monkbot,true,1,enwiki,2024-10-27 09:48:11
1833511112,2016 Pacific typhoon season,Jasper Deng,false,-9,enwiki,2024-10-27 09:47:08
1833511119,History of the Jews in the Canary Islands,FromCzech,false,9,enwiki,2024-10-27 09:47:27
1833511207,Grassendale,Entranced98,false,51,enwiki,2024-10-27 09:47:48
1833511313,Stefan Nigro,Makejets,false,282,enwiki,2024-10-27 09:48:12
358000605,Landgemeinde Ekenäs,Georg Hügler,false,6,dewiki,2024-10-27 09:48:35
1833511208,Thanasis Papazoglou,"Spring tides, Summer holidays, Autumn leaves, Winter warmers",false,-2,enwiki,2024-10-27 09:47:47
1833511315,User talk:Februarycrumbs,Februarycrumbs,false,467,enwiki,2024-10-27 09:48:13
1833511404,List of 2024–25 NBA season transactions,Intruder007,false,-1135,enwiki,2024-10-27 09:48:19
358000607,Liste von Persönlichkeiten der Stadt Iași,Stoschmidt,false,51,dewiki,2024-10-27 09:48:42
1833511511,Muurat Yusuf,EmausBot,true,0,enwiki,2024-10-27 09:49:09
1833511615,Talk:List of monarchs of Finland,EmausBot,true,-13,enwiki,2024-10-27 09:49:39
1833511716,Wierzchęcino,Monkbot,true,1,enwiki,2024-10-27 09:50:12
1833511414,Konik,Monkbot,true,2,enwiki,2024-10-27 09:48:35
358000612,Zezschwitz,Freygangfreunde,false,376,dewiki,2024-10-27 09:48:50
1833511616,Aaqib Javed,Metamentalist,false,3,enwiki,2024-10-27 09:49:37
1833511700,Talk:List of Finnish monarchs and heads of state,EmausBot,true,-13,enwiki,2024-10-27 09:50:09
358000613,Hanna Große Holtrup,Invisigoth67,false,38,dewiki,2024-10-27 09:48:50
358000615,Ernia,YGO24895,false,167,dewiki,2024-10-27 09:48:56
1833511513,Attack on Titan season 3,Nusrat21,false,-180,enwiki,2024-10-27 09:49:07
1833511604,Balian of Ibelin,79.23.157.220,false,-1,enwiki,2024-10-27 09:49:35
1833511618,User talk:Rich Farmbrough,Gerda Arendt,false,333,enwiki,2024-10-27 09:49:37
1833511514,List of WWE pay-per-view and livestreaming supercards,Samifan56,false,-1,enwiki,2024-10-27 09:49:03
1833511605,Ottoman baths of Tyrnavos,Monkbot,true,1,enwiki,2024-10-27 09:49:36
1833511704,Sychrov (Liberec District),Monkbot,true,1,enwiki,2024-10-27 09:50:08
1833511516,Naia Landaluze,Crowsus,false,74,enwiki,2024-10-27 09:49:09
1833511606,Haryanvi cinema,Iamgadanjoga,false,1311,enwiki,2024-10-27 09:49:36
1833511707,Talk:Guru Nanak,AnyBurro9312,false,707,enwiki,2024-10-27 09:50:09
358000608,Nadelöhrgasse,Olaf2,false,137,dewiki,2024-10-27 09:48:45
1833511608,Julio César Green,Sam11333,false,41,enwiki,2024-10-27 09:49:36
1833511709,Deaths in August 1988,Bryan Krippner,false,126,enwiki,2024-10-27 09:50:11
358000609,Nekrolog 1894,Mö1997,false,154,dewiki,2024-10-27 09:48:43
358000614,Benutzer:Okernick/Wiese,Okernick,false,590,dewiki,2024-10-27 09:48:53
358000616,Benutzer Diskussion:Luckywiki1234,Luckywiki1234,false,371,dewiki,2024-10-27 09:48:59
1833511505,Dhamangaon Railway Assembly constituency,Parikshit5555,false,0,enwiki,2024-10-27 09:49:06
1833511519,Gateacre,Entranced98,false,51,enwiki,2024-10-27 09:49:09
1833511610,List of awards and nominations received by Mammootty,178.152.118.238,false,2,enwiki,2024-10-27 09:49:35
358000611,Wikipedia:Dark Mode/Probleme,Lómelinde,false,726,dewiki,2024-10-27 09:48:47
358000617,Rheingauer Gebück-Wanderweg,Invisigoth67,false,37,dewiki,2024-10-27 09:49:00
1833511506,Council of Ministers (Poland),Monkbot,true,1,enwiki,2024-10-27 09:49:06
1833511611,Binary tiling,David Eppstein,false,11,enwiki,2024-10-27 09:49:36
1833511507,Jirō Kawasaki,Dpm853,false,452,enwiki,2024-10-27 09:49:06
1833511614,Rachel Whitear,2003:D3:FF03:11FE:D5E8:817B:B8EF:BEEA,false,-3,enwiki,2024-10-27 09:49:37
1833511715,Olivia Newton-John,Geraldo Perez,false,-74,enwiki,2024-10-27 09:50:02
358000610,Liste der Bodendenkmale in Neu Wulmstorf,ClausNe,false,2856,dewiki,2024-10-27 09:48:45
358000618,Sepahan FC,Pudt,false,177,dewiki,2024-10-27 09:49:00
1833511509,UAAP Season 87,Salmonpepperrice,false,8,enwiki,2024-10-27 09:49:01
1833511612,List of active Indian Navy ships,Hooligan0770,false,0,enwiki,2024-10-27 09:49:35
1833511713,SpaceX,117.215.34.177,false,18,enwiki,2024-10-27 09:50:05
