1833701716,Talk:2024 Israeli invasion of Lebanon,2A02:AA1:1646:1CEC:DD6F:1F79:F45B:48F,false,337,enwiki,2024-10-27 21:44:45
1833701719,The Cornell Daily Sun,Hstoops,false,-84,enwiki,2024-10-27 21:44:50
1833701615,Lollipop (Lil Wayne song),207.161.9.6,false,12,enwiki,2024-10-27 21:44:32
1833701707,2024 Atlanta Falcons season,Wareagle529,false,36,enwiki,2024-10-27 21:44:46
1833701714,Tiësto discography,Goldlinexy,false,30,enwiki,2024-10-27 21:44:43
1833701810,User:DreamRimmer bot/Redirects.json,DreamRimmer bot,true,2381,enwiki,2024-10-27 21:45:11
1833701901,Jon Daly (footballer),Saintandy7,false,0,enwiki,2024-10-27 21:45:16
1833702003,Leptanilla javana,2003 LN6,false,1,enwiki,2024-10-27 21:45:44
1833702005,User talk:81.213.81.72,Win8x,false,2152,enwiki,2024-10-27 21:45:45
1833701800,Template talk:Anabasis media,Tom.Reding,false,22,enwiki,2024-10-27 21:45:08
1833701812,Effects of Typhoon Ike in China,Katharineamy,false,-3,enwiki,2024-10-27 21:45:09
1833701909,List of equipment of the Lithuanian Armed Forces,MitosTM,false,255,enwiki,2024-10-27 21:45:17
1833702006,SwissGear,Asg3swissgear,false,48,enwiki,2024-10-27 21:45:44
358028500,Wikipedia:Persönliche Bekanntschaften/neue Einträge,H7,false,187,dewiki,2024-10-27 21:45:48
1833701801,2024 Maharashtra Legislative Assembly election,2409:4080:8DC6:E034:0:0:178B:7111,false,-12,enwiki,2024-10-27 21:44:54
1833701819,Glen Garioch distillery,Swinub,false,-1,enwiki,2024-10-27 21:45:11
1833701916,Draft:Gaetano Minale,Theroadislong,false,41,enwiki,2024-10-27 21:45:23
1833702008,Ann Casey,Lepricavark,false,36,enwiki,2024-10-27 21:45:44
1833701803,Aadhavan (anchor),DareshMohan,false,-34,enwiki,2024-10-27 21:45:08
1833701917,Marshallese nationality law,Monkbot,true,5,enwiki,2024-10-27 21:45:23
1833701804,Talk:Gun show loophole,Voorts,false,316,enwiki,2024-10-27 21:45:03
1833701918,Big Block SingSong,84.67.147.23,false,1,enwiki,2024-10-27 21:45:24
1833702014,A1 motorway (Serbia),40bus,false,0,enwiki,2024-10-27 21:45:42
1833701919,Kishu mikan,HLHJ,false,118,enwiki,2024-10-27 21:45:25
1833702015,Banī Assela,Monkbot,true,1,enwiki,2024-10-27 21:45:44
358028501,Benutzer:Zyirkon,Zyirkon,false,75,dewiki,2024-10-27 21:45:49
1833702019,Kyo Kusanagi,Tintor2,false,-88,enwiki,2024-10-27 21:45:43
1833701805,Vanadium(II) sulfate,Smokefoot,false,-48,enwiki,2024-10-27 21:45:08
1833702001,Template talk:Caesars Entertainment,Tom.Reding,false,22,enwiki,2024-10-27 21:45:43
1833701806,Tokyo Roller Girls,Monkbot,true,1,enwiki,2024-10-27 21:45:08
1833701902,User talk:Insanityclown1,ClueBot III,true,-382,enwiki,2024-10-27 21:45:23
1833702002,Kilbeggan Distillery,Swinub,false,-1,enwiki,2024-10-27 21:45:43
358028502,Liste historischer Schiffe der Royal Navy,Ambross07,false,0,dewiki,2024-10-27 21:45:57
358028505,Benutzer:Aka/Fehlerlisten/Leerzeichen nach Bindestrich/001,Koyaanisqatsi01,false,-149,dewiki,2024-10-27 21:46:03
358028513,Skate Canada,Better luck next time,false,155,dewiki,2024-10-27 21:46:18
1833702215,González Martí National Museum of Ceramics and Decorative Arts,Monkbot,true,1,enwiki,2024-10-27 21:46:23
1833702110,Stephen Bradley (footballer),Saintandy7,false,0,enwiki,2024-10-27 21:46:01
1833702216,Idhayathai Thirudathe,DareshMohan,false,22,enwiki,2024-10-27 21:46:24
358028517,Wikipedia:Vermisste Wikipedianer,Altaripensis2,false,520,dewiki,2024-10-27 21:46:09
1833702111,Portal:Singapore/Selected biography/16,Monkbot,true,1,enwiki,2024-10-27 21:46:02
358028518,Hermann Zoestius,Stephan Tournay,false,17,dewiki,2024-10-27 21:46:28
1833702100,Masillastega,Geekgecko,false,101,enwiki,2024-10-27 21:45:57
1833702113,"List of acts of the Parliament of Scotland, 1424–1496",Mauls,false,70,enwiki,2024-10-27 21:46:00
1833702201,Aleś Dudar,Monkbot,true,2,enwiki,2024-10-27 21:46:20
358028503,Diskussion:René Deltgen,Jossi2,false,-1,dewiki,2024-10-27 21:46:00
1833702114,Anthony Hamilton (fighter),Lepricavark,false,36,enwiki,2024-10-27 21:46:01
358028507,Hans Dammann,Mars Wawrzyn,false,12,dewiki,2024-10-27 21:46:07
358028512,Rede Wladimir Putins auf der 43. Münchner Sicherheitskonferenz 2007,Gabel1960,false,19,dewiki,2024-10-27 21:46:17
1833702206,Leptanilla javana,2003 LN6,false,-6,enwiki,2024-10-27 21:46:22
1833702101,Ben Nevis,Arjayay,false,1,enwiki,2024-10-27 21:45:56
358028506,Telemax,AxelHH,false,-958,dewiki,2024-10-27 21:46:03
358028508,Liste der Kulturdenkmäler in Bernhards (Fulda),Tilman2007,false,38,dewiki,2024-10-27 21:46:06
1833702208,Category talk:Chibi-Robo! media files,Tom.Reding,false,22,enwiki,2024-10-27 21:46:22
1833702105,Foot binding,TanyaK94,false,0,enwiki,2024-10-27 21:45:54
1833702116,Destilerías y Crianza del Whisky S.A.,Swinub,false,-1,enwiki,2024-10-27 21:46:04
358028509,Finch (Rapper),2A02:8071:5502:E920:99F9:F243:14FB:9060,false,65,dewiki,2024-10-27 21:46:05
1833702211,Hebrew language,Arctic Circle System,false,50,enwiki,2024-10-27 21:46:17
358028504,Challenge League 2024/25,Peteremueller,false,5,dewiki,2024-10-27 21:45:59
1833702117,Camaron rebosado,Image2012,false,7,enwiki,2024-10-27 21:46:03
1833702212,Teacher's Highland Cream,Swinub,false,-1,enwiki,2024-10-27 21:46:24
1833702107,Alejandra Xanic von Bertrab,Monkbot,true,1,enwiki,2024-10-27 21:45:59
1833702118,Category talk:Cameroonian musical groups,Tom.Reding,false,52,enwiki,2024-10-27 21:46:04
1833702213,Antonino Rocca,Lepricavark,false,36,enwiki,2024-10-27 21:46:22
1833702108,Template:Insects in culture,Reify-tech,false,37,enwiki,2024-10-27 21:46:01
358028510,Musikjahr 1995,Bernd Winnig,false,77,dewiki,2024-10-27 21:46:10
1833702214,Shamil Kudiyamagomedov,Reaper1945,false,487,enwiki,2024-10-27 21:46:22
358028515,Mausoleum Matzdorf,M2k~dewiki,false,186,dewiki,2024-10-27 21:46:28
1833702315,User:AlexNewArtBot/CaribbeanSearchResult,InceptionBot,true,3002,enwiki,2024-10-27 21:46:37
1833702403,User:InceptionBot/NewPageSearch/Catholicism/log,InceptionBot,true,187,enwiki,2024-10-27 21:46:58
1833702504,Category talk:College sports media in the United States,Tom.Reding,false,22,enwiki,2024-10-27 21:47:14
1833702314,Archie Gouldie,Lepricavark,false,36,enwiki,2024-10-27 21:46:42
1833702408,KOAI,Swinub,false,-1,enwiki,2024-10-27 21:46:58
1833702505,Battle of al-Uqhuwana,Monkbot,true,1,enwiki,2024-10-27 21:47:14
1833702415,Malaysian Open (tennis),Tennishistory1877,false,0,enwiki,2024-10-27 21:46:54
1833702305,User:Jlwoodwa/common.js,Jlwoodwa,false,110,enwiki,2024-10-27 21:46:41
1833702416,Róża Wielka,Monkbot,true,1,enwiki,2024-10-27 21:46:57
1833702509,User:Novem Linguae/Scripts/GANReviewTool/GANReviewLog,Chiswick Chap,false,216,enwiki,2024-10-27 21:47:06
1833702306,Purús Province,Monkbot,true,1,enwiki,2024-10-27 21:46:40
1833702417,User:RainAshvel/sandbox/Quests/ANewStart,RainAshvel,false,2,enwiki,2024-10-27 21:47:00
1833702308,Template talk:Israel–Hamas war infobox/Archive 2,ClueBot III,true,2226,enwiki,2024-10-27 21:46:40
1833702309,Template talk:Israel–Hamas war infobox,ClueBot III,true,-2227,enwiki,2024-10-27 21:46:41
1833702513,Empty Chair Memorial,Monkbot,true,1,enwiki,2024-10-27 21:47:16
1833702311,Foot binding,TanyaK94,false,0,enwiki,2024-10-27 21:46:38
1833702514,Category talk:Comedy musical groups,Tom.Reding,false,52,enwiki,2024-10-27 21:47:18
1833702312,Category talk:Chinese musical groups by genre,Tom.Reding,false,52,enwiki,2024-10-27 21:46:43
1833702500,2024–25 ZED FC season,EpicAdventurer,false,213,enwiki,2024-10-27 21:47:13
1833702515,Tyrconnell (whiskey),Swinub,false,-1,enwiki,2024-10-27 21:47:18
1833702313,2024–25 Basketbol Süper Ligi,Erincoktem,false,14,enwiki,2024-10-27 21:46:42
1833702400,Bidam,00101984hjw,false,277,enwiki,2024-10-27 21:46:57
1833702503,Wilmington and Western 98,213.159.77.222,false,-17,enwiki,2024-10-27 21:47:13
1833702517,Marriage Story,Hobbes090414,false,37,enwiki,2024-10-27 21:47:17
1833702617,Aron Stevens,Lepricavark,false,34,enwiki,2024-10-27 21:47:29
1833702716,User talk:Advance512,AnomieBOT,true,2627,enwiki,2024-10-27 21:47:56
1833702618,Leptanilla javana,2003 LN6,false,-258,enwiki,2024-10-27 21:47:37
1833702700,Category talk:Contemporary R&B musical groups,Tom.Reding,false,52,enwiki,2024-10-27 21:47:53
1833702718,User:Soumyapatra13/user.js,Soumyapatra13,false,3,enwiki,2024-10-27 21:47:57
1833702619,"Sünköy, Elâzığ",Semsûrî,false,-140,enwiki,2024-10-27 21:47:37
1833702701,User:SelavkaS2062,Johnj1995,false,-24,enwiki,2024-10-27 21:47:53
1833702719,File:Dharmaveer 2 poster.jpg,Sush150,false,-50,enwiki,2024-10-27 21:47:56
1833702603,Kōmyō-ji,Monkbot,true,1,enwiki,2024-10-27 21:47:34
1833702702,"Zagórki, West Pomeranian Voivodeship",Monkbot,true,1,enwiki,2024-10-27 21:47:52
1833702605,Atanda,Roastedbeanz1,false,-47,enwiki,2024-10-27 21:47:35
1833702706,Trailer trash,2A00:23C8:6FD3:6C01:75BE:8126:7548:D646,false,43,enwiki,2024-10-27 21:47:51
1833702610,Modern Hebrew,Arctic Circle System,false,40,enwiki,2024-10-27 21:47:32
1833702713,2024–25 PlusLiga,Maister1921,false,0,enwiki,2024-10-27 21:47:50
1833702611,Category talk:Conservative media in Australia,Tom.Reding,false,22,enwiki,2024-10-27 21:47:35
1833702612,Wikipedia talk:Administrator recall,Levivich,false,397,enwiki,2024-10-27 21:47:35
1833702714,Draft:Yvonne Boag,Wbm1058,false,-5,enwiki,2024-10-27 21:47:56
1833702616,Oxalis pes-caprae,PrinceTortoise,false,36,enwiki,2024-10-27 21:47:36
1833702715,Working Girl (soundtrack),Elephant445956,false,19,enwiki,2024-10-27 21:47:54
1833702809,2024 Sudamérica Rugby Women's Sevens,Sports7s,false,4,enwiki,2024-10-27 21:48:09
1833702901,Wikipedia talk:Administrator elections,Aaron Liu,false,652,enwiki,2024-10-27 21:48:24
1833702812,User:RainAshvel/sandbox/Quests/PriceOfPower,RainAshvel,false,2,enwiki,2024-10-27 21:48:12
1833702906,Category talk:Cube Entertainment,Tom.Reding,false,9,enwiki,2024-10-27 21:48:28
358028619,Günther Lütjens,Ambross07,false,10,dewiki,2024-10-27 21:48:30
1833703004,Battle of Ibiza (1780),Gvssy,false,-22,enwiki,2024-10-27 21:48:45
1833702912,Jonathan Afolabi,RossBFD,false,0,enwiki,2024-10-27 21:48:27
358028614,Verka Serduchka,CamelBot,true,-21,dewiki,2024-10-27 21:48:19
358028616,Nekrolog 1995,Bernd Winnig,false,106,dewiki,2024-10-27 21:48:13
1833702917,Cortisol,Mrvbeef,false,82,enwiki,2024-10-27 21:48:26
1833702803,Taniec z Gwiazdami season 28,91.230.122.199,false,6,enwiki,2024-10-27 21:48:08
358028600,Großwürdenträger,2003:E8:EF34:BFC2:411F:56E7:FDBB:726,false,0,dewiki,2024-10-27 21:48:13
358028601,ATP Basel,Pakeha,false,52,dewiki,2024-10-27 21:48:14
1833702918,Draft:Michael Phillips,Thriley,false,80,enwiki,2024-10-27 21:48:31
1833702804,Vicente Rojo Lluch,Lightiggy,false,70,enwiki,2024-10-27 21:48:08
358028615,The Walled Off Hotel,2A02:8071:184:4E80:0:0:0:D63B,false,-2,dewiki,2024-10-27 21:48:23
358028617,Sadin Crnovrsanin,Peteremueller,false,0,dewiki,2024-10-27 21:48:31
1833702806,Category talk:Corus Entertainment subsidiaries,Tom.Reding,false,22,enwiki,2024-10-27 21:48:11
358028602,Mechupda,Silentwriter1,false,98,dewiki,2024-10-27 21:48:18
1833702919,Draft:Larrikins (film),2804:14C:658C:4580:6134:8DF1:AF8E:25A,false,50,enwiki,2024-10-27 21:48:28
1833702807,Richard Denman,Atchom,false,19,enwiki,2024-10-27 21:48:10
358028603,Bogislav Friedrich Wilhelm von Schwerin,M2k~dewiki,false,0,dewiki,2024-10-27 21:48:19
1833702808,Party all Night,Sahaib,false,58,enwiki,2024-10-27 21:48:12
1833702900,List of WWE pay-per-view and livestreaming supercards,Samifan56,false,0,enwiki,2024-10-27 21:48:22
358028618,European Train Control System,Haraldmmueller,false,-4,dewiki,2024-10-27 21:48:18
1833703006,Category talk:Czech blues musical groups,Tom.Reding,false,128,enwiki,2024-10-27 21:48:46
1833703007,Hachijuni Bank,Monkbot,true,1,enwiki,2024-10-27 21:48:45
1833703203,National University of Río Cuarto,Monkbot,true,1,enwiki,2024-10-27 21:49:20
1833703008,Ningbo Suburban Railway,Swinub,false,-1,enwiki,2024-10-27 21:48:45
1833703204,2020s,81.213.81.72,false,-19,enwiki,2024-10-27 21:49:08
1833703010,2017 Stanley Cup Finals,Conyo14,false,31,enwiki,2024-10-27 21:48:42
1833703103,Talk:Ramon Berloso,Cameron Dewe,false,117,enwiki,2024-10-27 21:49:03
1833703212,Manuel Fontanals,Lord Cornwallis,false,79,enwiki,2024-10-27 21:49:22
1833703012,Gerald Durrell,Mike Christie,false,-55,enwiki,2024-10-27 21:48:45
1833703104,Category talk:Czech musical groups by genre,Tom.Reding,false,52,enwiki,2024-10-27 21:49:03
1833703213,Bliss (Tech N9ne album),Ss112,false,-339,enwiki,2024-10-27 21:49:22
1833703014,User:InceptionBot/NewPageSearch/Chemistry/log,InceptionBot,true,-3325,enwiki,2024-10-27 21:48:47
1833703112,Rathika Sitsabaiesan,Monkbot,true,1,enwiki,2024-10-27 21:49:03
1833703013,2023 Ole Miss Rebels football team,Youcantstoptheswift,false,60,enwiki,2024-10-27 21:48:44
1833703215,Óscar Arias,2803:D100:F280:18C4:51CF:19E1:CC7A:8D34,false,74,enwiki,2024-10-27 21:49:19
1833703217,Clare Oumou Verbeten,KHR FolkMyth,false,0,enwiki,2024-10-27 21:49:24
1833703310,Ilya Lantratov,Geregen2,false,0,enwiki,2024-10-27 21:49:42
1833703401,Category talk:Democratic Republic of the Congo musical groups,Tom.Reding,false,52,enwiki,2024-10-27 21:50:00
1833703417,User:MeSawk/sandbox,MeSawk,false,1160,enwiki,2024-10-27 21:50:03
358028703,"Fame (Schiff, 1935)",Ambross07,false,0,dewiki,2024-10-27 21:50:20
1833703311,User:Bobamnertiopsis/Fireside,Bobamnertiopsis,false,408,enwiki,2024-10-27 21:49:43
1833703418,Talk:Servo (software),2A02:3035:66D:9DAC:E5FE:3F6A:EBED:1808,false,1224,enwiki,2024-10-27 21:50:03
1833703507,Barry Horowitz,Lepricavark,false,34,enwiki,2024-10-27 21:50:18
1833703312,Negros Force,Exobiotic,false,-105,enwiki,2024-10-27 21:49:41
1833703410,Wikipedia:Requests for page protection/Increase,Semsûrî,false,305,enwiki,2024-10-27 21:50:01
1833703419,Wikipedia:Changing username/Simple,Cyberbot I,true,368,enwiki,2024-10-27 21:50:03
1833703506,Spanish Agency of Medicines and Medical Devices,Monkbot,true,1,enwiki,2024-10-27 21:50:19
1833703313,List of Nobel Memorial Prize laureates in Economic Sciences,Wabbuh,false,65,enwiki,2024-10-27 21:49:39
1833703412,User:AmandaNP/UAA/Time,DeltaQuadBot,true,0,enwiki,2024-10-27 21:50:03
1833703300,Fuad Shukr,AllTheUsernamesAreInUse,false,8,enwiki,2024-10-27 21:49:40
1833703314,Janjgir-Champa Assembly constituency,Davidindia,false,-253,enwiki,2024-10-27 21:49:43
1833703501,"Troup County, Georgia",2600:1015:B039:102A:C188:1460:AE5E:B21,false,76,enwiki,2024-10-27 21:50:13
1833703302,Hurricane Beryl tornado outbreak,2600:100C:B290:8395:FCED:A386:848D:688E,false,14,enwiki,2024-10-27 21:49:36
1833703317,Perak Island,Hongqilim,false,595,enwiki,2024-10-27 21:49:44
1833703413,Furthur (band),Farnorcal,false,78,enwiki,2024-10-27 21:49:59
1833703500,Draft:Tasdira,ForsythiaJo,false,76,enwiki,2024-10-27 21:50:18
1833703414,Party for Freedom,Dajasj,false,20,enwiki,2024-10-27 21:50:00
358028700,Portal Diskussion:Tennis,Fressbacke,false,810,dewiki,2024-10-27 21:50:18
1833703303,Malaysian Open (tennis),Tennishistory1877,false,0,enwiki,2024-10-27 21:49:38
1833703319,Leticia Palma,Lord Cornwallis,false,4,enwiki,2024-10-27 21:49:45
1833703504,Jaehyun,Windborne Rider,false,-28,enwiki,2024-10-27 21:50:14
1833703308,Oliver Sacks,Pol098,false,8,enwiki,2024-10-27 21:49:37
1833703415,Category talk:Demons Run Amok Entertainment,Tom.Reding,false,22,enwiki,2024-10-27 21:50:03
1833703503,User talk:ThatRandomGuy1,Liz,false,1170,enwiki,2024-10-27 21:50:19
1833703309,Geological Survey of Austria,Monkbot,true,1,enwiki,2024-10-27 21:49:42
1833703400,Draft:How is polymer modified bitumen produced?,Petronaftco,false,192,enwiki,2024-10-27 21:50:00
1833703416,2024 Galician regional election,Monkbot,true,1,enwiki,2024-10-27 21:49:54
358028701,Ward Pinkett,Silentwriter1,false,56,dewiki,2024-10-27 21:50:19
1833703511,Category talk:Dishonored media files,Tom.Reding,false,22,enwiki,2024-10-27 21:50:21
358028708,Sebastian Fitzek,Squasher,false,0,dewiki,2024-10-27 21:50:30
1833703609,1973–74 Nationalliga A,Huligan0,false,10217,enwiki,2024-10-27 21:50:30
358028714,Liste von Söhnen und Töchtern Berlins,Asperatus,false,102,dewiki,2024-10-27 21:50:36
1833703711,Category:Je Khenpos,Katharineamy,false,-35,enwiki,2024-10-27 21:50:51
1833703512,Jake Maier,Rpj17,false,272,enwiki,2024-10-27 21:50:20
358028705,Academixer,2003:ED:772C:1F00:222:4DFF:FEB8:AC,false,-1,dewiki,2024-10-27 21:50:27
1833703610,Mauro Nespoli,SmartyPants22,false,74,enwiki,2024-10-27 21:50:31
358028715,Tim Schaller,Tomyiy,false,29,dewiki,2024-10-27 21:50:44
1833703712,British Rail Class 90,TimMassey,false,0,enwiki,2024-10-27 21:50:49
1833703513,Jorge Reyes (Mexican actor),Lord Cornwallis,false,50,enwiki,2024-10-27 21:50:22
1833703613,Category talk:Doom metal musical groups,Tom.Reding,false,52,enwiki,2024-10-27 21:50:34
1833703700,Odisha FC,SaUp2014,false,42,enwiki,2024-10-27 21:50:44
1833703714,User:LukeArcher/sandbox,LukeArcher,false,480,enwiki,2024-10-27 21:50:50
1833703515,Kane Tanaka,Cornmazes,false,1,enwiki,2024-10-27 21:50:22
1833703614,Economy of Fiji,87.227.179.25,false,-1,enwiki,2024-10-27 21:50:33
358028717,Abdu Conté,Peteremueller,false,0,dewiki,2024-10-27 21:50:45
1833703701,User talk:Naloggnalog,Liz,false,1143,enwiki,2024-10-27 21:50:49
1833703718,Caio Pagano,Ssiek123,false,0,enwiki,2024-10-27 21:50:51
1833703517,Wikipedia:Articles for creation/recent,Encoded,false,-41,enwiki,2024-10-27 21:50:23
358028712,Omeganebel,Antonsusi,false,-2,dewiki,2024-10-27 21:50:41
358028718,Friedenskirche (Gebäude),2003:D0:9719:E659:58B2:922F:B607:6786,false,45,dewiki,2024-10-27 21:50:46
1833703704,124th Ohio Infantry Regiment,Hhfjbaker,false,10,enwiki,2024-10-27 21:50:47
1833703519,User:Encoded/AfC log,Encoded,false,105,enwiki,2024-10-27 21:50:23
358028716,Schiffergesellschaft (Lübeck),Kapitaen Joerg Straeussler,false,-133,dewiki,2024-10-27 21:50:44
1833703706,2024–25 Basketbol Süper Ligi,Erincoktem,false,0,enwiki,2024-10-27 21:50:47
1833703518,Makonnen Wolde Mikael,Socialwave597,false,-326,enwiki,2024-10-27 21:50:21
1833703605,Directorate of the House of Nobility (Sweden),Saftgurka,false,-6,enwiki,2024-10-27 21:50:33
358028719,"U 74 (U-Boot, 1940)",Ambross07,false,10,dewiki,2024-10-27 21:50:45
1833703705,Sarah Orne Jewett,Thylacine24,false,0,enwiki,2024-10-27 21:50:48
1833703606,Safi Province,Monkbot,true,1,enwiki,2024-10-27 21:50:31
358028710,HMS Intrepid (D10),Ambross07,false,4,dewiki,2024-10-27 21:50:36
358028711,Bernd Freytag von Loringhoven,Sanandros,false,-32,dewiki,2024-10-27 21:50:40
1833703709,Arthur K. Smith,Roastedbeanz1,false,52,enwiki,2024-10-27 21:50:48
1833703719,2008 Lower Austrian state election,Monkbot,true,1,enwiki,2024-10-27 21:50:50
1833703607,User:Bondegezou/sandbox,Bondegezou,false,-4922,enwiki,2024-10-27 21:50:31
1833703708,Assassination,Plasticwonder,false,62,enwiki,2024-10-27 21:50:47
358028706,HMS Active (H14),Ambross07,false,3,dewiki,2024-10-27 21:50:30
1833703608,Mohandevji,WikiWhizKid1999,false,575,enwiki,2024-10-27 21:50:32
1833703710,Consuelo Guerrero de Luna,Lord Cornwallis,false,44,enwiki,2024-10-27 21:50:50
1833703807,Category talk:Dutch-language mass media in the United States,Tom.Reding,false,8,enwiki,2024-10-27 21:51:06
1833703905,Kurigram,Nasif05,false,5281,enwiki,2024-10-27 21:51:23
1833703806,Kevin Brown (running back),2800:484:FB7F:F260:1CFC:A8D9:4C5E:D268,false,-20,enwiki,2024-10-27 21:51:05
1833703910,Cleveland sports curse,Alielmi1207,false,117,enwiki,2024-10-27 21:51:23
1833703911,This Is My Life (Music from the Motion Picture),Elephant445956,false,8,enwiki,2024-10-27 21:51:25
1833703810,2024 Cuba blackouts,AnomieBOT,true,11,enwiki,2024-10-27 21:51:05
1833703801,2024 Meistriliiga,ThatStatMan,false,0,enwiki,2024-10-27 21:51:03
1833703803,HNoMS Narvik (F304),89.10.206.194,false,2,enwiki,2024-10-27 21:51:04
1833703814,"Corrientes, Street of Dreams",Monkbot,true,1,enwiki,2024-10-27 21:51:07
1833703804,Bearcat Wright,Lepricavark,false,36,enwiki,2024-10-27 21:51:04
1833703815,Wikipedia:Village pump (technical)/topic list,Cewbot,true,565,enwiki,2024-10-27 21:51:09
1833703900,Fernando Cortés,Lord Cornwallis,false,5,enwiki,2024-10-27 21:51:22
1833703805,Vickrama Cinkaiariyan,Monkbot,true,1,enwiki,2024-10-27 21:51:04
1833703901,Talk:Great Mosque of Taza,Riad Salih,false,0,enwiki,2024-10-27 21:51:22
1833703816,Negros Force,Exobiotic,false,-18,enwiki,2024-10-27 21:51:07
1833703903,Saudi Arabian Olympic Committee,Monkbot,true,1,enwiki,2024-10-27 21:51:22
1833703817,Marvin Harrison Jr.,Jrooster49,false,-14,enwiki,2024-10-27 21:51:07
1833703904,Category talk:Dynamite Entertainment titles,Tom.Reding,false,-2,enwiki,2024-10-27 21:51:24
1833703912,2024–25 Segunda División,Wikizin,false,6,enwiki,2024-10-27 21:51:23
1833704008,Hamas most wanted playing cards,AllTheUsernamesAreInUse,false,-4,enwiki,2024-10-27 21:51:41
1833704110,2024–25 Scottish Premiership,PM758,false,99,enwiki,2024-10-27 21:52:01
1833703916,Iryna Kulesha,Monkbot,true,1,enwiki,2024-10-27 21:51:25
1833704009,Al Shindagha,Monkbot,true,1,enwiki,2024-10-27 21:51:41
1833704112,Chery Tansuo 06,HJUdall,false,21,enwiki,2024-10-27 21:52:05
1833704113,Talk:List of most-viewed YouTube videos,2604:3D09:1F7F:8B00:39F0:A5AD:D4F9:C8E1,false,318,enwiki,2024-10-27 21:52:03
1833703917,Category talk:ESPN media outlets,Tom.Reding,false,22,enwiki,2024-10-27 21:51:27
1833704010,2024 Euro 4 Championship,Formula Downforce,false,48,enwiki,2024-10-27 21:51:40
1833704114,Category talk:Emirati musical groups,Tom.Reding,false,52,enwiki,2024-10-27 21:52:06
1833703918,"Talk:Sünköy, Elâzığ",46.1.115.254,false,393,enwiki,2024-10-27 21:51:28
1833704100,Justin Burnett,BrandtM113,false,14,enwiki,2024-10-27 21:52:03
1833704116,User:Guywelch2000/sandbox,Guywelch2000,false,365,enwiki,2024-10-27 21:52:06
1833704017,User:ClueBot III/Detailed Indices/User talk:OnlyNano/Archives/2024/October,ClueBot III,true,721,enwiki,2024-10-27 21:51:45
1833704106,Wolverine (character),Wrangler1981,false,140,enwiki,2024-10-27 21:51:54
1833704117,Georges Lemaître,Eb.hoop2,false,-13,enwiki,2024-10-27 21:52:03
1833704018,Wikipedia:In the news/Candidates,Haers6120,false,1,enwiki,2024-10-27 21:51:38
1833704107,"Dobra, Pomeranian Voivodeship",Monkbot,true,1,enwiki,2024-10-27 21:52:02
1833704019,Category talk:Edgeworks Entertainment,Tom.Reding,false,8,enwiki,2024-10-27 21:51:45
1833704118,Samuel von Brukenthal National College,Monkbot,true,7,enwiki,2024-10-27 21:52:05
1833704108,Sign of the Times (album),Sahaib,false,32,enwiki,2024-10-27 21:52:05
1833704201,Inhale / Exhale,QuietHere,false,-28,enwiki,2024-10-27 21:52:21
1833704308,Live Aid,84.43.13.241,false,-6,enwiki,2024-10-27 21:52:32
1833704402,User talk:Thesavagenorwegian,Thesavagenorwegian,false,-154,enwiki,2024-10-27 21:52:51
1833704417,Aehsun Talish,2400:ADC1:1DB:A400:C95D:7E88:D43E:F1B7,false,13,enwiki,2024-10-27 21:52:53
358028805,Molino Verlag,Bif Jefferson,false,18,dewiki,2024-10-27 21:53:05
1833704513,October 2024 Israeli strikes on Iran,WeatherWriter,false,81,enwiki,2024-10-27 21:53:05
1833704404,Category talk:Estonian entertainment-related lists,Tom.Reding,false,22,enwiki,2024-10-27 21:52:51
1833704418,Manuel Esperón,Lord Cornwallis,false,44,enwiki,2024-10-27 21:52:55
1833704514,Category talk:Experimental musical groups by nationality,Tom.Reding,false,118,enwiki,2024-10-27 21:53:09
358028814,Spotswood (New Jersey),Silentwriter1,false,76,dewiki,2024-10-27 21:53:16
1833704202,Ben Reiter,Lepricavark,false,36,enwiki,2024-10-27 21:52:20
1833704318,2024 Colorado Buffaloes football team,Colohisto,false,1591,enwiki,2024-10-27 21:52:35
1833704405,Valdegovía/Gaubea,Monkbot,true,2,enwiki,2024-10-27 21:52:50
1833704419,Talk:Andrew Cuomo,2600:4808:8C91:8B00:15BD:A01D:E:E90,false,291,enwiki,2024-10-27 21:52:49
358028803,Elektrowerke,Adl252,false,316,dewiki,2024-10-27 21:53:03
1833704515,1586 Lima–Callao earthquake,Monkbot,true,1,enwiki,2024-10-27 21:53:08
1833704204,Lipová (Cheb District),Monkbot,true,1,enwiki,2024-10-27 21:52:18
1833704319,Janakantha,Vinegarymass911,false,2896,enwiki,2024-10-27 21:52:38
1833704406,User talk:TreaderUltra,TreaderUltra,false,152,enwiki,2024-10-27 21:52:52
1833704516,Kerin O'Keefe,Vino Vero,false,-31,enwiki,2024-10-27 21:53:10
358028809,"Talbach (Eyach, Grosselfingen)",Olga Ernst,false,64,dewiki,2024-10-27 21:53:13
1833704213,"Solar eclipse of October 12, 1958",Beluga732,false,-5,enwiki,2024-10-27 21:52:19
1833704408,"Talk:Licking County, Ohio",Lilahali,false,-41,enwiki,2024-10-27 21:52:51
1833704518,Teddy Wynyard,AssociateAffiliate,false,15,enwiki,2024-10-27 21:53:08
1833704407,Shine (Daniel Lanois album),GradientWrinkle7452,false,197,enwiki,2024-10-27 21:52:51
358028802,Liste der IPA-Zeichen,AktiverKorrektor,false,7,dewiki,2024-10-27 21:52:50
1833704519,Draft:Autoban,Ela1289,false,1913,enwiki,2024-10-27 21:53:10
358028810,Benutzer:Hartmann Linge,Hartmann Linge,false,-1,dewiki,2024-10-27 21:53:13
1833704412,Harris Eyre,SanJuanHouston,false,525,enwiki,2024-10-27 21:52:50
358028808,Schiffergesellschaft (Lübeck),Kapitaen Joerg Straeussler,false,9,dewiki,2024-10-27 21:53:10
358028812,Kühbach,2A02:8109:9DAA:A500:F5EC:B191:9B84:2448,false,0,dewiki,2024-10-27 21:53:15
1833704304,Death clock calculator,Aadirulez8,false,-3,enwiki,2024-10-27 21:52:36
1833704413,Wikipedia:Wiki Ed/Denison University/W101 - First Year Writing Workshop - S23 (Fall 2024),Lilahali,false,-24,enwiki,2024-10-27 21:52:53
358028804,Lastenfahrrad,Velotopist,false,20738,dewiki,2024-10-27 21:53:02
1833704504,Draft:Tissue asphyxiants,CosmLearner,false,54,enwiki,2024-10-27 21:53:05
1833704307,Biblical Hebrew,Arctic Circle System,false,40,enwiki,2024-10-27 21:52:30
1833704401,Czechoslovakian International Championships,Tennishistory1877,false,0,enwiki,2024-10-27 21:52:48
1833704414,Draft:Jiho (singer),Bloomingbyungchan,false,3,enwiki,2024-10-27 21:52:53
1833704506,Aleppo College,Monkbot,true,1,enwiki,2024-10-27 21:53:05
1833704200,Talk:Apollonius of Perga,RowanElder,false,370,enwiki,2024-10-27 21:52:19
1833704311,Category talk:Equatoguinean musical groups,Tom.Reding,false,52,enwiki,2024-10-27 21:52:37
1833704416,Sasha and Sirozha,Monkbot,true,2,enwiki,2024-10-27 21:52:53
1833704509,Islamic State – Somalia Province,178.81.55.110,false,7,enwiki,2024-10-27 21:53:04
358028819,Skate Canada,Better luck next time,false,0,dewiki,2024-10-27 21:53:21
1833704713,Leptanillini,2003 LN6,false,-168,enwiki,2024-10-27 21:53:41
1833704812,Eurovision Song Contest 1977,Bray0829,false,67,enwiki,2024-10-27 21:53:51
1833704714,Mauricio de la Serna,Lord Cornwallis,false,44,enwiki,2024-10-27 21:53:41
1833704813,Category talk:Filipino contemporary R&B musical groups,Tom.Reding,false,87,enwiki,2024-10-27 21:53:58
1833704715,Just Dance 2025 Edition,CAMERAwMUSTACHE,false,-3,enwiki,2024-10-27 21:53:41
1833704814,2024 Army Black Knights football team,MKP2020,false,14,enwiki,2024-10-27 21:53:56
1833704719,User:KGRAMR/IS3,KGRAMR,false,141,enwiki,2024-10-27 21:53:41
1833704815,Max Melton,Jrooster49,false,-73,enwiki,2024-10-27 21:53:58
1833704800,List of Tri Kappa chapters,Rublamb,false,326,enwiki,2024-10-27 21:53:54
1833704816,Ministry of Energy and Petroleum,DPL bot,true,-37,enwiki,2024-10-27 21:53:59
358028816,NGC 249,Antonsusi,false,-2,dewiki,2024-10-27 21:53:21
1833704600,Category talk:East German male racewalkers,Crowsus,false,83,enwiki,2024-10-27 21:53:23
1833704817,Hang Tight Honey,Yeehaw45,false,-16,enwiki,2024-10-27 21:53:59
358028815,43. Münchner Sicherheitskonferenz,Gabel1960,false,-6,dewiki,2024-10-27 21:53:21
1833704601,Category talk:Fantastic Four in other media,Tom.Reding,false,22,enwiki,2024-10-27 21:53:23
1833704807,At Your Service (TV series),Colmulhall77,false,65,enwiki,2024-10-27 21:53:56
1833704602,List of state leaders in the 20th century (1951–2000),Tahc,false,390,enwiki,2024-10-27 21:53:18
1833704707,Ihar Maltsaw,Monkbot,true,2,enwiki,2024-10-27 21:53:38
1833704809,Oliver Sacks,Pol098,false,-8,enwiki,2024-10-27 21:53:51
1833704614,New Generation Party (Costa Rica),Monkbot,true,1,enwiki,2024-10-27 21:53:23
1833704710,Category talk:Fictional mass media owners,Tom.Reding,false,22,enwiki,2024-10-27 21:53:40
1833704810,Category talk:East German male sprinters,Crowsus,false,8,enwiki,2024-10-27 21:53:57
358028818,Rafiq Hilmi,Mhandschug,false,-49,dewiki,2024-10-27 21:53:22
1833704618,User:UU Archivist/sandbox,UU Archivist,false,3913,enwiki,2024-10-27 21:53:25
1833704811,The Golden Plague (1954 film),Monkbot,true,1,enwiki,2024-10-27 21:53:56
1833704912,Tennis at the 2019 Pan American Games – Mixed doubles,Daniel2023Sports,false,0,enwiki,2024-10-27 21:54:13
1833705113,Category talk:Finnish heavy metal musical groups,Tom.Reding,false,52,enwiki,2024-10-27 21:54:51
1833704917,User:InceptionBot/NewPageSearch/Cinema/log,InceptionBot,true,-219,enwiki,2024-10-27 21:54:12
1833705000,Rick Rubin,FMSky,false,-73,enwiki,2024-10-27 21:54:31
1833705118,Saxe-Römhild,Monkbot,true,1,enwiki,2024-10-27 21:54:50
1833704918,"Solar eclipse of December 5, 2048",Beluga732,false,-5,enwiki,2024-10-27 21:54:11
1833705001,User:MeSawk/sandbox,MeSawk,false,-120,enwiki,2024-10-27 21:54:33
1833704901,Template:Salt Lake City Stars current roster,Intruder007,false,139,enwiki,2024-10-27 21:54:11
1833704919,User talk:Boardwalk.Koi,DPL bot,true,378,enwiki,2024-10-27 21:54:14
1833705002,Category talk:Finnish blues rock musical groups,Tom.Reding,false,101,enwiki,2024-10-27 21:54:33
1833704905,President of Portugal,Ngfsmg,false,1,enwiki,2024-10-27 21:54:10
1833705003,The New Land (1924 film),Monkbot,true,1,enwiki,2024-10-27 21:54:32
1833705100,User talk:Donchocolate,DPL bot,true,449,enwiki,2024-10-27 21:54:49
1833704907,Churni River,Ira Leviton,false,-29,enwiki,2024-10-27 21:54:11
1833705004,User:CrimsonCube/sandbox,CrimsonCube,false,0,enwiki,2024-10-27 21:54:24
1833704908,User talk:MSheehy7,Geode,false,262,enwiki,2024-10-27 21:54:12
1833705005,User talk:Crampcomes,DPL bot,true,367,enwiki,2024-10-27 21:54:34
1833705101,Assassination,Plasticwonder,false,78,enwiki,2024-10-27 21:54:46
1833705006,Wikipedia:Requested articles/Business and economics,2804:14C:5BB1:9473:E6C:B919:77:B09A,false,-2,enwiki,2024-10-27 21:54:29
1833705108,Srabanti Chatterjee,OXYLYPSE,false,-557,enwiki,2024-10-27 21:54:48
1833704909,Category talk:Film music by media franchise,Tom.Reding,false,23,enwiki,2024-10-27 21:54:12
1833705111,2024 Maharashtra Legislative Assembly election,2409:4080:8DC6:E034:0:0:178B:7111,false,200,enwiki,2024-10-27 21:54:36
1833704910,Talk:Kaori Kawamura,Monkbot,true,2,enwiki,2024-10-27 21:54:11
1833705112,Teddy Wynyard,AssociateAffiliate,false,0,enwiki,2024-10-27 21:54:49
1833705214,Dorothy Follis,Jessamyn,false,-3,enwiki,2024-10-27 21:55:07
1833705309,Saskatchewan New Democratic Party,ZlatanSweden10,false,-217,enwiki,2024-10-27 21:55:22
1833705215,M'Bour,Monkbot,true,1,enwiki,2024-10-27 21:55:06
1833705403,2024 Japanese general election,2A02:6B67:E700:800:B999:E82E:DD3E:9112,false,499,enwiki,2024-10-27 21:55:37
1833705205,Sanju Yadav,Lancepark,false,0,enwiki,2024-10-27 21:55:04
1833705216,Bright Food,Amigao,false,-270,enwiki,2024-10-27 21:55:07
1833705404,User talk:Kaizako10,Demt1298,false,611,enwiki,2024-10-27 21:55:39
1833705203,List of twins,2600:1700:BD20:77B0:30D0:531F:D191:18C4,false,-30,enwiki,2024-10-27 21:55:03
1833705218,User talk:FlorenceShankland,DPL bot,true,786,enwiki,2024-10-27 21:55:09
1833705405,Parbatipur Upazila,Cerium4B,false,-85,enwiki,2024-10-27 21:55:40
1833705208,RAF Harpur Hill,BD2412,false,-1,enwiki,2024-10-27 21:55:05
1833705217,Talk:Larnoch Road murders,Kiwimanic,false,-120,enwiki,2024-10-27 21:55:07
1833705302,A Tale of Two Cities (musical),RJFJR,false,-1702,enwiki,2024-10-27 21:55:24
1833705409,2024 Tennessee Titans season,Bluejay14,false,-42,enwiki,2024-10-27 21:55:38
1833705501,Runcorn and Helsby (UK Parliament constituency),Lord of the Isles,false,344,enwiki,2024-10-27 21:55:56
1833705209,2024–25 Basketbol Süper Ligi,Erincoktem,false,-22,enwiki,2024-10-27 21:55:04
1833705303,User talk:178.139.226.111,CAMERAwMUSTACHE,false,1076,enwiki,2024-10-27 21:55:26
1833705408,Glad All Over (Carl Perkins song),GoingBatty,false,3,enwiki,2024-10-27 21:55:42
1833705306,Rüfüs Du Sol,QuietHere,false,78,enwiki,2024-10-27 21:55:23
1833705412,Assassination,Plasticwonder,false,-1,enwiki,2024-10-27 21:55:40
358028900,NGC 1763,Antonsusi,false,-2,dewiki,2024-10-27 21:55:57
1833705502,User talk:Lnpham9,DPL bot,true,755,enwiki,2024-10-27 21:55:59
1833705210,France–United States relations,Mutio842,false,9,enwiki,2024-10-27 21:55:00
1833705307,Ministry of Mining (Chile),Monkbot,true,2,enwiki,2024-10-27 21:55:25
1833705413,Talk:Gerald Durrell,Mike Christie,false,362,enwiki,2024-10-27 21:55:42
1833705211,User:Olga Ernst/Photographs Germany 2024,Olga Ernst,false,137,enwiki,2024-10-27 21:55:06
1833705308,Category talk:Franco-Ontarian musical groups,Tom.Reding,false,52,enwiki,2024-10-27 21:55:26
1833705414,User talk:DANMACES,Ad Orientem,false,1157,enwiki,2024-10-27 21:55:43
1833705212,Category talk:Five Nights at Freddy's media files,Tom.Reding,false,22,enwiki,2024-10-27 21:55:06
1833705415,Category talk:French dub musical groups,Tom.Reding,false,52,enwiki,2024-10-27 21:55:43
1833705503,Directorate of the House of Nobility (Sweden),Saftgurka,false,431,enwiki,2024-10-27 21:55:59
358028903,Matthias Brandt,RoBri,false,-2,dewiki,2024-10-27 21:56:09
1833705608,User talk:Mewhen123,DPL bot,true,336,enwiki,2024-10-27 21:56:14
358028905,Der Dorfschullehrer,Sigma^2,false,-5,dewiki,2024-10-27 21:56:21
358028907,Walter Roos (General),Asperatus,false,567,dewiki,2024-10-27 21:56:24
1833705705,Draft:Daudkandi,CosmLearner,false,-70,enwiki,2024-10-27 21:56:31
358028916,Petra Maier,Mhandschug,false,-25,dewiki,2024-10-27 21:56:41
1833705505,Republic of Molossia,173.59.123.217,false,42,enwiki,2024-10-27 21:55:58
1833705606,User:Kansas Bear/Abbey of Hasnon,Kansas Bear,false,0,enwiki,2024-10-27 21:56:15
358028910,COSAFA U-20-Meisterschaft,Toni Müller,false,0,dewiki,2024-10-27 21:56:31
358028914,NFL 2024,GregorBungensheim,false,4,dewiki,2024-10-27 21:56:37
1833705506,Last Stand in the Philippines,Monkbot,true,1,enwiki,2024-10-27 21:55:58
1833705607,Camaron rebosado,Image2012,false,0,enwiki,2024-10-27 21:56:14
1833705715,2011 Canarian regional election,Monkbot,true,1,enwiki,2024-10-27 21:56:29
1833705510,Mighty Morphin Power Rangers: The Movie (video game),68.193.160.90,false,26,enwiki,2024-10-27 21:56:00
1833705609,Category talk:Friday the 13th (franchise) mass media,Tom.Reding,false,22,enwiki,2024-10-27 21:56:15
1833705800,Nadezhda Misyakova,Monkbot,true,2,enwiki,2024-10-27 21:56:44
1833705511,Esperanza Spalding,Mach61,false,-35,enwiki,2024-10-27 21:55:58
1833705610,Japanese Buddhist pantheon,Monkbot,true,9,enwiki,2024-10-27 21:56:13
358028913,SDP (Band)/Diskografie,Felkel1982,false,-2,dewiki,2024-10-27 21:56:34
1833705513,Call of Duty: Black Ops 6,Meganisrad,false,511,enwiki,2024-10-27 21:55:59
1833705613,George Akerlof,Wabbuh,false,-13,enwiki,2024-10-27 21:56:14
358028911,Sinjong,Lou.gruber,false,13,dewiki,2024-10-27 21:56:33
1833705514,Category talk:French musical groups by genre,Tom.Reding,false,52,enwiki,2024-10-27 21:56:01
1833705617,José María Cabral,BlkGeneral2000,false,123,enwiki,2024-10-27 21:56:14
1833705515,User:ClueBot III/Indices/User talk:BottleOfSoup,ClueBot III,true,-98,enwiki,2024-10-27 21:56:02
1833705618,List of equipment of the Austrian Armed Forces,213.225.34.94,false,-30,enwiki,2024-10-27 21:56:05
1833705516,David Català,FootballObsessed1,false,0,enwiki,2024-10-27 21:55:59
1833705600,Bordeaux,Sebor,false,47,enwiki,2024-10-27 21:56:03
1833705619,Dil Ne Jise Apna Kahaa,Gotitbro,false,225,enwiki,2024-10-27 21:56:16
358028902,Kaesŏng,Scholless,false,111,dewiki,2024-10-27 21:56:01
1833705603,Sign “☮” the Times (song),Sahaib,false,54,enwiki,2024-10-27 21:56:14
358028906,Wikipedia:Löschkandidaten/25. Oktober 2024,Kanthe,false,408,dewiki,2024-10-27 21:56:22
1833705702,Mojibake,Trappist the monk,false,1,enwiki,2024-10-27 21:56:28
1833705803,User talk:Redacwiki,DPL bot,true,395,enwiki,2024-10-27 21:56:44
1833705904,.450 Rigby,TTWIDEE,false,-59,enwiki,2024-10-27 21:57:02
1833705919,Learning to rank,StrategyPanda30,false,12,enwiki,2024-10-27 21:57:02
1833706010,User talk:Ya nsuka,DPL bot,true,755,enwiki,2024-10-27 21:57:24
1833705805,Amoeba,Snoteleks,false,5634,enwiki,2024-10-27 21:56:40
358028918,Live in Vienna,Dentalum,false,-23,dewiki,2024-10-27 21:56:49
1833706011,Edomite language,Arctic Circle System,false,62,enwiki,2024-10-27 21:57:24
1833705806,Telecommunications in Cape Verde,RJFJR,false,86,enwiki,2024-10-27 21:56:45
1833706012,Sergei Pinyayev,Geregen2,false,0,enwiki,2024-10-27 21:57:23
1833705810,Sign “☮” the Times (song),Sahaib,false,16,enwiki,2024-10-27 21:56:47
1833705909,Parliament of Coz Coz,Monkbot,true,1,enwiki,2024-10-27 21:57:02
1833706013,Maciej Sulkiewicz,Monkbot,true,3,enwiki,2024-10-27 21:57:23
1833705811,Ada and Aberen,Sohvyan,false,182,enwiki,2024-10-27 21:56:46
1833705910,2024–25 Süper Lig,Skyblueshaun,false,-21,enwiki,2024-10-27 21:57:01
1833706014,Evert Björn,Pinkpollyanna,false,36,enwiki,2024-10-27 21:57:24
1833705812,Robin Reames,Oronsay,false,-133,enwiki,2024-10-27 21:56:47
1833705911,User talk:Soumyapatra13,DPL bot,true,906,enwiki,2024-10-27 21:57:04
1833706015,Seydine N'Diaye,2401:7400:C000:3:0:0:0:103A,false,262,enwiki,2024-10-27 21:57:23
1833705815,Category talk:German-language mass media in Romania,Tom.Reding,false,22,enwiki,2024-10-27 21:56:47
1833705913,Enaku Endey Kidaiyaathu,Katharineamy,false,7,enwiki,2024-10-27 21:57:03
1833706016,2024 California Proposition 36,Victoriarobbi,false,1,enwiki,2024-10-27 21:57:20
1833705819,2024–25 Al Ahly SC season,2001:4645:B0B3:0:29F8:CC03:D6E4:43C6,false,481,enwiki,2024-10-27 21:56:44
1833705914,Category talk:German musical groups by genre,Tom.Reding,false,52,enwiki,2024-10-27 21:57:04
1833706017,Category talk:Global Media & Entertainment,Tom.Reding,false,22,enwiki,2024-10-27 21:57:25
1833705916,Zac Taylor,AbelAndCain,false,0,enwiki,2024-10-27 21:57:01
1833706002,Harris Eyre,SanJuanHouston,false,387,enwiki,2024-10-27 21:57:20
1833706018,HIFK Naiset,Spitzmauskc,false,49,enwiki,2024-10-27 21:57:22
358028919,Maïguizaoua,Funke,false,500,dewiki,2024-10-27 21:56:51
1833705918,Template:Long Island Nets current roster,Koolcatz34,false,1,enwiki,2024-10-27 21:57:05
1833706003,List of Thai people,Panmora,false,343,enwiki,2024-10-27 21:57:21
1833706105,Category talk:GoodTimes Entertainment,Tom.Reding,false,22,enwiki,2024-10-27 21:57:39
1833706208,User:InceptionBot/NewPageSearch/ClassicalAntiquity/log,InceptionBot,true,686,enwiki,2024-10-27 21:58:03
1833706303,Brenda Abdelall,BrendaAbdelall,false,-96,enwiki,2024-10-27 21:58:20
1833706212,User:AlexNewArtBot/ClassicalAntiquitySearchResult,InceptionBot,true,899,enwiki,2024-10-27 21:58:02
1833706304,Republic of Molossia,Win8x,false,-42,enwiki,2024-10-27 21:58:18
1833706106,Chavakachcheri Urban Council,Monkbot,true,1,enwiki,2024-10-27 21:57:39
1833706213,Combretum apiculatum,Plantdrew,false,-8,enwiki,2024-10-27 21:58:02
1833706305,Elizabeth Báthory,AnomieBOT,false,245,enwiki,2024-10-27 21:58:17
1833706111,Quetta District,Farazhusaynakhter,false,20,enwiki,2024-10-27 21:57:38
1833706214,2024 USL Championship season,GrouchoPython,false,81,enwiki,2024-10-27 21:57:54
1833706307,User:Krisgabwoosh/Germán Busch 2,Krisgabwoosh,false,429,enwiki,2024-10-27 21:58:17
1833706110,Jane McDonald,Chansey113,false,39,enwiki,2024-10-27 21:57:40
1833706215,2024–25 Basketbol Süper Ligi,Erincoktem,false,24,enwiki,2024-10-27 21:58:01
1833706308,Category talk:Greenlandic musical groups,Tom.Reding,false,52,enwiki,2024-10-27 21:58:21
1833706112,John Sell Cotman,Amitchell125,false,-1,enwiki,2024-10-27 21:57:39
1833706217,Roman kilns of El Rinconcillo,Monkbot,true,1,enwiki,2024-10-27 21:58:02
1833706113,Draft:Stas Mushatenko,46.53.253.31,false,79,enwiki,2024-10-27 21:57:41
1833706216,The Cornell Daily Sun,Hstoops,false,10,enwiki,2024-10-27 21:58:02
1833706310,Jableh District,Monkbot,true,-2,enwiki,2024-10-27 21:58:20
1833706115,Thomas Rivera Schatz,Knitsey,false,116,enwiki,2024-10-27 21:57:39
1833706203,Yes (EP),Sahaib,false,54,enwiki,2024-10-27 21:58:01
1833706219,Soumya Guguloth,Lancepark,false,1,enwiki,2024-10-27 21:58:02
1833706300,Talk:2022 Davis Cup Finals,Masterhatch,false,16,enwiki,2024-10-27 21:58:19
1833706102,User talk:196.41.10.123,GeographicAccountant,false,606,enwiki,2024-10-27 21:57:39
1833706117,Fredrik Riben,Saftgurka,false,-19,enwiki,2024-10-27 21:57:42
1833706204,Category talk:Greek entertainment-related lists,Tom.Reding,false,22,enwiki,2024-10-27 21:58:01
1833706302,William Lawrence (bishop),Citation bot,true,-25,enwiki,2024-10-27 21:58:19
1833706311,Republican Party (United States),JohnAdams1800,false,0,enwiki,2024-10-27 21:58:06
1833706101,PHM Racing,Formula Downforce,false,53,enwiki,2024-10-27 21:57:37
1833706116,2024 Puerto Rico gubernatorial election,Nika de Hitch,false,408,enwiki,2024-10-27 21:57:38
1833706205,Adergas,Monkbot,true,1,enwiki,2024-10-27 21:57:59
1833706301,New Aomori Prefecture General Sports Park,Monkbot,true,1,enwiki,2024-10-27 21:58:17
1833706319,Paul Wellstone memorial event,Aaronm90,false,-221,enwiki,2024-10-27 21:58:23
1833706601,Klimavichy,Monkbot,true,3,enwiki,2024-10-27 21:59:14
1833706509,Reputation (album),MiaHarris74,false,-72,enwiki,2024-10-27 21:58:54
1833706602,"Lakeview, New Orleans",107.206.17.85,false,-6,enwiki,2024-10-27 21:59:13
1833706511,Japan Railway Journal,Monkbot,true,87,enwiki,2024-10-27 21:58:59
1833706603,"Harris County, Georgia",2600:1015:B039:102A:C188:1460:AE5E:B21,false,0,enwiki,2024-10-27 21:59:11
1833706515,Promptuarium Iconum Insigniorum,BorgQueen,false,11,enwiki,2024-10-27 21:59:00
1833706604,Category talk:Haredi media,Tom.Reding,false,22,enwiki,2024-10-27 21:59:18
1833706516,User:MacronMonitor/LinkAlerts,MacronMonitor,false,290,enwiki,2024-10-27 21:59:01
1833706608,Jose Maria College,103.152.9.178,false,508,enwiki,2024-10-27 21:59:16
1833706401,Guru Mann,Amigao,false,418,enwiki,2024-10-27 21:58:38
1833706518,Taniec z Gwiazdami season 28,91.230.122.199,false,3,enwiki,2024-10-27 21:59:01
1833706612,Muni (film series),2A01:E0A:3BA:AFB0:F88F:785F:84AE:2192,false,17,enwiki,2024-10-27 21:59:16
1833706404,Category talk:Guinean musical groups,Tom.Reding,false,52,enwiki,2024-10-27 21:58:39
1833706617,Ali al-Rikabi,Monkbot,true,1,enwiki,2024-10-27 21:59:17
1833706405,Yes.,Sahaib,false,21,enwiki,2024-10-27 21:58:40
1833706506,Freddy Logan,CybJubal,false,240,enwiki,2024-10-27 21:58:58
1833706408,Timeline of Iranian history,The Nineteenth Century,false,18,enwiki,2024-10-27 21:58:37
1833706507,Category talk:Halloween (franchise) mass media,Tom.Reding,false,22,enwiki,2024-10-27 21:59:00
1833706410,Luis Guillermo Solís,2803:D100:F280:18C4:51CF:19E1:CC7A:8D34,false,150,enwiki,2024-10-27 21:58:36
1833706508,2024 NBA Cup,67.6.141.25,false,0,enwiki,2024-10-27 21:58:58
1833706618,Laconia High School (New Hampshire),174.233.16.23,false,0,enwiki,2024-10-27 21:59:18
1833706700,Leisure Time in an Elegant Setting,Jane & the Angels,false,29,enwiki,2024-10-27 21:59:33
1833706711,User talk:J2009j,J2009j,false,581,enwiki,2024-10-27 21:59:36
358029019,Österreichische Badmintonmeisterschaft 2013,Florentyna,false,58,dewiki,2024-10-27 21:59:54
1833706702,Al Nassr FC,Ieditstuff345,false,10,enwiki,2024-10-27 21:59:27
358029004,Johann Georg Frey,AxelHH,false,-40,dewiki,2024-10-27 21:59:37
358029015,Vincent Sierro,Ureinwohner,false,-17,dewiki,2024-10-27 21:59:49
1833706817,Jovan Živković,Amigao,false,-297,enwiki,2024-10-27 21:59:55
358029001,Friedrich Nietzsche,Khatschaturjan,false,43,dewiki,2024-10-27 21:59:30
1833706706,John Morton Blum,Namelessposter,false,528,enwiki,2024-10-27 21:59:34
1833706719,User:Krisgabwoosh/Germán Busch 2,Krisgabwoosh,false,27,enwiki,2024-10-27 21:59:34
358029014,Liste der Weltmeister im Motorradstraßenrennsport,Pessottino,false,17,dewiki,2024-10-27 21:59:45
1833706805,French Covered Court Championships,Tennishistory1877,false,-56,enwiki,2024-10-27 21:59:51
1833706705,2024 Argentine Primera División,186.29.35.253,false,2,enwiki,2024-10-27 21:59:27
358029005,HMS Tartar (F43),Ambross07,false,-6,dewiki,2024-10-27 21:59:36
358029008,Bruchmühlbach-Miesau,Marabubalu,false,-1,dewiki,2024-10-27 21:59:38
358029012,"Piorun (Schiff, 1940)",Ambross07,false,4,dewiki,2024-10-27 21:59:47
1833706809,Teresa Gallagher,Hhs101406,false,140,enwiki,2024-10-27 21:59:54
1833706704,Mohandevji,WikiWhizKid1999,false,188,enwiki,2024-10-27 21:59:34
1833706718,User:JohnKent/sandbox,JohnKent,false,32,enwiki,2024-10-27 21:59:36
358029009,Geleitzug PQ 15,Ambross07,false,4,dewiki,2024-10-27 21:59:41
358029010,Geleitzug JW 53,Ambross07,false,4,dewiki,2024-10-27 21:59:43
358029016,"Implacable (Schiff, 1944)",Ambross07,false,4,dewiki,2024-10-27 21:59:50
1833706811,Japanese Federation of Chemical and General Workers' Unions,Monkbot,true,1,enwiki,2024-10-27 21:59:54
1833706707,Category talk:Heavy metal musical groups by genre,Tom.Reding,false,52,enwiki,2024-10-27 21:59:35
1833706812,Big Dick Dudley,Lepricavark,false,35,enwiki,2024-10-27 21:59:54
358029002,Otar Iosseliani,Fallacies4,false,-16,dewiki,2024-10-27 21:59:35
358029011,Wikipedia:Vandalismusmeldung,Better luck next time,false,253,dewiki,2024-10-27 21:59:44
1833706813,List of industrial buildings in Greater Copenhagen,Jessicapierce,false,-2,enwiki,2024-10-27 21:59:55
358029003,Dieter Emeis,Stefanbw,false,4,dewiki,2024-10-27 21:59:35
1833706800,Isaac Solet,88.254.1.36,false,0,enwiki,2024-10-27 21:59:53
1833706814,Talk:Jehovah,Redrose64,false,0,enwiki,2024-10-27 21:59:55
1833706709,Amici di Maria De Filippi,79.52.176.86,false,0,enwiki,2024-10-27 21:59:31
358029007,Vaudancourt,Rauenstein,false,-271,dewiki,2024-10-27 21:59:38
1833706801,User:KGRAMR/IS3,KGRAMR,false,-39,enwiki,2024-10-27 21:59:53
1833706710,Betty Niccoli,Lepricavark,false,36,enwiki,2024-10-27 21:59:35
1833706802,Gurlan,Knowledge2need,false,-28,enwiki,2024-10-27 21:59:52
1833706816,UCI Cyclo-cross World Cup,Hg03u,false,80,enwiki,2024-10-27 21:59:52
1833706916,Evidence-centered design,Katharineamy,false,-4,enwiki,2024-10-27 22:00:13
1833707203,Singai Pararasasegaram,Monkbot,true,1,enwiki,2024-10-27 22:00:54
1833706908,Sudha Cars Museum,Citation bot,true,14,enwiki,2024-10-27 22:00:10
1833706918,Category talk:Howling Bull Entertainment,Tom.Reding,false,22,enwiki,2024-10-27 22:00:14
1833707113,Category talk:Hungarian musical groups by genre,Tom.Reding,false,52,enwiki,2024-10-27 22:00:38
1833707204,Grace Dangmei,Lancepark,false,0,enwiki,2024-10-27 22:00:55
1833706919,Carlos Alvarado Quesada,2803:D100:F280:18C4:51CF:19E1:CC7A:8D34,false,-4,enwiki,2024-10-27 22:00:06
1833707114,Template:Missouri Government,Ptb1997,false,38,enwiki,2024-10-27 22:00:39
1833707205,Tree,Chiswick Chap,false,10,enwiki,2024-10-27 22:00:51
1833706909,The Bedroom Tapes,Elephant445956,false,-15,enwiki,2024-10-27 22:00:12
1833707115,2024 Tel Aviv truck attack,Unknown4321unknown,false,18,enwiki,2024-10-27 22:00:39
1833706910,COVID-19 pandemic cases,Modep1005,false,1625,enwiki,2024-10-27 22:00:01
1833707116,Jean-Charles Valladont,SmartyPants22,false,251,enwiki,2024-10-27 22:00:38
1833707208,Category talk:Icelandic musical groups by genre,Tom.Reding,false,52,enwiki,2024-10-27 22:00:57
1833706912,"Hakata-ku, Fukuoka",Monkbot,true,2,enwiki,2024-10-27 22:00:12
1833707103,Lethal injection,2409:40E4:11EC:2D2B:8000:0:0:0,false,-19,enwiki,2024-10-27 22:00:32
1833707210,Amazing Race Suomi,Xoruz,false,3,enwiki,2024-10-27 22:00:56
1833706900,Jacob Duché Sr.,Marsupium,false,321,enwiki,2024-10-27 22:00:10
1833706914,User:Dank,Dank,false,-6,enwiki,2024-10-27 22:00:14
1833707016,Anderson (Carriage),162 etc.,false,-999,enwiki,2024-10-27 22:00:26
1833707106,Factor,Shhhnotsoloud,false,-14,enwiki,2024-10-27 22:00:37
1833706901,Category talk:Hospital scandals,Tom.Reding,false,22,enwiki,2024-10-27 22:00:10
1833706915,Tropical Storm Trami (2024),Quake1234,false,2,enwiki,2024-10-27 22:00:08
1833707108,Nagarkirtan,103.170.182.159,false,98,enwiki,2024-10-27 22:00:36
1833706905,"Insomnia (Skepta, Chip and Young Adz album)",Goldlinexy,false,314,enwiki,2024-10-27 22:00:09
1833706917,A.C.E (South Korean band),Exobiotic,false,3,enwiki,2024-10-27 22:00:10
1833707109,Isaac Solet,88.254.1.36,false,-10,enwiki,2024-10-27 22:00:37
1833707202,Jose Maria College,103.152.9.178,false,300,enwiki,2024-10-27 22:00:53
1833706906,2020 U-20 Copa Libertadores,Monkbot,true,1,enwiki,2024-10-27 22:00:07
1833706913,Wikipedia:Help desk,Rahim231,false,353,enwiki,2024-10-27 22:00:09
1833707111,Template:Shopping centres in the Western Balkans,SrpskiAnonimac,false,26,enwiki,2024-10-27 22:00:38
1833707201,SEC Nation,North Coast Football,false,25,enwiki,2024-10-27 22:00:46
1833707318,Curtis Bashaw,Djflem,false,2,enwiki,2024-10-27 22:01:17
1833707405,Sudha Cars Museum,Jay8g,false,111,enwiki,2024-10-27 22:01:27
1833707319,Wikipedia:Administrators' newsletter/2024/11,SilverLocust,false,627,enwiki,2024-10-27 22:01:16
1833707406,Lucas Kunce,AlsoWukai,false,0,enwiki,2024-10-27 22:01:27
1833707300,King Khalid Military City,Monkbot,true,1,enwiki,2024-10-27 22:01:12
1833707407,Edayanchavadi,Monkbot,true,1,enwiki,2024-10-27 22:01:25
1833707301,Anderson,162 etc.,false,-85,enwiki,2024-10-27 22:01:14
1833707408,Talk:Object REXX,Dylwi,false,194,enwiki,2024-10-27 22:01:29
1833707504,South Canaanite languages,Arctic Circle System,false,13,enwiki,2024-10-27 22:01:49
1833707303,Calcutta Historical Society,Greatesteverliveth,false,-113,enwiki,2024-10-27 22:01:14
1833707409,Brad S. Karp,J450NH3,false,73,enwiki,2024-10-27 22:01:30
1833707512,M. L. A. M. Hizbullah,Armkiyas,false,1458,enwiki,2024-10-27 22:01:45
1833707304,List of Detroit Lions starting quarterbacks,Alexanderthgr8,false,0,enwiki,2024-10-27 22:01:11
1833707411,Ricardo Pepi,Chestnort,false,406,enwiki,2024-10-27 22:01:29
1833707516,Talk:France in the Eurovision Song Contest 1957,Spleennn,false,168,enwiki,2024-10-27 22:01:48
1833707305,Novion Property Group,Macrakis,false,80,enwiki,2024-10-27 22:01:13
1833707412,Category talk:Indonesian musical groups by genre,Tom.Reding,false,52,enwiki,2024-10-27 22:01:31
1833707518,Category talk:Intergalactic media,Tom.Reding,false,22,enwiki,2024-10-27 22:01:48
1833707306,2025 AFC U-17 Asian Cup qualification,Schnapper,false,-13,enwiki,2024-10-27 22:01:08
1833707413,Mariam al-Mahdi,Monkbot,true,1,enwiki,2024-10-27 22:01:29
1833707519,Asturias Offensive,Monkbot,true,2,enwiki,2024-10-27 22:01:48
1833707308,User:Itschristianbonilla/sandbox,Itschristianbonilla,false,2316,enwiki,2024-10-27 22:01:15
1833707414,Sentō,174.94.23.229,false,-47,enwiki,2024-10-27 22:01:30
1833707314,Nina O'Brien,DSparrow14,false,180,enwiki,2024-10-27 22:01:14
1833707404,Thomas Chirault,SmartyPants22,false,173,enwiki,2024-10-27 22:01:28
1833707417,User talk:NixiePedraza/talk page tutorial,NixiePedraza,false,240,enwiki,2024-10-27 22:01:32
1833707713,Tell the Truth (film),Monkbot,true,1,enwiki,2024-10-27 22:02:23
1833707801,Land mines in Cambodia,Maxeto0910,false,1,enwiki,2024-10-27 22:02:39
1833707816,User:Gulbaba5/sandbox,Gulbaba5,false,5,enwiki,2024-10-27 22:02:43
1833707605,Dan Castello,EssNS,false,20,enwiki,2024-10-27 22:02:04
1833707617,Al-Hasyah,Monkbot,true,1,enwiki,2024-10-27 22:02:05
1833707714,Joint Comprehensive Plan of Action,Amigao,false,-543,enwiki,2024-10-27 22:02:13
1833707802,Nicolas Potier de Novion,Macrakis,false,67,enwiki,2024-10-27 22:02:40
1833707817,User:MeSawk/sandbox,MeSawk,false,-31,enwiki,2024-10-27 22:02:43
1833707606,Srabanti Chatterjee,OXYLYPSE,false,-33,enwiki,2024-10-27 22:02:03
1833707718,Brad S. Karp,J450NH3,false,45,enwiki,2024-10-27 22:02:26
1833707803,Miko Wilford,WereSpielChequers,false,49,enwiki,2024-10-27 22:02:40
1833707607,Vocea României,Faguilmette,false,-1,enwiki,2024-10-27 22:02:00
1833707804,Civilian victimization,Buidhe,false,636,enwiki,2024-10-27 22:02:40
1833707818,User talk:BCKayaker67,Liz,false,1123,enwiki,2024-10-27 22:02:42
1833707608,Surfing at the 2023 Pan American Games – Women's SUP surf,Daniel2023Sports,false,68,enwiki,2024-10-27 22:02:04
1833707805,Category talk:Italian entertainment-related lists,Tom.Reding,false,22,enwiki,2024-10-27 22:02:41
1833707610,Anderson,162 etc.,false,-44,enwiki,2024-10-27 22:02:06
1833707806,Calcutta Historical Society,Greatesteverliveth,false,-453,enwiki,2024-10-27 22:02:41
1833707612,Dale Gorman,Cardinal Gareth,false,0,enwiki,2024-10-27 22:02:05
1833707709,Category talk:Israeli entertainment-related lists,Tom.Reding,false,22,enwiki,2024-10-27 22:02:24
1833707808,Jose Maria College,103.152.9.178,false,110,enwiki,2024-10-27 22:02:40
1833707613,Yves Saint Laurent (designer),Hamasien,false,2,enwiki,2024-10-27 22:02:01
1833707710,Mikhail Meandrov,Lightiggy,false,30,enwiki,2024-10-27 22:02:22
1833707810,Alternative for Germany,TheSWGrievousfan,false,0,enwiki,2024-10-27 22:02:29
1833707614,Category talk:Iranian heavy metal musical groups,Tom.Reding,false,52,enwiki,2024-10-27 22:02:06
1833707811,Talk:Voice (disambiguation),121.91.35.151,false,181,enwiki,2024-10-27 22:02:42
1833707615,Sabaratnam Arulkumaran,RockviewLove,false,94,enwiki,2024-10-27 22:02:06
1833707712,Vladimir Boyarsky,Lightiggy,false,30,enwiki,2024-10-27 22:02:24
1833707800,Kokura Prefecture,Monkbot,true,7,enwiki,2024-10-27 22:02:38
1833707814,User:InceptionBot/NewPageSearch/ColdWar/log,InceptionBot,true,801,enwiki,2024-10-27 22:02:42
1833707909,Wei Qingguang,Monkbot,true,1,enwiki,2024-10-27 22:02:57
358029102,Schweiz im Zweiten Weltkrieg,B.A.Enz,false,36,dewiki,2024-10-27 22:03:07
1833708011,Category talk:Japanese emo musical groups,Tom.Reding,false,30,enwiki,2024-10-27 22:03:20
1833708114,Al-Hakim I,Monkbot,true,1,enwiki,2024-10-27 22:03:35
1833708010,2024 Ecuadorian Serie A,CodeMars04,false,-59,enwiki,2024-10-27 22:03:16
358029109,Sewastopol,Aka,false,1,dewiki,2024-10-27 22:03:30
1833708119,Category talk:Japanese gothic metal musical groups,Tom.Reding,false,30,enwiki,2024-10-27 22:03:37
1833707910,Draft:The Swimmers (novel),Phibeatrice,false,554,enwiki,2024-10-27 22:03:00
358029104,Elephant Nature Park,Aka,false,2,dewiki,2024-10-27 22:03:13
1833708013,Umm al-Ma'arik Championship,Monkbot,true,2,enwiki,2024-10-27 22:03:19
1833707912,Eastern Ore Mountains,Monkbot,true,1,enwiki,2024-10-27 22:03:01
1833708015,Draft:Miss Mega Bintang Indonesia 2024,Soyan78,false,-7,enwiki,2024-10-27 22:03:19
358029108,Schichtwiderstand,Fabian RRRR,false,569,dewiki,2024-10-27 22:03:27
358029111,Binenwalde,"Herr Lehrer, ich weiß was!",false,-133,dewiki,2024-10-27 22:03:33
358029118,COSAFA Cup 2021,Toni Müller,false,668,dewiki,2024-10-27 22:03:37
1833707913,List of Formula One driver records,Smitty Smitty,false,0,enwiki,2024-10-27 22:02:31
1833708017,Template:Did you know nominations/Come In (Weatherday album),Jlwoodwa,false,-1,enwiki,2024-10-27 22:03:22
1833708002,2024–25 Nemzeti Bajnokság II,Skyblueshaun,false,-26,enwiki,2024-10-27 22:03:15
358029107,Benutzer:Definitiv/wiese bawü,Definitiv,false,507,dewiki,2024-10-27 22:03:22
1833707914,Category talk:J. Tune Entertainment,Tom.Reding,false,22,enwiki,2024-10-27 22:03:02
358029100,Lessing-Schule (Bochum),Aka,false,0,dewiki,2024-10-27 22:03:08
1833708003,2024 Lithuanian parliamentary election,2A03:EC00:B178:39AE:C5CC:5F37:4166:42CE,false,0,enwiki,2024-10-27 22:03:12
1833708107,Brad S. Karp,J450NH3,false,-5,enwiki,2024-10-27 22:03:36
1833707915,Dangerous Game (album),Ss112,false,29,enwiki,2024-10-27 22:03:02
358029101,Kevin Gravel,Tomyiy,false,-109,dewiki,2024-10-27 22:03:08
358029105,Portal:Frauen/Biografien/Statistik von Filmschaffenden,TaxonBot,true,0,dewiki,2024-10-27 22:03:12
1833708007,Henrik Stehlik,Monkbot,true,1,enwiki,2024-10-27 22:03:16
358029114,Liste von Söhnen und Töchtern der Stadt Anklam,Scholless,false,97,dewiki,2024-10-27 22:03:36
1833707900,User:Luke1776/sandbox 5,Luke1776,false,61,enwiki,2024-10-27 22:02:58
358029106,Trio (Band),Aka,false,0,dewiki,2024-10-27 22:03:17
358029110,Carlos Barbosa-Lima,Aka,false,0,dewiki,2024-10-27 22:03:34
358029115,Jochen Horst,91.61.60.171,false,-12,dewiki,2024-10-27 22:03:35
1833707907,Republic of Molossia,173.59.123.217,false,42,enwiki,2024-10-27 22:02:59
1833708008,BMW,2001:4C4E:156B:D000:C49C:63AB:D841:A386,false,-23,enwiki,2024-10-27 22:03:14
1833708113,Regulator of Social Housing,Dn9ahx,false,-4,enwiki,2024-10-27 22:03:36
1833708204,British Rail Class 90,TimMassey,false,2,enwiki,2024-10-27 22:03:49
1833708307,User:XtraJovial/sandbox14,XtraJovial,false,206,enwiki,2024-10-27 22:04:10
358029119,Explorado,Hinkelstein1,false,264,dewiki,2024-10-27 22:03:40
1833708205,Lucas Kunce,AlsoWukai,false,-103,enwiki,2024-10-27 22:03:47
1833708219,Wikipedia:Media copyright questions,Rahim231,false,733,enwiki,2024-10-27 22:03:51
1833708206,Aya Mouallem,Girls in stem,false,-168,enwiki,2024-10-27 22:03:50
1833708309,Taniec z Gwiazdami season 28,24.47.248.93,false,3,enwiki,2024-10-27 22:04:10
1833708209,Florida death metal,3family6,false,-25,enwiki,2024-10-27 22:03:48
1833708308,John Halstead,Pinkpollyanna,false,37,enwiki,2024-10-27 22:04:11
1833708211,Draft:Jacques Laurent Gilly,Memer15151,false,222,enwiki,2024-10-27 22:03:51
1833708212,Category talk:Japanese metalcore musical groups,Tom.Reding,false,30,enwiki,2024-10-27 22:03:51
1833708310,Category talk:Jersey Shore musical groups,Tom.Reding,false,50,enwiki,2024-10-27 22:04:13
1833708213,"Tychowo, Sławno County",Monkbot,true,1,enwiki,2024-10-27 22:03:50
1833708312,Kanshin-ji,Swinub,false,1,enwiki,2024-10-27 22:04:12
1833708202,Karachi District (South),Farazhusaynakhter,false,119,enwiki,2024-10-27 22:03:48
1833708301,The Brutalist,Filmgoer,false,39,enwiki,2024-10-27 22:04:09
1833708203,Colin Range,RedWolf,false,-147,enwiki,2024-10-27 22:03:49
1833708218,User talk:173.59.123.217,Schazjmd,false,901,enwiki,2024-10-27 22:03:53
1833708306,2024 Argentine Primera División,186.29.35.253,false,0,enwiki,2024-10-27 22:04:05
1833708609,John W. Lee,Pinkpollyanna,false,34,enwiki,2024-10-27 22:05:09
1833708409,Tree,Chiswick Chap,false,-16,enwiki,2024-10-27 22:04:29
1833708612,Category talk:Basketball players from Uttarakhand,Simeon,false,16,enwiki,2024-10-27 22:05:09
1833708410,2024–25 Primeira Liga,Wikizin,false,0,enwiki,2024-10-27 22:04:30
1833708613,Teresa Gallagher,Hhs101406,false,14,enwiki,2024-10-27 22:05:08
1833708411,Pentomino,Double2048,false,0,enwiki,2024-10-27 22:04:34
1833708615,Category talk:Konami media files,Tom.Reding,false,22,enwiki,2024-10-27 22:05:08
1833708616,Ré Soupault,Munfarid1,false,2076,enwiki,2024-10-27 22:05:09
1833708400,German Environmental Prize,Grimes2,false,394,enwiki,2024-10-27 22:04:27
1833708415,2024 in professional wrestling,PacmanPuncher72,false,173,enwiki,2024-10-27 22:04:26
1833708401,Tetris,Lucasfergui1024,false,-2,enwiki,2024-10-27 22:04:24
1833708416,Round-robin (document),Monkbot,true,1,enwiki,2024-10-27 22:04:30
1833708501,Whacked!,Angeldeb82,false,973,enwiki,2024-10-27 22:04:48
1833708604,Đông Du,Monkbot,true,1,enwiki,2024-10-27 22:05:07
1833708402,Category talk:Judo mass media,Tom.Reding,false,22,enwiki,2024-10-27 22:04:30
1833708417,Islamic State – Sahel Province,178.81.55.110,false,114,enwiki,2024-10-27 22:04:35
1833708502,Aya Mouallem,Girls in stem,false,11,enwiki,2024-10-27 22:04:49
1833708606,User talk:Eliasrurikid,Liz,false,1218,enwiki,2024-10-27 22:05:08
1833708403,Portable Sounds,Citation bot,true,6,enwiki,2024-10-27 22:04:31
1833708504,KEXC,Sammi Brie,false,-112,enwiki,2024-10-27 22:04:46
1833708608,Surmukhi Raman,DareshMohan,false,-11,enwiki,2024-10-27 22:05:08
1833708405,Laura Chinchilla,2803:D100:F280:18C4:51CF:19E1:CC7A:8D34,false,28,enwiki,2024-10-27 22:04:25
1833708418,Category talk:Jungle Entertainment,Tom.Reding,false,22,enwiki,2024-10-27 22:04:33
1833708607,User talk:Citation bot,Jay8g,false,589,enwiki,2024-10-27 22:05:05
1833708714,2024 SMU Mustangs football team,MKP2020,false,4,enwiki,2024-10-27 22:05:21
1833708812,Diana Edwards-Jones,EnthusiastWorld37,false,109,enwiki,2024-10-27 22:05:39
1833708910,Category talk:Latvian musical groups by genre,Tom.Reding,false,52,enwiki,2024-10-27 22:06:05
1833708700,Draft:The Swimmers (novel),Phibeatrice,false,565,enwiki,2024-10-27 22:05:22
1833708717,Wikipedia:Administrator recall/Graham87,Elli,false,346,enwiki,2024-10-27 22:05:25
1833708813,Kishu mikan,AnomieBOT,true,36,enwiki,2024-10-27 22:05:39
1833708911,Template:Taxonomy/Scyliorhinidae,Quetzal1964,false,259,enwiki,2024-10-27 22:06:04
1833708716,Negative temperature,Kepler-1229b,false,4,enwiki,2024-10-27 22:05:24
1833708814,Category talk:Boxers from Uttarakhand,Simeon,false,16,enwiki,2024-10-27 22:05:40
358029200,Volt Deutschland,RaumplanungTV,false,131,dewiki,2024-10-27 22:05:51
358029204,Leo Greiml,Bebel92,false,1,dewiki,2024-10-27 22:06:00
358029208,Vorlage:Infobox Offener Sternhaufen,Antonsusi,false,-418,dewiki,2024-10-27 22:06:06
1833708702,Democratic Socialist Party (Argentina),Monkbot,true,1,enwiki,2024-10-27 22:05:22
1833708718,2024 Tampa Bay Buccaneers season,Bluejay14,false,-2,enwiki,2024-10-27 22:05:23
1833708800,2024 MLS Next Pro season,Logan Z Man 2022!,false,726,enwiki,2024-10-27 22:05:31
1833708815,Wikipedia talk:WikiProject Football,Glaivebladee,false,-7952,enwiki,2024-10-27 22:05:40
1833708710,Binoculars,2601:18F:184:5550:59B3:C58C:6F03:288C,false,112,enwiki,2024-10-27 22:05:17
1833708816,It's OK I'm OK,MaranoFan,false,-297,enwiki,2024-10-27 22:05:40
358029209,Schiffergesellschaft (Lübeck),Kapitaen Joerg Straeussler,false,365,dewiki,2024-10-27 22:06:06
1833708801,Karasuma Street,Monkbot,true,1,enwiki,2024-10-27 22:05:37
358029201,Musikjahr 1992,Dentalum,false,9,dewiki,2024-10-27 22:05:56
358029212,Völkerschau,CPallaske,false,-144,dewiki,2024-10-27 22:06:08
1833708903,Sacramento International Airport,Epluribusunumyall,false,2,enwiki,2024-10-27 22:05:57
358029210,Manuel Custódia,Bubo bubo,false,-40,dewiki,2024-10-27 22:06:07
1833708712,User talk:2601:42:0:4000:4055:E21A:E794:9572,Ad Orientem,false,1245,enwiki,2024-10-27 22:05:24
1833708804,Copyright aspects of hyperlinking and framing,ZimZalaBim,false,-261,enwiki,2024-10-27 22:05:38
1833708819,Kyrgyz Ala-Too Range,AnomieBOT,true,18,enwiki,2024-10-27 22:05:41
358029202,Vulkanexplosivitätsindex,Aka,false,2,dewiki,2024-10-27 22:05:57
358029207,Kata (Karate),Regi51,false,-8,dewiki,2024-10-27 22:06:02
358029213,Diskussion:René Deltgen,Jossi2,false,579,dewiki,2024-10-27 22:06:11
1833708713,Corleck Head,Ceoil,false,-15,enwiki,2024-10-27 22:05:24
1833708806,Ngasa people,Hiyanius Srenius,false,24,enwiki,2024-10-27 22:05:39
1833708818,Hyak (1909 steamboat),White 720,false,70,enwiki,2024-10-27 22:05:41
358029203,Royal Navy im Zweiten Weltkrieg,Ambross07,false,10,dewiki,2024-10-27 22:05:57
1833708905,Death metal,3family6,false,39,enwiki,2024-10-27 22:06:00
1833708807,Mechanical Suite,Sc2353,false,49,enwiki,2024-10-27 22:05:39
1833708907,Kyūjitai,Monkbot,true,3,enwiki,2024-10-27 22:06:02
1833709014,Anastasiya Krasovskaya,Monkbot,true,2,enwiki,2024-10-27 22:06:23
358029214,Ilko-Sascha Kowalczuk,Aka,false,-7,dewiki,2024-10-27 22:06:10
1833709100,Léa Seydoux,83.70.79.102,false,347,enwiki,2024-10-27 22:06:39
1833709117,Zawiya of Sidi Bel Abbes,Monkbot,true,2,enwiki,2024-10-27 22:06:44
358029219,Wikipedia:Vandalismusmeldung,Itti,false,188,dewiki,2024-10-27 22:06:18
1833709000,List of file formats,The People's Internet,false,-1,enwiki,2024-10-27 22:06:20
1833709015,Yann Sommer,Alealyjang,false,0,enwiki,2024-10-27 22:06:23
1833709102,Category talk:Lists of entertainment lists,Tom.Reding,false,22,enwiki,2024-10-27 22:06:44
1833709116,Monster,2804:E94:8A9:4900:3826:6A0D:B26F:8E92,false,-29,enwiki,2024-10-27 22:06:43
1833709001,Category talk:Lego media files,Tom.Reding,false,22,enwiki,2024-10-27 22:06:22
1833709017,Category talk:Level-5 (company) media files,Tom.Reding,false,22,enwiki,2024-10-27 22:06:26
1833709118,Category talk:Lists of mass media lists,Tom.Reding,false,22,enwiki,2024-10-27 22:06:47
1833709002,User talk:NXcrypto,Bishonen,false,1070,enwiki,2024-10-27 22:06:23
1833709018,Category talk:Sport shooters from Uttarakhand,Simeon,false,16,enwiki,2024-10-27 22:06:26
1833709105,User:Superman011/sandbox,Superman011,false,36,enwiki,2024-10-27 22:06:32
1833709119,Republic of Molossia,173.59.123.217,false,37,enwiki,2024-10-27 22:06:47
358029217,Peter Marzinkowski,Aka,false,-4,dewiki,2024-10-27 22:06:16
1833709004,Chris Jones (Arkansas politician),Nextrava,false,29,enwiki,2024-10-27 22:06:21
1833709106,Maranello,79.54.101.94,false,15,enwiki,2024-10-27 22:06:43
1833709006,List of Formula One driver records,Smitty Smitty,false,-12,enwiki,2024-10-27 22:05:52
1833709108,Pentomino,Double2048,false,10,enwiki,2024-10-27 22:06:43
358029218,Benutzer:Grissef,Grissef,false,-10,dewiki,2024-10-27 22:06:18
1833709007,User talk:JBW,JBW,false,1000,enwiki,2024-10-27 22:06:23
1833709019,Harris Eyre,SanJuanHouston,false,309,enwiki,2024-10-27 22:06:23
1833709113,Aya Mouallem,Girls in stem,false,3,enwiki,2024-10-27 22:06:45
358029216,Fritz Walter,Marabubalu,false,4,dewiki,2024-10-27 22:06:11
1833709012,User talk:Tarekjbeili,Liz,false,1143,enwiki,2024-10-27 22:06:24
1833709114,List of people from Novi Sad,Nickpunk,false,0,enwiki,2024-10-27 22:06:45
1833709115,2030 Winter Olympics,82.52.158.166,false,0,enwiki,2024-10-27 22:06:44
1833709216,Wikipedia:Reference desk/Entertainment,Askedonty,false,308,enwiki,2024-10-27 22:07:04
1833709308,Fredrik von Essen,Saftgurka,false,394,enwiki,2024-10-27 22:07:22
1833709411,Wikipedia:Administrators' noticeboard,JayBeeEll,false,208,enwiki,2024-10-27 22:07:40
1833709219,1981 Spanish coup attempt,FCBWanderer,false,-72,enwiki,2024-10-27 22:07:03
1833709307,2024 Atlanta Falcons season,Wareagle529,false,8,enwiki,2024-10-27 22:07:20
1833709413,Urtica dioica,Plantsurfer,false,228,enwiki,2024-10-27 22:07:42
1833709206,User talk:Lordseriouspig/Archive 2,ClueBot III,true,12985,enwiki,2024-10-27 22:06:59
1833709312,Wajihids,Monkbot,true,2,enwiki,2024-10-27 22:07:22
1833709415,Kottachi,DareshMohan,false,-894,enwiki,2024-10-27 22:07:45
1833709208,Category talk:Engineers from Uttarakhand,Simeon,false,54,enwiki,2024-10-27 22:07:03
1833709313,List of Formula One driver records,Smitty Smitty,false,-17,enwiki,2024-10-27 22:06:59
1833709414,Dhu Eid,Monkbot,true,1,enwiki,2024-10-27 22:07:44
1833709207,List of Thai people,Panmora,false,123,enwiki,2024-10-27 22:07:02
1833709314,Santosh Medical College,2402:8100:26C8:CE74:5454:3BFF:FEA7:5626,false,159,enwiki,2024-10-27 22:07:23
1833709417,Back to the Future,CodeTalker,false,-32,enwiki,2024-10-27 22:07:35
1833709210,Škoda Auto,Mr.choppers,false,-1,enwiki,2024-10-27 22:07:00
1833709302,King in Shadow,Monkbot,true,1,enwiki,2024-10-27 22:07:20
1833709315,Rémi Parra,Khonda8,false,10,enwiki,2024-10-27 22:07:24
1833709401,L'Entregu,Monkbot,true,1,enwiki,2024-10-27 22:07:41
1833709419,Draft:Krystal (company),Encoded,false,-3,enwiki,2024-10-27 22:07:46
1833709211,List of Criminal Minds episodes,Alex 21,false,46,enwiki,2024-10-27 22:06:55
1833709303,Rosenberg Library,Oldsanfelipe2,false,-3,enwiki,2024-10-27 22:07:20
1833709316,Alexander Stewart (singer),45.44.65.172,false,37,enwiki,2024-10-27 22:07:24
1833709213,Dion Kelly-Evans,Cardinal Gareth,false,1,enwiki,2024-10-27 22:07:03
1833709317,2024 Molde FK season,89.8.9.48,false,0,enwiki,2024-10-27 22:07:09
1833709403,Category talk:Majik Ninja Entertainment,Tom.Reding,false,22,enwiki,2024-10-27 22:07:43
1833709418,Blizzard Entertainment,Breezzy94,false,21,enwiki,2024-10-27 22:07:37
1833709215,Talk:Victor McLaglen,2A02:AA1:1159:CD4E:C961:89:256F:539B,false,440,enwiki,2024-10-27 22:07:01
1833709304,Udice French Research Universities,Citation bot,true,-4,enwiki,2024-10-27 22:07:21
1833709318,Category talk:Luxembourgian musical groups,Tom.Reding,false,52,enwiki,2024-10-27 22:07:25
1833709406,Taniec z Gwiazdami season 28,Łukasz...wrocław,false,12,enwiki,2024-10-27 22:07:43
1833709218,2024–25 North Carolina Tar Heels men's basketball team,Hypernormal1,false,7,enwiki,2024-10-27 22:07:02
1833709305,Category talk:Looney Tunes home video releases,Tom.Reding,false,22,enwiki,2024-10-27 22:07:22
1833709410,TG1,Dl2000,false,-4,enwiki,2024-10-27 22:07:44
1833709501,"Talk:Abad, Hormozgan",Nythar,false,-70,enwiki,2024-10-27 22:08:00
1833709601,Category talk:Malaysian musical groups,Tom.Reding,false,52,enwiki,2024-10-27 22:08:11
1833709717,Amelia Boultbee,149.115.37.14,false,17,enwiki,2024-10-27 22:08:26
1833709507,Fredrick Bundala,Katharineamy,false,86,enwiki,2024-10-27 22:08:01
1833709604,"Plural Left (Spain, 2011)",Monkbot,true,2,enwiki,2024-10-27 22:08:10
1833709612,Talk:Ahmadi Rural District,Nythar,false,-42,enwiki,2024-10-27 22:08:13
1833709718,User:InceptionBot/NewPageSearch/Denmark/log,InceptionBot,true,302,enwiki,2024-10-27 22:08:28
1833709514,Talk:Abgarm-e Lay Bisheh,Nythar,false,-70,enwiki,2024-10-27 22:08:02
1833709613,Hadji Ali,Srich32977,false,-1,enwiki,2024-10-27 22:08:11
1833709719,2024 Lithuanian parliamentary election,2A03:EC00:B178:39AE:C5CC:5F37:4166:42CE,false,0,enwiki,2024-10-27 22:08:23
1833709515,Ten percent of the brain myth,Kepler-1229b,false,23,enwiki,2024-10-27 22:08:00
1833709616,2024–25 PLK season,Erincoktem,false,-7,enwiki,2024-10-27 22:08:12
1833709701,2024 Tennessee Titans season,Useight,false,9,enwiki,2024-10-27 22:08:25
1833709516,List of Tri Kappa chapters,Rublamb,false,628,enwiki,2024-10-27 22:08:00
1833709615,Carbonate,DigitalChutney,false,140,enwiki,2024-10-27 22:08:10
1833709702,"Kilgore, Texas",174.197.75.34,false,15,enwiki,2024-10-27 22:08:23
1833709617,China Railway Museum,Locomotive 150,false,150,enwiki,2024-10-27 22:08:13
1833709703,User talk:Brenac40,FireflyBot,true,988,enwiki,2024-10-27 22:08:26
1833709619,Wikipedia:Requested moves/Current discussions (table),RMCD bot,true,0,enwiki,2024-10-27 22:08:12
1833709704,Ivan Chigrinov,Monkbot,true,1,enwiki,2024-10-27 22:08:26
1833709705,Talk:Ban Gowd-e Ahmadi,Nythar,false,-70,enwiki,2024-10-27 22:08:27
1833709500,Major (France),Monkbot,true,1,enwiki,2024-10-27 22:07:59
1833709600,Gisella Giovenco,Julius Barclay,false,109,enwiki,2024-10-27 22:08:10
1833709706,One Night with You (1932 film),Sc2353,false,43,enwiki,2024-10-27 22:08:26
1833709809,Larry Sonsini,J450NH3,false,-59,enwiki,2024-10-27 22:08:37
1833709915,Draft:Jacques Laurent Gilly,Memer15151,false,37,enwiki,2024-10-27 22:08:54
1833710003,Category talk:Mega Man media files,Tom.Reding,false,22,enwiki,2024-10-27 22:09:04
1833709816,Talk:Basteh,Nythar,false,-70,enwiki,2024-10-27 22:08:38
1833709916,Nguyễn Cao Kỳ,42.117.235.126,false,26,enwiki,2024-10-27 22:08:51
1833710014,Abd al-Rahman ibn Abi Bakr,Monkbot,true,1,enwiki,2024-10-27 22:09:04
1833709919,Taunting,Flarehayr,false,587,enwiki,2024-10-27 22:08:52
1833710015,List of state leaders in the 20th century (1951–2000),Tahc,false,528,enwiki,2024-10-27 22:08:58
358029302,Diskussion:Gründung (Bauwesen),Ferutsch,false,14,dewiki,2024-10-27 22:09:01
1833710017,List of Criminal Minds episodes,Alex 21,false,0,enwiki,2024-10-27 22:08:57
358029305,Grant Park (Illinois),Wetterwolke,false,20,dewiki,2024-10-27 22:09:08
1833709907,User:Hay kamavor/sandbox,Hay kamavor,false,1132,enwiki,2024-10-27 22:08:51
1833709909,Well car,Heinzzweidrei,false,20,enwiki,2024-10-27 22:08:50
1833709803,"Talk:Barrud, Fareghan",Nythar,false,-70,enwiki,2024-10-27 22:08:36
358029303,Fil de Cassons,Dafadllyn,false,2,dewiki,2024-10-27 22:09:06
1833709805,Category talk:Mario (franchise) media files,Tom.Reding,false,25,enwiki,2024-10-27 22:08:36
1833709912,Søre Vistvatnet,Jay1279,false,315,enwiki,2024-10-27 22:08:50
358029300,Johann Friedrich Struensee,Vfb1893,false,32,dewiki,2024-10-27 22:08:57
358029307,Douglas Santos,MacOrcas,false,24,dewiki,2024-10-27 22:09:11
1833709913,Category talk:Mauritian sega musical groups,Tom.Reding,false,52,enwiki,2024-10-27 22:08:53
1833710000,List of Thai people,Panmora,false,105,enwiki,2024-10-27 22:09:04
1833710102,Tehuacán Airport,Monkbot,true,1,enwiki,2024-10-27 22:09:13
1833709807,Luis Saldaña,2604:2D80:5385:9D00:4998:6590:CC8:9ED7,false,17,enwiki,2024-10-27 22:08:36
1833709914,José Martí Pioneer Organization,Monkbot,true,1,enwiki,2024-10-27 22:08:52
358029301,Benutzer:A1000/wolrad,A1000,false,38,dewiki,2024-10-27 22:08:59
1833710002,Symphyotrichum novae-angliae,Eewilson,false,98,enwiki,2024-10-27 22:09:01
358029308,Kankakee,Wetterwolke,false,-10,dewiki,2024-10-27 22:09:15
1833710111,User:Novem Linguae/Scripts/GANReviewTool/GANReviewLog,UndercoverClassicist,false,231,enwiki,2024-10-27 22:09:06
1833710200,2024 New York Jets season,Bluejay14,false,-2,enwiki,2024-10-27 22:09:25
1833710414,Brady Corbet,Filmgoer,false,148,enwiki,2024-10-27 22:09:57
1833710112,Richard Clayton (clergyman),Dl2000,false,66,enwiki,2024-10-27 22:09:16
1833710201,National Route 8 (Argentina),Monkbot,true,1,enwiki,2024-10-27 22:09:25
358029318,Kurt Gödel,Aka,false,-64,dewiki,2024-10-27 22:09:28
1833710419,Draft:The Swimmers (novel),Phibeatrice,false,414,enwiki,2024-10-27 22:09:57
1833710114,Talk:Chalghan,Nythar,false,-70,enwiki,2024-10-27 22:09:16
358029314,Wikipedia Diskussion:Hauptseite/Schon gewusst,Päppi,false,114,dewiki,2024-10-27 22:09:19
1833710202,Deudorix antalus,Plantdrew,false,8,enwiki,2024-10-27 22:09:27
1833710503,"Talk:Garmeshak, Hormozgan",Nythar,false,-70,enwiki,2024-10-27 22:10:06
1833710115,Johnnie Walker (DJ),81.156.247.183,false,-5,enwiki,2024-10-27 22:09:13
1833710203,Elyorjon Mamadaliev,SmartyPants22,false,79,enwiki,2024-10-27 22:09:28
358029319,Küng,Aka,false,0,dewiki,2024-10-27 22:09:39
1833710306,"Talk:Fakhrabad, Hajjiabad",Nythar,false,-70,enwiki,2024-10-27 22:09:42
1833710504,The Girl with the Wine Glass,Jane & the Angels,false,54,enwiki,2024-10-27 22:10:06
1833710116,Cytosine,DigitalChutney,false,37,enwiki,2024-10-27 22:09:13
1833710205,Category talk:Mexican norteño musical groups,Tom.Reding,false,52,enwiki,2024-10-27 22:09:28
358029310,Update,Y2kbug,false,-146,dewiki,2024-10-27 22:09:17
1833710209,"Talk:Dargaz, Hajjiabad",Nythar,false,-70,enwiki,2024-10-27 22:09:28
1833710312,Category talk:Military prisoner abuse scandals,Tom.Reding,false,22,enwiki,2024-10-27 22:09:42
358029309,Wikipedia:Vandalismusmeldung,Serols,false,195,dewiki,2024-10-27 22:09:15
358029312,Blau blüht der Enzian (Film),Passjosi,false,-69,dewiki,2024-10-27 22:09:22
358029315,Schlacht bei Château-Thierry,Aka,false,1,dewiki,2024-10-27 22:09:24
358029316,Elton John/Diskografie,Tymo35,false,41,dewiki,2024-10-27 22:09:21
1833710311,Stranje pri Škocjanu,Monkbot,true,1,enwiki,2024-10-27 22:09:41
1833710403,Bone Island,Monkbot,true,1,enwiki,2024-10-27 22:09:56
1833710216,Talk:Dasht Azadgan,Nythar,false,-70,enwiki,2024-10-27 22:09:29
1833710405,Blizzard Entertainment,Breezzy94,false,0,enwiki,2024-10-27 22:09:47
1833710313,2024–25 Brooklyn FC (women) season,HavanaHeat,false,641,enwiki,2024-10-27 22:09:38
1833710406,2024 Lithuanian parliamentary election,2A03:EC00:B178:39AE:C5CC:5F37:4166:42CE,false,1,enwiki,2024-10-27 22:09:54
358029317,Judith Beyer,Aka,false,-36,dewiki,2024-10-27 22:09:30
1833710318,User:XtraJovial/sandbox14,XtraJovial,false,123,enwiki,2024-10-27 22:09:43
1833710413,2024 Arizona Cardinals season,Useight,false,9,enwiki,2024-10-27 22:09:56
1833710509,Category talk:Moroccan musical groups by genre,Tom.Reding,false,52,enwiki,2024-10-27 22:10:07
1833710511,Talk:Garsohru,Nythar,false,-70,enwiki,2024-10-27 22:10:07
1833710515,Jacques Laurent Gilly,Memer15151,false,30,enwiki,2024-10-27 22:10:07
1833710817,Musnad Ibn Hanbal,39.62.206.38,false,7,enwiki,2024-10-27 22:10:45
1833710719,Gloria Anzaldúa,Vato Pato,false,267,enwiki,2024-10-27 22:10:30
1833710611,Template:Infobox river/testcases,Joy,false,24,enwiki,2024-10-27 22:10:19
1833710707,Amine Harit,Enricoashton,false,0,enwiki,2024-10-27 22:10:28
1833710612,Stephanie Madon,WereSpielChequers,false,27,enwiki,2024-10-27 22:10:20
1833710708,2024 in professional wrestling,PacmanPuncher72,false,117,enwiki,2024-10-27 22:10:20
1833710613,Talk:Godar Shah,Nythar,false,-70,enwiki,2024-10-27 22:10:21
1833710710,Bożepole Wielkie,Monkbot,true,1,enwiki,2024-10-27 22:10:29
1833710615,Category talk:Mozambican musical groups by genre,Tom.Reding,false,52,enwiki,2024-10-27 22:10:21
1833710709,Squash at the 2023 Pan American Games – Men's doubles,Daniel2023Sports,false,64,enwiki,2024-10-27 22:10:30
1833710711,Triops,Junsik1223,false,-6,enwiki,2024-10-27 22:10:29
1833710800,Connor Price,108.49.177.166,false,15,enwiki,2024-10-27 22:10:44
1833710712,Sergey Yemelyanov (canoeist),SmartyPants22,false,194,enwiki,2024-10-27 22:10:30
1833710808,Category talk:Namibian musical groups,Tom.Reding,false,52,enwiki,2024-10-27 22:10:46
1833710713,Category talk:Māori mass media,Tom.Reding,false,22,enwiki,2024-10-27 22:10:31
1833710815,2024 Primera Nacional,CodeMars04,false,0,enwiki,2024-10-27 22:10:44
1833710816,Mohammed Mzali,Monkbot,true,1,enwiki,2024-10-27 22:10:45
1833710912,2024 New Orleans Saints season,Astros1962,false,-5,enwiki,2024-10-27 22:11:02
1833711102,"Category:People from Carlton, Nottinghamshire",Ernsanchez00,false,16,enwiki,2024-10-27 22:11:18
1833710914,Category talk:Neoclassical dark wave musical groups,Tom.Reding,false,52,enwiki,2024-10-27 22:11:04
1833711106,Talk:Khan-e Guran,Nythar,false,-70,enwiki,2024-10-27 22:11:18
1833710919,Democratic Coalition (Spain),FCBWanderer,false,-18,enwiki,2024-10-27 22:11:05
1833711113,User:InceptionBot/NewPageSearch/Elections/log,InceptionBot,true,-476,enwiki,2024-10-27 22:11:18
1833711111,Talk:Khafajah,Surayeproject3,false,75,enwiki,2024-10-27 22:11:19
1833711204,Category talk:New Zealand blues musical groups,Tom.Reding,false,128,enwiki,2024-10-27 22:11:24
1833711116,Talk:Kharai-ye Bala,Nythar,false,-70,enwiki,2024-10-27 22:11:19
1833711206,2024 Los Angeles Chargers season,Astros1962,false,-5,enwiki,2024-10-27 22:11:22
1833710901,Template:Taxonomy/Scyliorhinidae,Quetzal1964,false,0,enwiki,2024-10-27 22:11:03
1833711118,Democratic Party (Iceland),PLATEL,false,25,enwiki,2024-10-27 22:11:18
1833710900,Template:Life imprisonment overview,Hairy Dude,false,5,enwiki,2024-10-27 22:11:00
1833711117,Paralyzed Veterans of America,99.8.15.110,false,25,enwiki,2024-10-27 22:11:20
1833710910,Aadhavan (anchor),DareshMohan,false,-326,enwiki,2024-10-27 22:11:03
1833710911,"Talk:Jaghan, Hajjiabad",Nythar,false,-70,enwiki,2024-10-27 22:11:04
1833711007,Talk:Kahnuj-e Bozorg,Nythar,false,-70,enwiki,2024-10-27 22:11:10
358029401,Benutzer:A1000/wolrad,A1000,false,26,dewiki,2024-10-27 22:11:33
1833711307,Bisher Amin Khalil al-Rawi,Monkbot,true,1,enwiki,2024-10-27 22:11:38
358029413,Trzemeszno,Buntwasser,false,778,dewiki,2024-10-27 22:11:42
1833711417,User:AlexNewArtBot/EnergySearchResult,InceptionBot,true,1653,enwiki,2024-10-27 22:11:54
1833711306,Nottingham Forest F.C.,2A02:C7C:56F4:4700:6102:BF3C:EA0E:465E,false,70,enwiki,2024-10-27 22:11:23
358029405,UFOs,Bernd Bergmann,false,0,dewiki,2024-10-27 22:11:38
1833711308,Musnad Ibn Hanbal,39.62.206.38,false,-14,enwiki,2024-10-27 22:11:39
1833711418,European Canadians,Quebec99,false,-14,enwiki,2024-10-27 22:11:48
358029400,Gustav Rödel,Aka,false,-1,dewiki,2024-10-27 22:11:30
1833711310,2024 New England Patriots season,Useight,false,0,enwiki,2024-10-27 22:11:38
358029416,Bruchmühlbach-Miesau,AF666,false,0,dewiki,2024-10-27 22:11:43
1833711419,Category talk:New Zealand musical groups by genre,Tom.Reding,false,22,enwiki,2024-10-27 22:11:56
358029402,Diskussion:Liste von Pfarrhäusern in Bayern,Schaema3,false,472,dewiki,2024-10-27 22:11:35
358029406,Kopftuchmafia,M2k~dewiki,false,35,dewiki,2024-10-27 22:11:39
358029409,Österreichische Badmintonmeisterschaft 2014,Florentyna,false,727,dewiki,2024-10-27 22:11:41
358029418,Militärflugplatz Leźnica Wielka,Aka,false,-1,dewiki,2024-10-27 22:11:45
358029411,SECR-Klasse D,Aka,false,-2,dewiki,2024-10-27 22:11:42
358029417,Wikipedia Diskussion:Hauptseite/Schon gewusst,Nicola,false,202,dewiki,2024-10-27 22:11:38
1833711413,Holy Water (Madonna song),Another Believer,false,-13,enwiki,2024-10-27 22:11:51
358029407,11. Feldartillerie-Brigade (Deutsches Kaiserreich),Aka,false,10,dewiki,2024-10-27 22:11:39
1833711415,User:InceptionBot/NewPageSearch/Energy/log,InceptionBot,true,3914,enwiki,2024-10-27 22:11:55
358029403,Fantic Motor,Pessottino,false,-72,dewiki,2024-10-27 22:11:35
1833711303,Haruki Matsui,Zênite,false,4540,enwiki,2024-10-27 22:11:38
1833711414,Christopher Nkunku,Jhomz947979,false,73,enwiki,2024-10-27 22:11:50
358029404,Joseph Ramsauer,Martin Demel,false,378,dewiki,2024-10-27 22:11:36
1833711305,Talk:Mylothris agathina,Plantdrew,false,1,enwiki,2024-10-27 22:11:40
1833711416,Lew Sapieha,Monkbot,true,3,enwiki,2024-10-27 22:11:52
358029408,Benutzer:Definitiv/wiese bawü,Definitiv,false,-3,dewiki,2024-10-27 22:11:40
358029412,Kansas City Outlaws,Zollernalb,false,6,dewiki,2024-10-27 22:11:42
1833711510,J. Larry Jameson,TJMSmith,false,650,enwiki,2024-10-27 22:12:07
1833711607,List of REO Speedwagon members,109.245.33.242,false,1,enwiki,2024-10-27 22:12:19
1833711803,2025 IndyCar Series,2A01:E0A:916:33B0:6982:C661:1022:1A5E,false,17,enwiki,2024-10-27 22:12:51
1833711511,Rumelia,Regulov,false,-1,enwiki,2024-10-27 22:12:08
1833711802,Talk:Kuh Shah Rural District,Nythar,false,-62,enwiki,2024-10-27 22:12:54
1833711513,Whirr,FMSky,false,3,enwiki,2024-10-27 22:12:09
1833711609,German Environmental Prize,Grimes2,false,-35,enwiki,2024-10-27 22:12:22
1833711512,Misaki,Monkbot,true,1,enwiki,2024-10-27 22:12:07
1833711610,Tamna,Seefooddiet,false,-30,enwiki,2024-10-27 22:12:19
1833711717,Wikipedia:Requested articles/Business and economics,2804:14C:5BB1:9473:E6EC:452A:B17:AB1E,false,33,enwiki,2024-10-27 22:12:36
1833711514,Draft:Edward Watts,Canopica391,false,-847,enwiki,2024-10-27 22:12:09
1833711611,Erika Akiyama,Monkbot,true,1,enwiki,2024-10-27 22:12:22
1833711515,Category talk:Nick Fury in other media,Tom.Reding,false,22,enwiki,2024-10-27 22:12:10
1833711614,The Halifax Academy,Dl2000,false,-2,enwiki,2024-10-27 22:12:22
1833711518,The Boat (2018 film),Dl2000,false,29,enwiki,2024-10-27 22:12:10
1833711613,Deadguy,Aadirulez8,false,-2,enwiki,2024-10-27 22:12:22
1833711503,User talk:Thryduulf,Zinnober9,false,332,enwiki,2024-10-27 22:12:07
1833711516,Walter Hodge,Erincoktem,false,434,enwiki,2024-10-27 22:12:08
1833711615,"Talk:Khvoshabad, Hormozgan",Nythar,false,-70,enwiki,2024-10-27 22:12:24
1833711505,"List of acts of the Parliament of Scotland, 1424–1496",Mauls,false,1295,enwiki,2024-10-27 22:12:05
1833711517,Michelangelo Celesia,Julius Barclay,false,164,enwiki,2024-10-27 22:12:10
1833711616,Category talk:Nintendo DS media files,Tom.Reding,false,22,enwiki,2024-10-27 22:12:24
1833711509,Paddington in Peru,Seinfeld429,false,6,enwiki,2024-10-27 22:12:06
1833711519,Gospel Nights,Ellis408,false,405,enwiki,2024-10-27 22:12:10
1833711600,2024–25 Brooklyn FC (women) season,HavanaHeat,false,3,enwiki,2024-10-27 22:12:17
1833711906,2024 Jacksonville Jaguars season,Bluejay14,false,-5,enwiki,2024-10-27 22:13:02
1833712106,Jamie Andrews,Cardinal Gareth,false,0,enwiki,2024-10-27 22:13:24
1833712201,List of filmed mass shootings,Redennce,false,1316,enwiki,2024-10-27 22:13:28
1833711804,Category talk:Northern Territory musical groups,Tom.Reding,false,54,enwiki,2024-10-27 22:12:55
1833711916,Category talk:Norwegian dark wave musical groups,Tom.Reding,false,52,enwiki,2024-10-27 22:13:06
1833712207,Fifth Settlement,Monkbot,true,1,enwiki,2024-10-27 22:13:31
1833712306,User:AlexNewArtBot/EtymologySearchResult,InceptionBot,true,-1338,enwiki,2024-10-27 22:13:33
1833711805,Arab Islamic Republic,Monkbot,true,1,enwiki,2024-10-27 22:12:53
1833711917,Talk:Tell Uqair,Surayeproject3,false,75,enwiki,2024-10-27 22:13:06
1833712114,Talk:Poshteh Konji,Nythar,false,-70,enwiki,2024-10-27 22:13:25
1833712209,Pow (band),Windborne Rider,false,-69,enwiki,2024-10-27 22:13:31
1833711806,Katseye,Flabshoe1,false,1,enwiki,2024-10-27 22:12:54
1833711914,J. Larry Jameson,TJMSmith,false,87,enwiki,2024-10-27 22:13:05
1833712210,Felek al-Din Dündar,Cplakidas,false,-8,enwiki,2024-10-27 22:13:32
1833712303,John Houghton (martyr),Fylindfotberserk,false,63,enwiki,2024-10-27 22:13:37
1833711807,Cho Gwang-hee,SmartyPants22,false,270,enwiki,2024-10-27 22:12:55
1833711919,Talk:Marzan Dar,Nythar,false,-70,enwiki,2024-10-27 22:13:06
1833712211,"Talk:Rahimabad, Hormozgan",Nythar,false,-70,enwiki,2024-10-27 22:13:33
1833712310,Samir Nasri,Unknown Temptation,false,236,enwiki,2024-10-27 22:13:34
1833711808,2032 Summer Olympics,De Boni 2007,false,-12,enwiki,2024-10-27 22:12:52
1833712119,Kfar Ma'as,Iljhgtn,false,-3,enwiki,2024-10-27 22:13:24
1833711918,Groundhog,Swordsandtequila,false,27,enwiki,2024-10-27 22:13:02
1833712315,Category talk:Norwegian viking metal musical groups,Tom.Reding,false,52,enwiki,2024-10-27 22:13:37
1833712004,Talk:David Essex,Cabbages!123,false,352,enwiki,2024-10-27 22:13:13
1833712100,Talk:Pashagh-e Jadid,Nythar,false,-70,enwiki,2024-10-27 22:13:24
1833712316,"Talk:Saadatabad, Hormozgan",Nythar,false,-70,enwiki,2024-10-27 22:13:38
1833712015,2024 Green Bay Packers season,Useight,false,0,enwiki,2024-10-27 22:13:11
1833711905,Tulkarm Camp,Monkbot,true,1,enwiki,2024-10-27 22:13:03
1833712016,"Talk:Mohammadabad, Hajjiabad",Nythar,false,-70,enwiki,2024-10-27 22:13:15
