1833655001,2024 World Series,Sanchez05,false,-1,enwiki,2024-10-27 19:06:26
1833655207,Talk:Léia Silva,Cewbot,true,-10,enwiki,2024-10-27 19:07:12
1833655412,Qonce,196.41.10.123,false,-430,enwiki,2024-10-27 19:07:41
1833655506,Lviv,38.130.69.147,false,-31,enwiki,2024-10-27 19:07:45
358022610,Vorlage:Zeitleiste Filme und Serien des Star-Wars-Universums,Ephraim33,false,0,dewiki,2024-10-27 19:08:06
1833655710,Hermann Leiningen,Monkbot,true,1,enwiki,2024-10-27 19:08:36
1833655813,User:Yerevantsi/sandbox,Yerevantsi,false,5247,enwiki,2024-10-27 19:08:57
1833655003,Johann August Natterer,Atremari,false,53,enwiki,2024-10-27 19:06:32
1833655104,2024–25 Liga IV,Florin1977,false,6786,enwiki,2024-10-27 19:06:47
1833655209,Template:Miami Dolphins starting quarterback navbox,Yankees10,false,-7,enwiki,2024-10-27 19:07:12
1833655410,Galveston Orphans Home,Oldsanfelipe2,false,129,enwiki,2024-10-27 19:07:43
1833655508,User talk:Sergecross73,Iacowriter,false,277,enwiki,2024-10-27 19:07:57
358022606,Universität Bremen,195.158.98.56,false,56,dewiki,2024-10-27 19:08:00
358022616,Lotterie,Martin Bahmann,false,-289,dewiki,2024-10-27 19:08:11
1833655615,2024–25 FC Schalke 04 season,BundesBerti,false,420,enwiki,2024-10-27 19:08:11
1833655715,Delirium (2013 film),BilletsMauves,false,0,enwiki,2024-10-27 19:08:37
1833655004,Bondigoux,Monkbot,true,1,enwiki,2024-10-27 19:06:30
1833655107,Frank Booth (swimmer),Dcw2003,false,214,enwiki,2024-10-27 19:06:52
1833655210,2024 Houston Astros season,TizonayBabieca,false,66,enwiki,2024-10-27 19:07:04
1833655418,Isheyevo,Monkbot,true,2,enwiki,2024-10-27 19:07:44
1833655510,Talk:Chair of Saint Peter,192.140.152.73,false,209,enwiki,2024-10-27 19:07:59
358022617,Liste geplanter orbitaler Raketenstarts,Leuchtpflaume,false,-443,dewiki,2024-10-27 19:08:10
1833655616,Anti-Zionism,DrunkenJoe,false,-322,enwiki,2024-10-27 19:08:12
1833655719,2024 Pacific hurricane season,45.181.168.6,false,0,enwiki,2024-10-27 19:08:31
1833655803,Talk:M. Lee McClenny,Cewbot,true,-11,enwiki,2024-10-27 19:08:57
1833655005,Talk:Mai Nakamura (synchronized swimmer),Cewbot,true,-10,enwiki,2024-10-27 19:06:33
1833655109,Nineteenth-century theatre,Jean-de-Nivelle,false,-303,enwiki,2024-10-27 19:06:52
1833655213,Ordo Iuris,Monkbot,true,1,enwiki,2024-10-27 19:07:13
1833655417,Sabrina Carpenter discography,MPFitz1968,false,-1,enwiki,2024-10-27 19:07:40
1833655512,Talk:Kristian Kristiansen (archaeologist),Cewbot,true,-12,enwiki,2024-10-27 19:08:00
1833655703,22 July (film),4meter4,false,39,enwiki,2024-10-27 19:08:35
1833655804,2024 Pan Continental Curling Championships,TracyFleuryFan,false,29,enwiki,2024-10-27 19:08:51
1833655009,South Africa women's national under-15 soccer team,Bruce1ee,false,-9,enwiki,2024-10-27 19:06:32
1833655111,Plus-size model,213.31.74.135,false,12,enwiki,2024-10-27 19:06:50
1833655215,List of television stations in France,Dzulfi Ramadhan,false,-4,enwiki,2024-10-27 19:07:12
1833655304,Talk:Krista Franklin,Cewbot,true,-9,enwiki,2024-10-27 19:07:27
1833655400,List of fictional countries set on Earth,LordFalk,false,288,enwiki,2024-10-27 19:07:42
1833655514,Talk:2024 in spaceflight,Narnianknight,false,435,enwiki,2024-10-27 19:07:59
1833655704,User talk:FokkerTISM,B-bot,true,1108,enwiki,2024-10-27 19:08:35
1833655807,"Garrigues, Hérault",Monkbot,true,1,enwiki,2024-10-27 19:08:56
1833655008,Neo Souli,Monkbot,true,1,enwiki,2024-10-27 19:06:34
1833655216,Wikipedia:Administrators' noticeboard,SuperMarioMan,false,531,enwiki,2024-10-27 19:07:10
1833655305,Category:Films set in summer camps,4meter4,false,353,enwiki,2024-10-27 19:07:29
1833655403,Talk:Camponotus johnsoni,Plantdrew,false,10,enwiki,2024-10-27 19:07:43
1833655516,Lamellar ichthyosis,Ozzie10aaaa,false,-1,enwiki,2024-10-27 19:08:00
358022607,Kurt Schreiber (SS-Mitglied),Unicard-ic,false,-3,dewiki,2024-10-27 19:08:04
1833655705,List of current NCAA Division I FBS football coaches,Bbrian13,false,0,enwiki,2024-10-27 19:08:32
1833655808,3rd Parliament of the Province of Canada,2607:FEA8:53D9:CC00:882C:DFE4:B8CF:D6B3,false,1,enwiki,2024-10-27 19:08:58
1833655018,Talk:Viking ship,Teague W. Sullivan,false,-48,enwiki,2024-10-27 19:06:34
1833655112,Yakovlev Yak-24,Monkbot,true,1,enwiki,2024-10-27 19:06:53
1833655200,Amalric of Nesle,Surtsicna,false,-18,enwiki,2024-10-27 19:07:10
1833655217,Richard Lewis (comedian),98.123.38.211,false,18,enwiki,2024-10-27 19:07:13
1833655310,Category talk:Danish landscape painters,Simeon,false,44,enwiki,2024-10-27 19:07:29
1833655405,User talk:HmaLiab,FireflyBot,true,780,enwiki,2024-10-27 19:07:44
1833655518,Disney Adventure,CANthony0125,false,0,enwiki,2024-10-27 19:08:00
1833655602,Talk:Martin Švec (squash player),Cewbot,true,-11,enwiki,2024-10-27 19:08:15
1833655809,Sherrone Moore,Erik255,false,0,enwiki,2024-10-27 19:08:59
1833655019,Template:Mauritania national football team,محمد أمين الطرابلسي,false,-16,enwiki,2024-10-27 19:06:36
1833655115,Talk:Mark Mellett,Cewbot,true,-9,enwiki,2024-10-27 19:06:54
1833655205,Roman currency,BorgQueen,false,36,enwiki,2024-10-27 19:07:09
1833655311,Draft:Dr.Mohamed Elzawawy,Ali.elzwawy2010,false,88,enwiki,2024-10-27 19:07:28
1833655404,Robert Levy (physician),Psychologist Guy,false,18,enwiki,2024-10-27 19:07:44
358022612,Benutzer Diskussion:HistorianoftheMarch,Ankermast,false,469,dewiki,2024-10-27 19:08:08
1833655706,Mike Amesbury,89.243.51.255,false,35,enwiki,2024-10-27 19:08:35
1833655810,Blues Image,RockNWrite82,false,36,enwiki,2024-10-27 19:09:00
1833655000,Talk:Marthinus Bekker,Cewbot,true,-11,enwiki,2024-10-27 19:06:30
1833655101,His & Hers (upcoming TV series),78.190.209.244,false,0,enwiki,2024-10-27 19:06:50
1833655116,Arts and Crafts Society of Ireland,Kafash 1989,false,32,enwiki,2024-10-27 19:06:55
1833655206,Vallon-Pont-d'Arc,Monkbot,true,1,enwiki,2024-10-27 19:07:09
1833655409,Weststadt (Braunschweig),Monke4real,false,23,enwiki,2024-10-27 19:07:43
358022609,King Von,Mop66,false,729,dewiki,2024-10-27 19:08:03
358022613,Raisio,Scholless,false,48,dewiki,2024-10-27 19:08:08
1833655612,Mark Twain's America,Bearcat,false,80,enwiki,2024-10-27 19:08:16
1833655707,Talk:Kristle Murden,Cewbot,true,-11,enwiki,2024-10-27 19:08:36
1833655811,Talk:Margaret Lennan,Cewbot,true,-12,enwiki,2024-10-27 19:09:00
1833655100,Wikipedia talk:Did you know,Crisco 1492,false,331,enwiki,2024-10-27 19:06:46
1833655117,Retro (New Order album),RockNWrite82,false,31,enwiki,2024-10-27 19:06:56
1833655411,Justin Lonwijk,SunnyTango,false,0,enwiki,2024-10-27 19:07:44
1833655501,"Christ the King Statue, Świebodzin",Monkbot,true,1,enwiki,2024-10-27 19:07:57
1833655613,Curse of Snakes Valley,Monkbot,true,1,enwiki,2024-10-27 19:08:15
1833655708,Wikipedia:WikiProject Resource Exchange/Resource Request,Moribundum,false,1630,enwiki,2024-10-27 19:08:33
1833655812,USS Gyatt,Arjayay,false,-4,enwiki,2024-10-27 19:09:00
1833655815,CSR Ziyang SDA1,171.226.45.214,false,4,enwiki,2024-10-27 19:09:01
1833655904,Castillon-en-Couserans,Monkbot,true,1,enwiki,2024-10-27 19:09:23
1833656003,Talk:Konstantinos Mintziras,Cewbot,true,-12,enwiki,2024-10-27 19:09:45
1833655816,Boisse,Monkbot,true,1,enwiki,2024-10-27 19:09:00
1833656004,2024–25 Egyptian Second Division A,Ben5218,false,0,enwiki,2024-10-27 19:09:44
1833655817,Marcus Rashford,TheRowdyruffBoys,false,0,enwiki,2024-10-27 19:08:54
1833655909,Disappearance of Walter Collins,Dimadick,false,31,enwiki,2024-10-27 19:09:26
1833656006,Minerva Bunkering,Jasmin Jonathan,false,-12,enwiki,2024-10-27 19:09:45
1833655818,2024 Nova Scotia general election,70.54.64.37,false,45,enwiki,2024-10-27 19:09:00
1833655911,User talk:Scarce,B-bot,true,1098,enwiki,2024-10-27 19:09:27
1833656007,Bacheh Darreh,Brightkingdom,false,140,enwiki,2024-10-27 19:09:45
1833655819,Talk:Markus Tressel,Cewbot,true,-24,enwiki,2024-10-27 19:09:03
1833655910,User:Iaof2017/sandbox14,Iaof2017,false,121,enwiki,2024-10-27 19:09:27
1833655912,Talk:Lachlan Sholl,Cewbot,true,-10,enwiki,2024-10-27 19:09:27
358022700,Benutzer:Jameskrug/Avenue de La Motte-Picquet,Jameskrug,false,398,dewiki,2024-10-27 19:09:48
1833655901,Draft:Murdena Marshall,Smallison,false,291,enwiki,2024-10-27 19:09:24
1833655913,User talk:300000kmpersecond,300000kmoersecond,false,240,enwiki,2024-10-27 19:09:27
1833655902,Cruachan (band),SnivyLink2,false,6,enwiki,2024-10-27 19:09:25
1833655914,"Ruda, Pisz County",Monkbot,true,1,enwiki,2024-10-27 19:09:27
1833655916,List of the Beatles' instruments,AnomieBOT,true,18,enwiki,2024-10-27 19:09:27
358022701,Thomas Ketelsen,Karl-Heinz&Emma,false,4,dewiki,2024-10-27 19:09:49
1833655903,Maximilien Robespierre,ToBeFree,false,-23,enwiki,2024-10-27 19:09:10
1833655917,Robert Andrews Millikan,H2so4aq,false,202,enwiki,2024-10-27 19:09:26
1833656002,User:Miranrada1983/sandbox,Miranrada1983,false,143,enwiki,2024-10-27 19:09:44
1833656102,Talk:Marie-Claude Chappuis,Cewbot,true,-11,enwiki,2024-10-27 19:10:03
1833656217,Paréac,Monkbot,true,1,enwiki,2024-10-27 19:10:22
358022713,Benutzer Diskussion:JiaqiDerKrasse,Ankermast,false,482,dewiki,2024-10-27 19:10:01
1833656107,German Occupation Medals,Monkbot,true,1,enwiki,2024-10-27 19:10:03
1833656218,Adele in Munich,Oroborvs,false,-1,enwiki,2024-10-27 19:10:21
358022714,Wikipedia:Vandalismusmeldung,SlartibErtfass der bertige,false,337,dewiki,2024-10-27 19:10:00
1833656109,Abraham Golan,BoyTheKingCanDance,false,-6,enwiki,2024-10-27 19:10:04
1833656219,Talk:Mario Hodžić,Cewbot,true,-14,enwiki,2024-10-27 19:10:24
1833656110,Talk:Resonance,Chetvorno,false,152,enwiki,2024-10-27 19:10:03
358022705,AddThis,Eriosw,false,45,dewiki,2024-10-27 19:09:54
358022718,Józef Antoni Poniatowski,83.32.170.22,false,0,dewiki,2024-10-27 19:10:05
358022716,Rioni,Josef J. Jarosch,false,-1,dewiki,2024-10-27 19:10:02
1833656202,Talk:Lee Uk-bae,Cewbot,true,36,enwiki,2024-10-27 19:10:21
358022710,Burg Tierberg,Willibaldus,false,392,dewiki,2024-10-27 19:09:58
1833656204,Talk:Cellular extensions,Iztwoz,false,237,enwiki,2024-10-27 19:10:21
1833656100,User:AmandaNP/UAA/Time,DeltaQuadBot,true,0,enwiki,2024-10-27 19:10:04
358022712,Zapopan,Scholless,false,51,dewiki,2024-10-27 19:10:00
1833656101,Pressure vessel,Pbsouthwood,false,-171,enwiki,2024-10-27 19:10:00
1833656211,List of Canadian electoral districts (1947–1952),Masterhatch,false,63,enwiki,2024-10-27 19:10:22
1833656304,Kuyantayevo,Monkbot,true,2,enwiki,2024-10-27 19:10:46
1833656310,Charles Christian Reisen,Atremari,false,43,enwiki,2024-10-27 19:10:47
1833656311,Geoffrey Hinton,Maxeto0910,false,0,enwiki,2024-10-27 19:10:42
1833656313,Wikipedia:Miscellany for deletion/User:Marine 69-71/Autographs,Mztourist,false,245,enwiki,2024-10-27 19:10:48
1833656312,Blues Image,RockNWrite82,false,-21,enwiki,2024-10-27 19:10:48
1833656314,Talk:Lottie Lion,Cewbot,true,-12,enwiki,2024-10-27 19:10:48
1833656315,List of storms named Lane,Drdpw,false,20,enwiki,2024-10-27 19:10:49
1833656319,National Register of Historic Places listings in Mississippi,Ktkvtsh,false,309,enwiki,2024-10-27 19:10:49
1833656409,Antonio Ferrigno,Simeon,false,14,enwiki,2024-10-27 19:11:06
1833656301,Step Up to the Microphone,TMD East-West,false,-90,enwiki,2024-10-27 19:10:45
1833656416,Salt Creek,Bkonrad,false,-31,enwiki,2024-10-27 19:11:07
1833656302,Kidsongs,2600:1001:B1C2:C2E3:FC86:FB9D:A2B6:65A6,false,-1209,enwiki,2024-10-27 19:10:41
1833656504,Talk:Per Stridfeldt,Cewbot,true,6,enwiki,2024-10-27 19:11:27
1833656709,Talk:List of Canadian electoral districts (1933–1947),Masterhatch,false,21,enwiki,2024-10-27 19:12:06
1833656510,Francesco Fidanza,Simeon,false,14,enwiki,2024-10-27 19:11:27
1833656710,Ian Pino,185.132.92.146,false,1,enwiki,2024-10-27 19:12:04
1833656812,Royal Thomian Regatta,Hrhjanjay,false,1070,enwiki,2024-10-27 19:12:27
1833656712,Talk:Ronald Torreyes,Cewbot,true,-10,enwiki,2024-10-27 19:12:06
1833656814,Small Magellanic Cloud,Gordon Panther,false,78,enwiki,2024-10-27 19:12:25
1833656513,"Elliot, South Africa",196.41.10.123,false,-26,enwiki,2024-10-27 19:11:26
1833656713,Chamber Music (film),Monkbot,true,1,enwiki,2024-10-27 19:12:06
1833656813,Maximilien Robespierre,ToBeFree,false,23,enwiki,2024-10-27 19:12:11
1833656514,Pomeranian Voivodeship,Monkbot,true,2,enwiki,2024-10-27 19:11:24
1833656602,Vangelis Protopapas,Monkbot,true,1,enwiki,2024-10-27 19:11:44
1833656714,Jacek Koman,Arjayay,false,-3,enwiki,2024-10-27 19:12:06
1833656815,Mike Amesbury,Augmented Seventh,false,-30,enwiki,2024-10-27 19:12:26
1833656519,Mahendra Perera,NireshaJAththa,false,-37,enwiki,2024-10-27 19:11:27
1833656604,Talk:Paul Pieris,Cewbot,true,0,enwiki,2024-10-27 19:11:45
1833656716,Yoshihiko Noda,2607:FEA8:2D43:D700:AC2B:A899:5E1E:C6E7,false,10,enwiki,2024-10-27 19:12:05
1833656800,Praxeas,Monkbot,true,1,enwiki,2024-10-27 19:12:24
1833656817,Motel California (TV series),Darwisya,false,-43,enwiki,2024-10-27 19:12:27
1833656603,Mike Amesbury,45.150.12.80,false,30,enwiki,2024-10-27 19:11:42
1833656717,Chan Sze Chi,Knitsey,false,-29,enwiki,2024-10-27 19:12:06
1833656802,Talk:Rodah Lyali,Cewbot,true,-10,enwiki,2024-10-27 19:12:24
1833656818,Akchernsky,Monkbot,true,1,enwiki,2024-10-27 19:12:27
1833656614,Fatah,JJMC89 bot,true,-31,enwiki,2024-10-27 19:11:40
1833656702,Blues Image,RockNWrite82,false,-13,enwiki,2024-10-27 19:12:04
1833656803,Wikipedia:Templates for discussion/Log/2024 October 27,Gonnym,false,-1,enwiki,2024-10-27 19:12:25
1833656819,Talk:Minyong Kim,Cewbot,true,-16,enwiki,2024-10-27 19:12:27
1833656501,TimedText:Metropolis (1927).webm.tr.srt,Osmansbyk,false,1232,enwiki,2024-10-27 19:11:27
1833656615,User talk:MysticCipher87(alt-account),B-bot,true,1094,enwiki,2024-10-27 19:11:47
1833656719,Pari Khan Khanum,Amir Ghandi,false,6,enwiki,2024-10-27 19:12:06
1833656804,Template:Birmingham Squadron current roster,Koolcatz34,false,428,enwiki,2024-10-27 19:12:25
1833656503,White House Farm murders,EEng,false,18,enwiki,2024-10-27 19:11:24
1833656708,User:Jroberson108/common.js,Jroberson108,false,-4,enwiki,2024-10-27 19:12:06
1833656808,Draft:Grupp Tamm,Dencoolast33,false,391,enwiki,2024-10-27 19:12:26
1833656914,History of Key West,Bronson Fotiadis1,false,2,enwiki,2024-10-27 19:12:45
1833657015,Talk:Michaela Lucie Hanzlíková,Cewbot,true,-11,enwiki,2024-10-27 19:13:06
1833656915,Brian Kelly (American football coach),Erik255,false,0,enwiki,2024-10-27 19:12:41
358022803,Das sogenannte Böse,Alfred Heiligenbrunner,false,1130,dewiki,2024-10-27 19:12:51
358022805,Andrea Arcangeli,Drahreg01,false,-22,dewiki,2024-10-27 19:12:55
358022811,Drummy,M2k~dewiki,false,225,dewiki,2024-10-27 19:12:58
1833657017,Understand Me,177.240.107.57,false,8,enwiki,2024-10-27 19:13:05
1833656902,Mordechai Schlein,The Blue Rider,false,78,enwiki,2024-10-27 19:12:44
1833656918,Talk:Mikayla Pirini,Cewbot,true,-15,enwiki,2024-10-27 19:12:48
1833657019,Dennis S. Charney,Middleground1,false,-376,enwiki,2024-10-27 19:13:04
1833656905,Summer Girl (1983 film),LemonPumpkin,false,-2,enwiki,2024-10-27 19:12:45
358022802,Schwefelkalk,Phzh,false,44,dewiki,2024-10-27 19:12:49
358022804,Wer ohne Schuld ist,92.211.169.29,false,45,dewiki,2024-10-27 19:12:51
1833656904,Fairy Tail: 100 Years Quest,SubZeroSilver,false,17,enwiki,2024-10-27 19:12:43
1833656919,Saint-Gély-du-Fesc,Monkbot,true,1,enwiki,2024-10-27 19:12:46
358022808,Wikipedia:WikiProjekt Naturschutz in Österreich/Status/Naturdenkmale,Krdbot,true,0,dewiki,2024-10-27 19:12:53
1833656907,Wikipedia:Deletion review/Log/2024 October 27,AnomieBOT,true,290,enwiki,2024-10-27 19:12:45
358022815,Liste von Auslandshilfen für die Ukraine seit 2014,Bisam,false,10,dewiki,2024-10-27 19:12:47
358022800,Grevesmühlen,Seelower,false,25,dewiki,2024-10-27 19:12:44
358022809,Wikipedia:WikiProjekt Frauen/Frauen in Rot/Fehlende Artikel nach Tätigkeit/Bühnenschauspielerinnen,TaxonBot,true,3256,dewiki,2024-10-27 19:12:08
1833657000,User:Moritaka Sofujinia/sandbox,Moritaka Sofujinia,false,205,enwiki,2024-10-27 19:13:03
1833656909,Talk:Milan Zelenka,Cewbot,true,-9,enwiki,2024-10-27 19:12:45
1833657001,Bavarian Group Administration,Kafash 1989,false,50,enwiki,2024-10-27 19:13:05
358022801,Benutzer:Auge=mit/Schreibstube...,Auge=mit,false,21,dewiki,2024-10-27 19:12:47
1833657004,Dimitrios Souanis,Monkbot,true,1,enwiki,2024-10-27 19:13:05
1833657108,Talk:Renée Van Halm,Cewbot,true,0,enwiki,2024-10-27 19:13:24
1833657212,Mordechai Schlein,The Blue Rider,false,-3,enwiki,2024-10-27 19:13:49
1833657109,User:Itsameahmahyriohowisthisaalreadyainausaidontageteetermwhatthesigmarusherusherushe/sandbox,Itsameahmahyriohowisthisaalreadyainausaidontageteetermwhatthesigmarusherusherushe,false,242,enwiki,2024-10-27 19:13:24
1833657214,General Booty,Moneytrees,false,-4,enwiki,2024-10-27 19:13:49
1833657115,Understand Me,177.240.107.57,false,4,enwiki,2024-10-27 19:13:24
1833657218,Names of the Croats and Croatia,Gonnym,false,91,enwiki,2024-10-27 19:13:48
1833657202,User talk:Zippybonzo,ClueBot III,true,-22865,enwiki,2024-10-27 19:13:48
1833657205,"Ore City, Texas",No No No No Name fu,false,355,enwiki,2024-10-27 19:13:46
1833657103,Le Brethon,Monkbot,true,1,enwiki,2024-10-27 19:13:21
1833657204,Říčky v Orlických horách,Monkbot,true,1,enwiki,2024-10-27 19:13:46
1833657206,Caught Inside (film),Missclaireallen,false,-15,enwiki,2024-10-27 19:13:47
1833657105,Jeremy Buendia,Lepricavark,false,36,enwiki,2024-10-27 19:13:23
1833657207,Talk:Rebecca Macfie,Cewbot,true,-10,enwiki,2024-10-27 19:13:48
1833657208,Alden Richards,Melodyrific,false,2,enwiki,2024-10-27 19:13:42
1833657211,User talk:Nordisk Plus,Esolo5002,false,219,enwiki,2024-10-27 19:13:49
1833657312,Rodeo Rock,Anne8Ko,false,1358,enwiki,2024-10-27 19:14:07
1833657407,User talk:Jayen466,DaWalda,false,272,enwiki,2024-10-27 19:14:22
1833657419,Kerri-Anne Dooley,Moondragon21,false,370,enwiki,2024-10-27 19:14:26
1833657505,Talk:Richard Sedláček,Cewbot,true,-11,enwiki,2024-10-27 19:14:42
1833657313,Mike Amesbury,184.152.68.190,false,-10,enwiki,2024-10-27 19:14:07
1833657408,Miss Universe 1961,Sciencefish,false,202,enwiki,2024-10-27 19:14:20
1833657302,2020–21 Idaho State Bengals men's basketball team,Moist hammer,false,309,enwiki,2024-10-27 19:14:04
1833657314,Tashmuryn,Monkbot,true,2,enwiki,2024-10-27 19:14:08
1833657409,Kutluguza,Monkbot,true,2,enwiki,2024-10-27 19:14:23
1833657303,Until I Kill You,2A00:23C8:1780:2401:6996:E95F:DD7B:1262,false,3,enwiki,2024-10-27 19:14:05
1833657315,Talk:Ross Wright (rugby union),Cewbot,true,-10,enwiki,2024-10-27 19:14:09
1833657410,Recreational use of nitrous oxide,Maxeto0910,false,-1,enwiki,2024-10-27 19:14:21
1833657305,Mir (television company),Monkbot,true,2,enwiki,2024-10-27 19:14:04
1833657411,Metaphor: ReFantazio,Buh6173,false,-43,enwiki,2024-10-27 19:14:23
1833657304,National Yang-Ming University,Wanderreich,false,35,enwiki,2024-10-27 19:14:05
1833657412,Talk:Phaedra Parks,Cewbot,true,-12,enwiki,2024-10-27 19:14:24
1833657306,Talk:Park Je-un,Cewbot,true,-12,enwiki,2024-10-27 19:14:06
1833657400,Battle of Manners Street,Wainuiomartian,false,-1,enwiki,2024-10-27 19:14:21
1833657413,Tanveer Evan,GrabUp,false,472,enwiki,2024-10-27 19:14:24
1833657307,User:KylieTastic/AfC log,KylieTastic,false,134,enwiki,2024-10-27 19:14:02
1833657402,User talk:Bro The Man,Bro The Man,false,126,enwiki,2024-10-27 19:14:22
1833657414,Cheadle Hulme,10mmsocket,false,40,enwiki,2024-10-27 19:14:23
1833657500,Deputy cup-bearer,Monkbot,true,2,enwiki,2024-10-27 19:14:40
1833657308,2024 Alabama Crimson Tide football team,Rolltide pisco,false,0,enwiki,2024-10-27 19:13:59
1833657405,Transgender history in the United States,Willthacheerleader18,false,534,enwiki,2024-10-27 19:14:18
1833657416,User:KylieTastic/AfC log,KylieTastic,false,323,enwiki,2024-10-27 19:14:21
1833657501,Michael Baume,ITBF,false,-9,enwiki,2024-10-27 19:14:40
1833657506,Jakob Vester,SunnyTango,false,-430,enwiki,2024-10-27 19:14:43
1833657519,2024 in film,135.19.118.100,false,0,enwiki,2024-10-27 19:14:34
1833657610,2021 Old Trafford protests,Chrism,false,11,enwiki,2024-10-27 19:15:04
358022906,Moshe Lifshits,2A01:599:742:C4AA:5D32:7C40:5C99:DB4E,false,264,dewiki,2024-10-27 19:15:21
358022909,Wikipedia:Vandalismusmeldung,Sänger,false,354,dewiki,2024-10-27 19:15:27
358022911,Priit Kuusk,Ben Nevis,false,73,dewiki,2024-10-27 19:15:31
1833657507,List of New York Institute of Technology alumni,Crampcomes,false,41,enwiki,2024-10-27 19:14:38
1833657611,"Ostrowąs, West Pomeranian Voivodeship",Monkbot,true,1,enwiki,2024-10-27 19:15:04
1833657713,Joe Gold,Lepricavark,false,36,enwiki,2024-10-27 19:15:21
1833657508,Chang Liang-jen,GuardianH,false,330,enwiki,2024-10-27 19:14:42
1833657613,Jim Morris (bodybuilder),Lepricavark,false,36,enwiki,2024-10-27 19:15:05
1833657712,Template talk:Sticky header,George Ho,false,253,enwiki,2024-10-27 19:15:20
358022916,Evangelische Kirche Michelbach (Aarbergen),Chris06,false,40,dewiki,2024-10-27 19:15:36
1833657509,List of women's international rugby union test matches,PotatoNerd,false,6,enwiki,2024-10-27 19:14:34
1833657614,Jon Brown (weightlifter),MoviesandTelevisionFan,false,-32,enwiki,2024-10-27 19:15:03
1833657715,Talk:Najat Maalla M'jid,Cewbot,true,-11,enwiki,2024-10-27 19:15:21
1833657812,Talk:Oliver Kaczmarek,Cewbot,true,-24,enwiki,2024-10-27 19:15:36
1833657512,Transgender history in the United States,Willthacheerleader18,false,1,enwiki,2024-10-27 19:14:39
1833657615,Rajput,Dympies,false,1331,enwiki,2024-10-27 19:14:58
1833657700,User:DreamRimmer bot/Redirects.json,DreamRimmer bot,true,5,enwiki,2024-10-27 19:15:19
1833657716,User:AssociateAffiliate,AssociateAffiliate,false,20,enwiki,2024-10-27 19:15:21
358022914,Pallium,Forgetit,false,-4,dewiki,2024-10-27 19:15:32
1833657813,Kishka (food),Monkbot,true,2,enwiki,2024-10-27 19:15:35
1833657514,Talk:Ralf Hildenbeutel,Cewbot,true,-12,enwiki,2024-10-27 19:14:45
1833657600,BBC Radio 2,Openmy,false,-153,enwiki,2024-10-27 19:14:59
1833657701,Talk:Mickie Yoshino,Cewbot,true,-10,enwiki,2024-10-27 19:15:18
1833657717,St. Florian's Gate,Monkbot,true,1,enwiki,2024-10-27 19:15:22
358022910,Himalaya-Fischuhu,Earwig,false,442,dewiki,2024-10-27 19:15:30
1833657814,2024 WDF calendar,Raymond Cruise,false,171,enwiki,2024-10-27 19:15:25
1833657515,Cambodian Freedom Fighters,Lightiggy,false,201,enwiki,2024-10-27 19:14:44
358022900,Himalaya-Fischuhu,Earwig,false,314,dewiki,2024-10-27 19:15:13
1833657706,Corpse Bride,2601:902:C381:8250:6837:B80:1C20:1A33,false,-12,enwiki,2024-10-27 19:15:16
1833657718,2024 U23 World Wrestling Championships – Men's freestyle 57 kg,82.125.187.127,false,24,enwiki,2024-10-27 19:15:21
1833657818,"Cuozzo Speed Technologies, LLC v. Lee",Lethargilistic,false,40,enwiki,2024-10-27 19:15:37
1833657516,"Piermont, New York",Animas2024,false,44,enwiki,2024-10-27 19:14:44
1833657602,Theodor von Dufving,Mercer17,false,-1,enwiki,2024-10-27 19:15:03
1833657617,James Hall (paleontologist),2600:6C67:2E7F:EC5D:8B3:F4BB:4251:2C0A,false,-1,enwiki,2024-10-27 19:15:04
358022905,Friedrich Remde (Admiral),Asperatus,false,557,dewiki,2024-10-27 19:15:21
1833657817,House on Haunted Hill (1999 film),Drown Soda,false,2323,enwiki,2024-10-27 19:15:35
1833657517,Hitte,Monkbot,true,1,enwiki,2024-10-27 19:14:43
1833657604,Talk:Ricky Young,Cewbot,true,-9,enwiki,2024-10-27 19:15:03
358022901,Seth Raynor,Drahreg01,false,0,dewiki,2024-10-27 19:15:14
1833657707,Michael Baume,ITBF,false,3,enwiki,2024-10-27 19:15:20
358022915,Lozi,Alossola,false,-1,dewiki,2024-10-27 19:15:34
1833657518,Pristina Incident (1999),BoyTheKingCanDance,false,44,enwiki,2024-10-27 19:14:45
1833657607,Cheadle Hulme,10mmsocket,false,-34,enwiki,2024-10-27 19:15:02
1833657710,Castelnau-le-Lez,Monkbot,true,1,enwiki,2024-10-27 19:15:18
1833657819,Elsie Stevens,Finlay McWalter,false,63,enwiki,2024-10-27 19:15:37
1833657915,Talk:Paul Graham Wilson,Cewbot,true,-9,enwiki,2024-10-27 19:15:51
1833658015,Słupsk County,Monkbot,true,2,enwiki,2024-10-27 19:16:07
1833658119,Draft:Thomas Jones Enright,Wbm1058,false,-5,enwiki,2024-10-27 19:16:27
1833658016,Kageki Shojo!!,SimonLagann,false,-234,enwiki,2024-10-27 19:16:06
358022918,Musik-Museum Beeskow,ArthurMcGill,false,-8,dewiki,2024-10-27 19:15:39
1833658001,User:Ikeshut2/sandbox6,Ikeshut2,false,8,enwiki,2024-10-27 19:16:05
358022919,Leo Assenmacher,Tfjt,false,4,dewiki,2024-10-27 19:15:39
1833658007,Prince Friedrich Leopold of Prussia,Monkbot,true,1,enwiki,2024-10-27 19:16:04
1833657901,Fourth Child,TeenAngels1234,false,4,enwiki,2024-10-27 19:15:48
1833658008,Talk:Mwalutshe Bwadi,Cewbot,true,12,enwiki,2024-10-27 19:16:06
1833658100,Phú Mỹ Hưng,HebabeSE,false,219,enwiki,2024-10-27 19:16:23
1833657906,Hudson County Interscholastic League,Kafash 1989,false,67,enwiki,2024-10-27 19:15:50
1833658009,Andrew Nien-dzu Yang,GuardianH,false,203,enwiki,2024-10-27 19:16:05
1833658108,Talk:Roz Rothstein,Cewbot,true,38,enwiki,2024-10-27 19:16:24
1833657905,Perverts (album),Andreneer79790,false,4,enwiki,2024-10-27 19:15:49
1833658010,"16th (Service) Battalion, Rifle Brigade (St Pancras)",Rickfive,false,44,enwiki,2024-10-27 19:16:08
1833657909,2024 Rolex Paris Masters,Yimingbao,false,21,enwiki,2024-10-27 19:15:50
1833658011,Nizhal (film),2.50.250.129,false,47,enwiki,2024-10-27 19:16:07
1833658109,Under Salt Marsh,2A00:23C8:1780:2401:6996:E95F:DD7B:1262,false,51,enwiki,2024-10-27 19:16:24
1833657910,Balloon (2018 film),Phantom Oficiall,false,-52,enwiki,2024-10-27 19:15:50
1833658013,Perverts (album),Andreneer79790,false,-3,enwiki,2024-10-27 19:16:07
1833658110,Flyer (bus service),HeyI'mAmethyst,false,81,enwiki,2024-10-27 19:16:24
1833657912,Terrell May,Robinson Drinkald,false,241,enwiki,2024-10-27 19:15:50
1833658014,Timgad,2600:100A:B0C1:AA32:C4DA:AD8E:A0DC:699A,false,1,enwiki,2024-10-27 19:16:04
1833658118,Wikipedia:New pages patrol/Reports/Easy reviews,SDZeroBot,true,-307,enwiki,2024-10-27 19:16:25
1833658202,Ken Niumatalolo,Erik255,false,0,enwiki,2024-10-27 19:16:41
1833658316,2024–25 ISU Grand Prix of Figure Skating,Bgsu98,false,10,enwiki,2024-10-27 19:17:03
1833658209,Union of Polish Patriots,Monkbot,true,2,enwiki,2024-10-27 19:16:45
1833658210,Antonio Leto,Simeon,false,14,enwiki,2024-10-27 19:16:45
1833658300,Wikipedia:Featured picture candidates/Andromeda Galaxy panorama,Hilst,false,217,enwiki,2024-10-27 19:17:06
1833658211,Template:The Voice (U.S.),76.188.148.225,false,-6,enwiki,2024-10-27 19:16:46
1833658303,Wikipedia:Featured pictures,Hilst,false,37,enwiki,2024-10-27 19:17:05
1833658212,Talk:Nikolaos Tsiavdaris,Cewbot,true,-12,enwiki,2024-10-27 19:16:45
1833658304,Template:Announcements/New featured content,Hilst,false,19,enwiki,2024-10-27 19:17:06
1833658213,2024–25 ISU Grand Prix of Figure Skating,Bgsu98,false,222,enwiki,2024-10-27 19:16:42
1833658311,Talk:Rome in Silver,Cewbot,true,-12,enwiki,2024-10-27 19:17:06
1833658310,Wikipedia:Featured pictures thumbs/82,Hilst,false,84,enwiki,2024-10-27 19:17:06
1833658214,2024 U23 World Wrestling Championships,82.125.187.127,false,0,enwiki,2024-10-27 19:16:40
1833658313,Rubén Baraja,Saintandy7,false,0,enwiki,2024-10-27 19:17:03
1833658216,Taylan May,Robinson Drinkald,false,219,enwiki,2024-10-27 19:16:46
1833658314,User talk:Nyttend,Sir MemeGod,false,580,enwiki,2024-10-27 19:17:06
1833658201,Johnnie Walker (DJ),Openmy,false,-198,enwiki,2024-10-27 19:16:42
1833658315,Wikipedia:Goings-on,Hilst,false,100,enwiki,2024-10-27 19:17:06
1833658502,Talk:Pearl Jansen,Cewbot,true,1,enwiki,2024-10-27 19:17:42
1833658518,Sausage Party: Foodtopia,Notwally,false,-54,enwiki,2024-10-27 19:17:44
1833658505,Guinea-Bissau national football team,41.246.129.147,false,18,enwiki,2024-10-27 19:17:30
1833658519,Kindler syndrome,Ozzie10aaaa,false,-56,enwiki,2024-10-27 19:17:45
1833658416,James Hall (paleontologist),Crazycomputers,false,19,enwiki,2024-10-27 19:17:24
1833658509,Johnny Kemper,Lepricavark,false,35,enwiki,2024-10-27 19:17:43
1833658418,Fox Entertainment Group,2804:18:1120:A0DE:1802:4F2A:D6FD:3DE9,false,-79,enwiki,2024-10-27 19:17:23
1833658419,2024–25 Liga 3 (Portugal),Secretaria,false,-80,enwiki,2024-10-27 19:17:24
1833658511,Miss World 2025,TaliaPeace,false,-548,enwiki,2024-10-27 19:17:42
1833658513,2024–25 in Libyan football,EpicAdventurer,false,17,enwiki,2024-10-27 19:17:44
1833658514,Ismail al-Faruqi,DrunkenJoe,false,203,enwiki,2024-10-27 19:17:41
1833658515,Destruction of Kalisz,Monkbot,true,1,enwiki,2024-10-27 19:17:44
1833658516,Talk:Rolf Baumann,Cewbot,true,-9,enwiki,2024-10-27 19:17:45
1833658517,User:AssociateAffiliate,AssociateAffiliate,false,98,enwiki,2024-10-27 19:17:44
1833658612,Kunějovice,Monkbot,true,1,enwiki,2024-10-27 19:18:02
1833658712,Onicha Olona,102.90.49.196,false,1584,enwiki,2024-10-27 19:18:24
358023011,Eckhard Freise,KukiHaki,false,3156,dewiki,2024-10-27 19:18:37
1833658806,Manny Diaz (American football),Erik255,false,0,enwiki,2024-10-27 19:18:38
358023017,Reichstagspräsident (Deutschland),Duschgeldrache2,false,47,dewiki,2024-10-27 19:18:44
1833658611,Bourne (surname),Moondragon21,false,43,enwiki,2024-10-27 19:18:04
1833658701,The Floor (American game show),2601:40A:280:4160:A16B:4C51:7020:451D,false,5,enwiki,2024-10-27 19:18:18
1833658714,Talk:Diana Edwards-Jones,EnthusiastWorld37,false,25,enwiki,2024-10-27 19:18:25
1833658807,Talk:Patrícia Esparteiro,Cewbot,true,-14,enwiki,2024-10-27 19:18:39
1833658613,Our Flag Means Death,Churrisimo,false,1,enwiki,2024-10-27 19:17:56
1833658702,Talk:Michele Martina,Cewbot,true,-16,enwiki,2024-10-27 19:18:21
1833658713,Georgios Arestis,Monkbot,true,1,enwiki,2024-10-27 19:18:25
1833658808,Eric Rohmann,RockRiverTree,false,1074,enwiki,2024-10-27 19:18:39
1833658600,Wikipedia:Categories for discussion/Log/2024 October 26,Tijd-jp,false,207,enwiki,2024-10-27 19:18:01
1833658615,Addams Family Values,4meter4,false,-38,enwiki,2024-10-27 19:18:04
1833658703,Dargins,Kepler-1229b,false,38,enwiki,2024-10-27 19:18:20
1833658715,"Template:Street grid of landmarks in the Historic Core, Los Angeles",Keizers,false,436,enwiki,2024-10-27 19:18:24
1833658809,2024–25 Professional U18 Development League,Logan Z Man 2022!,false,-21,enwiki,2024-10-27 19:18:37
358023019,The Lincoln Lawyer (Fernsehserie),Lord Moe1984,false,56,dewiki,2024-10-27 19:18:44
1833658619,Jose Febrillet,Lepricavark,false,36,enwiki,2024-10-27 19:18:04
1833658704,User:Storye book/editing/Sandbox 136,Storye book,false,71,enwiki,2024-10-27 19:18:23
1833658717,Dustin Stoltzfus,Nswix,false,8,enwiki,2024-10-27 19:18:26
1833658811,Penstemon azureus,MtBotany,false,455,enwiki,2024-10-27 19:18:40
358023000,Wikipedia:Dark Mode/Probleme,Lómelinde,false,705,dewiki,2024-10-27 19:18:18
358023002,Rueter,M2k~dewiki,false,2,dewiki,2024-10-27 19:18:24
1833658719,User:ClueBot III/Detailed Indices/User talk:Zippybonzo/Archive 5,ClueBot III,true,1535,enwiki,2024-10-27 19:18:27
358023010,Portal:Luftfahrt/Bildergalerie,Michael32710,false,-16,dewiki,2024-10-27 19:18:34
1833658816,Template:Cleveland Browns starting quarterback navbox,Yankees10,false,35,enwiki,2024-10-27 19:18:41
1833658606,User:Jroberson108/MediaWiki:Gadget-StickyTableHeaders/testcases,Jroberson108,false,-2,enwiki,2024-10-27 19:18:02
358023001,Richard,Jesi,false,-1321,dewiki,2024-10-27 19:18:16
1833658708,Pinel-Hauterive,Monkbot,true,1,enwiki,2024-10-27 19:18:22
1833658718,Jose Febrillet,Lepricavark,false,12,enwiki,2024-10-27 19:18:26
358023013,Benutzer:Phoen.un/Die Uysals,Phoen.un,false,225,dewiki,2024-10-27 19:18:38
1833658818,José Alberto (footballer),Saintandy7,false,0,enwiki,2024-10-27 19:18:40
1833658607,Japanese Brazilians,Xuxo,false,4140,enwiki,2024-10-27 19:18:00
358023003,Wikipedia:GND/Fehlermeldung/Oktober 2024,Kolja21,false,242,dewiki,2024-10-27 19:18:23
358023005,GP Express Airlines,Uli Elch,false,0,dewiki,2024-10-27 19:18:28
1833658608,Timgad,M.Bitton,false,-1,enwiki,2024-10-27 19:18:01
1833658710,Kao Kuang-chi,GuardianH,false,485,enwiki,2024-10-27 19:18:23
1833658801,BBC Two Northern Ireland,Coolguy22468,false,-51,enwiki,2024-10-27 19:18:38
1833658609,Talk:Mental Theo,Cewbot,true,-49,enwiki,2024-10-27 19:18:03
1833658711,Talk:Roman Heydarov,Cewbot,true,-11,enwiki,2024-10-27 19:18:24
358023006,Bubo flavipes,Earwig,false,-1,dewiki,2024-10-27 19:18:29
358023009,Liste bekannter Prähistoriker,Erbsenesche,false,0,dewiki,2024-10-27 19:18:32
1833658805,Dorotheus (jurist),Monkbot,true,1,enwiki,2024-10-27 19:18:39
1833658913,Operation Cyclone,Jo1971,false,1559,enwiki,2024-10-27 19:19:01
1833659006,User talk:Asilvering/Archive 10,ClueBot III,true,7044,enwiki,2024-10-27 19:19:19
1833659116,Alistair Johnston,Shermanator7,false,0,enwiki,2024-10-27 19:19:40
1833658901,Talk:Roxanne Micallef,Cewbot,true,12,enwiki,2024-10-27 19:19:00
1833658916,Talk:Roberval Davino da Silva,Cewbot,true,-11,enwiki,2024-10-27 19:19:03
1833659008,Generation of the '30s,Monkbot,true,1,enwiki,2024-10-27 19:19:20
1833659100,Carthago delenda est,Gaussgauss,false,11,enwiki,2024-10-27 19:19:39
1833659117,Ethel Cain,Andreneer79790,false,-3,enwiki,2024-10-27 19:19:40
1833658900,"Wayne County, North Carolina",136.61.41.229,false,3,enwiki,2024-10-27 19:18:58
1833658917,Category:Jamaican companies established in 1938,Liz,false,-24,enwiki,2024-10-27 19:19:04
1833659102,Talk:Super Bowl 62,Abhiramakella,false,72,enwiki,2024-10-27 19:19:39
1833659115,Jewish partisans,The Blue Rider,false,24,enwiki,2024-10-27 19:19:39
1833658902,"Mount St Mary's Church, Leeds",Keith D,false,-131,enwiki,2024-10-27 19:19:00
1833658918,Talk:Brendan Eich,Notwally,false,247,enwiki,2024-10-27 19:19:03
1833659011,Camp Humphreys,WhisperToMe,false,399,enwiki,2024-10-27 19:19:17
1833659103,Talk:Razali Saad (politician),Cewbot,true,-11,enwiki,2024-10-27 19:19:39
1833658919,Mary Seacole,Cloptonson,false,34,enwiki,2024-10-27 19:19:02
1833659012,Talk:Robert Dowhan,Cewbot,true,-15,enwiki,2024-10-27 19:19:21
1833659104,Tamilaga Vettri Kazhagam,Yarohj,false,17,enwiki,2024-10-27 19:19:38
1833658904,Sanjay Nirupam,Dr.AyushBhardwaj,false,-4,enwiki,2024-10-27 19:19:00
1833659013,Talk:GoIP,OpalYosutebito,false,9,enwiki,2024-10-27 19:19:22
1833659108,Melissa Sweet (illustrator),RockRiverTree,false,55,enwiki,2024-10-27 19:19:38
1833658905,Valle salvaje,2A00:23C8:1780:2401:6996:E95F:DD7B:1262,false,8,enwiki,2024-10-27 19:19:00
1833659000,Jameis Winston,Yankees10,false,49,enwiki,2024-10-27 19:19:12
1833659014,Draft:I'm a Celebrity: The Daily Drop (British series 20),86.1.217.237,false,238,enwiki,2024-10-27 19:19:21
1833659109,Template talk:Infobox election,Lowercase sigmabot III,true,-1730,enwiki,2024-10-27 19:19:40
1833658906,Tyrone May,Robinson Drinkald,false,317,enwiki,2024-10-27 19:19:01
1833659002,Kidsongs,71.169.65.148,false,-26,enwiki,2024-10-27 19:19:13
1833659016,National Assembly of Quebec,174.92.204.53,false,114,enwiki,2024-10-27 19:19:16
1833659110,User:Pascopedral/2024–25 Hereford F.C. season,Pascopedral,false,880,enwiki,2024-10-27 19:19:36
1833658907,"Akmeniai, Kėdainiai",Monkbot,true,2,enwiki,2024-10-27 19:19:01
1833659001,List of Air Tanzania destinations,Alifazal,false,8,enwiki,2024-10-27 19:19:19
1833659111,Talk:Gold extra,OpalYosutebito,false,5,enwiki,2024-10-27 19:19:42
1833659003,Pressure vessel,Pbsouthwood,false,12,enwiki,2024-10-27 19:19:15
1833659017,User talk:Asilvering,ClueBot III,true,-7045,enwiki,2024-10-27 19:19:20
1833659114,Mount Edziza,Volcanoguy,false,205,enwiki,2024-10-27 19:19:38
1833659211,2022 Polish speedway season,Monkbot,true,2,enwiki,2024-10-27 19:20:04
1833659314,Myrodato,Monkbot,true,1,enwiki,2024-10-27 19:20:33
1833659317,User:MajavahBot/Bot status report,MajavahBot,true,0,enwiki,2024-10-27 19:20:30
1833659212,User:Pascopedral/2024–25 Hereford F.C. season,Pascopedral,false,0,enwiki,2024-10-27 19:20:03
1833659304,2024–25 FC Schalke 04 season,BundesBerti,false,259,enwiki,2024-10-27 19:20:24
1833659213,Talk:N. Iqbal Singh,Cewbot,true,11,enwiki,2024-10-27 19:20:07
1833659305,Alejandro Garnacho,TheRowdyruffBoys,false,1,enwiki,2024-10-27 19:20:29
1833659200,User:AmandaNP/UAA/Time,DeltaQuadBot,true,0,enwiki,2024-10-27 19:20:03
1833659214,Talk:Super Bowl 61,Abhiramakella,false,19,enwiki,2024-10-27 19:20:07
1833659306,Dimitrios Geraniotis,Monkbot,true,1,enwiki,2024-10-27 19:20:30
1833659215,Aesara,Monkbot,true,1,enwiki,2024-10-27 19:20:07
1833659308,User:CelesteBI/sandbox,CelesteBI,false,967,enwiki,2024-10-27 19:20:31
1833659201,Marek Galiński (cyclist),Monkbot,true,1,enwiki,2024-10-27 19:20:01
1833659204,Agent 355,Citation bot,true,-2,enwiki,2024-10-27 19:20:02
1833659309,Talk:Tough Love (duo),Cewbot,true,-20,enwiki,2024-10-27 19:20:31
1833659205,Talk:Meaza Mohammed,Cewbot,true,0,enwiki,2024-10-27 19:20:04
1833659313,Talk:Tian Xueren,Cewbot,true,-11,enwiki,2024-10-27 19:20:34
1833659415,Juan Morel Campos,Roastedbeanz1,false,14,enwiki,2024-10-27 19:20:51
1833659514,Directorate of the House of Nobility (Sweden),WikiGuff,false,14,enwiki,2024-10-27 19:21:09
1833659417,Fleetwood Mac,Dobbyelf62,false,-39,enwiki,2024-10-27 19:20:45
1833659517,User talk:Ellis408,B-bot,true,1090,enwiki,2024-10-27 19:21:10
1833659501,List of presidents of Bangladesh,Aziz20204,false,191,enwiki,2024-10-27 19:21:06
1833659518,Talk:Varavudh Suteethorn,Cewbot,true,0,enwiki,2024-10-27 19:21:10
1833659504,Robert Levy (physician),Psychologist Guy,false,292,enwiki,2024-10-27 19:21:08
1833659519,Lee Tien-yu,GuardianH,false,-38,enwiki,2024-10-27 19:21:10
1833659403,File:Gospel Nights.jpg,B-bot,true,50,enwiki,2024-10-27 19:20:49
1833659505,Mike Amesbury,45.150.12.80,false,0,enwiki,2024-10-27 19:21:05
1833659409,Patricia Urquiola,Cl3phact0,false,4,enwiki,2024-10-27 19:20:50
1833659507,Uzbek Soviet Socialist Republic,Srich32977,false,-9,enwiki,2024-10-27 19:21:05
1833659411,Talk:Tatsiana Uvarova,Cewbot,true,-14,enwiki,2024-10-27 19:20:52
1833659506,Bohemian Forest,FromCzech,false,14,enwiki,2024-10-27 19:21:07
1833659602,Auri López,Mrcarillo,false,-126,enwiki,2024-10-27 19:21:28
1833659413,Free and Solidary,Monkbot,true,1,enwiki,2024-10-27 19:20:51
1833659508,Dalton (surname),Moondragon21,false,41,enwiki,2024-10-27 19:21:08
1833659603,Mobage,QuietCicada,false,-7,enwiki,2024-10-27 19:21:29
1833659414,User:Dev Darshan T. K./World Chess Championship 2080,Dev Darshan T. K.,false,387,enwiki,2024-10-27 19:20:52
1833659509,Wikipedia:WikiProject Resource Exchange/Resource Request,Bruce1ee,false,426,enwiki,2024-10-27 19:21:03
1833659605,Toronto Eagles (Australian rules football),DonPedro.Pistolas,false,-2,enwiki,2024-10-27 19:21:29
1833659416,Las Costas,Cyfraw,false,-1,enwiki,2024-10-27 19:20:51
1833659512,Staroilikovo,Monkbot,true,2,enwiki,2024-10-27 19:21:08
1833659606,Category talk:21st-century Italian painters,Simeon,false,44,enwiki,2024-10-27 19:21:30
1833659611,Talk:Tomáš Petrášek,Cewbot,true,-11,enwiki,2024-10-27 19:21:31
358023101,Jochen Abraham Frowein,Georg Hügler,false,88,dewiki,2024-10-27 19:21:37
1833659718,Kamenný Přívoz,Monkbot,true,1,enwiki,2024-10-27 19:21:45
1833659812,Galveston Orphans Home,Oldsanfelipe2,false,11,enwiki,2024-10-27 19:22:05
358023105,Ruben,Jesi,false,-141,dewiki,2024-10-27 19:21:48
358023117,Wikipedia:Wartungsbausteinwettbewerb/Sommer 2019/Editnotice,Lómelinde,false,2,dewiki,2024-10-27 19:21:55
1833659814,Broadway station (BMT Astoria Line),Squishyawaylittle6,false,-55,enwiki,2024-10-27 19:22:04
1833659612,User:Jonesey95/self-transcluded-templates,SDZeroBot,true,-1404,enwiki,2024-10-27 19:21:27
1833659815,Deion Sanders,Erik255,false,0,enwiki,2024-10-27 19:21:58
358023100,Werra-Suhl-Tal,Stefan,false,18,dewiki,2024-10-27 19:21:32
358023102,Hinrich Medau,JuTe CLZ,false,-17,dewiki,2024-10-27 19:21:38
1833659706,Svetlana Zhakupova,Less Unless,false,205,enwiki,2024-10-27 19:21:45
358023118,St. Marx (Band),Boonekamp,false,-6,dewiki,2024-10-27 19:21:55
1833659816,Katherine Cassavetes,Monkbot,true,1,enwiki,2024-10-27 19:22:06
358023103,St. Elisabeth (Hamburg-Harvestehude),2A02:3100:441F:C700:C843:ABDD:6791:195F,false,-111,dewiki,2024-10-27 19:21:42
1833659705,List of songs about Melbourne,DrewPwein,false,64,enwiki,2024-10-27 19:21:44
358023106,Deutscher Heimatbund,Mirmok12,false,2,dewiki,2024-10-27 19:21:49
1833659817,Template:UploadedFP,Hilst,false,16,enwiki,2024-10-27 19:22:07
358023104,Β-Defensin 2,Neutronstar2,false,12,dewiki,2024-10-27 19:21:46
358023107,Round Trip Delay,Acky69,false,19,dewiki,2024-10-27 19:21:49
358023119,Andrew J. Weaver,Redonebird,false,-1,dewiki,2024-10-27 19:21:56
1833659710,Talk:Shwe Hmone Yati,Cewbot,true,29,enwiki,2024-10-27 19:21:46
358023111,Ketupa flavipes,Earwig,false,-1,dewiki,2024-10-27 19:21:53
1833659802,"Saint-Germier, Tarn",Monkbot,true,1,enwiki,2024-10-27 19:22:02
1833659712,Sacred bull,Quezerque,false,3,enwiki,2024-10-27 19:21:45
1833659803,Wikipedia:Articles for deletion/Purvesh Sarnaik,Liz,false,1754,enwiki,2024-10-27 19:22:05
1833659714,List of strikes in Denmark,BoyTheKingCanDance,false,41,enwiki,2024-10-27 19:21:45
1833659808,Dooley,Moondragon21,false,47,enwiki,2024-10-27 19:22:05
1833659717,Turkish airstrikes on Sinjar (2018),Ikamborden,false,44,enwiki,2024-10-27 19:21:47
1833659912,Princess Louise of Saxe-Hildburghausen,Monkbot,true,1,enwiki,2024-10-27 19:22:24
1833660008,Stephen McMullan,195.89.72.19,false,73,enwiki,2024-10-27 19:22:46
1833659914,Jewish resistance in German-occupied Europe,The Blue Rider,false,152,enwiki,2024-10-27 19:22:21
1833660009,Kershope Burn,Steinsky,false,-3366,enwiki,2024-10-27 19:22:47
1833659913,User talk:LordFalk,TompaDompa,false,723,enwiki,2024-10-27 19:22:26
1833660012,Ise Shrine,2601:189:427F:13F0:C0B0:3116:592A:5A58,false,0,enwiki,2024-10-27 19:22:45
1833659915,User:Du Macedo/sandbox,Du Macedo,false,1513,enwiki,2024-10-27 19:22:13
1833660013,Assembly of Nobles (Sweden),WikiGuff,false,118,enwiki,2024-10-27 19:22:48
1833659919,Northern Mariana Islands House of Representatives,MoviesandTelevisionFan,false,15,enwiki,2024-10-27 19:22:26
1833660014,Dan Lissvik,GhostInTheMachine,false,-245,enwiki,2024-10-27 19:22:48
1833659906,Raaz (2002 film),Miguelohara6,false,-954,enwiki,2024-10-27 19:22:23
1833660018,Talk:Ton Raven,Cewbot,true,-11,enwiki,2024-10-27 19:22:49
1833659908,Talk:Toshitsugu Nishihara,Cewbot,true,-11,enwiki,2024-10-27 19:22:25
1833660016,Federal Ministry of Health (Germany),Maxeto0910,false,4,enwiki,2024-10-27 19:22:47
1833659909,Duncan Tonatiuh,RockRiverTree,false,300,enwiki,2024-10-27 19:22:24
1833660001,Talk:Thomas Stahr,Cewbot,true,-32,enwiki,2024-10-27 19:22:46
1833660015,Juan Carlos Osorio,The Special Man,false,0,enwiki,2024-10-27 19:22:42
1833659910,JBL,WiinterU,false,-27,enwiki,2024-10-27 19:22:25
1833660002,20th Infantry Division (Poland),Monkbot,true,5,enwiki,2024-10-27 19:22:46
1833660017,CDP,Glolichen,false,47,enwiki,2024-10-27 19:22:49
1833659911,2024–25 All-Ireland Senior Club Football Championship,2001:BB6:58B3:AD00:8D32:1151:7ACE:74AA,false,7,enwiki,2024-10-27 19:22:23
1833660006,List of longest-serving members of the Parliament of Indonesia,BoyTheKingCanDance,false,42,enwiki,2024-10-27 19:22:47
1833660101,New York Institute of Technology,Epicsunwarrior,false,49,enwiki,2024-10-27 19:22:55
1833660117,Sabrang Film Awards,Jor.langneh,false,-4,enwiki,2024-10-27 19:23:05
1833660207,Viitivka,188.163.113.197,false,214,enwiki,2024-10-27 19:23:20
1833660218,Pkharuddin,Felida97,false,-22,enwiki,2024-10-27 19:23:26
1833660103,"Lancing, West Sussex",10mmsocket,false,-30,enwiki,2024-10-27 19:23:02
1833660119,Kosmos 300,Monkbot,true,1,enwiki,2024-10-27 19:23:05
1833660208,Fist of the North Star,Xexerss,false,-23,enwiki,2024-10-27 19:23:20
1833660315,Talk:Zhou Xiaoping,Cewbot,true,-12,enwiki,2024-10-27 19:23:46
1833660102,Ken Sprague,Lepricavark,false,36,enwiki,2024-10-27 19:23:00
1833660209,Mikel Merino,Mattythewhite,false,-149,enwiki,2024-10-27 19:23:20
1833660316,Reshat Bardhi,Erledigungs,false,6,enwiki,2024-10-27 19:23:46
1833660104,The Bird Seller (1953 film),Monkbot,true,1,enwiki,2024-10-27 19:23:02
1833660317,Draft:Nokia 450 (Centertel),OnlyNano,false,-66,enwiki,2024-10-27 19:23:45
1833660105,Draft:Fangs of Fortune,SnowKang,false,229,enwiki,2024-10-27 19:23:02
1833660318,Anatolio Scifoni,Roastedbeanz1,false,14,enwiki,2024-10-27 19:23:46
1833660107,Cat in a box,2804:388:C355:66C8:BF76:FED:B864:BD5B,false,70,enwiki,2024-10-27 19:23:03
1833660200,Draft talk:Teddy Mfuni,Cewbot,true,-11,enwiki,2024-10-27 19:23:22
1833660213,Ray Charles,FunIsOptional,false,23,enwiki,2024-10-27 19:23:18
1833660310,Category:People by city in Fukui Prefecture,2600:4041:57B1:3E00:993E:65E2:8638:1E89,false,39,enwiki,2024-10-27 19:23:45
1833660108,Talk:Ulrike Lohmann,Cewbot,true,-12,enwiki,2024-10-27 19:23:04
1833660201,The Smurfs (1981 TV series),82.59.37.85,false,199,enwiki,2024-10-27 19:23:17
1833660214,Wikipedia:Articles for deletion/Log/2024 October 20,Liz,false,9,enwiki,2024-10-27 19:23:13
1833660312,Draft:BecomingX,Projectoverland,false,60,enwiki,2024-10-27 19:23:43
1833660109,Tamilaga Vettri Kazhagam,Yarohj,false,413,enwiki,2024-10-27 19:23:03
1833660203,2024–25 Indian Super League,2409:4088:8381:C4BE:7349:3FBC:721D:556D,false,4,enwiki,2024-10-27 19:23:21
1833660215,User talk:WikiOriginal-9,WikiOriginal-9,false,440,enwiki,2024-10-27 19:23:21
1833660311,Jack Nicholls,Matthew Garforth,false,-124,enwiki,2024-10-27 19:23:44
1833660115,User:Iaof2017/sandbox14,Iaof2017,false,575,enwiki,2024-10-27 19:23:05
1833660205,"Przemyslaus I Noszak, Duke of Cieszyn",Monkbot,true,3,enwiki,2024-10-27 19:23:22
1833660217,Talk:Sophia Frazer Binns,Cewbot,true,9,enwiki,2024-10-27 19:23:25
1833660313,Bold Ruler Stakes,Brudder Andrusha,false,10,enwiki,2024-10-27 19:23:44
1833660116,Draft:Percy Jackson and the Olympians season 1,BestDaysofMusic,false,410,enwiki,2024-10-27 19:23:04
1833660206,2024–25 Czech First League,FromCzech,false,-114,enwiki,2024-10-27 19:23:21
1833660314,Recreational use of nitrous oxide,Maxeto0910,false,-1,enwiki,2024-10-27 19:23:43
1833660418,"San Jorge, Samar",103.224.95.50,false,65,enwiki,2024-10-27 19:24:02
358023204,Auferstehung Jesu Christi,Ocd-cologne,false,-60,dewiki,2024-10-27 19:24:22
358023207,Oliver Gerke,École Marcinelle,false,106,dewiki,2024-10-27 19:24:26
1833660400,Talk:Walala Tjapaltjarri,Cewbot,true,-10,enwiki,2024-10-27 19:24:01
358023200,Liste orthogonaler Koordinatensysteme,Alva2004,false,2465,dewiki,2024-10-27 19:24:14
1833660504,Draft:Airbattle over Simrishamn,TheJarlXIV,false,16,enwiki,2024-10-27 19:24:23
1833660406,Laura Combes,Lepricavark,false,36,enwiki,2024-10-27 19:24:02
358023201,Arbeiterstadion,Afus199620,false,82,dewiki,2024-10-27 19:24:17
358023205,Benutzer:DLXubata/ELIJAH,DLXubata,false,213,dewiki,2024-10-27 19:24:23
1833660407,Broadway station (IND Crosstown Line),Squishyawaylittle6,false,-78,enwiki,2024-10-27 19:24:00
358023202,Qipisaqqu,Jesi,false,20,dewiki,2024-10-27 19:24:22
1833660506,Andreas Zisimos,Monkbot,true,1,enwiki,2024-10-27 19:24:23
1833660408,Scott Satterfield,Erik255,false,0,enwiki,2024-10-27 19:24:01
358023203,Das kleine Grosz Museum,M2k~dewiki,false,564,dewiki,2024-10-27 19:24:22
1833660511,Cedar Rapids River Kings,69.5.159.225,false,-869,enwiki,2024-10-27 19:24:22
1833660411,File:Gudiya-Rani.jpg,B-bot,true,50,enwiki,2024-10-27 19:24:04
1833660512,User talk:121Fam,B-bot,true,1086,enwiki,2024-10-27 19:24:25
1833660413,Talk:Zhao An,Cewbot,true,-11,enwiki,2024-10-27 19:24:04
1833660513,Talk:Yuri Nakamura (singer),Cewbot,true,-12,enwiki,2024-10-27 19:24:25
1833660414,Prize of the Foundation for Polish Science,Monkbot,true,2,enwiki,2024-10-27 19:24:03
1833660515,Leroy Colbert,Lepricavark,false,33,enwiki,2024-10-27 19:24:25
1833660416,Clermont-Ferrand,Knitsey,false,54,enwiki,2024-10-27 19:24:01
1833660519,User:B.V.B.2025/MUN,B.V.B.2025,false,180,enwiki,2024-10-27 19:24:25
1833660415,Kershope Burn,Steinsky,false,-1770,enwiki,2024-10-27 19:24:04
1833660601,User:Peter I. Vardy/sandbox,Peter I. Vardy,false,-35,enwiki,2024-10-27 19:24:36
1833660611,Talk:Vitaliy Pukhkalo,Cewbot,true,-12,enwiki,2024-10-27 19:24:40
1833660701,Swift (bird),178.135.18.10,false,10,enwiki,2024-10-27 19:24:59
1833660718,Template:Signpost/Number of nontalk pages,SDZeroBot,true,0,enwiki,2024-10-27 19:25:06
1833660604,Lisa Aukland,Lepricavark,false,36,enwiki,2024-10-27 19:24:38
1833660612,Matheus Gonçalves,Xguilex,false,61,enwiki,2024-10-27 19:24:40
1833660702,Sean Lewis (American football),Erik255,false,0,enwiki,2024-10-27 19:25:00
358023209,Diskussion:Schrödingers Katze,Physikinger,false,1023,dewiki,2024-10-27 19:24:38
1833660614,Cat in a box,2804:388:C355:66C8:BF76:FED:B864:BD5B,false,27,enwiki,2024-10-27 19:24:41
358023219,Klaus Böldl,Sala.mitti,false,4,dewiki,2024-10-27 19:24:49
1833660705,Talk:Wa Lone,Cewbot,true,-10,enwiki,2024-10-27 19:25:01
1833660605,Zilim-Karanovo,Monkbot,true,2,enwiki,2024-10-27 19:24:38
358023218,Benutzer Diskussion:Buch-t,Wikisympathisant,false,502,dewiki,2024-10-27 19:24:41
1833660707,Timeline of Iranian history,The Nineteenth Century,false,177,enwiki,2024-10-27 19:24:59
358023210,Wikipedia Diskussion:Kurier,TaxonBot,true,-9079,dewiki,2024-10-27 19:24:37
1833660619,Aadhavan,2.50.250.129,false,6,enwiki,2024-10-27 19:24:41
1833660709,Gesalec,RobertJohnson35,false,30,enwiki,2024-10-27 19:25:02
1833660719,Binibining Cebu,Mrcarillo,false,0,enwiki,2024-10-27 19:25:04
358023211,Benedikt Duda,Thorwyn,false,514,dewiki,2024-10-27 19:24:39
1833660607,Russi Karanjia,49.205.35.192,false,200,enwiki,2024-10-27 19:24:39
1833660710,Las Costas,Cyfraw,false,-33,enwiki,2024-10-27 19:25:01
358023213,Wikipedia Diskussion:Kurier/Archiv/2024/10,TaxonBot,true,9079,dewiki,2024-10-27 19:24:40
1833660713,Talk:Zhao Jinmai,Cewbot,true,-12,enwiki,2024-10-27 19:25:04
1833660608,User:MacronMonitor/LinkAlerts,MacronMonitor,false,295,enwiki,2024-10-27 19:24:38
1833660715,Donna (given name),Moondragon21,false,44,enwiki,2024-10-27 19:25:03
358023214,Opernloft,Minderbinder,false,31,dewiki,2024-10-27 19:24:40
1833660716,"Leszek, Duke of Masovia",Monkbot,true,1,enwiki,2024-10-27 19:25:03
1833660802,List of rail accidents (2010–2019),83.250.249.179,false,197,enwiki,2024-10-27 19:25:18
1833660803,Kudüs Fatihi Selahaddin Eyyubi,TaliaPeace,false,34,enwiki,2024-10-27 19:25:25
1833660808,Talk:Yevgeny Shchetinin,Cewbot,true,-6,enwiki,2024-10-27 19:25:28
1833660811,Kase-san,SimonLagann,false,223,enwiki,2024-10-27 19:25:27
1833660900,Talk:Zhanerke Perme,Cewbot,true,6,enwiki,2024-10-27 19:25:46
1833660809,Janani (actress),Geniac,false,-14,enwiki,2024-10-27 19:25:27
1833660901,"Damasi, Larissa",Monkbot,true,1,enwiki,2024-10-27 19:25:45
1833660812,"Gouttières, Puy-de-Dôme",Monkbot,true,1,enwiki,2024-10-27 19:25:26
1833660904,Halley's Comet,Serendipodous,false,97,enwiki,2024-10-27 19:25:42
1833660813,2024 in Taiwan,Borgenland,false,470,enwiki,2024-10-27 19:25:27
1833660913,Talk:Zachary Clay,Cewbot,true,-14,enwiki,2024-10-27 19:25:49
1833660800,Tamilaga Vettri Kazhagam,Yarohj,false,246,enwiki,2024-10-27 19:25:25
1833660818,Leukocyte adhesion deficiency-1,AnomieBOT,true,36,enwiki,2024-10-27 19:25:28
1833660914,Johannes Radebe,192.76.8.82,false,-43,enwiki,2024-10-27 19:25:48
1833660801,William Jopling,Flod logic,false,206,enwiki,2024-10-27 19:25:24
1833660915,Ishkildino,Monkbot,true,2,enwiki,2024-10-27 19:25:48
1833660917,MPL Indonesia,82.174.144.31,false,986,enwiki,2024-10-27 19:25:48
1833661003,User talk:Chepetoño,B-bot,true,1106,enwiki,2024-10-27 19:26:14
1833661108,Srednekhozyatovo,Monkbot,true,2,enwiki,2024-10-27 19:26:43
1833661004,Eaglesvale Senior School,Klbrain,false,845,enwiki,2024-10-27 19:26:14
1833661111,FK Palanga,Velocitasgroningen1934,false,53,enwiki,2024-10-27 19:26:43
1833661006,Panagiouda,Monkbot,true,1,enwiki,2024-10-27 19:26:14
1833661112,User:Peter I. Vardy/sandbox,Peter I. Vardy,false,0,enwiki,2024-10-27 19:26:44
1833661005,Misandry,Reprarina,false,11,enwiki,2024-10-27 19:26:09
1833661113,2024 League of Legends World Championship,2806:104E:23:942E:B897:4BBE:F07A:B2DE,false,0,enwiki,2024-10-27 19:26:44
1833661210,Saint-Montan,Monkbot,true,1,enwiki,2024-10-27 19:26:56
1833661010,Bold Ruler Stakes,Brudder Andrusha,false,95,enwiki,2024-10-27 19:26:15
1833661115,Talk:List of Canadian electoral districts (1903–1907),Masterhatch,false,21,enwiki,2024-10-27 19:26:45
1833661212,Scifoni,Roastedbeanz1,false,40,enwiki,2024-10-27 19:27:00
1833661012,To Hull and Back,Derek R Bullamore,false,35,enwiki,2024-10-27 19:26:16
1833661116,Kershope Burn,Steinsky,false,-5653,enwiki,2024-10-27 19:26:44
1833661216,Draft:History of French bureaucracy,SashiRolls,false,743,enwiki,2024-10-27 19:26:58
1833661014,Anglo-Catholicism,2A00:23C6:F389:B301:E151:2E41:C5C1:80BC,false,-4,enwiki,2024-10-27 19:26:15
1833661103,"Olympos, Karpathos",Monkbot,true,1,enwiki,2024-10-27 19:26:40
1833661217,Interstate 74 in North Carolina,Titanofficial,false,75,enwiki,2024-10-27 19:26:56
1833661015,Deathcare,HeyElliott,false,17,enwiki,2024-10-27 19:26:16
1833661104,Miyu Takeuchi,Lullabying,false,-179,enwiki,2024-10-27 19:26:40
1833661218,Kingdom of Galicia,FCBWanderer,false,122,enwiki,2024-10-27 19:26:56
1833661105,Golden rectangle,Zilverspreeuw,false,-24,enwiki,2024-10-27 19:26:41
1833661107,Kimberly Akimbo (musical),Mayosolo,false,-26,enwiki,2024-10-27 19:26:42
1833661308,Cinema of Bihar,Jor.langneh,false,136,enwiki,2024-10-27 19:27:20
358023306,Karl Höffkes,Nuuk,false,4,dewiki,2024-10-27 19:27:27
358023310,Wikipedia:Wartungsbausteinwettbewerb/Winter 2021/Editnotice,Lómelinde,false,-31,dewiki,2024-10-27 19:27:38
1833661417,Spitzer (bullet),Monkbot,true,1,enwiki,2024-10-27 19:27:40
1833661309,Margraviate of Brandenburg,5.173.225.24,false,63,enwiki,2024-10-27 19:27:16
358023307,Michael Seitz,194.118.230.123,false,281,dewiki,2024-10-27 19:27:33
1833661409,Jean-Manuel Mbom,Robby.is.on,false,-1,enwiki,2024-10-27 19:27:37
1833661418,User:Orenburg1/sandbox,Orenburg1,false,-67,enwiki,2024-10-27 19:27:42
1833661300,Talk:Eaglesvale Preparatory School,Klbrain,false,74,enwiki,2024-10-27 19:27:18
1833661310,Bryan Konietzko,2A02:214A:8211:EB00:9152:D63B:9679:C9B9,false,-36,enwiki,2024-10-27 19:27:20
1833661410,Warsaw Zoo,Monkbot,true,1,enwiki,2024-10-27 19:27:36
1833661419,Eaglesvale Senior School,Klbrain,false,0,enwiki,2024-10-27 19:27:41
1833661301,Saudi Arabia national under-17 football team,36.68.223.144,false,-6,enwiki,2024-10-27 19:27:16
358023308,SG Quelle Fürth,Cbls09,false,209,dewiki,2024-10-27 19:27:34
1833661411,List of platforms of São Paulo Media Center,A.O Mapping,false,11,enwiki,2024-10-27 19:27:39
358023318,Benutzer:Wurgl/Fehler GND,Silewe,false,183,dewiki,2024-10-27 19:27:33
1833661302,Eaglesvale Preparatory School,Klbrain,false,-3732,enwiki,2024-10-27 19:27:18
1833661412,Splitting (psychology),Arjayay,false,-3,enwiki,2024-10-27 19:27:38
358023315,Ural (Name),Jesi,false,2,dewiki,2024-10-27 19:27:44
1833661303,Quiero amarte,Thisanivadix,false,10,enwiki,2024-10-27 19:27:18
358023305,Rolf Frowein,Georg Hügler,false,11,dewiki,2024-10-27 19:27:25
358023311,Wiard Raveling,Jürgen Engel,false,6,dewiki,2024-10-27 19:27:40
1833661306,Eaglesvale Senior School,Klbrain,false,-176,enwiki,2024-10-27 19:27:18
358023312,Benutzer:Perrak/common.css,Perrak,false,4,dewiki,2024-10-27 19:27:41
1833661304,Salome Zourabichvili,LeontinaVarlamonva,false,-10,enwiki,2024-10-27 19:27:14
1833661405,Category:People by city in Gunma Prefecture,2600:4041:57B1:3E00:993E:65E2:8638:1E89,false,39,enwiki,2024-10-27 19:27:37
1833661413,Bathoceleus hyphalus,Dino123$fun,false,-3,enwiki,2024-10-27 19:27:39
358023316,Benutzer Diskussion:Gullibert von Leußen,Ocd-cologne,false,7,dewiki,2024-10-27 19:27:45
1833661404,Nicki Minaj,Ben0006,false,-26,enwiki,2024-10-27 19:27:13
1833661416,Heraclius II of Georgia,188.73.233.23,false,-6,enwiki,2024-10-27 19:27:39
1833661307,Talk:Steina and Woody Vasulka,Reify-tech,false,105,enwiki,2024-10-27 19:27:20
1833661408,Salome Zourabichvili,LeontinaVarlamonva,false,0,enwiki,2024-10-27 19:27:33
1833661415,John Asiata,Robinson Drinkald,false,1,enwiki,2024-10-27 19:27:40
358023317,Fischuhus,Earwig,false,-6,dewiki,2024-10-27 19:27:46
1833661508,Vera Kublanovskaya,Ayazmardan,false,0,enwiki,2024-10-27 19:28:07
1833661608,Quiero amarte,Thisanivadix,false,2,enwiki,2024-10-27 19:28:28
1833661702,Decompression sickness,72.234.55.132,false,-1,enwiki,2024-10-27 19:28:41
1833661509,List of Donald Trump 2024 presidential campaign non-political endorsements,2600:8801:CA00:136:A94D:AC01:C28C:9A7F,false,13,enwiki,2024-10-27 19:27:51
1833661612,Wikipedia:Fringe theories/Noticeboard,Doug Weller,false,203,enwiki,2024-10-27 19:28:25
1833661709,Mark Dugdale,Lepricavark,false,36,enwiki,2024-10-27 19:28:46
1833661511,Wikipedia:Wiki Ed/University of Oregon/UGST112 - Women in Science and Math Fall 2024 (Fall 2024),Vistell,false,32,enwiki,2024-10-27 19:28:08
1833661716,Draft:Gaetano Minale,InfoExpertWriter,false,73,enwiki,2024-10-27 19:28:47
1833661717,Loubieng,Monkbot,true,1,enwiki,2024-10-27 19:28:46
1833661512,Marina Ama Omowale Maxwell,190.213.132.142,false,-2,enwiki,2024-10-27 19:28:08
1833661601,Yemen national football team,Abo Yemen,false,1445,enwiki,2024-10-27 19:28:19
1833661514,Halley's Comet,Serendipodous,false,-9,enwiki,2024-10-27 19:28:04
1833661602,Alexander Hawkins,Lopifalko,false,4,enwiki,2024-10-27 19:28:26
1833661500,Progress Chapter 172: Werewolves Of London,JeyReydar97,false,2,enwiki,2024-10-27 19:28:05
1833661515,File:I Love the 2000s.jpg,B-bot,true,50,enwiki,2024-10-27 19:28:09
1833661604,Frayssinet,Monkbot,true,1,enwiki,2024-10-27 19:28:27
1833661501,Črešnjevec pri Semiču,Monkbot,true,1,enwiki,2024-10-27 19:28:04
1833661516,List of United States Army four-star generals,SuperWIKI,false,79,enwiki,2024-10-27 19:28:04
1833661605,Talk:Pinoy Big Brother: Gen 11,Hocksock,false,40,enwiki,2024-10-27 19:28:29
1833661502,User talk:Fcu Pictures,Jan Myšák,false,-5791,enwiki,2024-10-27 19:28:06
1833661517,"Semirechie electoral district (Russian Constituent Assembly election, 1917)",Monkbot,true,1,enwiki,2024-10-27 19:28:08
1833661606,Marius Copil,80.5.124.190,false,2,enwiki,2024-10-27 19:28:27
1833661505,The Usos,Ibrahim6789,false,93,enwiki,2024-10-27 19:28:02
1833661607,Psygnosis,2001:BB6:559D:1200:B5E7:57D7:6D0E:5F1,false,-41,enwiki,2024-10-27 19:28:27
1833661810,Kemono Jihen,SimonLagann,false,433,enwiki,2024-10-27 19:29:22
1833661719,Nickelodeon Animation Studio,2A02:214A:8211:EB00:9152:D63B:9679:C9B9,false,-36,enwiki,2024-10-27 19:28:47
1833661801,Mordechai Schlein,The Blue Rider,false,2,enwiki,2024-10-27 19:29:20
1833661812,Escape to Last Man Peak,208.138.29.210,false,20,enwiki,2024-10-27 19:29:26
1833661803,Draft:Marie Tomanova,Wenncesslas,false,570,enwiki,2024-10-27 19:29:19
1833661813,Stuttgart derby,Monkbot,true,1,enwiki,2024-10-27 19:29:23
1833661804,User talk:Barkeep49,Onceinawhile,false,524,enwiki,2024-10-27 19:29:20
1833661814,Frank Booth (swimmer),Dcw2003,false,520,enwiki,2024-10-27 19:29:26
1833661805,Dot (diacritic),Monkbot,true,3,enwiki,2024-10-27 19:29:14
1833661815,Wikipedia talk:Did you know,Launchballer,false,307,enwiki,2024-10-27 19:29:22
1833661817,User talk:Catalyststyle,B-bot,true,1184,enwiki,2024-10-27 19:29:27
1833661808,Clement Niyigena,Vikingsam,false,13,enwiki,2024-10-27 19:29:22
1833661800,Category (Kant),Monkbot,true,1,enwiki,2024-10-27 19:29:20
1833661809,List of Donald Trump 2024 presidential campaign congressional legislators endorsements,Vinhson27,false,288,enwiki,2024-10-27 19:29:16
1833661912,User talk:Cookiemonster1618,Kanguole,false,342,enwiki,2024-10-27 19:29:46
1833662001,Mary Roberts (bodybuilder),Lepricavark,false,36,enwiki,2024-10-27 19:30:05
358023411,Wikipedia:Technik/Werkstatt,MM-Episodenliste & dLvAupdater,false,404,dewiki,2024-10-27 19:30:03
1833662113,Otoe–Missouria Tribe of Indians,Notwally,false,536,enwiki,2024-10-27 19:30:29
1833661914,Tropical Storm Trami (2024),Noteny Games,false,32,enwiki,2024-10-27 19:29:41
358023409,Vorlage:Revert-Statistik,Revert-Statistik,true,0,dewiki,2024-10-27 19:30:06
358023413,Moritz von und zu Liechtenstein,Doc Taxon,false,1,dewiki,2024-10-27 19:30:10
1833662114,Alekseĭ Petrovich Barannikov,BoyTheKingCanDance,false,-22,enwiki,2024-10-27 19:30:30
1833661915,Talk:Yuvva Tina,FifthFive,false,12,enwiki,2024-10-27 19:29:47
358023401,UEFA Champions League 2016/17,Tkotw12,false,-9,dewiki,2024-10-27 19:29:52
1833662002,Claudia Capitolina,Monkbot,true,1,enwiki,2024-10-27 19:30:05
358023414,Premyer Liqası 2024/25,Sura Shukurlu,false,4,dewiki,2024-10-27 19:30:09
358023416,Hessenlöwe (Kassel),YPS,false,0,dewiki,2024-10-27 19:30:18
1833662115,Talk:List of Canadian electoral districts (1892–1903),Masterhatch,false,21,enwiki,2024-10-27 19:30:30
1833661916,Salome Zourabichvili,LeontinaVarlamonva,false,-1,enwiki,2024-10-27 19:29:44
1833662010,R.E. Saint John Memorial Stadium,No No No No Name fu,false,30,enwiki,2024-10-27 19:30:06
1833661918,Miss Universe Philippines Cebu 2024,Mrcarillo,false,-243,enwiki,2024-10-27 19:29:47
1833662012,Mamitha Baiju,Thesanas,false,-18,enwiki,2024-10-27 19:30:07
358023418,Diskussion:Paul Noack-Ihlenfeld,46.114.194.61,false,187,dewiki,2024-10-27 19:30:21
1833661919,World Vegan Day,136.160.97.26,false,1,enwiki,2024-10-27 19:29:47
358023404,Altes Fährterminal Altona,Minderbinder,false,32,dewiki,2024-10-27 19:30:02
358023407,Diskussion:Systemkamera,Elrond,false,607,dewiki,2024-10-27 19:30:03
358023410,Devils (Fernsehserie),M2k~dewiki,false,35,dewiki,2024-10-27 19:30:07
358023419,Benutzer:Zyronical/Beitragszahl,Beitragszahlen,false,88,dewiki,2024-10-27 19:30:27
1833662013,User talk:Akarshpande,AntiDionysius,false,2587,enwiki,2024-10-27 19:30:07
1833662101,Draft:Kevin Trudeau's Global Information Network (GIN),Grad0507,false,173,enwiki,2024-10-27 19:30:27
358023405,Das 1% Quiz,Florian Labude,false,19,dewiki,2024-10-27 19:30:01
358023408,Jagdschloss Friedrichsruhe,Schotterebene,false,-9,dewiki,2024-10-27 19:30:04
1833662014,C (New York City Subway service),Arjayay,false,-4,enwiki,2024-10-27 19:30:03
1833662109,2024–25 Newcastle United F.C. season,Skyblueshaun,false,0,enwiki,2024-10-27 19:30:24
358023400,Crazy Frog,Felkel1982,false,407,dewiki,2024-10-27 19:29:55
358023406,Wikipedia:WikiProjekt Kategorien/Warteschlange/Archiv/2024 IV,TaxonBot,true,486,dewiki,2024-10-27 19:30:01
1833662015,The Ugly Duckling (disambiguation),2A00:807:E3:D0C5:B024:45FA:FA09:8D,false,27,enwiki,2024-10-27 19:30:08
1833662111,Saint-Lon-les-Mines,Monkbot,true,1,enwiki,2024-10-27 19:30:27
358023402,Wikipedia:WikiProjekt Kategorien/Warteschlange,TaxonBot,true,-429,dewiki,2024-10-27 19:29:59
358023417,Rolf Frowein,Georg Hügler,false,166,dewiki,2024-10-27 19:30:20
1833662112,User:AmandaNP/SPI case list,DeltaQuadBot,true,12,enwiki,2024-10-27 19:30:29
1833662204,Komat,Monkbot,true,1,enwiki,2024-10-27 19:30:52
1833662304,Sōta Yamamoto,Manakam,false,0,enwiki,2024-10-27 19:31:10
1833662206,Category:Films scored by Naved Parvez,Tijd-jp,false,124,enwiki,2024-10-27 19:30:53
1833662305,Nancy Oshana Wehbe,Lepricavark,false,36,enwiki,2024-10-27 19:31:13
1833662309,Irina Churilova,AnomieBOT,true,18,enwiki,2024-10-27 19:31:14
1833662210,List of the costliest tropical cyclones,Jpuxfrd,false,437,enwiki,2024-10-27 19:30:53
1833662308,User talk:Pirhayati,Discospinster,false,390,enwiki,2024-10-27 19:31:12
1833662311,Prastos,Monkbot,true,1,enwiki,2024-10-27 19:31:14
1833662211,1970 NHL amateur draft,NHL04,false,-3033,enwiki,2024-10-27 19:30:54
1833662300,"Department of Politics and International Studies, University of Cambridge",Chetsford,false,-5,enwiki,2024-10-27 19:31:11
1833662212,User:B.V.B.2025/Чек,B.V.B.2025,false,-33,enwiki,2024-10-27 19:30:48
1833662302,Talk:Nashville International Airport,King airaglub,false,1157,enwiki,2024-10-27 19:31:11
1833662213,"Terek-Dagestan electoral district (Russian Constituent Assembly election, 1917)",Monkbot,true,1,enwiki,2024-10-27 19:30:55
1833662301,Hijack '93,Afrowriter,false,-3,enwiki,2024-10-27 19:31:11
1833662200,Hind bint Utba,ClueBot NG,false,25,enwiki,2024-10-27 19:30:51
1833662303,User:GrabUp/common.js,GrabUp,false,110,enwiki,2024-10-27 19:31:14
1833662316,Hircocervus,Monkbot,true,2,enwiki,2024-10-27 19:31:17
1833662401,Murder of Wang Lianying,Crisco 1492,false,269,enwiki,2024-10-27 19:31:34
1833662409,File:Ladygagadisease.webp,B-bot,true,50,enwiki,2024-10-27 19:31:41
1833662511,French civil service,SashiRolls,false,0,enwiki,2024-10-27 19:31:58
1833662318,Julia Khadartseva,Smasongarrison,false,41,enwiki,2024-10-27 19:31:17
1833662410,Daddy Yankee,Adamantine123,false,138,enwiki,2024-10-27 19:31:37
1833662513,List of traditional Japanese games,GreekApple123,false,84,enwiki,2024-10-27 19:31:58
1833662319,2024 SAFF Women's Championship,Lancepark,false,523,enwiki,2024-10-27 19:31:15
1833662402,Template:UploadedFP,Armbrust,false,-16,enwiki,2024-10-27 19:31:38
1833662512,User talk:Jeraxmoira,2409:4072:6C96:68CF:6F4E:6AE4:BB93:4A69,false,493,enwiki,2024-10-27 19:31:56
1833662403,Asasp-Arros,Monkbot,true,1,enwiki,2024-10-27 19:31:35
1833662515,List of spaceflight launches in July–December 2024,Ethan82994,false,0,enwiki,2024-10-27 19:31:42
1833662404,Patricia Urquiola,Cl3phact0,false,384,enwiki,2024-10-27 19:31:39
1833662514,Talk:Queen Victoria,Remsense,false,-146,enwiki,2024-10-27 19:31:58
1833662516,Slayer,2601:246:5F82:58D0:11EB:7C66:BB50:5F9C,false,-1,enwiki,2024-10-27 19:31:52
1833662405,Languages with legal status in India,Fylindfotberserk,false,0,enwiki,2024-10-27 19:31:36
1833662517,1963 Polish speedway season,Monkbot,true,1,enwiki,2024-10-27 19:32:00
1833662406,Wikipedia talk:Administrator recall,SuperMarioMan,false,937,enwiki,2024-10-27 19:31:39
1833662518,User:MacronMonitor/Alerts,MacronMonitor,false,273,enwiki,2024-10-27 19:32:00
1833662407,Zhilishche,Monkbot,true,1,enwiki,2024-10-27 19:31:39
1833662503,User:B.V.B.2025/Чек,B.V.B.2025,false,-33,enwiki,2024-10-27 19:31:49
1833662408,User:Incognito melon,Incognito melon,false,627,enwiki,2024-10-27 19:31:30
1833662505,Sirasa TV,Ttheek,false,125,enwiki,2024-10-27 19:31:56
1833662519,User talk:GogoLion,B-bot,true,1096,enwiki,2024-10-27 19:32:02
1833662602,User:Iaof2017/sandbox14,Iaof2017,false,670,enwiki,2024-10-27 19:32:32
1833662614,Wikipedia talk:Did you know,RoySmith,false,322,enwiki,2024-10-27 19:32:27
1833662603,Casket letters,Unoquha,false,133,enwiki,2024-10-27 19:32:33
1833662616,Progress Chapter 172: Werewolves Of London,JeyReydar97,false,4,enwiki,2024-10-27 19:32:35
358023502,Liste der Kulturdenkmale in Bad Lausick,Lguenth1,false,61,dewiki,2024-10-27 19:32:44
1833662604,List of Canadian electoral districts (1892–1903),Masterhatch,false,99,enwiki,2024-10-27 19:32:32
1833662615,Hind bint Utba,AntiDionysius,false,-90,enwiki,2024-10-27 19:32:34
1833662605,MPL Indonesia,82.174.144.31,false,592,enwiki,2024-10-27 19:32:32
358023501,Bernadettar Kwimbira,Toni Müller,false,-59,dewiki,2024-10-27 19:32:45
358023503,Meligo,J. Patrick Fischer,false,-89,dewiki,2024-10-27 19:32:47
1833662607,2024–25 Campeonato de Portugal,Secretaria,false,456,enwiki,2024-10-27 19:32:31
1833662611,Maktab al-Khidamat,Izno,false,-6,enwiki,2024-10-27 19:32:32
1833662600,Giorgio de Chirico Art Centre,Monkbot,true,2,enwiki,2024-10-27 19:32:32
1833662601,Al Ain FC,2001:8F8:1D10:A85F:93D:FB75:51BC:5D0E,false,-1,enwiki,2024-10-27 19:32:20
1833662613,Clement Niyigena,Vikingsam,false,25,enwiki,2024-10-27 19:32:33
358023500,Diskussion:Vladimir Jankélévitch,Jürgen Engel,false,162,dewiki,2024-10-27 19:32:43
358023508,Mona Lisa,77.8.7.17,false,100,dewiki,2024-10-27 19:32:50
1833662700,Kirillo-Karmasan,Monkbot,true,2,enwiki,2024-10-27 19:32:54
1833662712,Teochew opera,Headbomb,false,-443,enwiki,2024-10-27 19:32:58
1833662805,"Hugh Trenchard, 3rd Viscount Trenchard",Berserker276,false,93,enwiki,2024-10-27 19:33:16
1833662819,Yangwang U8,毕明明,false,-24,enwiki,2024-10-27 19:33:21
1833662713,User talk:RegentsPark,Lowercase sigmabot III,true,-759,enwiki,2024-10-27 19:32:58
358023517,Jugendländerturnier,2A01:599:912:1CBE:7401:B288:1E86:A8EB,false,4,dewiki,2024-10-27 19:33:10
1833662806,Edwin Markham (British Army officer),Takvaal,false,178,enwiki,2024-10-27 19:33:18
358023509,Georg Fritze,Chris06,false,15,dewiki,2024-10-27 19:32:55
1833662714,Downtown (Petula Clark song),87.18.197.104,false,244,enwiki,2024-10-27 19:32:56
1833662807,Draft:Gary Stockdale,Dr.bobbs,false,144,enwiki,2024-10-27 19:33:15
1833662701,Nissan Murano,Elise240SX,false,47,enwiki,2024-10-27 19:32:53
1833662715,Indonesia national under-17 football team,36.68.223.144,false,1,enwiki,2024-10-27 19:32:54
1833662810,Draft:History of French bureaucracy,SashiRolls,false,39,enwiki,2024-10-27 19:33:18
1833662703,UFC rankings,KyleBYerrick,false,48,enwiki,2024-10-27 19:32:47
1833662719,Liberation Tigers of Tamil Eelam,175.157.248.176,false,43,enwiki,2024-10-27 19:32:51
1833662811,Svetlana Zhakupova,Less Unless,false,213,enwiki,2024-10-27 19:33:19
1833662705,North Island (provincial electoral district),Poly553,false,10,enwiki,2024-10-27 19:32:55
358023511,Konstitutionell-Demokratische Partei (Japan),VECTRONATOR,false,1060,dewiki,2024-10-27 19:32:59
1833662813,Japanese Brazilians,AnomieBOT,true,372,enwiki,2024-10-27 19:33:15
1833662706,Guinea-Bissau national football team,41.246.129.147,false,0,enwiki,2024-10-27 19:32:43
1833662814,San Francisco Bay Area Film Critics Circle Award for Best Director,Colonies Chris,false,-35,enwiki,2024-10-27 19:33:21
1833662708,User talk:RegentsPark/Archive 42,Lowercase sigmabot III,true,759,enwiki,2024-10-27 19:32:56
1833662710,Mikhail Pogodin,Monkbot,true,1,enwiki,2024-10-27 19:32:57
1833662818,2024 Tel Aviv truck attack,ElijahPepe,false,29,enwiki,2024-10-27 19:33:22
358023510,Wikipedia Diskussion:Hauptseite/Schon gewusst,Alpenhexe,false,125,dewiki,2024-10-27 19:32:52
1833662804,Oropioi,Monkbot,true,1,enwiki,2024-10-27 19:33:17
1833662901,Zapleš,Monkbot,true,1,enwiki,2024-10-27 19:33:51
1833662913,And Thou Shalt Love,R1237h,false,30,enwiki,2024-10-27 19:33:53
1833663011,Last Game,SimonLagann,false,204,enwiki,2024-10-27 19:34:21
1833662903,BBC Radio 2,94.12.114.82,false,-41,enwiki,2024-10-27 19:33:50
1833663002,Category:People by city in Ishikawa Prefecture,2600:4041:57B1:3E00:993E:65E2:8638:1E89,false,39,enwiki,2024-10-27 19:34:18
1833663016,Antimony,78.98.203.227,false,1,enwiki,2024-10-27 19:34:18
1833662902,"Fifth Ward, Houston",2600:100D:B05F:C9AF:A463:E313:7FDE:E475,false,-51,enwiki,2024-10-27 19:33:48
1833662915,Cosey,Roastedbeanz1,false,64,enwiki,2024-10-27 19:33:56
1833663000,Carry-lookahead adder,23.92.13.139,false,0,enwiki,2024-10-27 19:34:14
1833663018,AWS App Runner,Jonesjoebloggsmorganwalker,false,3471,enwiki,2024-10-27 19:34:23
1833662905,List of harvest festivals,2603:6011:307:3400:98F4:FC93:DAA7:A24E,false,36,enwiki,2024-10-27 19:33:52
1833662916,Template:COVID-19 pandemic data/United States deaths chart post emergency,Kinerd518,false,2,enwiki,2024-10-27 19:33:55
1833663004,Cultural impact of Christina Aguilera,AlexisEditor,false,2187,enwiki,2024-10-27 19:34:12
1833662907,Pomeranian culture,Ario1234,false,360,enwiki,2024-10-27 19:33:53
1833663005,Draft:History of French bureaucracy,SashiRolls,false,1,enwiki,2024-10-27 19:34:18
1833662908,Draft:Dorian invasion,UndercoverClassicist,false,2111,enwiki,2024-10-27 19:33:46
1833663007,Vertolaye,Monkbot,true,1,enwiki,2024-10-27 19:34:17
1833663008,User talk:Kitten Kutie441,B-bot,true,1142,enwiki,2024-10-27 19:34:20
1833662910,Tangram (album),Nectar3,false,-24,enwiki,2024-10-27 19:33:54
1833663006,Wikipedia:Village pump (idea lab),Jéské Couriano,false,436,enwiki,2024-10-27 19:34:14
1833662914,Athikia,Monkbot,true,1,enwiki,2024-10-27 19:33:54
1833663009,Balban,Bonobashi,false,-8,enwiki,2024-10-27 19:34:19
1833662900,Wikipedia talk:Featured article candidates/1860s replacement of the British copper coinage/archive1,Wehwalt,false,-5,enwiki,2024-10-27 19:33:53
1833662912,Bad Bunny discography,ItsMario97,false,-12,enwiki,2024-10-27 19:33:48
1833663012,Bolesław Chrobry Tournament,Monkbot,true,1,enwiki,2024-10-27 19:34:21
1833663118,2024–25 AJ Auxerre season,2001:4645:B0B3:0:29F8:CC03:D6E4:43C6,false,45,enwiki,2024-10-27 19:34:49
1833663208,Wikipedia:Administrators' noticeboard/Edit warring,Borgenland,false,45,enwiki,2024-10-27 19:35:12
1833663307,Ghostkeeper,Paleface Jack,false,14,enwiki,2024-10-27 19:35:34
1833663107,Cold Chisel,142.115.60.108,false,162,enwiki,2024-10-27 19:34:44
1833663119,File:Long Reach High School logo.png,B-bot,true,50,enwiki,2024-10-27 19:34:51
358023604,Julleuchter,Khatschaturjan,false,-36,dewiki,2024-10-27 19:35:03
1833663212,The Brothers Karamazov (1969 film),Monkbot,true,1,enwiki,2024-10-27 19:35:13
1833663309,Clement Niyigena,Vikingsam,false,45,enwiki,2024-10-27 19:35:35
1833663319,New Orleans Saints,2804:7F0:B240:2ECB:3552:FFB9:B576:C21,false,-9,enwiki,2024-10-27 19:35:34
1833663101,"Nagórze, West Pomeranian Voivodeship",Monkbot,true,1,enwiki,2024-10-27 19:34:44
1833663109,Dillon Gabriel,IndyBallFan,false,0,enwiki,2024-10-27 19:34:47
358023613,Milchuhu,Earwig,false,0,dewiki,2024-10-27 19:35:14
1833663100,User:SuperWIKI/sandbox4,SuperWIKI,false,378,enwiki,2024-10-27 19:34:40
1833663213,Cell 16,Liberationfemale,false,473,enwiki,2024-10-27 19:35:14
358023618,Portal:Sachsen/Projekt:Kulturdenkmale/ID ungültig/bearbeitet,Lguenth1,false,54,dewiki,2024-10-27 19:35:33
1833663302,Draft:Anton Mazurov,ZIKZU,false,-414,enwiki,2024-10-27 19:35:33
1833663312,Hewas Water,Steinsky,false,9,enwiki,2024-10-27 19:35:37
1833663102,Derry Senior Football Championship,149.50.166.14,false,5,enwiki,2024-10-27 19:34:42
1833663111,Anglo-Catholicism,2A00:23C6:F389:B301:E151:2E41:C5C1:80BC,false,99,enwiki,2024-10-27 19:34:47
358023607,Tim Burton,Ocd-cologne,false,9,dewiki,2024-10-27 19:35:03
1833663214,Draft:Dorian invasion,UndercoverClassicist,false,12,enwiki,2024-10-27 19:35:08
1833663301,Miss Universe 1987,Sciencefish,false,-6,enwiki,2024-10-27 19:35:34
1833663313,Rebel (2024 film),Thesanas,false,-20,enwiki,2024-10-27 19:35:37
1833663103,Megamind,AmrAlWatan,false,0,enwiki,2024-10-27 19:34:44
1833663114,Anastatus japonicus,Bruce1ee,false,12,enwiki,2024-10-27 19:34:49
358023602,Liste der Kulturdenkmale in Bennewitz,Lguenth1,false,21,dewiki,2024-10-27 19:35:00
1833663215,Bar jack,Kriseck,false,28,enwiki,2024-10-27 19:35:12
358023615,Garbage/Diskografie,ChrisHardy,false,0,dewiki,2024-10-27 19:35:21
1833663303,Calaca,AntiDionysius,false,1334,enwiki,2024-10-27 19:35:34
1833663314,Wikipedia:WikiProject Deletion sorting/Events,Wcquidditch,false,71,enwiki,2024-10-27 19:35:33
1833663104,Peggy Schoolcraft,Lepricavark,false,36,enwiki,2024-10-27 19:34:45
1833663113,User talk:Blaze The Movie Fan,Gråbergs Gråa Sång,false,689,enwiki,2024-10-27 19:34:49
358023603,Konjunkturritter,ChickSR,false,0,dewiki,2024-10-27 19:35:02
1833663201,Guinea-Bissau national football team,41.246.129.147,false,2,enwiki,2024-10-27 19:34:57
1833663216,Peter Putnam,Lepricavark,false,34,enwiki,2024-10-27 19:35:14
1833663304,Belarusian Peasants' and Workers' Union,Monkbot,true,3,enwiki,2024-10-27 19:35:34
1833663315,Serbia at the 2008 Summer Olympics,2605:BA00:4138:505:D68:EDA4:3F75:5AB7,false,143,enwiki,2024-10-27 19:35:33
1833663203,User talk:Sparkbean,B-bot,true,1118,enwiki,2024-10-27 19:35:12
1833663217,Kelly Weinersmith,MainlyTwelve,false,8,enwiki,2024-10-27 19:35:15
1833663305,User talk:KAVEBEAR,Lowercase sigmabot III,true,-2047,enwiki,2024-10-27 19:35:35
1833663316,House of Nobility (Sweden),WikiGuff,false,32,enwiki,2024-10-27 19:35:38
1833663105,Zero to Hero,AnomieBOT,true,-5,enwiki,2024-10-27 19:34:46
1833663116,Saligos,Monkbot,true,1,enwiki,2024-10-27 19:34:47
1833663204,Sclerocarya caffra,Plantdrew,false,62,enwiki,2024-10-27 19:35:12
1833663219,Las Lajitas,Cyfraw,false,34,enwiki,2024-10-27 19:35:15
1833663317,User talk:Avishai11,Wikiakgec,false,329,enwiki,2024-10-27 19:35:37
1833663117,IMac Pro,David Fuchs,false,0,enwiki,2024-10-27 19:34:49
358023610,The World Is Not Enough (Lied),ChrisHardy,false,1860,dewiki,2024-10-27 19:35:08
358023611,Portal:Sachsen/Projekt:Kulturdenkmale/ID ungültig/0,Lguenth1,false,-196,dewiki,2024-10-27 19:35:12
358023614,Liste der Kecamatan in der Provinz Nusa Tenggara Barat,WBZ2,false,19,dewiki,2024-10-27 19:35:16
358023617,Benutzer:Schlatter/Baustelle,Schlatter,false,327,dewiki,2024-10-27 19:35:31
1833663306,2024 Samoa rugby league tour of England,L1amw90,false,121,enwiki,2024-10-27 19:35:32
1833663318,North Vietnam,42.117.235.126,false,13,enwiki,2024-10-27 19:35:35
1833663410,Cuidao por Ahí,ItsMario97,false,-12,enwiki,2024-10-27 19:36:04
1833663514,Renee Lynn Vicary,Lepricavark,false,36,enwiki,2024-10-27 19:36:32
1833663412,Draft:Doug Bielmeier,Williammoyers75,false,1444,enwiki,2024-10-27 19:36:04
1833663500,Elsie Stevens,AnomieBOT,true,18,enwiki,2024-10-27 19:36:29
1833663515,Bärenschützklamm,2A02:908:2210:6240:FD8C:E3AF:6E77:B382,false,19,enwiki,2024-10-27 19:36:32
1833663411,Meechai Ruchuphan,Preime TH,false,-5,enwiki,2024-10-27 19:36:04
1833663516,Talk:GOGBOT,OpalYosutebito,false,8,enwiki,2024-10-27 19:36:33
1833663517,2024 United States presidential election in Texas,2601:C4:CA00:4860:C9A5:331C:3FA6:3C32,false,346,enwiki,2024-10-27 19:36:28
1833663414,UAE Pro League,154.121.72.58,false,0,enwiki,2024-10-27 19:36:00
1833663501,User:Surfmaster23/sandbox,Surfmaster23,false,-827,enwiki,2024-10-27 19:36:29
1833663404,Tom Brewer (politician),DickClarkMises,false,8,enwiki,2024-10-27 19:36:02
1833663415,The Marriage of Princess Demidoff,Monkbot,true,1,enwiki,2024-10-27 19:36:05
1833663504,"Żydowo, Koszalin County",Monkbot,true,1,enwiki,2024-10-27 19:36:28
1833663407,User talk:Noteny Games,AnomieBOT,true,246,enwiki,2024-10-27 19:36:04
1833663509,Erik ten Hag,Jimbo online,false,8,enwiki,2024-10-27 19:36:25
1833663406,Clement Niyigena,Vikingsam,false,2,enwiki,2024-10-27 19:36:03
1833663510,Lethal Weapon,Darkwarriorblake,false,401,enwiki,2024-10-27 19:36:29
1833663408,User:SuperWIKI/sandbox4,SuperWIKI,false,0,enwiki,2024-10-27 19:35:58
1833663513,Calaca,BruhRun,false,2013,enwiki,2024-10-27 19:36:31
1833663409,Bilibino,Monkbot,true,1,enwiki,2024-10-27 19:36:01
1833663512,Politics of the Netherlands,Encyclopedia Lu,false,0,enwiki,2024-10-27 19:36:29
1833663604,Tihomir (Bulgarian noble),Monkbot,true,2,enwiki,2024-10-27 19:36:55
1833663619,Novosarayevo,Monkbot,true,2,enwiki,2024-10-27 19:36:58
1833663705,Anglo-Catholicism,2A00:23C6:F389:B301:E151:2E41:C5C1:80BC,false,-8,enwiki,2024-10-27 19:37:24
1833663606,Clement Niyigena,Vikingsam,false,-29,enwiki,2024-10-27 19:36:54
1833663704,User talk:Sohvyan,Diannaa,false,965,enwiki,2024-10-27 19:37:26
1833663609,Kalani Sitake,174.208.229.135,false,-2,enwiki,2024-10-27 19:36:55
1833663718,Category:Palestine ethnographers,Smasongarrison,false,369,enwiki,2024-10-27 19:37:30
1833663710,Time Bandits,86.182.51.136,false,10,enwiki,2024-10-27 19:37:24
1833663719,Rick Cassidy,Lepricavark,false,36,enwiki,2024-10-27 19:37:29
1833663611,Category talk:21st-century Italian artists,Simeon,false,16,enwiki,2024-10-27 19:36:56
1833663612,Talk:0,Lowercase sigmabot III,true,-2155,enwiki,2024-10-27 19:36:57
1833663711,Talk:Gods of Luxury,OpalYosutebito,false,9,enwiki,2024-10-27 19:37:28
1833663616,Timeline of the Israel–Hezbollah conflict (17 September 2024 – present),Borgenland,false,-58,enwiki,2024-10-27 19:36:48
1833663700,"Vasiliki, Trikala",Monkbot,true,1,enwiki,2024-10-27 19:37:24
1833663712,Timeline of the Israel–Hamas war (27 September 2024 – present),Borgenland,false,-58,enwiki,2024-10-27 19:37:07
1833663601,Talk:GeoNet,RMCD bot,false,109,enwiki,2024-10-27 19:36:54
1833663617,Ocean strider,Daranios,false,73,enwiki,2024-10-27 19:36:59
1833663701,2024–25 AJ Auxerre season,2001:4645:B0B3:0:29F8:CC03:D6E4:43C6,false,385,enwiki,2024-10-27 19:37:23
1833663713,Dimitris Liantinis,Monkbot,true,1,enwiki,2024-10-27 19:37:27
1833663600,Quebec Legislature,Mr Serjeant Buzfuz,false,73,enwiki,2024-10-27 19:36:53
1833663702,Template:Script/Arabic&Hebrew,Gonnym,false,39,enwiki,2024-10-27 19:37:25
1833663714,Mike Martt,147.81.47.221,false,-31,enwiki,2024-10-27 19:37:28
1833663603,Talk:0/Archive 3,Lowercase sigmabot III,true,2155,enwiki,2024-10-27 19:36:55
1833663618,Talk:Michael Gambon,Drzejstan,false,139,enwiki,2024-10-27 19:36:57
1833663703,2024 Japanese general election,Faustino Sojo,false,0,enwiki,2024-10-27 19:37:21
1833663715,User:HolyCrocsEmperor,HolyCrocsEmperor,false,-1,enwiki,2024-10-27 19:37:27
1833663801,Category:Palestine ethnographers,Smasongarrison,false,46,enwiki,2024-10-27 19:37:50
358023705,Portal:Sachsen/Projekt:Kulturdenkmale/ID ungültig/bearbeitet,Lguenth1,false,70,dewiki,2024-10-27 19:37:55
358023714,Liste von Schweinebrunnen,Herzi Pinki,false,273,dewiki,2024-10-27 19:38:13
358023717,Liste der Kulturdenkmale in Borna,Lguenth1,false,61,dewiki,2024-10-27 19:38:13
1833663905,Ian,38.165.4.246,false,51,enwiki,2024-10-27 19:38:19
358023703,Liebfrauenkirche (Duisburg-Mitte),Meinolf Stettner,false,1,dewiki,2024-10-27 19:37:49
1833663816,List of United States Army lieutenant generals from 2010 to 2019,SuperWIKI,false,2,enwiki,2024-10-27 19:37:49
358023715,Lexy Denaburg,Mosbatho,false,35,dewiki,2024-10-27 19:38:14
1833663904,Zanskar range,Hike395,false,6,enwiki,2024-10-27 19:38:20
1833663802,Lauko Soda,Monkbot,true,1,enwiki,2024-10-27 19:37:49
358023706,Iwan Alexejewitsch Gardner,Anidse,false,-10,dewiki,2024-10-27 19:37:55
358023716,Hans von Sichart,Hejkal,false,13,dewiki,2024-10-27 19:38:15
1833663908,Bigg Boss (Hindi TV series) season 18,Kaustubh42,false,0,enwiki,2024-10-27 19:38:18
358023700,Portal:Film und Fernsehen/Verstorbene,Wiegels,false,19,dewiki,2024-10-27 19:37:42
358023702,Weg der Erinnerungen und Kameradschaft,80.187.100.184,false,0,dewiki,2024-10-27 19:37:45
1833663806,North Island (provincial electoral district),Poly553,false,6,enwiki,2024-10-27 19:37:50
1833663817,User:Spiderone/CSD log,Spiderone,false,131,enwiki,2024-10-27 19:36:39
358023710,Reinhold Würth,Schotterebene,false,-51,dewiki,2024-10-27 19:38:02
1833663911,Asad Shamim,SeanaTimothy,false,7,enwiki,2024-10-27 19:38:20
1833663805,Template talk:Infobox person,Remsense,false,412,enwiki,2024-10-27 19:37:48
358023712,Bubo lacteus,Earwig,false,0,dewiki,2024-10-27 19:38:10
358023719,Bogia Horska,2A02:8108:4C9F:2800:CD28:49CD:B906:ADC1,false,5,dewiki,2024-10-27 19:38:21
358023701,Großwürdenträger,2A01:599:303:34F2:19C7:8B04:5BD:A8DB,false,-20,dewiki,2024-10-27 19:37:42
1833663808,Nadeem al-Wajidi,Headbomb,false,-733,enwiki,2024-10-27 19:37:51
1833663810,Timeline of Iranian history,The Nineteenth Century,false,10,enwiki,2024-10-27 19:37:50
1833663900,Pasek and Paul,116.240.45.244,false,8,enwiki,2024-10-27 19:38:18
1833663812,Category talk:21st-century Italian sculptors,Simeon,false,16,enwiki,2024-10-27 19:37:53
358023708,Militärflugplatz Leźnica Wielka,M2k~dewiki,false,0,dewiki,2024-10-27 19:38:01
1833663901,Hurling,92.251.120.10,false,29,enwiki,2024-10-27 19:38:16
1833663813,Jan Baudouin de Courtenay,Monkbot,true,1,enwiki,2024-10-27 19:37:52
1833663902,User:Guywelch2000/sandbox,Guywelch2000,false,-611,enwiki,2024-10-27 19:38:19
1833663815,Sentencing disparity,Mason Pine,false,1206,enwiki,2024-10-27 19:37:53
358023707,Benutzerin:MadameStael/Artikelentwurf,MadameStael,false,2,dewiki,2024-10-27 19:37:57
358023713,Karl Höffkes,Nuuk,false,28,dewiki,2024-10-27 19:38:14
1833663903,The Sandwich Girl,Monkbot,true,1,enwiki,2024-10-27 19:38:18
1833664107,Vivir de amor,Telenovelafan215,false,-197,enwiki,2024-10-27 19:39:04
1833663914,USL Championship,Mozart12345678910,false,372,enwiki,2024-10-27 19:38:16
1833664005,Coinage Offences Act 1832,Hughbe98,false,1882,enwiki,2024-10-27 19:38:43
1833664108,Nemanja Anđelković,Geregen2,false,-2,enwiki,2024-10-27 19:39:07
1833663915,Category talk:21st-century Italian women artists,Simeon,false,16,enwiki,2024-10-27 19:38:21
1833664007,User:Helpful Cat/sandbox,Helpful Cat,false,-13,enwiki,2024-10-27 19:38:45
1833664110,"Tayga, Karaidelsky District, Republic of Bashkortostan",Monkbot,true,1,enwiki,2024-10-27 19:39:07
1833663916,Anton Zabolotny,Geregen2,false,0,enwiki,2024-10-27 19:38:21
1833664008,Cañaveral de Pasiones,Telenovelafan215,false,-33,enwiki,2024-10-27 19:38:44
1833664111,WFXM,Deor,false,22,enwiki,2024-10-27 19:39:08
1833663917,Talk:Comus,Michael Aurel,false,3,enwiki,2024-10-27 19:38:22
1833664011,Flag of Maine (1901–1909),Govols90,false,9,enwiki,2024-10-27 19:38:44
1833664112,"List of Walker, Texas Ranger characters",32.216.140.238,false,56,enwiki,2024-10-27 19:39:08
1833663918,Manuel Bompard,Pierremar,false,-230,enwiki,2024-10-27 19:38:21
1833664113,Peruvian Hairless Dog,Justlettersandnumbers,false,261,enwiki,2024-10-27 19:39:07
1833663919,User:Measurement 1,AntiDionysius,false,27,enwiki,2024-10-27 19:38:23
1833664100,Ocean Strider,Daranios,false,73,enwiki,2024-10-27 19:39:05
1833664114,Micheal Amushelelo,ShopLeft,false,20,enwiki,2024-10-27 19:39:10
1833664115,2017–18 WHL season,184.55.60.49,false,-3,enwiki,2024-10-27 19:38:59
1833664105,Rzeszów County,Monkbot,true,1,enwiki,2024-10-27 19:39:04
1833664116,Wikipedia:In the news/Candidates,Haers6120,false,-1,enwiki,2024-10-27 19:39:04
