1833334905,Draft:Samuel Okunlola,Butters.From.SouthPark,false,1303,enwiki,2024-10-27 00:28:23
1833335019,Genocides in history (before World War I),Cdjp1,false,143,enwiki,2024-10-27 00:28:32
1833335418,Wikipedia:WikiProject Schools/Recognized content,JL-Bot,true,-43,enwiki,2024-10-27 00:29:51
1833335217,Gesture,Mugen888,false,22,enwiki,2024-10-27 00:29:12
1833335419,Talk:Crenella arenaria,Killarnee,false,2,enwiki,2024-10-27 00:29:54
1833334911,Wikipedia talk:Talk page guidelines,Redrose64,false,1177,enwiki,2024-10-27 00:28:22
1833335102,Barry Manilow (1989 album),2601:203:4300:A8D0:A8A2:8786:C6B9:CAC6,false,6,enwiki,2024-10-27 00:28:52
1833335219,Wikipedia:Good article nominations,ChristieBot,true,-316,enwiki,2024-10-27 00:28:52
1833335417,Talk:List of legendary creatures by type,6marvil,false,339,enwiki,2024-10-27 00:29:51
1833334912,Villandraut,Monkbot,true,1,enwiki,2024-10-27 00:28:21
1833335001,Clay court,Oknazevad,false,-242,enwiki,2024-10-27 00:28:38
1833335103,Church rate,Hughbe98,false,0,enwiki,2024-10-27 00:28:53
1833335201,Magogo kaDinuzulu,41.13.136.186,false,1,enwiki,2024-10-27 00:29:10
1833335218,CI5: The New Professionals,Stuartfanning,false,10,enwiki,2024-10-27 00:29:13
1833334915,Charles de Courson,Idoghor Melody,false,-4,enwiki,2024-10-27 00:28:22
1833335004,Igor Grichanov,Monkbot,true,1,enwiki,2024-10-27 00:28:39
1833335109,Talk:Heterodox economics,Ronulitsky,false,748,enwiki,2024-10-27 00:28:54
1833335203,Talk:Lanmaoa borealis,Killarnee,false,2,enwiki,2024-10-27 00:29:12
1833335302,"Taunton, Massachusetts",Fickle man,false,-17,enwiki,2024-10-27 00:29:26
1833334914,Johannes le Roux,Zawed,false,101,enwiki,2024-10-27 00:28:24
1833335202,2024 Curitiba Challenger – Doubles,Adamtt9,false,70,enwiki,2024-10-27 00:29:11
1833335303,Doomstones: Blood in Darkness,Idoghor Melody,false,3,enwiki,2024-10-27 00:29:33
1833335410,Žďár nad Orlicí,Monkbot,true,1,enwiki,2024-10-27 00:29:50
1833334918,Cineworld,2804:18:112D:73D8:1802:F85:4124:4AFB,false,4,enwiki,2024-10-27 00:28:21
1833335006,R. Palme Dutt,MaybeItsBecauseImALondoner,false,-47,enwiki,2024-10-27 00:28:38
1833335204,User:AlexNewArtBot/NewHampshireSearchResult,InceptionBot,true,33,enwiki,2024-10-27 00:29:11
1833335305,Talk:Sunscreen,Jess Riedel,false,910,enwiki,2024-10-27 00:29:30
1833335411,"Hirnyk, Donetsk Oblast",80.234.77.6,false,73,enwiki,2024-10-27 00:29:51
1833335009,Stadion SC Mladost,Idoghor Melody,false,-4,enwiki,2024-10-27 00:28:40
1833335205,User:InceptionBot/NewPageSearch/NewHampshire/log,InceptionBot,true,339,enwiki,2024-10-27 00:29:12
1833335313,Talk:Crenella adamsiana,Killarnee,false,2,enwiki,2024-10-27 00:29:35
1833335412,Talk:Johanan ben Baroka,Wizardman,false,26,enwiki,2024-10-27 00:29:53
1833334919,"Victoria Square, Portland",Idoghor Melody,false,2,enwiki,2024-10-27 00:28:24
1833335206,DePauw University,GuardianH,false,-364,enwiki,2024-10-27 00:29:07
1833335210,Nikolaos Bacharidis,Monkbot,true,1,enwiki,2024-10-27 00:29:11
1833335415,Draft:2025 ISSF World Cup,Kumarpramit,false,234,enwiki,2024-10-27 00:29:52
1833335512,Terrifier 2,Joyous!,false,0,enwiki,2024-10-27 00:30:10
1833335800,Wikipedia:WikiProject Medicine/Members,Reports bot,true,98,enwiki,2024-10-27 00:30:59
1833336016,User talk:MarkYay/TWA/Earth,MarkYay,false,-266,enwiki,2024-10-27 00:31:38
1833335513,Jeremiah 1,DocWatson42,false,4,enwiki,2024-10-27 00:30:11
1833335704,Michael Drakos Soutzos,Monkbot,true,2,enwiki,2024-10-27 00:30:46
1833335801,Kruopiai,Monkbot,true,1,enwiki,2024-10-27 00:31:01
1833335908,Sapphire (character),Idoghor Melody,false,0,enwiki,2024-10-27 00:31:20
1833336019,Phase Genomics,TheImaCow,false,0,enwiki,2024-10-27 00:31:38
1833335501,Besse-et-Saint-Anastaise,Monkbot,true,1,enwiki,2024-10-27 00:30:06
1833335514,List of Platinum singles in the United Kingdom awarded since 2000,2.218.73.22,false,-14,enwiki,2024-10-27 00:29:59
1833335600,The Witcher (video game),Monkbot,true,1,enwiki,2024-10-27 00:30:26
1833335803,Boeing 720,76.72.11.172,false,10,enwiki,2024-10-27 00:30:59
1833335910,Dinos Constantinides,Monkbot,true,1,enwiki,2024-10-27 00:31:20
1833335502,Benet Academy,174.62.165.46,false,7,enwiki,2024-10-27 00:30:06
1833335517,Draft:Insurgency in South Albania,MercurioBua,false,-1471,enwiki,2024-10-27 00:30:12
1833335601,Kalees,91.122.25.224,false,155,enwiki,2024-10-27 00:30:29
1833335716,Catch! Teenieping,HeartspingLegendary,false,-88,enwiki,2024-10-27 00:30:47
1833335806,Talk:Prithvi-deva II,Wizardman,false,23,enwiki,2024-10-27 00:31:03
1833335603,Harcourt Butler Technical University,Burhan.nameer,false,163,enwiki,2024-10-27 00:30:26
1833335808,Armenian Secret Army for the Liberation of Armenia,KhndzorUtogh,false,-22,enwiki,2024-10-27 00:31:00
1833335918,UFC 308,Marty2Hotty,false,546,enwiki,2024-10-27 00:31:21
1833335507,Marx–Engels–Lenin Institute,Monkbot,true,7,enwiki,2024-10-27 00:30:10
1833335607,Wikipedia:Missing Wikipedians/Table,SDZeroBot,true,-707,enwiki,2024-10-27 00:30:20
1833335812,Mayor of Gloucester,CivicGL,false,57,enwiki,2024-10-27 00:31:03
1833335508,User:AlexNewArtBot/NewYorkSearchResult,InceptionBot,true,4728,enwiki,2024-10-27 00:30:05
1833335608,Cineplex Entertainment,2804:18:112D:73D8:1802:F85:4124:4AFB,false,-2,enwiki,2024-10-27 00:30:25
1833335816,User talk:Bouchecl/Archive 4,ClueBot III,true,903,enwiki,2024-10-27 00:31:04
1833335510,1972 Qir earthquake,Dawnseeker2000,false,0,enwiki,2024-10-27 00:30:11
1833335615,Don Davis (artist),James Kevin McMahon,false,358,enwiki,2024-10-27 00:30:30
1833335819,User talk:Bouchecl,ClueBot III,true,-904,enwiki,2024-10-27 00:31:05
1833335903,Brøndby IF,Mrloop,false,-12,enwiki,2024-10-27 00:31:16
357990900,Wikipedia:WikiProjekt Frauen/Frauen in Rot/Fehlende Artikel nach Tätigkeit/Tennisspielerinnen,TaxonBot,true,162,dewiki,2024-10-27 00:29:52
1833335906,Wikipedia:WikiProject Medicine/Members/Inactive,Reports bot,true,-98,enwiki,2024-10-27 00:31:09
1833336000,Wenceslaus II of Bohemia,Monkbot,true,2,enwiki,2024-10-27 00:31:35
357990901,Benutzer:LennBr,LennBr,false,2,dewiki,2024-10-27 00:30:08
1833335616,List of creeks of the Bahamas,Retro,false,0,enwiki,2024-10-27 00:30:30
1833335905,List of British Airways destinations,Jetstreamer,false,530,enwiki,2024-10-27 00:31:13
1833336007,Scott MacKenzie (footballer),Fodbold-fan,false,1920,enwiki,2024-10-27 00:31:37
1833336213,Washington D.C. Temple,Itsetsyoufree32,false,302,enwiki,2024-10-27 00:32:04
1833336301,Georgie Farmer,172.56.203.235,false,-48,enwiki,2024-10-27 00:32:22
1833336212,User:AnomieBOT/SPERTable,AnomieBOT,false,462,enwiki,2024-10-27 00:32:07
1833336302,Internsheep,91.122.25.224,false,-56,enwiki,2024-10-27 00:32:22
1833336402,Internsheep,91.122.25.224,false,-55,enwiki,2024-10-27 00:32:39
1833336214,Wikipedia:Reference desk/Language,Theurgist,false,279,enwiki,2024-10-27 00:32:06
1833336303,Wikipedia:Sockpuppet investigations/Polynesia2024,Graywalls,false,1,enwiki,2024-10-27 00:32:23
1833336104,Star and crescent,Demetrios1993,false,8,enwiki,2024-10-27 00:31:50
1833336304,Timeline of quantum computing and communication,Idoghor Melody,false,-8,enwiki,2024-10-27 00:32:11
1833336404,Cape Cod,Nicole headley,false,6,enwiki,2024-10-27 00:32:33
1833336105,Ackermann function,C7XWiki,false,18,enwiki,2024-10-27 00:31:42
1833336305,"Juodžiai, Kėdainiai",Monkbot,true,2,enwiki,2024-10-27 00:32:22
1833336407,1973 Ragay Gulf earthquake,Dawnseeker2000,false,88,enwiki,2024-10-27 00:32:39
1833336600,Promptuarium Iconum Insigniorum,BorgQueen,false,0,enwiki,2024-10-27 00:33:05
1833336117,2024 Cork Intermediate A Football Championship,CorkMan,false,3,enwiki,2024-10-27 00:31:53
1833336200,Galley,ThoughtIdRetired,false,-72,enwiki,2024-10-27 00:32:00
1833336318,Governor of Gagauzia,Monkbot,true,3,enwiki,2024-10-27 00:32:25
1833336416,Amenmesse,97.116.160.235,false,143,enwiki,2024-10-27 00:32:40
1833336601,Istria,LukeWiller,false,4231,enwiki,2024-10-27 00:33:03
1833336119,Perikeiromene,Monkbot,true,1,enwiki,2024-10-27 00:31:53
1833336319,User talk:FULBERT,FULBERT,false,152,enwiki,2024-10-27 00:32:24
1833336418,Neil Duff,2A02:C7C:4A85:9C00:179A:3C04:D039:BB3F,false,83,enwiki,2024-10-27 00:32:40
1833336604,Seal of Minnesota,208.105.45.35,false,1,enwiki,2024-10-27 00:33:06
1833336204,Petit-Bersac,Monkbot,true,1,enwiki,2024-10-27 00:32:03
1833336300,2024–25 Süper Lig,ThatStatMan,false,9,enwiki,2024-10-27 00:32:20
1833336917,Martin Haspelmath,MinTrouble,false,300,enwiki,2024-10-27 00:33:53
1833337207,"Wootton, West Oxfordshire",AnomieBOT,true,18,enwiki,2024-10-27 00:34:36
1833337500,User:Rigbywdsawdsa/sandbox,Rigbywdsawdsa,false,102,enwiki,2024-10-27 00:35:32
1833337610,Ulster and Delaware Railroad,JamesMLane,false,30,enwiki,2024-10-27 00:35:45
1833336716,Category:Rivers of Spain by autonomous community,DB1729,false,6,enwiki,2024-10-27 00:33:24
357991000,Liste von Begriffen des Drogenkonsums,SalleWinter,false,4,dewiki,2024-10-27 00:33:37
1833337208,Promysla,Monkbot,true,1,enwiki,2024-10-27 00:34:37
1833337511,Bryzgalovo,Monkbot,true,1,enwiki,2024-10-27 00:35:32
1833337611,2024–25 figure skating season,Teak8,false,30,enwiki,2024-10-27 00:35:38
1833336715,User talk:Abnorwiki,SafariScribe,false,4740,enwiki,2024-10-27 00:33:23
1833336818,Talk:Shalev Ad-El,Wizardman,false,83,enwiki,2024-10-27 00:33:37
357991004,Jarqonbahn,Dabefewulu,false,4,dewiki,2024-10-27 00:33:54
357991006,Alf Rößner,Mario todte,false,4,dewiki,2024-10-27 00:34:02
1833337007,Template:2024–25 Ligue 1 table,Wikizin,false,0,enwiki,2024-10-27 00:34:08
357991019,Diskussion:Interstellar,Uhw,false,2078,dewiki,2024-10-27 00:34:39
1833337401,Magna Graecia,Demetrios1993,false,-1,enwiki,2024-10-27 00:35:07
1833337613,Draft:Alessandro Chiesa,XDanielx,false,-101,enwiki,2024-10-27 00:35:48
1833336700,BMW,41.227.61.193,false,-3,enwiki,2024-10-27 00:33:11
1833336719,User:Med community/sandbox,Med community,false,166,enwiki,2024-10-27 00:33:23
1833336800,User talk:Abnorwiki,SafariScribe,false,4740,enwiki,2024-10-27 00:33:34
357991001,Benutzer Diskussion:Kandschwar,Doc Taxon,false,548,dewiki,2024-10-27 00:33:38
1833337011,User talk:Rigbywdsawdsa,Jlwoodwa,false,411,enwiki,2024-10-27 00:34:10
1833337102,Denmark national football team,Avash,false,-42,enwiki,2024-10-27 00:34:00
1833337213,Édouard Ngirente,154.68.64.26,false,27,enwiki,2024-10-27 00:34:38
1833337408,Itkuli,Monkbot,true,2,enwiki,2024-10-27 00:35:13
1833337615,Immigration Department (Hong Kong),Cfls,false,-16,enwiki,2024-10-27 00:35:44
1833336705,2024 FIFA U-17 Women's World Cup,Lunar Spectrum96,false,17,enwiki,2024-10-27 00:33:18
1833336803,Yiannis Psychopedis,Monkbot,true,1,enwiki,2024-10-27 00:33:33
1833336900,Conception Bay (Namibia),Monkbot,true,2,enwiki,2024-10-27 00:33:49
1833337017,R. Palme Dutt,MaybeItsBecauseImALondoner,false,13,enwiki,2024-10-27 00:34:08
1833337105,Miller & Rhoads,Edward Bednar,false,2,enwiki,2024-10-27 00:34:19
1833337215,2024 in Ukraine,80Me,false,4,enwiki,2024-10-27 00:34:38
1833337300,Immigration Department (Hong Kong),Cfls,false,20,enwiki,2024-10-27 00:34:51
1833337410,"Talk:Aurora, Colorado",Valjean,false,-331,enwiki,2024-10-27 00:35:14
1833337606,Adem Ljajić,AzErDerok,false,0,enwiki,2024-10-27 00:35:45
1833337619,Draft:DiJones Real Estate,PinkAechFas,false,61,enwiki,2024-10-27 00:35:48
1833336709,2024–25 Puskás Akadémia FC season,Cakesam,false,39,enwiki,2024-10-27 00:33:13
1833336805,Ravel Morrison,Citation bot,true,-4,enwiki,2024-10-27 00:33:30
1833336901,Madrid–Barajas Airport,Pmbma,false,332,enwiki,2024-10-27 00:33:46
1833337019,Navy Special Action Regiment,88.182.219.100,false,7,enwiki,2024-10-27 00:34:09
357991011,Wer ohne Schuld ist,2A02:8108:C0A:3400:60DF:6191:C93F:1B7D,false,13,dewiki,2024-10-27 00:34:17
1833337111,Archlebov,Monkbot,true,1,enwiki,2024-10-27 00:34:18
357991015,Vorlage:Navigationsleiste Kader des FK Nischni Nowgorod,XaviYuahanda,false,29,dewiki,2024-10-27 00:34:32
1833337216,User talk:211.30.41.97,Joyous!,false,1208,enwiki,2024-10-27 00:34:41
1833337302,Ryan Day (American football),65.60.208.12,false,0,enwiki,2024-10-27 00:34:54
1833337411,Talk:Shandilya (Rishi),Wizardman,false,17,enwiki,2024-10-27 00:35:15
1833336710,Pinsaguel,Monkbot,true,1,enwiki,2024-10-27 00:33:19
1833336808,Draft:Pioneer Farms,Memer15151,false,43,enwiki,2024-10-27 00:33:35
1833336903,User:Hh1718/sandbox4,Hh1718,false,6,enwiki,2024-10-27 00:33:52
357991008,Bob Trevino Likes It,IgorCalzone1,false,292,dewiki,2024-10-27 00:34:14
1833337108,Shabbir Qaimkhani,2001:8F8:1869:2D33:C43B:AB7A:501:676F,false,116,enwiki,2024-10-27 00:34:19
1833337201,Ministry of Culture and National Heritage (Poland),Monkbot,true,1,enwiki,2024-10-27 00:34:34
1833337303,"Daryino, Gafuriysky District, Republic of Bashkortostan",Monkbot,true,1,enwiki,2024-10-27 00:34:54
1833337413,Talk:Georgie & Mandy's First Marriage,The Mountain of Eden,false,202,enwiki,2024-10-27 00:35:14
1833336711,Sleeping Freshmen Never Lie,170.177.253.13,false,1,enwiki,2024-10-27 00:33:23
1833336812,Ulster Rugby,Nicknack009,false,-17,enwiki,2024-10-27 00:33:30
1833336906,Nordic Student Singers' Summit,176.72.65.182,false,-22,enwiki,2024-10-27 00:33:50
357991009,Fremd im eigenen Land (Album),Dentalum,false,-15,dewiki,2024-10-27 00:34:15
1833337119,Wikipedia:Administrator recall,Extraordinary Writ,false,266,enwiki,2024-10-27 00:34:21
357991017,"Datei:L05 011 Bw Kappel, ET 169.jpg",Falk2,false,-2,dewiki,2024-10-27 00:34:37
1833337318,Luke Hemmings,81.92.254.130,false,-22,enwiki,2024-10-27 00:34:57
1833337414,Chicago Tribune Silver Football,"Puhala,ny",false,160,enwiki,2024-10-27 00:35:14
1833337607,Gardères,Monkbot,true,1,enwiki,2024-10-27 00:35:44
1833336712,Draft:Suparna Lahiri Barua,SafariScribe,false,368,enwiki,2024-10-27 00:33:22
1833336814,BDS C,Citation bot,true,56,enwiki,2024-10-27 00:33:36
1833336907,Comparison of anti-ballistic missile systems,Acroterion,false,140,enwiki,2024-10-27 00:33:49
1833337202,User:Dr. Grampinator/sandbox/Northern Chronology,Dr. Grampinator,false,214,enwiki,2024-10-27 00:34:35
1833337416,Honey Don't!,MatthewHoobin,false,-4,enwiki,2024-10-27 00:35:15
1833337608,"Darlan (footballer, born 1998)",Guilhermedsferreira30,false,0,enwiki,2024-10-27 00:35:46
1833336713,Draft:Genocide Mountain Tatars,Enver Ottoman,false,-78,enwiki,2024-10-27 00:33:23
1833336817,Kingda Ka,82.48.223.141,false,455,enwiki,2024-10-27 00:33:34
357991002,Horst Kraehe,Thomas Dresler,false,1,dewiki,2024-10-27 00:33:41
1833336916,User talk:Guerillero,Guerillero,false,195,enwiki,2024-10-27 00:33:54
357991007,Koblenz,Spurzem,false,11,dewiki,2024-10-27 00:34:03
357991018,Al-Harām-Moschee,Dabefewulu,false,1,dewiki,2024-10-27 00:34:35
1833337609,October 2024 Israeli strikes on Iran,Achmad Rachmani,false,25,enwiki,2024-10-27 00:35:45
1833337706,Shabbir Qaimkhani,2001:8F8:1869:2D33:C43B:AB7A:501:676F,false,115,enwiki,2024-10-27 00:36:08
1833337804,User:AlexNewArtBot/OrthodoxySearchResult,InceptionBot,true,1063,enwiki,2024-10-27 00:36:24
1833337912,K Records,Edward Bednar,false,2,enwiki,2024-10-27 00:36:40
1833338004,User:DRKENANYUCE,Helpful Raccoon,false,85,enwiki,2024-10-27 00:37:02
1833338104,Raphinha,179.97.130.4,false,1,enwiki,2024-10-27 00:37:11
1833338215,Edwin Díaz,107.122.193.61,false,0,enwiki,2024-10-27 00:37:30
1833337707,A47 road,JuniperChill,false,7,enwiki,2024-10-27 00:36:07
1833337803,Southfield Town Center,Idoghor Melody,false,12,enwiki,2024-10-27 00:36:23
1833337913,Giorgos Velentzas,Monkbot,true,1,enwiki,2024-10-27 00:36:40
1833338012,Splash Mountain,Contributor19,false,0,enwiki,2024-10-27 00:37:02
1833338107,Deadheading (employee),88.98.85.216,false,-16,enwiki,2024-10-27 00:37:14
1833338216,Savignac-de-Duras,Monkbot,true,1,enwiki,2024-10-27 00:37:31
1833338300,Talk:Shaozheng Mao,Wizardman,false,22,enwiki,2024-10-27 00:37:49
1833337813,1977–78 in Swiss football,Huligan0,false,2483,enwiki,2024-10-27 00:36:25
357991100,USS Hornet (CV-8),JayAhr,false,1,dewiki,2024-10-27 00:37:15
357991103,Willi A. Kalender,Polarlys,false,1451,dewiki,2024-10-27 00:37:20
357991108,Wikipedia Diskussion:Hauptseite/Schon gewusst,Elfabso,false,10,dewiki,2024-10-27 00:37:27
1833338301,Google Translate,PK2,false,1575,enwiki,2024-10-27 00:37:44
1833337713,"Saint-Privat, Ardèche",Monkbot,true,1,enwiki,2024-10-27 00:36:08
1833337812,Shuhua,Jjpachano,false,-37,enwiki,2024-10-27 00:36:26
1833338115,Pakarkliai,Monkbot,true,2,enwiki,2024-10-27 00:37:14
1833338218,Community gardens in New York City,Idoghor Melody,false,-1,enwiki,2024-10-27 00:37:31
1833338303,Nonelementary integral,87.4.23.101,false,-342,enwiki,2024-10-27 00:37:47
1833337700,Poet laureate,Montgomery28,false,102,enwiki,2024-10-27 00:35:59
1833337715,Eddie Canales,Mason7512,false,271,enwiki,2024-10-27 00:36:10
1833338119,Draft:Every Girl (EP),BlondArkhangel,false,19,enwiki,2024-10-27 00:37:16
357991110,Cigarettes After Sex,Dentalum,false,48,dewiki,2024-10-27 00:37:37
357991115,Manuel Canelas,Grullab,false,0,dewiki,2024-10-27 00:37:42
1833338313,Castle (District Electoral Area),Idoghor Melody,false,-76,enwiki,2024-10-27 00:37:47
1833337701,A Rock in the Weary Land,Mewhen123,false,30,enwiki,2024-10-27 00:36:06
357991104,Hardcore Superstar,YGO24895,false,549,dewiki,2024-10-27 00:37:27
357991119,Caturaí,Mewa767,false,-8,dewiki,2024-10-27 00:37:51
1833337703,Ody Alfa,Jhomz947979,false,86,enwiki,2024-10-27 00:36:04
1833337719,User:Bf2002/sandbox,Bf2002,false,17,enwiki,2024-10-27 00:36:12
1833337800,User:InceptionBot/NewPageSearch/Orthodoxy/log,InceptionBot,true,480,enwiki,2024-10-27 00:36:25
357991101,Rimantas Šavelis,Rodomonte,false,25,dewiki,2024-10-27 00:37:17
1833338201,Hulme Court,SafariScribe,false,-15,enwiki,2024-10-27 00:37:29
1833338314,Freedom and Equality,Monkbot,true,2,enwiki,2024-10-27 00:37:50
1833337903,User talk:Ewhite31,SafariScribe,false,1891,enwiki,2024-10-27 00:36:39
1833338001,K Records,Edward Bednar,false,1,enwiki,2024-10-27 00:37:01
1833338202,2024–25 Northern Football League,Cdavs33,false,3,enwiki,2024-10-27 00:37:29
357991111,Alexei Dmitrijewitsch Sawrasenko,08Linus,false,69,dewiki,2024-10-27 00:37:38
1833338316,Jen & Liv,J97736,false,240,enwiki,2024-10-27 00:37:53
1833337704,Main Directorate for Reconnaissance,Monkbot,true,2,enwiki,2024-10-27 00:36:04
1833337801,Parly 2,Conige,false,32,enwiki,2024-10-27 00:36:23
1833337904,Don Cartagena,24K24,false,8,enwiki,2024-10-27 00:36:39
1833338003,The Uprising: Wives on Strike 3,B.Korlah,false,758,enwiki,2024-10-27 00:37:02
1833338101,The Exorcist (franchise),2804:2728:17CA:D601:AC93:A6CB:E04C:4F0D,false,-273,enwiki,2024-10-27 00:37:08
357991102,Don’t Move (2024),Frederico34,false,1498,dewiki,2024-10-27 00:37:17
357991105,Benutzer:J. Patrick Fischer/Eigene Artikel,J. Patrick Fischer,false,14,dewiki,2024-10-27 00:37:24
357991107,Diskussion:Ilko-Sascha Kowalczuk,Escla,false,4,dewiki,2024-10-27 00:37:31
357991116,Wilhelm Mayer-Gross,Stephan Tournay,false,18,dewiki,2024-10-27 00:37:44
1833337802,Fleet review,Nford24,false,33,enwiki,2024-10-27 00:36:25
1833338006,MS Jan Heweliusz,Monkbot,true,1,enwiki,2024-10-27 00:37:01
1833338105,"Ashraf Ali (cricketer, born 1979)",Idoghor Melody,false,20,enwiki,2024-10-27 00:37:14
1833338214,Bidam,Seefooddiet,false,48,enwiki,2024-10-27 00:37:32
357991109,Don’t Move (2024),Frederico34,false,1,dewiki,2024-10-27 00:37:35
357991112,"Datei:L04 992 Bw Kappel, ET 332, Führerstand II.jpg",Falk2,false,-7,dewiki,2024-10-27 00:37:40
1833338512,Georgie Farmer,172.56.203.235,false,-59,enwiki,2024-10-27 00:38:29
1833338612,Sprevane,Monkbot,true,1,enwiki,2024-10-27 00:38:48
1833338718,2024–25 Süper Lig,ThatStatMan,false,71,enwiki,2024-10-27 00:39:10
1833338411,The Texas Chainsaw Massacre (franchise),Russiaoniichan,false,285,enwiki,2024-10-27 00:38:11
1833338516,Saviečiai,Monkbot,true,2,enwiki,2024-10-27 00:38:29
1833338614,Raphinha,179.97.130.4,false,0,enwiki,2024-10-27 00:38:45
1833338806,Apollonian gasket,Phuzzball,false,86,enwiki,2024-10-27 00:39:26
1833338416,El Clásico,Mishary94,false,82,enwiki,2024-10-27 00:38:08
1833338518,Cheryl B. Engelhardt,Edward Bednar,false,4,enwiki,2024-10-27 00:38:29
1833338616,Cheryl B. Engelhardt,Edward Bednar,false,1,enwiki,2024-10-27 00:38:48
1833338704,LNDN DRGS,Jamedeus,false,-8,enwiki,2024-10-27 00:39:09
1833338810,Uncut Gems,Namelessposter,false,11,enwiki,2024-10-27 00:39:24
1833338903,2024 Texas elections,C. W. Edward,false,-255,enwiki,2024-10-27 00:39:35
1833338417,Talk:Ren Qixing,Wizardman,false,67,enwiki,2024-10-27 00:38:14
1833338707,Talk:Mike Davis (politician),98.123.38.211,false,45,enwiki,2024-10-27 00:39:10
1833338501,Wikipedia:Reference desk/Language,JackofOz,false,299,enwiki,2024-10-27 00:38:27
1833338601,Tony Sunshine,24K24,false,84,enwiki,2024-10-27 00:38:48
1833338708,Talk:Algiers expedition (1541),Nourerrahmane,false,822,enwiki,2024-10-27 00:39:08
1833338812,User:Mad.siberian/sandbox,Mad.siberian,false,179,enwiki,2024-10-27 00:39:30
1833338500,Category:Putinism,TYMR,false,74,enwiki,2024-10-27 00:38:28
1833338600,The Uprising: Wives on Strike 3,B.Korlah,false,112,enwiki,2024-10-27 00:38:48
1833338814,Tepanje,Monkbot,true,1,enwiki,2024-10-27 00:39:28
1833338504,1977–78 in Swiss football,Huligan0,false,5658,enwiki,2024-10-27 00:38:27
1833338602,1997–98 AC Milan season,164.160.139.16,false,24,enwiki,2024-10-27 00:38:45
1833338711,2024 NCAA Division I men's soccer season,GWFrog,false,2,enwiki,2024-10-27 00:39:06
1833338800,Nika Soon-Shiong,Dosafrog,false,266,enwiki,2024-10-27 00:39:26
1833338819,Andrew Omobamidele,Declangi,false,105,enwiki,2024-10-27 00:39:28
1833338404,Rachel Khong,Phibeatrice,false,295,enwiki,2024-10-27 00:38:11
1833338509,Republic of Ireland,MIHAIL,false,-491,enwiki,2024-10-27 00:38:20
1833338605,Alvania elisae,Mikeycdiamond,false,251,enwiki,2024-10-27 00:38:48
1833338406,File:The Life Of Leonardo Da Vinci.jpg,B-bot,true,-50,enwiki,2024-10-27 00:38:12
1833338608,S. B. Komaiko,Idoghor Melody,false,0,enwiki,2024-10-27 00:38:48
1833338712,Rhodopis (hetaera),Monkbot,true,1,enwiki,2024-10-27 00:39:10
1833338801,Talk:(Now and Then There's) A Fool Such as I,2409:4066:E0F:227E:B1F:803F:2560:8D11,false,244,enwiki,2024-10-27 00:39:26
1833338410,User talk:Maddy from Celeste,Maddy from Celeste,false,846,enwiki,2024-10-27 00:38:11
1833338510,Category talk:Panamanian journalists,Simeon,false,-4,enwiki,2024-10-27 00:38:29
1833338611,Pierre Schwinte,AlfiePalmer,false,426,enwiki,2024-10-27 00:38:49
1833338700,User talk:JJMC89,Codename Noreste,false,-209,enwiki,2024-10-27 00:39:08
1833338803,Lamothe-Fénelon,Monkbot,true,1,enwiki,2024-10-27 00:39:24
1833338905,Jean-Marie Brohm,Knitsey,false,-1718,enwiki,2024-10-27 00:39:42
1833339006,Teddy,ClueBot NG,false,-54,enwiki,2024-10-27 00:40:04
1833339108,Royal Rumble (2021),2601:681:4D02:D20:B0BB:E918:1DD8:6B86,false,0,enwiki,2024-10-27 00:40:18
1833339212,Talk:Johann Christian Dauphin,Wizardman,false,35,enwiki,2024-10-27 00:40:38
1833339310,Jodie Sweetin,Geraldo Perez,false,-23,enwiki,2024-10-27 00:40:47
1833339400,Tony Sunshine,24K24,false,154,enwiki,2024-10-27 00:41:03
1833339513,Phillips relationship,Citation bot,true,358,enwiki,2024-10-27 00:41:24
1833338906,Georgie Farmer,172.56.203.235,false,15,enwiki,2024-10-27 00:39:42
1833339111,Reactor (video game),Filedelinkerbot,true,-57,enwiki,2024-10-27 00:40:21
1833339200,Kokosbrood,IvanScrooge98,false,1,enwiki,2024-10-27 00:40:36
1833339214,Aspona,Monkbot,true,1,enwiki,2024-10-27 00:40:38
1833339514,Larkana–Jacobabad Light Railway,Entranced98,false,47,enwiki,2024-10-27 00:41:24
1833339011,1977–78 in Swiss football,Huligan0,false,3610,enwiki,2024-10-27 00:40:03
1833339116,Polish army order of battle in 1939,Monkbot,true,4,enwiki,2024-10-27 00:40:21
1833339201,Akira Ishida,AnomieBOT,true,36,enwiki,2024-10-27 00:40:27
1833339402,Don't Think I'm Not,Idoghor Melody,false,-2,enwiki,2024-10-27 00:41:03
1833339013,User:AlexNewArtBot/PakistanSearchResult,InceptionBot,true,-342,enwiki,2024-10-27 00:40:03
1833339202,Władysław Anders,Monkbot,true,1,enwiki,2024-10-27 00:40:34
1833339318,Kusheyevo,Monkbot,true,2,enwiki,2024-10-27 00:40:50
1833339401,Ainaa Jhyal Ko Putali,Krishnadahal12,false,2,enwiki,2024-10-27 00:41:03
1833339502,Beckfoot Upper Heaton,Idoghor Melody,false,1,enwiki,2024-10-27 00:41:20
1833338913,American Hellenic Educational Progressive Association,Rublamb,false,396,enwiki,2024-10-27 00:39:43
1833339014,Nika Soon-Shiong,Dosafrog,false,16,enwiki,2024-10-27 00:40:05
1833339101,Štěpánkovice,Monkbot,true,1,enwiki,2024-10-27 00:40:17
1833339203,Nancy Rue,Joyous!,false,-45,enwiki,2024-10-27 00:40:36
1833339404,Proti tis Aigialeias,Monkbot,true,1,enwiki,2024-10-27 00:41:04
1833339503,Metro-Goldwyn-Mayer,SuddenFrost,false,-1,enwiki,2024-10-27 00:41:12
1833338915,Pierre Schwinte,AlfiePalmer,false,-11,enwiki,2024-10-27 00:39:44
1833339015,Nancy Rue,2600:8800:4180:5F20:801C:D33F:A3D1:1666,false,45,enwiki,2024-10-27 00:40:05
1833339102,Henry George Raverty,Idoghor Melody,false,6,enwiki,2024-10-27 00:40:19
1833339204,Culture of North Macedonia,StephenMacky1,false,33,enwiki,2024-10-27 00:40:36
1833339300,Philippine Stock Exchange,2804:18:112D:73D8:1802:F85:4124:4AFB,false,2,enwiki,2024-10-27 00:40:45
1833339405,Boerenkaas,IvanScrooge98,false,0,enwiki,2024-10-27 00:41:03
1833339506,Kurdistan Democratic Party (disambiguation),Braganza,false,-2,enwiki,2024-10-27 00:41:23
1833339017,First Indochina War,Ed Moise,false,8,enwiki,2024-10-27 00:39:59
1833339103,User:Hh1718/sandbox4,Hh1718,false,-59,enwiki,2024-10-27 00:40:21
1833339206,Template:2024 American Athletic Conference football standings,Themusicman41,false,0,enwiki,2024-10-27 00:40:38
1833339301,Sergey Terekhov,Monkbot,true,1,enwiki,2024-10-27 00:40:47
1833339508,User:SafariScribe/AfC log,SafariScribe,false,117,enwiki,2024-10-27 00:40:56
1833338917,Néris-les-Bains,Monkbot,true,1,enwiki,2024-10-27 00:39:43
1833339001,1st Engineer Battalion (United States),2600:1700:19A1:6770:AD60:A6F7:97E0:3159,false,50,enwiki,2024-10-27 00:40:01
1833339018,User:Shwo7019,Shwo7019,false,4,enwiki,2024-10-27 00:40:07
1833339209,User:SafariScribe/AfC log,SafariScribe,false,127,enwiki,2024-10-27 00:40:09
1833339305,Rufus Mayfield,Edward Bednar,false,-1,enwiki,2024-10-27 00:40:49
357991200,Echte Walnuss,2A0A:A546:5454:0:25FE:FE60:C50A:42F9,false,1,dewiki,2024-10-27 00:41:16
1833339509,Bommes,Monkbot,true,1,enwiki,2024-10-27 00:41:20
1833338918,Phil Lesh,MuzikJunky,false,37,enwiki,2024-10-27 00:39:44
1833339003,John Joce (disambiguation),Sahaib,false,32,enwiki,2024-10-27 00:40:04
1833339104,Rufus Mayfield,Edward Bednar,false,2,enwiki,2024-10-27 00:40:20
1833339208,2024–25 Newport County A.F.C. season,Zebroski,false,7,enwiki,2024-10-27 00:40:32
1833339304,Talk:Bitcoin,GhostOfNoMan,false,20,enwiki,2024-10-27 00:40:46
1833339511,Tony Sunshine,24K24,false,4,enwiki,2024-10-27 00:41:24
1833339005,User:InceptionBot/NewPageSearch/Pakistan/log,InceptionBot,true,1477,enwiki,2024-10-27 00:40:04
1833339106,User talk:172.56.203.235,172.56.203.235,false,171,enwiki,2024-10-27 00:40:21
1833339210,2024–25 Angers SCO season,2001:4645:B0B3:0:7418:1D85:84A3:17E9,false,0,enwiki,2024-10-27 00:40:36
1833339309,User:Shwo7019,Shwo7019,false,26,enwiki,2024-10-27 00:40:50
1833339512,"Redfield, Texas",Patapsco913,false,2514,enwiki,2024-10-27 00:41:23
1833339515,Steve Wickham,Mewhen123,false,18,enwiki,2024-10-27 00:41:24
1833339612,Little penguin,Kuru,false,-146,enwiki,2024-10-27 00:41:37
1833339809,Call of Duty: Black Ops 6,Zweiedit,false,928,enwiki,2024-10-27 00:42:03
357991215,Kategorie:US-amerikanischer Emigrant im Vereinigten Königreich,Igallards7,false,1,dewiki,2024-10-27 00:42:14
1833339905,City–Poly football rivalry,Marylandstater,false,-8,enwiki,2024-10-27 00:42:24
1833340013,"Bereznik, Beryozovsky District, Perm Krai",Monkbot,true,1,enwiki,2024-10-27 00:42:42
1833340108,User talk:Chese7,JoelleJay,false,1370,enwiki,2024-10-27 00:43:02
1833340200,Philipp Gropper,Podstawko,false,69,enwiki,2024-10-27 00:43:17
1833339516,Assembly of Delvino,Monkbot,true,1,enwiki,2024-10-27 00:41:24
1833339614,Legion of Doom,2600:1010:A00A:C67:B027:315A:3432:BCBE,false,-37,enwiki,2024-10-27 00:41:37
1833339810,Vikantice,Monkbot,true,1,enwiki,2024-10-27 00:42:03
1833339908,List of best-selling singles in Spain,2001:A61:1124:5C01:602E:A2F0:F852:E360,false,-711,enwiki,2024-10-27 00:42:18
1833340014,Soniachna (Kryvyi Rih Metrotram),46.118.55.89,false,-80,enwiki,2024-10-27 00:42:43
1833340110,Talk:Lindsay C. Malloy,JoelleJay,false,46,enwiki,2024-10-27 00:43:02
1833340202,AFC Bournemouth Women,CherryDolphin,false,134,enwiki,2024-10-27 00:43:16
357991201,Fălești,Afus199620,false,-83,dewiki,2024-10-27 00:41:25
357991204,Gabbie Carter,Serafschan,false,-1,dewiki,2024-10-27 00:41:40
1833339811,Amazing Race Suomi season 2,Marcecarjordan,false,-18,enwiki,2024-10-27 00:42:04
357991217,Diskussion:Strahlentierchen,Kuhni74,false,17,dewiki,2024-10-27 00:42:19
1833339909,Finnish Transport and Communications Agency,GreenLipstickLesbian,false,-53,enwiki,2024-10-27 00:42:24
1833340016,Wikipedia:WikiProject Skepticism/Discussions,Reports bot,true,22,enwiki,2024-10-27 00:42:45
1833340111,Phillips relationship,Headbomb,false,-18,enwiki,2024-10-27 00:43:02
1833340204,Große Aue,Archie02,false,34,enwiki,2024-10-27 00:43:18
357991202,Benutzer Diskussion:Gretarsson/Wikilinks in bibliographischen Zitaten,Melly42,false,2,dewiki,2024-10-27 00:41:27
1833339600,2024–25 FC Barcelona season,Nori2001,false,2194,enwiki,2024-10-27 00:41:29
1833339617,If I Should Lose You,Proscribe,false,63,enwiki,2024-10-27 00:41:40
1833339700,User:Shwo7019,Shwo7019,false,34,enwiki,2024-10-27 00:41:53
357991208,Barbara von Rottal,Dieringer63,false,-995,dewiki,2024-10-27 00:42:00
1833339816,List of railway stations in Ireland,Richardh1976,false,30,enwiki,2024-10-27 00:42:03
1833339911,5-Bekat,Ymblanter,false,1,enwiki,2024-10-27 00:42:26
1833340018,Nels Van Patten,DutchDevil,false,34,enwiki,2024-10-27 00:42:45
1833340112,Lindsay C. Malloy,JoelleJay,false,164,enwiki,2024-10-27 00:43:01
1833340205,Brown University Graduate School,Cfls,false,677,enwiki,2024-10-27 00:43:17
1833339604,Decipherment,Pogenplain,false,2503,enwiki,2024-10-27 00:41:37
1833339618,Draft:A224 road,Roads4117,false,134,enwiki,2024-10-27 00:41:40
1833339704,Velenice (Česká Lípa District),Monkbot,true,1,enwiki,2024-10-27 00:41:51
1833339801,1973 in the United States,Dawnseeker2000,false,-32,enwiki,2024-10-27 00:41:59
357991209,Ivan Softa,Guslar,false,64,dewiki,2024-10-27 00:42:07
357991219,Amtsmissbrauch (Deutschland),Gesetzesfreak,false,35,dewiki,2024-10-27 00:42:26
1833340117,Hikanatoi,Trappist the monk,false,0,enwiki,2024-10-27 00:43:02
1833340211,Sauteyrargues,Monkbot,true,1,enwiki,2024-10-27 00:43:16
1833339605,Culture of North Macedonia,StephenMacky1,false,-35,enwiki,2024-10-27 00:41:37
1833339619,TGIF (TV programming block),Merrick172,false,4,enwiki,2024-10-27 00:41:39
1833339713,Talk:The BullStreet District,SafariScribe,false,132,enwiki,2024-10-27 00:41:53
1833339802,Chiodos,2600:1700:600:F86F:7D89:A702:9695:449,false,-1,enwiki,2024-10-27 00:42:03
1833339818,Erwin brothers,KingArti,false,99,enwiki,2024-10-27 00:42:06
1833339912,Zantop Air Transport,Enplaned,false,1094,enwiki,2024-10-27 00:42:25
1833340118,Nová Pláň,Monkbot,true,1,enwiki,2024-10-27 00:43:01
357991203,Jazzy (Film),IgorCalzone1,false,6,dewiki,2024-10-27 00:41:36
1833339607,Brown University School of Public Health,Cfls,false,-7,enwiki,2024-10-27 00:41:37
357991205,Francis M. Dimond,BrunoBoehmler,false,6,dewiki,2024-10-27 00:41:50
1833339715,The BullStreet District,SafariScribe,false,-416,enwiki,2024-10-27 00:41:53
1833339803,College of Brown University,Cfls,false,283,enwiki,2024-10-27 00:42:03
357991211,Manuel Canelas,2001:8E0:21BE:2500:88E0:3772:89F0:E187,false,54,dewiki,2024-10-27 00:42:11
1833339914,"Sopotnica, Škofja Loka",Monkbot,true,2,enwiki,2024-10-27 00:42:24
1833340101,1974 Lima earthquake,Dawnseeker2000,false,28,enwiki,2024-10-27 00:43:00
1833339608,2024 in UFC,Marty2Hotty,false,352,enwiki,2024-10-27 00:41:33
357991206,Palmeiras de Goiás,Mewa767,false,-8,dewiki,2024-10-27 00:41:51
1833339716,Wikipedia:Articles for creation/recent,SafariScribe,false,-26,enwiki,2024-10-27 00:41:54
1833339804,1977–78 in Swiss football,Huligan0,false,2715,enwiki,2024-10-27 00:42:02
357991216,Benutzer:Rodomonte,Rodomonte,false,39,dewiki,2024-10-27 00:42:15
1833339917,Magic Wands,Edward Bednar,false,8,enwiki,2024-10-27 00:42:25
1833340003,User talk:Nojboj,Diannaa,false,977,enwiki,2024-10-27 00:42:42
1833340102,Wikipedia talk:Reliable sources/Perennial sources,Animalparty,false,672,enwiki,2024-10-27 00:42:57
1833339609,Rodrigo Valenzuela,Citation bot,true,15,enwiki,2024-10-27 00:41:37
1833339717,James Callaghan,2A02:C7C:DA23:CC00:68F3:96AF:34A4:FEDD,false,-43,enwiki,2024-10-27 00:41:48
1833339805,Frankie Scigliano,Dmoore5556,false,-3,enwiki,2024-10-27 00:42:04
357991214,Christian-Hendrik Heeger,Christian.heeger,false,31,dewiki,2024-10-27 00:42:13
1833339919,Flag of São Tomé and Príncipe,Yue,false,9,enwiki,2024-10-27 00:42:25
1833340010,Tay-K,2600:1006:B100:D32C:D423:34C5:7455:1A3E,false,0,enwiki,2024-10-27 00:42:38
1833339613,Chitrachor,Sam Sailor,false,-29,enwiki,2024-10-27 00:41:38
1833339807,Brayton Vázquez,Citation bot,true,22,enwiki,2024-10-27 00:42:03
1833339902,Matt Stevic,Aspirex,false,29,enwiki,2024-10-27 00:42:23
1833340012,Carbonic anhydrase 9,Teaktl17,false,4,enwiki,2024-10-27 00:42:42
1833340104,User talk:Shwo7019/TWA,Shwo7019,false,229,enwiki,2024-10-27 00:43:02
1833340307,Talk:Lt Col Dwarakesh,Wizardman,false,41,enwiki,2024-10-27 00:43:37
1833340715,National road 97 (Poland),Monkbot,true,1,enwiki,2024-10-27 00:44:33
1833340914,Relaxation oscillator,Chetvorno,false,-54,enwiki,2024-10-27 00:45:12
1833341019,User:Yerevantsi/sandbox/Matenadaran,Yerevantsi,false,-3634,enwiki,2024-10-27 00:45:31
357991300,Terminator (Film),Rentenbezieher,false,0,dewiki,2024-10-27 00:45:37
1833340308,Bagnac-sur-Célé,Monkbot,true,1,enwiki,2024-10-27 00:43:34
1833340500,Love at First Sight (1932 film),Monkbot,true,1,enwiki,2024-10-27 00:43:59
1833340603,User:Shwo7019/TWA/Earth,Shwo7019,false,111,enwiki,2024-10-27 00:44:21
1833340903,DreamWorks Classics,2804:18:112D:73D8:1802:F85:4124:4AFB,false,0,enwiki,2024-10-27 00:45:07
1833340913,User:Phibeatrice,Phibeatrice,false,105,enwiki,2024-10-27 00:45:14
357991302,Verlag der 9 Reiche,Kulturzettel,false,2458,dewiki,2024-10-27 00:45:40
1833340309,Max Holloway,Marty2Hotty,false,22,enwiki,2024-10-27 00:43:34
1833340507,Gary Cuozzo,Leeapp,false,2015,enwiki,2024-10-27 00:43:59
1833340606,Wikipedia:WikiProject Sexology and sexuality/Recognized content,JL-Bot,true,122,enwiki,2024-10-27 00:44:19
1833340902,2024 Nebraska Cornhuskers football team,Wscsuperfan,false,63,enwiki,2024-10-27 00:45:06
1833340311,Talk:SkyTeam,Jetstreamer,false,42,enwiki,2024-10-27 00:43:38
1833340506,AD 2 (disambiguation),Joyous!,false,-7,enwiki,2024-10-27 00:44:01
1833340609,Ščurki,Monkbot,true,1,enwiki,2024-10-27 00:44:21
1833340907,Boeing 720,76.72.11.172,false,156,enwiki,2024-10-27 00:45:10
1833340917,Talk:Liang Zhao,Wizardman,false,19,enwiki,2024-10-27 00:45:15
357991303,Insekten,Thomas Dresler,false,0,dewiki,2024-10-27 00:45:39
1833340402,Call of Duty: Black Ops 6,Zweiedit,false,161,enwiki,2024-10-27 00:43:49
1833340508,User talk:EmodiaOgonda,Timtrent,false,459,enwiki,2024-10-27 00:44:00
1833340610,Talk:Liner,136.36.180.215,false,160,enwiki,2024-10-27 00:44:23
1833340801,Category talk:Panamanian producers,Simeon,false,57,enwiki,2024-10-27 00:44:52
1833340908,"Zavyalovsky District, Altai Krai",Monkbot,true,1,enwiki,2024-10-27 00:45:10
1833340918,User:DatBot/pendingbacklog,DatBot,true,0,enwiki,2024-10-27 00:45:16
1833340319,2024 in Croatia,80Me,false,4,enwiki,2024-10-27 00:43:38
1833340519,User talk:Shwo7019/TWA,Shwo7019,false,400,enwiki,2024-10-27 00:44:03
1833340611,DC Compact Comics,Peterspeterson,false,849,enwiki,2024-10-27 00:44:22
1833340703,Toronto East Detention Centre,2607:FEA8:3BA0:4220:B192:2658:BF51:8FBA,false,-41,enwiki,2024-10-27 00:44:34
1833340800,Third from the Right,Monkbot,true,1,enwiki,2024-10-27 00:44:51
1833341006,Category:Military operations of the South African Border War involving the Soviet Union,Katangais,false,-9,enwiki,2024-10-27 00:45:30
1833340612,1975 Bagan earthquake,Dawnseeker2000,false,-31,enwiki,2024-10-27 00:44:23
1833340704,2004 Louisiana–Monroe Indians football team,Mes tex,false,-6,enwiki,2024-10-27 00:44:34
1833340806,User:InceptionBot/NewPageSearch/Pennsylvania/log,InceptionBot,true,33,enwiki,2024-10-27 00:44:53
1833341007,User:Gerda Arendt/Stories,Gerda Arendt,false,-5,enwiki,2024-10-27 00:45:20
357991304,Santo Antônio de Goiás,Mewa767,false,-4,dewiki,2024-10-27 00:45:46
1833340301,Wikipedia:Reference desk/Computing,AndyTheGrump,false,567,enwiki,2024-10-27 00:43:35
1833340406,General Honor Decoration (Hesse),Monkbot,true,1,enwiki,2024-10-27 00:43:50
1833340613,Philipp Gropper,Podstawko,false,65,enwiki,2024-10-27 00:44:24
1833340707,El Clásico,Mishary94,false,2,enwiki,2024-10-27 00:44:29
1833340910,The Jerry Springer Show,Underclass King,false,41,enwiki,2024-10-27 00:45:12
1833341008,"Pierrefitte, Corrèze",Monkbot,true,1,enwiki,2024-10-27 00:45:27
1833340303,Branka Stamenković,CJCurrie,false,1015,enwiki,2024-10-27 00:43:36
1833340409,Operation Catechism,TGCP,false,521,enwiki,2024-10-27 00:43:48
1833340706,Talk:Common law,Visviva,false,1780,enwiki,2024-10-27 00:44:34
1833340810,Tobias Harris,FMSky,false,9,enwiki,2024-10-27 00:44:51
1833340909,Talk:Donald Trump,Maxeto0910,false,447,enwiki,2024-10-27 00:44:57
1833340305,User:Shwo7019/TWA/Earth,Shwo7019,false,0,enwiki,2024-10-27 00:43:38
1833340710,Pietro Baracchi,Idoghor Melody,false,2,enwiki,2024-10-27 00:44:35
1833340814,User:AlexNewArtBot/PennsylvaniaSearchResult,InceptionBot,true,1727,enwiki,2024-10-27 00:44:52
1833341015,2024 in United Kingdom politics and government,This is Paul,false,305,enwiki,2024-10-27 00:45:18
1833341100,Category:People from Northfleet,Ernsanchez00,false,-3,enwiki,2024-10-27 00:45:47
357991313,Hozier/Auszeichnungen für Musikverkäufe,YGO24895,false,-20,dewiki,2024-10-27 00:46:05
1833341406,Chocolate letter,IvanScrooge98,false,-3,enwiki,2024-10-27 00:46:40
1833341510,Lécussan,Monkbot,true,1,enwiki,2024-10-27 00:46:56
1833341605,Draft:Daniel Upton,MarcGarver,false,-66,enwiki,2024-10-27 00:47:18
1833341101,The Ballad of Davy Crockett,St. Jimmy Jammy,false,37,enwiki,2024-10-27 00:45:47
1833341215,Battle of Tomaszów Mazowiecki,Monkbot,true,1,enwiki,2024-10-27 00:46:06
1833341300,Dhanusha 3 (constituency),Egidio24,false,-28,enwiki,2024-10-27 00:46:21
1833341408,"Moschochori, Florina",Monkbot,true,3,enwiki,2024-10-27 00:46:40
1833341604,Wikipedia talk:Administrator recall,Isaacl,false,437,enwiki,2024-10-27 00:47:17
1833341104,Siede,Archie02,false,34,enwiki,2024-10-27 00:45:47
1833341218,Inspire (Jack Vidgen album),Adolphus79,false,6,enwiki,2024-10-27 00:46:07
1833341512,M.G Hkh,TornadoLGS,false,22,enwiki,2024-10-27 00:47:00
1833341607,List of films based on French-language comics,67.40.202.59,false,0,enwiki,2024-10-27 00:47:16
1833341109,David Wright,107.122.193.61,false,185,enwiki,2024-10-27 00:45:45
1833341219,2024 Saskatchewan general election,2607:FEA8:2D43:D700:3D90:C51A:E544:D915,false,-1,enwiki,2024-10-27 00:46:03
1833341303,Fleetwood Mac,NicolasJz,false,-1,enwiki,2024-10-27 00:46:19
1833341413,Vorarlberg,2A02:908:F42:3200:845A:5107:763A:7D1D,false,-1,enwiki,2024-10-27 00:46:34
1833341608,Hutspot,IvanScrooge98,false,-1,enwiki,2024-10-27 00:47:17
1833341112,User:Shwo7019/TWA/Earth,Shwo7019,false,211,enwiki,2024-10-27 00:45:50
1833341304,Dhanusha 2 (constituency),Egidio24,false,-28,enwiki,2024-10-27 00:46:22
1833341416,Ioel,KallebTigray,false,0,enwiki,2024-10-27 00:46:43
1833341513,Julian Tomka,Syvä-äksy,false,21,enwiki,2024-10-27 00:47:00
1833341609,User talk:115.70.155.108,MarcGarver,false,3876,enwiki,2024-10-27 00:47:18
1833341111,Toonami,Juan pablo vanegas santos,false,1,enwiki,2024-10-27 00:45:46
357991309,Instrumentenlandesystem,Thomas Dresler,false,2,dewiki,2024-10-27 00:45:53
1833341308,Washington D.C. Temple,Itsetsyoufree32,false,-1,enwiki,2024-10-27 00:46:20
1833341114,Fort Liberty,WhisperToMe,false,1,enwiki,2024-10-27 00:45:45
1833341311,Dhanusha 1 (constituency),Egidio24,false,-28,enwiki,2024-10-27 00:46:23
1833341503,Wikipedia:Usernames for administrator attention,HBC AIV helperbot14,true,-280,enwiki,2024-10-27 00:46:56
1833341611,Scorpion and Felix,Monkbot,true,1,enwiki,2024-10-27 00:47:18
1833341117,Template talk:Body roundness index,Uwappa,false,460,enwiki,2024-10-27 00:45:47
357991315,Hozier/Diskografie,YGO24895,false,0,dewiki,2024-10-27 00:46:08
1833341312,Bedeyeva Polyana,Monkbot,true,1,enwiki,2024-10-27 00:46:23
1833341507,Dubfire,Edward Bednar,false,4,enwiki,2024-10-27 00:46:57
1833341600,Aconitum ferox,Wujastyk,false,40,enwiki,2024-10-27 00:47:15
357991307,Der wahre Mensch,Rita2008,false,-1,dewiki,2024-10-27 00:45:51
357991314,Reinhold-Schneider-Preis,Chleo,false,91,dewiki,2024-10-27 00:46:10
1833341316,Jorgucat,Demetrios1993,false,-3,enwiki,2024-10-27 00:46:25
1833341401,Talk:West African Examinations Council,154.160.7.210,false,185,enwiki,2024-10-27 00:46:39
1833341601,1915 Çanakkale Bridge,DA1,false,86,enwiki,2024-10-27 00:47:16
1833341202,File:Three Central Condominium in 2022.jpg,IronGargoyle,false,-42,enwiki,2024-10-27 00:46:05
357991316,Wikipedia:Löschkandidaten/26. Oktober 2024,Lutheraner,false,17902,dewiki,2024-10-27 00:46:10
357991319,Diskussion:Lorbeerkirsche,SalleWinter,false,557,dewiki,2024-10-27 00:46:18
1833341317,Cadillac twin-turbo V8,23.175.112.237,false,250,enwiki,2024-10-27 00:46:25
1833341405,Antonia Fraser,Sashavansteenis,false,-21,enwiki,2024-10-27 00:46:40
1833341602,Finnish Transport and Communications Agency,GreenLipstickLesbian,false,247,enwiki,2024-10-27 00:47:16
1833341704,"Aigues-Vives, Aude",Monkbot,true,1,enwiki,2024-10-27 00:47:31
1833341918,Maziakpono (name),I dream of horses,false,-29,enwiki,2024-10-27 00:48:14
1833342017,6-MeO-DMT,Graeme Bartlett,false,31,enwiki,2024-10-27 00:48:29
1833342101,User:Eewilson,Eewilson,false,-2011,enwiki,2024-10-27 00:48:49
1833341707,Cadenas y canales de televisión,Duckmather,false,472,enwiki,2024-10-27 00:47:35
1833341813,Xenocide,26popehj,false,1,enwiki,2024-10-27 00:47:57
1833341905,List of department stores of the United States,63.155.57.172,false,-1875,enwiki,2024-10-27 00:48:12
1833342018,Javier Bertucci,Editor1722,false,52,enwiki,2024-10-27 00:48:32
1833341708,User talk:OneEuropeanHeart,Duckmather,false,812,enwiki,2024-10-27 00:47:35
1833341814,List of music magazines,Liz,false,-35,enwiki,2024-10-27 00:47:58
1833341906,Jasper Place High School,2001:56A:F8EB:3900:5F3:45A3:8469:6624,false,32,enwiki,2024-10-27 00:48:11
1833342002,List of electronic component packaging types,DigitalIceAge,false,4,enwiki,2024-10-27 00:48:26
1833342019,Ariana Grande discography,Swe97,false,134,enwiki,2024-10-27 00:48:26
1833342105,5th Engineer Regiment (Italy),Noclador,false,-4,enwiki,2024-10-27 00:48:51
1833341709,Talk:Television channel,Duckmather,false,811,enwiki,2024-10-27 00:47:35
1833341815,Eric Heffer,Jean-de-Nivelle,false,-709,enwiki,2024-10-27 00:47:58
1833341907,Latgalian Farmers Party,Number 57,false,37,enwiki,2024-10-27 00:48:12
1833342005,2024 Clube de Regatas do Flamengo season,Xguilex,false,0,enwiki,2024-10-27 00:48:22
1833342202,2024 in United Kingdom politics and government,This is Paul,false,74,enwiki,2024-10-27 00:49:00
1833341715,1975 Hawaii earthquake,Dawnseeker2000,false,-22,enwiki,2024-10-27 00:47:36
1833341817,DC Compact Comics,Peterspeterson,false,56,enwiki,2024-10-27 00:47:59
1833342006,1975 Morris earthquake,Dawnseeker2000,false,-10,enwiki,2024-10-27 00:48:29
1833342208,Judi Genovesi,Idoghor Melody,false,2,enwiki,2024-10-27 00:49:12
1833341716,Saint-Symphorien-de-Mahun,Monkbot,true,1,enwiki,2024-10-27 00:47:35
1833341910,1977–78 in Swiss football,Huligan0,false,3049,enwiki,2024-10-27 00:48:10
1833342007,Vasilios Magginas,Monkbot,true,1,enwiki,2024-10-27 00:48:29
1833342111,"Category:Actors from Springfield, Massachusetts",Ernsanchez00,false,-72,enwiki,2024-10-27 00:48:53
1833342207,User:Aedis1,Aedis1,false,-52,enwiki,2024-10-27 00:49:12
1833341719,Talk:The Johns Hopkins University SAIS Bologna Center,Bot1058,true,-29,enwiki,2024-10-27 00:47:38
1833341819,Category talk:Dominican Republic aviators,Simeon,false,61,enwiki,2024-10-27 00:47:59
1833341911,José Brito (politician),Editor1722,false,32,enwiki,2024-10-27 00:48:12
1833342012,User talk:Shwo7019/TWA,Shwo7019,false,371,enwiki,2024-10-27 00:48:32
1833342112,History of Solidarity,Monkbot,true,7,enwiki,2024-10-27 00:48:49
1833342210,Lexile,RINTERNET EXPLORER,false,-22,enwiki,2024-10-27 00:49:12
1833341912,1975 Lice earthquake,Dawnseeker2000,false,3,enwiki,2024-10-27 00:48:12
1833342010,2024–25 Wyoming Cowboys basketball team,208.56.79.104,false,0,enwiki,2024-10-27 00:48:28
1833342211,Tina Barney,2A01:CB08:200:E000:3C6F:6A56:6A37:35B1,false,12,enwiki,2024-10-27 00:49:12
1833342014,List of IPC world records in athletics,AxelSjögren,false,32,enwiki,2024-10-27 00:48:23
1833342100,2024–25 Wyoming Cowboys basketball team,208.56.79.104,false,1,enwiki,2024-10-27 00:48:47
1833342116,I Can See Your Voice,Saisønisse,false,-91,enwiki,2024-10-27 00:48:48
1833342212,Heemraad,IvanScrooge98,false,-2,enwiki,2024-10-27 00:49:13
1833341803,Pouliacq,Monkbot,true,1,enwiki,2024-10-27 00:47:55
1833341916,Agnanta,Monkbot,true,1,enwiki,2024-10-27 00:48:12
1833342117,Category talk:Transport buildings and structures in the Dominican Republic,Simeon,false,26,enwiki,2024-10-27 00:48:54
1833342213,Alšėniškiai,Monkbot,true,3,enwiki,2024-10-27 00:49:12
1833342310,Macroharmony,MONTENSEM,false,-7,enwiki,2024-10-27 00:49:31
1833342402,Nick Leitz,Brycenrichter,false,8,enwiki,2024-10-27 00:49:49
1833342519,Porcine reproductive and respiratory syndrome virus 2,Idoghor Melody,false,-80,enwiki,2024-10-27 00:50:07
1833342713,Galápagos triple junction,Dicklyon,false,10,enwiki,2024-10-27 00:50:41
1833342818,Nikolaos Andriakopoulos,Monkbot,true,1,enwiki,2024-10-27 00:50:58
1833343012,Talk:Quebec City Tramway,162 etc.,false,298,enwiki,2024-10-27 00:51:26
1833343107,User:Shwo7019,Shwo7019,false,35,enwiki,2024-10-27 00:51:47
1833342311,Ariana Grande discography,Swe97,false,143,enwiki,2024-10-27 00:49:25
1833342405,Wikipedia:Articles for deletion/Dickens Hill,AnemoneProjectors,false,549,enwiki,2024-10-27 00:49:51
1833342718,Robby Gordon,TaurusEmerald,false,-39,enwiki,2024-10-27 00:50:35
1833343011,Itsumi,86.21.193.122,false,90,enwiki,2024-10-27 00:51:26
1833343110,Pierre Curie,82.47.148.21,false,-4049,enwiki,2024-10-27 00:51:41
357991403,Castel San Pietro Terme,BrunoBoehmler,false,33,dewiki,2024-10-27 00:49:31
1833342406,"Pike County, Georgia",59.84.62.81,false,16,enwiki,2024-10-27 00:49:46
357991415,Brigitte Reinwald,Mascarada17,false,-33,dewiki,2024-10-27 00:50:03
1833342919,Workers' Party (Latvia),Number 57,false,-4,enwiki,2024-10-27 00:51:17
1833343014,User:Shwo7019/TWA/Earth/2,Shwo7019,false,23,enwiki,2024-10-27 00:51:27
1833343111,Bavarian Forest National Park,Monkbot,true,1,enwiki,2024-10-27 00:51:46
357991404,Meridianlinie,Uploader xyz,false,-5,dewiki,2024-10-27 00:49:32
357991410,Brigitte Reinwald,Mascarada17,false,680,dewiki,2024-10-27 00:49:51
1833342501,Template:Taxonomy/Debeeriiformes,YorkshireExpat,false,-96,enwiki,2024-10-27 00:50:06
1833343114,User talk:GalacticVelocity08,BurningBlaze05,false,248,enwiki,2024-10-27 00:51:48
1833342303,George Gascón,GuardianH,false,10,enwiki,2024-10-27 00:49:29
1833342313,Bureau of Secret Intelligence,Idoghor Melody,false,-22,enwiki,2024-10-27 00:49:32
357991411,Regenbogentrikot,Rz98,false,-386,dewiki,2024-10-27 00:49:52
357991412,Antriebsbatterie,Andreasklug,false,1,dewiki,2024-10-27 00:49:58
1833342503,List of Lucchese crime family mobsters,Vic49,false,-8836,enwiki,2024-10-27 00:49:59
1833342605,Gary Gordon,WhisperToMe,false,305,enwiki,2024-10-27 00:50:20
1833343015,User:InceptionBot/NewPageSearch/Pittsburgh/log,InceptionBot,true,-381,enwiki,2024-10-27 00:51:28
1833342306,Gusinje Municipality,Krisitor,false,-2,enwiki,2024-10-27 00:49:30
1833342314,Just Don't Give a Fuck,2607:FEA8:60E2:4E00:41C2:5BDA:CFD6:58CD,false,119,enwiki,2024-10-27 00:49:31
1833342411,Holiday From Myself (1934 film),Monkbot,true,1,enwiki,2024-10-27 00:49:51
357991419,Nova Veneza (Goiás),Mewa767,false,-8,dewiki,2024-10-27 00:50:06
1833342608,"Category:Actors from Lansing, Michigan",Ernsanchez00,false,-68,enwiki,2024-10-27 00:50:23
1833342906,Budya Varyash,Monkbot,true,2,enwiki,2024-10-27 00:51:13
1833343019,User:AlexNewArtBot/PittsburghSearchResult,InceptionBot,true,-1056,enwiki,2024-10-27 00:51:27
1833343117,"Spring Garden-Terra Verde, Texas",Patapsco913,false,302,enwiki,2024-10-27 00:51:48
1833342307,1975 North Atlantic earthquake,Dawnseeker2000,false,-151,enwiki,2024-10-27 00:49:31
1833342412,Hindi,Anupam,false,6,enwiki,2024-10-27 00:49:46
1833342504,Georginio Wijnaldum,AnomieBOT,true,18,enwiki,2024-10-27 00:50:01
1833342610,Golubinsky,Monkbot,true,1,enwiki,2024-10-27 00:50:22
1833342703,List of India One Day International cricket records,2A02:810D:44C0:3CF8:E4F0:38AD:4998:FEC,false,0,enwiki,2024-10-27 00:50:27
1833342912,"Essex County, Ontario",Idoghor Melody,false,-21,enwiki,2024-10-27 00:51:12
1833343118,Some Voices (film),69.181.17.113,false,115,enwiki,2024-10-27 00:51:49
1833342309,Fort Liberty,WhisperToMe,false,146,enwiki,2024-10-27 00:49:28
1833342414,User:Shwo7019/TWA/Earth,Shwo7019,false,241,enwiki,2024-10-27 00:49:54
357991413,BET Awards,Gripweed,false,0,dewiki,2024-10-27 00:49:59
1833342505,Wikipedia:Requests for page protection/Increase,Steel1943,false,282,enwiki,2024-10-27 00:50:06
1833342611,User:AmandaNP/SPI case list,DeltaQuadBot,true,-14,enwiki,2024-10-27 00:50:24
1833342706,Pete Nance,Intruder007,false,-1,enwiki,2024-10-27 00:50:39
1833342916,List of comic-based films directed by women,67.40.202.59,false,-212,enwiki,2024-10-27 00:51:14
1833343101,2005–06 FC Bayern Munich season,164.160.139.16,false,32,enwiki,2024-10-27 00:51:44
1833343119,2008 Nebraska Initiative 424,Incognito melon,false,275,enwiki,2024-10-27 00:51:48
1833342308,Beatles for Sale,Zmbro,false,14,enwiki,2024-10-27 00:49:27
1833342400,"Rudki, West Pomeranian Voivodeship",Monkbot,true,1,enwiki,2024-10-27 00:49:48
357991414,Wikipedia:Löschkandidaten/26. Oktober 2024,Bildungskind,false,448,dewiki,2024-10-27 00:50:00
357991418,My Love Is Your Love,RiJu90,false,64,dewiki,2024-10-27 00:50:05
1833342507,Kho Kho World Cup,GreekApple123,false,33,enwiki,2024-10-27 00:50:06
1833342612,Despina Mavrocordat,Egidio24,false,-8,enwiki,2024-10-27 00:50:23
1833342710,Category talk:Transport infrastructure in the Dominican Republic,Simeon,false,26,enwiki,2024-10-27 00:50:40
1833342918,Chand Kings,Rasteem,false,53,enwiki,2024-10-27 00:51:17
1833343103,Draft:Pioneer Farms,Memer15151,false,16,enwiki,2024-10-27 00:51:47
357991402,Dorfkirche Bückwitz,Giorgio Michele,false,110,dewiki,2024-10-27 00:49:32
357991406,George Marshall,Dabefewulu,false,43,dewiki,2024-10-27 00:49:35
357991408,Samuel Alexander Kinnier Wilson,Igallards7,false,68,dewiki,2024-10-27 00:49:50
1833342617,Wikipedia:Articles for deletion/Old,Mathbot,true,0,enwiki,2024-10-27 00:50:25
1833342712,Ernst Kretschmer,Monkbot,true,1,enwiki,2024-10-27 00:50:39
1833343106,2024 Southeastern Conference football season,TheGoodGeneral 1,false,42,enwiki,2024-10-27 00:51:38
1833343217,John Somers (courtier),Unoquha,false,22,enwiki,2024-10-27 00:52:02
1833343315,Chaniotis,Monkbot,true,1,enwiki,2024-10-27 00:52:14
1833343410,Wikipedia:WikiProject Guild of Copy Editors/Requests,YiFeiBot,true,-648,enwiki,2024-10-27 00:52:31
1833343418,Wikipedia:Requested moves/Technical requests,SilverLocust,false,-336,enwiki,2024-10-27 00:52:31
1833343515,Verkhnesanzyapovo,Monkbot,true,2,enwiki,2024-10-27 00:52:51
1833343605,Wikipedia:Articles for deletion/Log/2024 October 26,Liz,false,77,enwiki,2024-10-27 00:52:57
1833343319,2013 South American Championships in Athletics – Results,Daniel2023Sports,false,1,enwiki,2024-10-27 00:52:10
1833343408,1976 Bali earthquake,Dawnseeker2000,false,-55,enwiki,2024-10-27 00:52:30
1833343419,Jack Catterall,Aringinator,false,0,enwiki,2024-10-27 00:52:31
1833343517,Syed Waseem Hussain,86.96.79.245,false,172,enwiki,2024-10-27 00:52:51
1833343411,Wikipedia:Requested moves/Technical requests/Permalink,Bot1058,true,0,enwiki,2024-10-27 00:52:33
1833343500,Order of the White Eagle (Poland),Monkbot,true,1,enwiki,2024-10-27 00:52:45
1833343300,Jewish population by country,Liz,false,-32,enwiki,2024-10-27 00:52:08
1833343409,Freddie Freeman,2600:6C48:77F0:2DE0:C9C1:7C8:C348:F85A,false,-4,enwiki,2024-10-27 00:52:25
1833343502,User:Panini!/Wowee Zowee: The Series,Panini!,false,3350,enwiki,2024-10-27 00:52:47
1833343608,2024 Arkansas Razorbacks football team,TheGoodGeneral 1,false,6,enwiki,2024-10-27 00:53:05
1833343207,Cruel Intentions (TV series),138.219.61.95,false,4,enwiki,2024-10-27 00:51:58
1833343301,Mesembrine,Entranced98,false,40,enwiki,2024-10-27 00:52:11
1833343412,Wirksworth,AnomieBOT,true,18,enwiki,2024-10-27 00:52:30
1833343505,Hindi,Anupam,false,1616,enwiki,2024-10-27 00:52:43
1833343607,OCRL,Tsarivan613,false,0,enwiki,2024-10-27 00:53:06
1833343210,Crime (TV series),110.149.131.195,false,4,enwiki,2024-10-27 00:51:59
1833343302,Jared Kushner,GuardianH,false,4,enwiki,2024-10-27 00:52:01
1833343414,Old Believers (Latvia),Number 57,false,1,enwiki,2024-10-27 00:52:32
1833343507,Valentin Rasputin,Monkbot,true,1,enwiki,2024-10-27 00:52:48
1833343212,Draft:Kanel Joseph,Clioos,false,839,enwiki,2024-10-27 00:52:00
1833343305,Babolat,ShelfSkewed,false,-27,enwiki,2024-10-27 00:52:12
1833343413,Wikipedia:Sockpuppet investigations/Msp7com,Izno,false,-30,enwiki,2024-10-27 00:52:32
1833343509,Some Voices (film),69.181.17.113,false,8,enwiki,2024-10-27 00:52:50
1833343213,Latgalian Christian Peasant and Catholic Party,Number 57,false,1,enwiki,2024-10-27 00:52:00
1833343308,Template:Jews and Judaism sidebar,Liz,false,-39,enwiki,2024-10-27 00:52:13
1833343401,User talk:Ummkurdia,AnomieBOT,true,993,enwiki,2024-10-27 00:52:31
1833343415,Football Junior Championships of Poland,Monkbot,true,1,enwiki,2024-10-27 00:52:32
1833343510,OCRL,Tsarivan613,false,12,enwiki,2024-10-27 00:52:50
1833343214,Alex Antetokounmpo,Monkbot,true,1,enwiki,2024-10-27 00:51:59
1833343405,2024 Sociedade Esportiva Palmeiras season,Guilherme,false,0,enwiki,2024-10-27 00:52:24
1833343416,User talk:Shwo7019/TWA,Shwo7019,false,700,enwiki,2024-10-27 00:52:33
1833343511,Chandelas of Kumaun,Rasteem,false,-47,enwiki,2024-10-27 00:52:53
1833343216,House Made of Bongs,Drovethrughosts,false,18,enwiki,2024-10-27 00:52:01
1833343309,User:Techiya1925,Techiya1925,false,64,enwiki,2024-10-27 00:52:15
1833343407,"Beryozovka, Beryozovsky District, Perm Krai",Monkbot,true,1,enwiki,2024-10-27 00:52:28
1833343417,Battle of Wanat,ZimZalaBim,false,-19,enwiki,2024-10-27 00:52:29
1833343513,Wikipedia:Requested moves/Current discussions (table),RMCD bot,true,0,enwiki,2024-10-27 00:52:51
1833343612,2024 World Series,47.147.240.209,false,131,enwiki,2024-10-27 00:53:05
1833343708,Devils Point (bar),Egidio24,false,-21,enwiki,2024-10-27 00:53:23
1833343802,"Mazerolles, Charente",Monkbot,true,1,enwiki,2024-10-27 00:53:36
1833343819,User talk:82.47.148.21,VolatileAnomaly,false,1780,enwiki,2024-10-27 00:53:42
1833343909,Joshua Palacios,2600:6C48:77F0:2DE0:C9C1:7C8:C348:F85A,false,15,enwiki,2024-10-27 00:53:58
1833344113,Braderie,IvanScrooge98,false,4,enwiki,2024-10-27 00:54:24
1833344209,Abigail Guthrie,Wolbo,false,40,enwiki,2024-10-27 00:54:35
1833343613,Wikipedia:Articles for deletion/Log/2024 October 19,Liz,false,9,enwiki,2024-10-27 00:52:57
357991505,Klingner,Buchbibliothek,false,10,dewiki,2024-10-27 00:53:26
357991508,Wikipedia:Löschkandidaten/25. Oktober 2024,Bahnmoeller,false,233,dewiki,2024-10-27 00:53:32
1833343801,Wei Yung,GuardianH,false,228,enwiki,2024-10-27 00:53:38
357991518,Belarussisch-deutsche Beziehungen,Rotondus,false,12,dewiki,2024-10-27 00:53:52
1833343908,Palma de Mallorca Airport,Pmbma,false,111,enwiki,2024-10-27 00:53:53
1833344200,Wikipedia:WikiProject Korea/Reliable sources,Seefooddiet,false,9,enwiki,2024-10-27 00:54:33
1833344210,Turun Palloseura,Syvä-äksy,false,46,enwiki,2024-10-27 00:54:33
1833343614,Uptino,Monkbot,true,2,enwiki,2024-10-27 00:53:07
1833343719,Peltula polyphylla,Citation bot,true,28,enwiki,2024-10-27 00:53:25
357991514,Hermann Helmer,"Herr Lehrer, ich weiß was!",false,-25,dewiki,2024-10-27 00:53:40
1833343911,Thelma McKenzie,2003:C6:373C:E024:3574:2AC0:B5AE:9BDD,false,-1,enwiki,2024-10-27 00:53:59
1833344114,Talk:Masanosuke Ono,Wizardman,false,91,enwiki,2024-10-27 00:54:25
1833344201,Kângë Kreshnikësh,Headbomb,false,-50,enwiki,2024-10-27 00:54:32
1833343616,Billy Graziadei,Jax 0677,false,16,enwiki,2024-10-27 00:53:08
357991506,Lake Rotoiti (Bay of Plenty),Du Hugin Skulblaka,false,-60,dewiki,2024-10-27 00:53:29
357991512,Frying Pan Lake,Du Hugin Skulblaka,false,-46,dewiki,2024-10-27 00:53:36
357991515,Lake Rerewhakaaitu,Du Hugin Skulblaka,false,-65,dewiki,2024-10-27 00:53:39
357991516,Vorlage:Navigationsleiste Whitney Houston,RiJu90,false,32,dewiki,2024-10-27 00:53:43
1833343912,Template:COVID-19 pandemic data/United States deaths chart post emergency,Kinerd518,false,52,enwiki,2024-10-27 00:53:58
1833344001,Harlequin Valentine,Monkbot,true,1,enwiki,2024-10-27 00:54:09
1833344115,User:Eewilson,Eewilson,false,-51,enwiki,2024-10-27 00:54:24
1833344202,Talk:Nairobi–Addis Ababa Railway,AnomieBOT,true,41,enwiki,2024-10-27 00:54:34
357991501,Liste der Auszeichnungen der Sängerin Rihanna,Gripweed,false,4,dewiki,2024-10-27 00:53:08
357991509,Lake Ōkareka,Du Hugin Skulblaka,false,-54,dewiki,2024-10-27 00:53:33
1833343809,"Ladera Ranch, California",IntentionallyDense,false,-37,enwiki,2024-10-27 00:53:38
357991517,Lake Rotoiti (Bay of Plenty),Du Hugin Skulblaka,false,-59,dewiki,2024-10-27 00:53:43
1833343917,Belgian Air Component,62.202.181.244,false,15,enwiki,2024-10-27 00:53:54
1833344117,Lanne-en-Barétous,Monkbot,true,2,enwiki,2024-10-27 00:54:23
1833343810,Talk:George W. Bush,AndyTheGrump,false,-383,enwiki,2024-10-27 00:53:37
1833344009,Connor Hellebuyck,HickoryOughtShirt?4,false,318,enwiki,2024-10-27 00:54:09
1833344103,Wikipedia:Sockpuppet investigations/Polynesia2024,Izno,false,88,enwiki,2024-10-27 00:54:24
1833344204,Type 093 submarine,140.182.204.48,false,-4,enwiki,2024-10-27 00:54:32
1833343702,Daizen Maeda,70.125.139.219,false,24,enwiki,2024-10-27 00:53:23
357991510,Wikipedia:Redaktion Altertum/Römischer Limes/Dakischer Limes,Hartmann Linge,false,-1,dewiki,2024-10-27 00:53:35
1833343813,Athletics at the 2013 Bolivarian Games – Results,Daniel2023Sports,false,-1,enwiki,2024-10-27 00:53:33
1833344119,List of comic-based films directed by women,67.40.202.59,false,-2,enwiki,2024-10-27 00:54:23
1833344205,Wikipedia:Administrators' noticeboard/Incidents,KylieNectar,false,918,enwiki,2024-10-27 00:54:21
357991504,Lake Rotoehu,Du Hugin Skulblaka,false,-59,dewiki,2024-10-27 00:53:24
1833343816,User:Coreg/sandbox2,Coreg,false,-89,enwiki,2024-10-27 00:53:41
1833343901,"Thurston County, Washington",SounderBruce,false,240,enwiki,2024-10-27 00:53:52
1833344108,Category talk:Dominican Republic aviators,AnomieBOT,true,45,enwiki,2024-10-27 00:54:24
1833344207,Common law,Visviva,false,-603,enwiki,2024-10-27 00:54:31
357991502,Agricolagymnasium Hohenmölsen,89.151.41.80,false,-19,dewiki,2024-10-27 00:53:23
1833343705,Talk:Elizabeth Francis,EytanMelech,false,373,enwiki,2024-10-27 00:53:23
357991507,Benutzer:Shawn Steinfeger/Liste der Flüsse in Wyoming,Shawn Steinfeger,false,2578,dewiki,2024-10-27 00:53:31
357991513,Rareș Ilie,Hättensiesgewusst,false,1,dewiki,2024-10-27 00:53:38
1833343817,A Man,Monkbot,true,2,enwiki,2024-10-27 00:53:40
1833343906,Jerova Vas,Monkbot,true,3,enwiki,2024-10-27 00:53:56
1833344206,Once in a Summer,Wheezythewave,false,-20,enwiki,2024-10-27 00:54:34
357991500,Lake Rerewhakaaitu,Du Hugin Skulblaka,false,-66,dewiki,2024-10-27 00:53:19
1833343706,Ministry of Justice (Austria),Monkbot,true,1,enwiki,2024-10-27 00:53:23
357991511,Alexander Borissowitsch Stolper,Rita2008,false,211,dewiki,2024-10-27 00:53:36
1833343818,2023 New Year Honours (New Zealand),DrThneed,false,15,enwiki,2024-10-27 00:53:38
1833343907,Talk:Masanori Rikiishi,Wizardman,false,108,enwiki,2024-10-27 00:53:58
1833344111,Pete D'Alessandro,Edward Bednar,false,-2,enwiki,2024-10-27 00:54:24
1833344208,Les Angles-sur-Corrèze,Monkbot,true,1,enwiki,2024-10-27 00:54:32
1833344211,Ayzur,KallebTigray,false,8,enwiki,2024-10-27 00:54:35
1833344601,User:AlexNewArtBot/PolynesiaSearchResult,InceptionBot,true,2802,enwiki,2024-10-27 00:55:30
1833344213,Talk:Donald Trump,Maxeto0910,false,59,enwiki,2024-10-27 00:54:23
1833344319,Brent Brekke,Marist72,false,0,enwiki,2024-10-27 00:54:53
1833344500,"Category:Actors from Ely, Cambridgeshire",Ernsanchez00,false,58,enwiki,2024-10-27 00:55:17
1833344611,Gary Cuozzo,Leeapp,false,168,enwiki,2024-10-27 00:55:31
1833344215,Albanian paganism,Headbomb,false,-50,enwiki,2024-10-27 00:54:26
1833344301,Wikipedia:WikiProject Spain/Recognized content,JL-Bot,true,102,enwiki,2024-10-27 00:54:42
1833344401,Wikipedia:Redirects for discussion/Log/2024 October 26,Genericusername57,false,349,enwiki,2024-10-27 00:54:58
1833344506,Talk:Arms embargoes on Israel,Slythfox,false,487,enwiki,2024-10-27 00:55:17
1833344617,Imola Circuit,2A00:23C8:9D9C:7101:2D77:1703:6C3C:E79F,false,-8,enwiki,2024-10-27 00:55:28
1833344217,Daizen Maeda,70.125.139.219,false,40,enwiki,2024-10-27 00:54:35
1833344306,Athletics at the 2013 Bolivarian Games – Results,Daniel2023Sports,false,-20,enwiki,2024-10-27 00:54:44
1833344405,2024 CFL season,QuestionizedMarker,false,68,enwiki,2024-10-27 00:54:59
1833344308,Vermont Catamounts,Fma12,false,16,enwiki,2024-10-27 00:54:50
1833344408,Air brake (road vehicle),131.252.71.8,false,-5,enwiki,2024-10-27 00:55:02
1833344313,2014 Louisiana–Monroe Warhawks football team,Mes tex,false,785,enwiki,2024-10-27 00:54:50
1833344413,Itameline,Graeme Bartlett,false,-3,enwiki,2024-10-27 00:55:01
1833344509,Giannis Niarchos,Monkbot,true,1,enwiki,2024-10-27 00:55:16
1833344314,2024 Cork Intermediate A Football Championship,CorkMan,false,1527,enwiki,2024-10-27 00:54:52
1833344415,User:AlexNewArtBot/PoliticsSearchResult,InceptionBot,true,7225,enwiki,2024-10-27 00:54:38
1833344512,Mi'ilya,Huldra,false,89,enwiki,2024-10-27 00:55:17
1833344315,"Beryozovets, Konyshyovsky District, Kursk Oblast",Monkbot,true,1,enwiki,2024-10-27 00:54:50
1833344518,Stavros Anthony,Idoghor Melody,false,0,enwiki,2024-10-27 00:55:17
1833344316,Seattle City Council,SounderBruce,false,-28,enwiki,2024-10-27 00:54:51
1833344519,A Bittersweet Life,Wheezythewave,false,-4,enwiki,2024-10-27 00:55:18
1833344317,Old Colony History Museum,Kzirkel,false,869,enwiki,2024-10-27 00:54:52
1833344718,Tvrdkov,Monkbot,true,1,enwiki,2024-10-27 00:55:51
1833344909,"Dhanana, Sonipat",Egidio24,false,-29,enwiki,2024-10-27 00:56:23
357991600,Georg Marschall,Dabefewulu,false,62,dewiki,2024-10-27 00:56:32
1833344816,Project 2025,Esterau16,false,1,enwiki,2024-10-27 00:56:00
1833344910,Dhammapada,Egidio24,false,-91,enwiki,2024-10-27 00:56:22
1833344817,User:Coreg/sandbox2,Coreg,false,-5,enwiki,2024-10-27 00:56:09
1833344913,Seville Airport,Pmbma,false,151,enwiki,2024-10-27 00:56:23
1833344701,Wikipedia:Requested moves/Technical requests,SafariScribe,false,-2003,enwiki,2024-10-27 00:55:49
1833344802,Carlotta (name),DrThneed,false,54,enwiki,2024-10-27 00:56:07
1833344702,Saionji Kinmochi,Seefooddiet,false,25,enwiki,2024-10-27 00:55:48
1833344801,Commonwealth Heads of Government Meeting,WikiGuff,false,-230,enwiki,2024-10-27 00:56:05
1833344915,Saint-Laurent-le-Minier,Monkbot,true,1,enwiki,2024-10-27 00:56:22
1833344811,R. Palme Dutt,AnomieBOT,true,18,enwiki,2024-10-27 00:56:06
1833344901,Brian J. Dooley,Edward Bednar,false,6,enwiki,2024-10-27 00:56:20
1833344916,Template talk:Connected contributor,Voorts,false,474,enwiki,2024-10-27 00:56:24
1833344706,Sarkar (soundtrack),WathaGommala,false,81,enwiki,2024-10-27 00:55:51
1833344902,User talk:Ni Foodie,Knitsey,false,807,enwiki,2024-10-27 00:56:23
1833344709,List of Falcon 9 first-stage boosters,Avialuh,false,-24,enwiki,2024-10-27 00:55:33
1833344814,2025 Kho Kho World Cup,GreekApple123,false,28,enwiki,2024-10-27 00:56:08
1833344903,List of tallest structures in the Philippines,IronGargoyle,false,30,enwiki,2024-10-27 00:56:17
1833344713,Vermont Catamounts,Fma12,false,54,enwiki,2024-10-27 00:55:51
1833344813,1977–78 in Swiss football,Huligan0,false,8078,enwiki,2024-10-27 00:56:04
1833344905,Ottoman Empire,Beshogur,false,629,enwiki,2024-10-27 00:56:12
357991602,Jakub Menšík,Anonym224,false,-4,dewiki,2024-10-27 00:56:34
1833344717,Wikipedia:Administrators' noticeboard/Incidents,KylieNectar,false,196,enwiki,2024-10-27 00:55:41
1833344815,Operation Krivaja '95,Wynnsanity,false,-3,enwiki,2024-10-27 00:56:08
1833344907,Dhananjay Mane,Egidio24,false,-20,enwiki,2024-10-27 00:56:23
357991603,Wikipedia:WikiProjekt Frauen/Frauen in Rot/Fehlende Artikel nach Tätigkeit/Volleyballspielerinnen,TaxonBot,true,852,dewiki,2024-10-27 00:56:15
1833345002,User:InceptionBot/NewPageSearch/Prince Edward Island/log,InceptionBot,true,2,enwiki,2024-10-27 00:56:38
1833345003,Template:2024 CFL East Division standings,GoodDay,false,0,enwiki,2024-10-27 00:56:37
1833345005,Onufri,Monkbot,true,4,enwiki,2024-10-27 00:56:36
357991606,Lorenzbake,Snn47,false,0,dewiki,2024-10-27 00:56:43
1833345108,Draft:Pioneer Farms,Memer15151,false,604,enwiki,2024-10-27 00:56:58
1833345218,R. J. Allen,Citation bot,true,17,enwiki,2024-10-27 00:57:19
1833345311,Lin Chin-sheng,GuardianH,false,16,enwiki,2024-10-27 00:57:33
1833345006,User:AlexNewArtBot/Prince Edward IslandSearchResult,InceptionBot,true,416,enwiki,2024-10-27 00:56:37
357991610,B.o.B,Gripweed,false,4,dewiki,2024-10-27 00:56:48
1833345110,User:DrThneed/1woman1day2024,DrThneed,false,-32,enwiki,2024-10-27 00:56:56
357991614,Liste der Nummer-eins-Hits in Finnland (2024),HvW,false,0,dewiki,2024-10-27 00:57:01
1833345313,Draft:Genocide Mountain Tatars,Enver Ottoman,false,-184,enwiki,2024-10-27 00:57:34
1833345007,User:MacronMonitor/Alerts,MacronMonitor,false,243,enwiki,2024-10-27 00:56:37
357991612,Liste der Studenten- und Studierendenwerke in Deutschland,Ephraim33,false,150,dewiki,2024-10-27 00:56:58
1833345205,Talk:Jared Taylor,72.24.11.114,false,373,enwiki,2024-10-27 00:57:14
1833345315,Masovian Voivodeship (1526–1795),Entranced98,false,76,enwiki,2024-10-27 00:57:34
357991604,SB-Warenhaus,Blutgretchen,false,1,dewiki,2024-10-27 00:56:38
1833345113,Revosimeline,Graeme Bartlett,false,-4,enwiki,2024-10-27 00:56:58
357991616,Kristina Wayborn,Toxilly,false,11,dewiki,2024-10-27 00:57:02
1833345206,Katyuri Kings,Rasteem,false,0,enwiki,2024-10-27 00:57:18
1833345316,User:Michelangelo1992/sandbox,Michelangelo1992,false,694,enwiki,2024-10-27 00:57:35
1833345010,Talk:Monty Bennett,Llll5032,false,298,enwiki,2024-10-27 00:56:34
1833345115,Richard Donner,BarntToust,false,0,enwiki,2024-10-27 00:56:58
1833345208,Čara,Monkbot,true,1,enwiki,2024-10-27 00:57:16
1833345317,Audit,VolatileAnomaly,false,-19,enwiki,2024-10-27 00:57:34
1833345015,Love in the Rough,Stonehedge315,false,-21,enwiki,2024-10-27 00:56:40
357991607,Paul Kammerer,Dieter Zoubek,false,-12,dewiki,2024-10-27 00:56:44
357991613,Verlag der 9 Reiche,Kulturzettel,false,50,dewiki,2024-10-27 00:57:00
1833345318,User:Alekksandr/List of Irish MPs 1569–1571,Alekksandr,false,167,enwiki,2024-10-27 00:57:36
1833345016,Vishnyakovsky,Monkbot,true,1,enwiki,2024-10-27 00:56:39
357991608,Panamera Flow,YGO24895,false,174,dewiki,2024-10-27 00:56:44
1833345101,Arrhidaeus,Monkbot,true,1,enwiki,2024-10-27 00:56:56
1833345117,User:Walter Tau,Walter Tau,false,-30,enwiki,2024-10-27 00:57:00
357991618,Kopftuchstreit,Thomas Dresler,false,1,dewiki,2024-10-27 00:56:59
1833345209,Luis Raúl Torres Cruz,Go4thProsper,false,34,enwiki,2024-10-27 00:57:18
1833345017,Otis (bear),Mr. Guye,false,36,enwiki,2024-10-27 00:56:41
357991611,Robert Klauß,62.143.41.176,false,4,dewiki,2024-10-27 00:56:56
357991617,Wikipedia:Hauptseite/Aktuelles,ElLutzo,false,49,dewiki,2024-10-27 00:57:03
1833345210,Wikipedia:Administrators' noticeboard/Incidents,Just Step Sideways,false,158,enwiki,2024-10-27 00:57:05
1833345303,Graduate Institute of International and Development Studies,Robinsonodora,false,26,enwiki,2024-10-27 00:57:26
1833345018,Fauna of India,SchreiberBike,false,-10,enwiki,2024-10-27 00:56:39
357991609,Klink (Oberschlesien),Thomas Dresler,false,2,dewiki,2024-10-27 00:56:47
1833345103,Yuriy Yurkov,SmartyPants22,false,237,enwiki,2024-10-27 00:56:56
1833345211,Lin Chin-sheng,GuardianH,false,362,enwiki,2024-10-27 00:57:18
1833345308,Aventignan,Monkbot,true,1,enwiki,2024-10-27 00:57:30
357991605,Liste lateinischer Phrasen/N,Speravir,false,79,dewiki,2024-10-27 00:56:41
1833345107,Wikipedia:Sockpuppet investigations/Polynesia2024,Izno,false,205,enwiki,2024-10-27 00:56:58
1833345216,Talk:Katyuri Kings,Rasteem,false,0,enwiki,2024-10-27 00:57:20
1833345310,Jean-Michel Lesage,Lepricavark,false,12,enwiki,2024-10-27 00:57:33
1833345413,Balad (political party),Number 57,false,32,enwiki,2024-10-27 00:57:49
1833345607,Draft:Ethan Staddon,Hildreth gazzard,false,380,enwiki,2024-10-27 00:58:17
1833345812,Wikipedia talk:Did you know,Surtsicna,false,-12,enwiki,2024-10-27 00:58:38
1833345700,User:AlexNewArtBot/PuertoRicoSearchResult,InceptionBot,true,3515,enwiki,2024-10-27 00:58:22
1833345814,2024 ISSF World Cup,Kumarpramit,false,0,enwiki,2024-10-27 00:58:39
1833345400,2018–19 TCU Horned Frogs men's basketball team,Idoghor Melody,false,4,enwiki,2024-10-27 00:57:44
1833345416,"Marquay, Dordogne",Monkbot,true,1,enwiki,2024-10-27 00:57:48
1833345609,Chagrin (surname),Idoghor Melody,false,3,enwiki,2024-10-27 00:58:18
1833345701,Alek Thomas,2600:6C48:77F0:2DE0:C9C1:7C8:C348:F85A,false,25,enwiki,2024-10-27 00:58:27
1833345401,Boeing Starliner,Schierbecker,false,30,enwiki,2024-10-27 00:57:41
1833345418,The Uprising: Wives on Strike 3,B.Korlah,false,561,enwiki,2024-10-27 00:57:52
1833345511,Sebastian Coe,Jean-de-Nivelle,false,-613,enwiki,2024-10-27 00:57:59
1833345611,Daniel Grassl,Bgsu98,false,-1,enwiki,2024-10-27 00:58:15
1833345705,Category talk:Water transportation in North America by country,Simeon,false,23,enwiki,2024-10-27 00:58:29
1833345405,Cavillargues,Monkbot,true,1,enwiki,2024-10-27 00:57:44
1833345512,Southeast Airlines,76.72.11.172,false,255,enwiki,2024-10-27 00:58:04
1833345619,Jean-Noël Huck,Lepricavark,false,12,enwiki,2024-10-27 00:58:17
1833345709,Mother Gothel,68.193.160.90,false,54,enwiki,2024-10-27 00:58:27
1833345407,Lin Chin-sheng,GuardianH,false,-34,enwiki,2024-10-27 00:57:47
1833345419,St. Simon Stakes,BarnhallBoy,false,72,enwiki,2024-10-27 00:57:51
1833345513,Draft:Will Brooks (American football),Butters.From.SouthPark,false,3564,enwiki,2024-10-27 00:58:04
1833345710,Grézet-Cavagnan,Monkbot,true,1,enwiki,2024-10-27 00:58:26
1833345514,Bareilles,Monkbot,true,1,enwiki,2024-10-27 00:58:02
1833345711,Remy Ma discography,24K24,false,70,enwiki,2024-10-27 00:58:29
1833345408,Jean-Michel Raymond,Lepricavark,false,12,enwiki,2024-10-27 00:57:49
1833345516,Canadian Dental Care Plan,121.52.153.134,false,57,enwiki,2024-10-27 00:58:05
1833345601,1976 Sabah earthquake,Dawnseeker2000,false,-3,enwiki,2024-10-27 00:58:15
1833345714,Araucariaceae,Anteosaurus magnificus,false,893,enwiki,2024-10-27 00:58:27
1833345805,Thug Life (2024 film),Sureybhai23,false,72,enwiki,2024-10-27 00:58:41
1833345409,User:Walter Tau,Walter Tau,false,6,enwiki,2024-10-27 00:57:50
1833345604,User:BlackDarkRebel,Helpful Raccoon,false,40,enwiki,2024-10-27 00:58:16
1833345808,User:AlexNewArtBot/QuebecSearchResult,InceptionBot,true,11016,enwiki,2024-10-27 00:58:39
1833345410,Next Gen (film),2600:8801:29A8:1B00:D426:7597:5C17:5CAD,false,0,enwiki,2024-10-27 00:57:49
1833345605,National Geographic Video,2601:441:4B7F:79EC:F9AA:D54F:FCFE:43BB,false,535,enwiki,2024-10-27 00:58:11
1833345811,Eli Thompson (Boardwalk Empire),174.85.170.19,false,-4,enwiki,2024-10-27 00:58:44
1833345910,Under the Boardwalk (2023 film),Tingrin87,false,19,enwiki,2024-10-27 00:58:54
1833346101,Lotta Dann,DrThneed,false,38,enwiki,2024-10-27 00:59:34
1833346209,Hellcat,199.255.218.56,false,20,enwiki,2024-10-27 01:00:01
357991701,Wikipedia:Review/Liste,TaxonBot,true,26,dewiki,2024-10-27 01:00:11
357991703,Wikipedia:Löschkandidaten/heute,LkhBot,true,0,dewiki,2024-10-27 01:00:13
357991709,Halde Hoheward,Uploader xyz,false,0,dewiki,2024-10-27 01:00:16
357991714,Wikipedia Diskussion:Hauptseite/Jahrestage/Archiv/2024,TaxonBot,true,297,dewiki,2024-10-27 01:00:05
1833345911,Otis (bear),Mr. Guye,false,1,enwiki,2024-10-27 00:58:56
1833346018,User:Cullen328/sandbox/Ulu knife,Cullen328,false,326,enwiki,2024-10-27 00:59:21
1833346102,Sandomierz Voivodeship (1939),Entranced98,false,73,enwiki,2024-10-27 00:59:35
1833346213,Draft:Genocide Mountain Tatars,Enver Ottoman,false,-1197,enwiki,2024-10-27 01:00:01
1833346312,Wallace & Gromit's World of Invention,SleepDeprivedGinger,false,-306,enwiki,2024-10-27 01:00:17
1833346411,Płock Voivodeship (1975–1998),Entranced98,false,-1,enwiki,2024-10-27 01:00:33
1833345912,Wikipedia:In the news/Candidates,Abcmaxx,false,185,enwiki,2024-10-27 00:58:45
1833346103,Omoni Oboli,B.Korlah,false,61,enwiki,2024-10-27 00:59:35
357991710,Brauerei Zipf,BrunoBoehmler,false,51,dewiki,2024-10-27 01:00:16
1833346316,Talk:Civic nationalism,Sadko,false,-2606,enwiki,2024-10-27 01:00:18
1833346414,Talk:Civic nationalism/Archive 1,Sadko,false,891,enwiki,2024-10-27 01:00:34
1833345917,Land of Love,Monkbot,true,1,enwiki,2024-10-27 00:58:56
1833346111,User:AlexNewArtBot/RhodeIslandSearchResult,InceptionBot,true,-2716,enwiki,2024-10-27 00:59:38
357991705,Portal:Physik/Purge-Log,TaxonBota,true,113,dewiki,2024-10-27 01:00:12
1833346401,User:AnomieBOT/C/Current peer reviews,AnomieBOT,true,-112,enwiki,2024-10-27 01:00:32
1833346415,Pacific gopher snake,AnomieBOT,true,18,enwiki,2024-10-27 01:00:33
1833346000,Cheerios,FilmandTVFan28,false,0,enwiki,2024-10-27 00:59:15
1833346113,User:InceptionBot/NewPageSearch/RhodeIsland/log,InceptionBot,true,569,enwiki,2024-10-27 00:59:38
1833346215,User:AmandaNP/UAA/Time,DeltaQuadBot,true,0,enwiki,2024-10-27 01:00:03
1833346302,Michael Lahoud,Citation bot,true,40,enwiki,2024-10-27 01:00:15
1833346319,Wikipedia:Administrators' noticeboard/Incidents,Thryduulf,false,267,enwiki,2024-10-27 01:00:06
1833346417,Sassis,Monkbot,true,1,enwiki,2024-10-27 01:00:32
1833345918,Aqibullah Khan,86.96.79.245,false,60,enwiki,2024-10-27 00:58:56
1833346005,John the Fearless,Ceoil,false,-9,enwiki,2024-10-27 00:59:17
1833346116,Olemps,Monkbot,true,1,enwiki,2024-10-27 00:59:35
1833346216,User talk:Prince peter moyo,Daniel,false,1150,enwiki,2024-10-27 01:00:02
1833346306,Talk:Civic nationalism/Archive 1,Sadko,false,2616,enwiki,2024-10-27 01:00:17
357991716,"Datei:L05 013 Bw Kappel, ET 169, Führerstand.jpg",Falk2,false,-1,dewiki,2024-10-27 01:00:21
1833346011,Defender,Egidio24,false,-26,enwiki,2024-10-27 00:59:19
1833346119,Ariana Grande discography,Swe97,false,-237,enwiki,2024-10-27 00:59:32
357991711,Diskussion:The Walled Off Hotel,TaxonBot,true,18,dewiki,2024-10-27 01:00:18
1833346404,Template:AfC statistics/pending,EarwigBot,true,5,enwiki,2024-10-27 01:00:17
1833346419,User:DatBot/newpagesbacklog,DatBot,true,0,enwiki,2024-10-27 01:00:36
1833346010,Navajo Nation,Eievie,false,-21,enwiki,2024-10-27 00:59:14
357991706,Burgschleinitz (Herrschaft),Blutgretchen,false,1,dewiki,2024-10-27 01:00:16
357991712,Wikipedia Diskussion:Hauptseite/Jahrestage,TaxonBot,true,-297,dewiki,2024-10-27 01:00:14
1833346405,Mohammad Ali Tarakai,86.96.79.245,false,60,enwiki,2024-10-27 01:00:31
1833346418,Cocktails (album),Mheuej,false,13,enwiki,2024-10-27 01:00:34
1833346014,Talk:Your Girl,Heartfox,false,77,enwiki,2024-10-27 00:59:18
1833346205,Talk:Civic nationalism,Sadko,false,-1655,enwiki,2024-10-27 00:59:59
1833346309,Wikipedia:User access levels,Tamzin,false,7,enwiki,2024-10-27 01:00:14
1833346016,Lotta Dann,DrThneed,false,39,enwiki,2024-10-27 00:59:19
1833346100,CGTN (TV channel),Edward Bednar,false,2,enwiki,2024-10-27 00:59:32
1833346206,Narathiwat province,Phoebus 28,false,170,enwiki,2024-10-27 00:59:59
357991713,Wikipedia:LKG,LkhBot,true,0,dewiki,2024-10-27 01:00:19
1833346407,Progress M-46,Widefox,false,-28,enwiki,2024-10-27 01:00:32
1833346510,Net Visi Media,2001:448A:3048:8DFE:7C5C:29BD:3645:14BF,false,-66,enwiki,2024-10-27 01:00:48
1833346604,Hellcat,199.255.218.56,false,32,enwiki,2024-10-27 01:01:05
1833346716,Legnica Voivodeship,Entranced98,false,63,enwiki,2024-10-27 01:01:24
1833346904,Lux Æterna (Metallica song),FMSky,false,0,enwiki,2024-10-27 01:01:52
1833347107,Bibras Natcho,2A06:63C0:190C:1E00:68A1:9A7F:2796:303E,false,2,enwiki,2024-10-27 01:02:27
1833347212,13th Legislature of the Third Portuguese Republic,ShelfSkewed,false,30,enwiki,2024-10-27 01:02:51
1833347315,Steve Sanders (musician),Zredman,false,8,enwiki,2024-10-27 01:03:05
1833346511,First Impressionist Exhibition,AlexR2002,false,1,enwiki,2024-10-27 01:00:44
1833346810,2006 Pakistani Senate election,Muzzzmuzzmuzzz,false,6288,enwiki,2024-10-27 01:01:38
1833346907,Culture of the Bahamas,Retro,false,16,enwiki,2024-10-27 01:01:53
1833347007,Ferrières-les-Verreries,Monkbot,true,1,enwiki,2024-10-27 01:02:09
1833347108,Geʽez script,Sérgio R R Santos,false,-9,enwiki,2024-10-27 01:02:27
357991808,Lake Alta,Du Hugin Skulblaka,false,-45,dewiki,2024-10-27 01:02:34
1833347200,List of Harry Potter characters,Redrose64,false,-1,enwiki,2024-10-27 01:02:46
357991813,Kaikorai Lagoon,Du Hugin Skulblaka,false,-55,dewiki,2024-10-27 01:02:51
357991814,Gouverneurswahl in Indiana 2024,Heimerichsländer,false,1604,dewiki,2024-10-27 01:02:55
357991815,Korhogo,Thomas Dresler,false,1,dewiki,2024-10-27 01:02:56
1833346513,Talk:Civic nationalism/Archive 1,Sadko,false,11244,enwiki,2024-10-27 01:00:49
1833346817,User:InceptionBot/NewPageSearch/RugbyUnion/log,InceptionBot,true,-59,enwiki,2024-10-27 01:01:42
1833346912,Zantop Air Transport,Enplaned,false,0,enwiki,2024-10-27 01:01:54
1833347008,Draft:Genocide Mountain Tatars,Enver Ottoman,false,243,enwiki,2024-10-27 01:02:12
357991800,Cheddar (Käse),Anachoret,false,780,dewiki,2024-10-27 01:02:23
357991802,Harzer Tourismusverband,Mary Joanna,false,-278,dewiki,2024-10-27 01:02:25
1833347109,Mr. Woodcock,EclecticEnnui,false,15,enwiki,2024-10-27 01:02:30
1833347201,User talk:Doug Weller,JoJo Anthrax,false,430,enwiki,2024-10-27 01:02:47
1833346700,Matt Ryan (basketball),Intruder007,false,50,enwiki,2024-10-27 01:01:22
1833346818,2014 Louisiana–Monroe Warhawks football team,Mes tex,false,790,enwiki,2024-10-27 01:01:39
1833346915,Marsh McLennan,Edward Bednar,false,2,enwiki,2024-10-27 01:01:52
1833347010,Ansorge Hotel,Kevmin,false,46,enwiki,2024-10-27 01:02:12
1833347111,History of Nebraska Cornhuskers football,Wscsuperfan,false,2,enwiki,2024-10-27 01:02:28
1833347203,Munich North (electoral district),Monkbot,true,1,enwiki,2024-10-27 01:02:47
1833347301,Jeong You-jin,SmartyPants22,false,168,enwiki,2024-10-27 01:03:02
1833346515,Talk:Civic nationalism,Sadko,false,-11234,enwiki,2024-10-27 01:00:50
1833346614,Henry Kao,GuardianH,false,10,enwiki,2024-10-27 01:01:06
1833346703,Al-Ghabisiyya,Huldra,false,74,enwiki,2024-10-27 01:01:21
1833346819,Jacques Février,Simeon,false,14,enwiki,2024-10-27 01:01:41
1833346913,User:Storye book/editing/Sandbox 136,Storye book,false,86,enwiki,2024-10-27 01:01:54
1833347016,2024 ISSF World Cup,Kumarpramit,false,3,enwiki,2024-10-27 01:02:08
357991803,Rudolf Kerner,Lubitsch2,false,29,dewiki,2024-10-27 01:02:31
357991810,Blue Lake (Otago),Du Hugin Skulblaka,false,-56,dewiki,2024-10-27 01:02:40
1833347204,Wikipedia:Redirects for discussion/Log/2024 October 26,Reconrabbit,false,309,enwiki,2024-10-27 01:02:45
357991816,Lochnagar (Neuseeland),Du Hugin Skulblaka,false,-55,dewiki,2024-10-27 01:02:56
1833347302,2025 European Championship of American football,Vampeare,false,-152,enwiki,2024-10-27 01:03:03
1833346615,Lux Æterna (Metallica song),Citation bot,true,41,enwiki,2024-10-27 01:01:05
1833346704,Talk:Kho kho at the 2016 South Asian Games,GreekApple123,false,6,enwiki,2024-10-27 01:01:23
1833347114,Südaue,Archie02,false,34,enwiki,2024-10-27 01:02:31
357991811,Die Schule der magischen Tiere 3,Discostu,false,232,dewiki,2024-10-27 01:02:43
1833347205,Massachusetts General Colored Association,Garthdreese,false,-5,enwiki,2024-10-27 01:02:49
357991817,Cronk Keeill Abban,Giorgio Michele,false,97,dewiki,2024-10-27 01:03:00
1833347308,21st Century Fox,AltendoYT,false,187,enwiki,2024-10-27 01:03:01
1833346616,Asko/Schönberg,Kamien Case,false,356,enwiki,2024-10-27 01:01:06
1833346707,User:InceptionBot/NewPageSearch/Royalty/log,InceptionBot,true,-561,enwiki,2024-10-27 01:01:24
1833346800,Category talk:Erzurumspor F.K. footballers,Darwinek,false,23,enwiki,2024-10-27 01:01:39
1833347115,"Centennial High School (Corona, California)",199.192.96.224,false,20,enwiki,2024-10-27 01:02:28
1833347207,Paul Nicolas,Simeon,false,14,enwiki,2024-10-27 01:02:48
1833346705,Delicious Donuts,Egidio24,false,-52,enwiki,2024-10-27 01:01:22
1833346801,2024 Solomon Islands general election,Number 57,false,70,enwiki,2024-10-27 01:01:37
357991801,Geschwindigkeitsskifahren,Kuhni74,false,-1,dewiki,2024-10-27 01:02:25
1833347117,Zoo,Monkbot,true,1,enwiki,2024-10-27 01:02:29
1833347206,Category talk:PFC Navbahor Namangan players,Darwinek,false,27,enwiki,2024-10-27 01:02:50
1833347309,"Akishin, Volgograd Oblast",Monkbot,true,1,enwiki,2024-10-27 01:03:03
1833346501,Frankfurt-Höchst station,Monkbot,true,1,enwiki,2024-10-27 01:00:45
1833346708,Southeast Airlines,76.72.11.172,false,64,enwiki,2024-10-27 01:01:24
1833346803,Otis (bear),Mr. Guye,false,114,enwiki,2024-10-27 01:01:40
1833347100,Talk:Civic nationalism,Sadko,false,-472,enwiki,2024-10-27 01:02:18
1833347119,Shih Chi-yang,GuardianH,false,383,enwiki,2024-10-27 01:02:31
357991812,Lake Johnson,Du Hugin Skulblaka,false,-59,dewiki,2024-10-27 01:02:45
1833347208,User talk:Scott DeWire,TheImaCow,false,1373,enwiki,2024-10-27 01:02:51
1833347311,Yves Niaré,Simeon,false,14,enwiki,2024-10-27 01:03:04
1833346506,Regal Cinemas,FilmandTVFan28,false,0,enwiki,2024-10-27 01:00:45
1833346709,Delta (situational awareness system),Egidio24,false,-26,enwiki,2024-10-27 01:01:22
1833346809,Photonics and Nanostructures: Fundamentals and Applications,Myxomatosis57,false,-3,enwiki,2024-10-27 01:01:40
1833346902,Casey Townsend,Citation bot,true,-1,enwiki,2024-10-27 01:01:51
1833347101,The Amityville Horror (1979 film),JsfasdF252,false,402,enwiki,2024-10-27 01:02:26
357991806,Führerausweis und Fahrberechtigung (Schweiz),Filzstift,false,-159,dewiki,2024-10-27 01:02:32
1833347210,Draft:Genocide Mountain Tatars,Enver Ottoman,false,-32,enwiki,2024-10-27 01:02:50
1833347312,Ocheja,Emmanuella643,false,247,enwiki,2024-10-27 01:03:05
1833347402,Shaporevo,Monkbot,true,1,enwiki,2024-10-27 01:03:20
1833347505,Hrenca,Monkbot,true,1,enwiki,2024-10-27 01:03:42
1833347609,Marcus Walker (rugby league),77.86.117.26,false,0,enwiki,2024-10-27 01:04:02
1833347802,Annexation of Crimea by the Russian Federation,Manyareasexpert,false,-53,enwiki,2024-10-27 01:04:25
1833347403,Draft:Pioneer Farms,Memer15151,false,174,enwiki,2024-10-27 01:03:22
1833347504,Femke Bol,Editør,false,23,enwiki,2024-10-27 01:03:35
1833347610,Grosstarock,Monkbot,true,1,enwiki,2024-10-27 01:04:02
1833347710,Warsaw 44,Monkbot,true,1,enwiki,2024-10-27 01:04:20
1833347803,List of European countries by minimum wage,Dhyana b,false,546,enwiki,2024-10-27 01:04:35
1833347411,User:AlexNewArtBot/RussiaSearchResult,InceptionBot,true,223,enwiki,2024-10-27 01:03:17
1833347509,Abdallah Sima,GoldMiner24,false,-63,enwiki,2024-10-27 01:03:43
1833347618,"Church of St. Casimir, Vilnius",Monkbot,true,3,enwiki,2024-10-27 01:04:04
1833347807,List of tallest structures in the Philippines,IronGargoyle,false,80,enwiki,2024-10-27 01:04:35
1833347410,Demir Kapija Municipality,Egidio24,false,-32,enwiki,2024-10-27 01:03:22
1833347512,Sall Grover,Ser!,false,0,enwiki,2024-10-27 01:03:44
1833347619,Žirče,Asmir.emrovic,false,-3,enwiki,2024-10-27 01:04:05
1833347811,Madeira Airport,Pmbma,false,148,enwiki,2024-10-27 01:04:40
1833347416,Wikipedia:Categories for discussion/Speedy,Armbrust,false,-188,enwiki,2024-10-27 01:03:23
1833347515,Luke Littler,JamesVilla44,false,-233,enwiki,2024-10-27 01:03:41
1833347713,IMac Pro,David Fuchs,false,3,enwiki,2024-10-27 01:04:19
1833347813,Draft:Pioneer Farms,Memer15151,false,70,enwiki,2024-10-27 01:04:44
1833347417,Natallia Tsylinskaya,Monkbot,true,1,enwiki,2024-10-27 01:03:23
1833347514,2024 United States presidential election,David O. Johnson,false,-526,enwiki,2024-10-27 01:03:33
1833347814,Huriel,Monkbot,true,1,enwiki,2024-10-27 01:04:40
1833347419,Gérard Patris,Simeon,false,52,enwiki,2024-10-27 01:03:25
1833347714,Category talk:Libyan fiction,Tom.Reding,false,27,enwiki,2024-10-27 01:04:23
1833347816,Moby Prince disaster,Chrism,false,4,enwiki,2024-10-27 01:04:41
1833347502,Gary Cuozzo,Leeapp,false,265,enwiki,2024-10-27 01:03:41
1833347518,Billy McCombe,Jevansen,false,0,enwiki,2024-10-27 01:03:46
1833347603,War Is Over!,Espngeek,false,-80,enwiki,2024-10-27 01:04:01
1833347817,Category talk:Literary awards honoring men,Tom.Reding,false,27,enwiki,2024-10-27 01:04:44
1833347500,Rib steak,Jucjuc,false,0,enwiki,2024-10-27 01:03:41
1833347519,"Centennial High School (Corona, California)",199.192.96.224,false,25,enwiki,2024-10-27 01:03:44
1833347605,2024 Campeonato Brasileiro Série B,186.29.35.253,false,2,enwiki,2024-10-27 01:03:58
1833347715,Category:People by populated place in Kent,Ernsanchez00,false,40,enwiki,2024-10-27 01:04:24
1833347800,Category talk:Literary awards honoring lifetime achievement,Tom.Reding,false,27,enwiki,2024-10-27 01:04:40
1833347818,Arqamani,97.116.160.235,false,-239,enwiki,2024-10-27 01:04:44
1833347400,October 26,24.229.42.16,false,10,enwiki,2024-10-27 01:03:19
1833347503,Carl Grossberg,Simeon,false,14,enwiki,2024-10-27 01:03:42
1833347801,User:AlexNewArtBot/ScotlandSearchResult,InceptionBot,true,-1862,enwiki,2024-10-27 01:04:35
