1833599010,Rédl,Citation bot,true,44,enwiki,2024-10-27 16:16:36
1833599111,Ernest J. King Middle High School,WhisperToMe,false,7,enwiki,2024-10-27 16:16:50
1833599214,Draft:Jerry Barker,Ldm1954,false,405,enwiki,2024-10-27 16:17:03
1833599312,User talk:DTesolat,Timtrent,false,2324,enwiki,2024-10-27 16:17:23
1833599401,"Machong, Guangdong",HKRailEnthusiast,false,14,enwiki,2024-10-27 16:17:37
1833599418,Toni Reber,Tom.Reding,false,2,enwiki,2024-10-27 16:17:40
1833599510,List of proposed Solar System probes,Artem.G,false,109,enwiki,2024-10-27 16:17:57
358015919,Vidkun Quisling,Martin Mair,false,437,dewiki,2024-10-27 16:18:06
1833599612,Sergio Vásquez,Tom.Reding,false,2,enwiki,2024-10-27 16:18:19
1833599700,Vertheuil,Monkbot,true,1,enwiki,2024-10-27 16:18:39
1833599714,Sai Pallavi,49.47.218.192,false,0,enwiki,2024-10-27 16:18:39
1833599012,Triantafyllos Tsapras,78.87.103.233,false,0,enwiki,2024-10-27 16:16:36
1833599113,Arrow's impossibility theorem,2601:5C5:8300:4190:656D:9EAF:FBFF:2183,false,56,enwiki,2024-10-27 16:16:42
1833599201,"Category:Hayakawa, Yamanashi",AusLondonder,false,360,enwiki,2024-10-27 16:17:03
1833599215,Manuel Toledo,Tom.Reding,false,2,enwiki,2024-10-27 16:17:05
1833599313,2022–2025 ICC Women's Championship,Retired77777777777777,false,100,enwiki,2024-10-27 16:17:17
1833599402,Association football,I'm not perfect but I'm almost,false,5,enwiki,2024-10-27 16:17:32
1833599419,Nowy Żelibórz,Monkbot,true,1,enwiki,2024-10-27 16:17:40
1833599511,Army of Thessaly,Monkbot,true,1,enwiki,2024-10-27 16:18:00
358015918,Kastell Vârtop,AxelHH,false,-1,dewiki,2024-10-27 16:18:04
1833599613,Vilmer Rönnberg,Caber33,false,4,enwiki,2024-10-27 16:18:20
1833599701,User:Silica Cat/sandbox,Silica Cat,false,341,enwiki,2024-10-27 16:18:42
1833599011,Gusinoozyorsk,Monkbot,true,3,enwiki,2024-10-27 16:16:35
1833599202,Talk:Lagrange multiplier/Archive 1,Lowercase sigmabot III,true,170,enwiki,2024-10-27 16:16:57
1833599216,Wikipedia:Categories for discussion/Speedy,AusLondonder,false,191,enwiki,2024-10-27 16:17:04
1833599316,Hoggs Hollow Disaster,Timtrent,false,-169,enwiki,2024-10-27 16:17:22
358015903,HMS Cornwallis,Ambross07,false,2,dewiki,2024-10-27 16:17:32
1833599403,Draft:Portraits of Wolfgang Amadeus Mozart,Diannaa,false,-389,enwiki,2024-10-27 16:17:37
358015915,Benutzer:Thomas Wozniak/Oberkommando der Gruppe der Sowjetischen Streitkräfte in Deutschland Wünsdorf,Thomas Wozniak,false,314,dewiki,2024-10-27 16:18:01
1833599614,Gerardo Ortíz,80.30.147.173,false,0,enwiki,2024-10-27 16:18:19
1833599702,Amazing Race Suomi season 2,Xoruz,false,-5,enwiki,2024-10-27 16:18:42
1833599715,Eka Zguladze,Sam20020202,false,32,enwiki,2024-10-27 16:18:43
1833599013,José Pérez (fencer),Tom.Reding,false,2,enwiki,2024-10-27 16:16:37
1833599314,Salvador García (fencer),Tom.Reding,false,2,enwiki,2024-10-27 16:17:22
1833599404,1860s replacement of the British copper coinage,Wehwalt,false,-2,enwiki,2024-10-27 16:17:37
1833599513,Toyota Aqua,Sable232,false,4,enwiki,2024-10-27 16:17:57
1833599616,Labinot Ibrahimi,Mitrovica02,false,0,enwiki,2024-10-27 16:18:20
1833599704,Calon (TV production company),193.222.252.70,false,-3,enwiki,2024-10-27 16:18:41
1833599716,International aid to Palestinians,Réalgard,false,51,enwiki,2024-10-27 16:18:44
1833599001,Talk:Hanni (singer),Travelmite,false,1412,enwiki,2024-10-27 16:16:34
1833599014,Talk:Mighiana,Wikibear47,false,6,enwiki,2024-10-27 16:16:38
1833599204,Draft:Alan (Zig) St Clair Gibson,ZigGibson,false,96,enwiki,2024-10-27 16:17:03
1833599217,Talk:Mingli Sar,Wikibear47,false,19,enwiki,2024-10-27 16:17:06
358015900,Liste profanierter Kirchen im Bistum Speyer,AF666,false,139,dewiki,2024-10-27 16:17:27
358015905,Benutzer:Swrat/Dahieh-Doktrin,Wikiloginproton,false,22,dewiki,2024-10-27 16:17:35
1833599405,Sai Pallavi,49.47.218.192,false,29,enwiki,2024-10-27 16:17:33
358015911,Liste profanierter Kirchen im Bistum Speyer,AF666,false,1,dewiki,2024-10-27 16:17:45
358015912,Benutzer:Aka/Fehlerlisten/Typographische Anführungszeichen/005,Dk1909,false,-3270,dewiki,2024-10-27 16:17:50
1833599512,The Troubles in Ulster (1920–1922),Palisades1,false,319,enwiki,2024-10-27 16:17:59
1833599606,2024 Uruguayan general election,WikiCleanerMan,false,-127,enwiki,2024-10-27 16:18:14
1833599615,Toyota Noah,Sable232,false,17,enwiki,2024-10-27 16:18:15
1833599703,Talk:El Taiger,179.6.225.160,false,429,enwiki,2024-10-27 16:18:43
1833599002,"Category talk:Ecologist Party \"The Greens\" politicians",Simeon,false,22,enwiki,2024-10-27 16:16:35
1833599019,Ironman World Championship,Bcagle25,false,234,enwiki,2024-10-27 16:16:36
1833599203,List of Linux distributions,KnowledgeScribe1,false,31,enwiki,2024-10-27 16:16:58
1833599218,Jack Doherty (YouTuber),71.126.152.86,false,-6,enwiki,2024-10-27 16:17:06
1833599300,The Uglyz,2404:7C00:42:DE35:105F:D283:A88B:BB03,false,13,enwiki,2024-10-27 16:17:21
1833599407,François-Marie Raoult,Trasheater Midir,false,48,enwiki,2024-10-27 16:17:37
358015916,Wikipedia:Vandalismusmeldung,Sumeor 29567,false,65,dewiki,2024-10-27 16:18:00
1833599607,Indigo Film,Mellamelina,false,389,enwiki,2024-10-27 16:18:18
1833599617,User talk:NeoGaze,Diannaa,false,1282,enwiki,2024-10-27 16:18:21
1833599705,Empress Michiko,Keivan.f,false,-2,enwiki,2024-10-27 16:18:40
1833599003,Wikipedia:Articles for deletion/UEFA Women's Futsal Euro 2025,GiantSnowman,false,181,enwiki,2024-10-27 16:16:36
1833599205,User talk:MurrayJones,Ldm1954,false,3345,enwiki,2024-10-27 16:17:04
1833599301,Louroux-de-Bouble,Monkbot,true,1,enwiki,2024-10-27 16:17:19
358015902,Wikipedia Diskussion:Hauptseite/Schon gewusst,AxelHH,false,85,dewiki,2024-10-27 16:17:25
358015904,Mevlevi,Bertramz,false,154,dewiki,2024-10-27 16:17:32
1833599408,Bernd Uhlig,Tom.Reding,false,2,enwiki,2024-10-27 16:17:36
358015909,Benutzer:Aka/Fehlerlisten/Typographische Anführungszeichen/Ausschluss,Dk1909,false,29,dewiki,2024-10-27 16:17:37
1833599505,User talk:Leoshuo,Leoshuo,false,-1058,enwiki,2024-10-27 16:17:58
358015917,Benutzer:Asakura Akira/Baustelle/Ergebnisse der japanischen Abgeordnetenhauswahl 202x,Asakura Akira,false,15,dewiki,2024-10-27 16:17:59
1833599608,Draft:Sigmund Silber,Citation bot,true,23,enwiki,2024-10-27 16:18:19
1833599708,Natale Spinello,Tom.Reding,false,2,enwiki,2024-10-27 16:18:43
1833599717,Jamal Lewis (footballer),7ijkuo,false,1,enwiki,2024-10-27 16:18:46
1833599004,Template:2019 National Northern League standings,Thetreesarespeakingtome,false,69,enwiki,2024-10-27 16:16:36
1833599211,Talk:Donald Trump,Maxeto0910,false,-2,enwiki,2024-10-27 16:16:52
1833599219,2021 Tour de Pologne,Monkbot,true,6,enwiki,2024-10-27 16:17:02
1833599307,Megumi Inoue,SmartyPants22,false,154,enwiki,2024-10-27 16:17:21
1833599409,Abdulaziz Kamilov,Monkbot,true,2,enwiki,2024-10-27 16:17:37
358015914,Benutzer:Lena1/Entwürfe,CHR!S,false,2,dewiki,2024-10-27 16:17:55
1833599506,Tonneins,Monkbot,true,1,enwiki,2024-10-27 16:17:56
1833599518,Sheila Viard,Tom.Reding,false,2,enwiki,2024-10-27 16:18:01
1833599610,Besovo,Monkbot,true,1,enwiki,2024-10-27 16:18:19
1833599710,Talk:Free Nations League,FreeKalmykia,false,1570,enwiki,2024-10-27 16:18:44
1833599718,Frans Hoek,AnomieBOT,true,36,enwiki,2024-10-27 16:18:46
1833599006,Kashmir stag,49.207.52.198,false,-38,enwiki,2024-10-27 16:16:34
1833599212,William S. Knudsen,Shaded0,false,292,enwiki,2024-10-27 16:17:04
1833599308,Wikipedia:Articles for creation/recent,Timtrent,false,2,enwiki,2024-10-27 16:17:22
1833599415,2024–25 NCAA football bowl games,Tom Danson,false,827,enwiki,2024-10-27 16:17:38
358015910,The House (Album),Deirdre,false,17,dewiki,2024-10-27 16:17:44
1833599507,Second Taninga massacre,Scootertop,false,-3,enwiki,2024-10-27 16:17:58
1833599609,User talk:Armour Initiative,Armour Initiative,false,247,enwiki,2024-10-27 16:18:20
1833599711,Nizhniye Derevenki,Monkbot,true,2,enwiki,2024-10-27 16:18:43
1833599007,Aribim Pepple,Bmwsmiler,false,1,enwiki,2024-10-27 16:16:34
1833599110,Talk:Nestlé/Archive 3,Lowercase sigmabot III,true,269,enwiki,2024-10-27 16:16:50
1833599213,Panagiotis Liagas,78.87.103.233,false,0,enwiki,2024-10-27 16:17:04
1833599309,Wonderful Pretty Cure!,119.74.23.63,false,8,enwiki,2024-10-27 16:17:20
1833599400,Gerhard Rempe,ReyHahn,false,338,enwiki,2024-10-27 16:17:36
1833599417,Giorgi Guliashvili,Semso98,false,1,enwiki,2024-10-27 16:17:40
1833599508,Léon Thiércelin,Tom.Reding,false,2,enwiki,2024-10-27 16:17:57
1833599611,Category talk:Evolutionist Party politicians,Simeon,false,25,enwiki,2024-10-27 16:18:19
1833599713,User:Xabier/sandbox,Xabier,false,-16,enwiki,2024-10-27 16:18:45
1833599812,Category:Political parties in South Sudan,Chol2014,false,46,enwiki,2024-10-27 16:19:13
1833599908,Talk:Ministry of National Food Security & Research,Wikibear47,false,3,enwiki,2024-10-27 16:19:36
358016011,William Lashly,Ambross07,false,4,dewiki,2024-10-27 16:19:55
1833600016,User:Dev Darshan T. K./World Chess Championship 2080,Dev Darshan T. K.,false,92,enwiki,2024-10-27 16:19:58
1833599801,Carlos Palavecino,Tom.Reding,false,2,enwiki,2024-10-27 16:19:08
1833599813,Maria Curie-Skłodowska University,Monkbot,true,2,enwiki,2024-10-27 16:19:11
1833599909,User talk:Henrilebec,Killarnee,false,689,enwiki,2024-10-27 16:19:37
1833600006,Talk:Kehot Publication Society,Graywalls,false,527,enwiki,2024-10-27 16:19:54
358016014,Keilitzfarbe,Thomas Dresler,false,-1,dewiki,2024-10-27 16:19:59
358016016,"Ocean (Schiff, 1900)",Ambross07,false,4,dewiki,2024-10-27 16:20:03
1833599802,Grant McCann,Saintandy7,false,0,enwiki,2024-10-27 16:19:07
1833599814,Carlos Semino,Tom.Reding,false,2,enwiki,2024-10-27 16:19:11
1833599910,Christian Bove,Tom.Reding,false,2,enwiki,2024-10-27 16:19:36
1833600008,Ramy Rabia,41.251.208.177,false,0,enwiki,2024-10-27 16:19:52
1833600017,Alen Ožbolt,78.87.103.233,false,0,enwiki,2024-10-27 16:19:55
1833599803,The Substance,121.98.82.143,false,-260,enwiki,2024-10-27 16:19:08
1833599901,Bohéma,Citation bot,true,1,enwiki,2024-10-27 16:19:33
1833599912,Tabuldak,Monkbot,true,2,enwiki,2024-10-27 16:19:36
1833600009,Chaitram Atami,Davidindia,false,675,enwiki,2024-10-27 16:19:55
1833600018,Wikipedia:Administrator intervention against vandalism,HBC AIV helperbot14,true,-126,enwiki,2024-10-27 16:19:58
1833599804,List of equipment of the Saudi Arabian Army,Hohum,false,-15,enwiki,2024-10-27 16:19:05
1833599815,Wikipedia:Administrator elections/October 2024/Voting phase,Novem Linguae,false,-34,enwiki,2024-10-27 16:19:14
1833599900,You Do Your Thing (song),2603:6010:86F0:9270:2143:15A:EB1F:B453,false,16,enwiki,2024-10-27 16:19:34
1833599917,Draft:Gerald L Burke,Killarnee,false,92,enwiki,2024-10-27 16:19:36
358016009,Schlacht von Gallipoli,Ambross07,false,8,dewiki,2024-10-27 16:19:51
1833600010,"Chang'an, Dongguan",HKRailEnthusiast,false,-25,enwiki,2024-10-27 16:19:55
1833599807,Arrayán (TV series),Citation bot,true,41,enwiki,2024-10-27 16:19:10
1833599816,The Uglyz,2404:7C00:42:DE35:105F:D283:A88B:BB03,false,25,enwiki,2024-10-27 16:19:14
1833599902,Égliseneuve-près-Billom,Monkbot,true,1,enwiki,2024-10-27 16:19:32
1833599918,User:Heydude122236,Heydude122236,false,16,enwiki,2024-10-27 16:19:38
358016002,Keiler (Panzer),Thomas Dresler,false,1,dewiki,2024-10-27 16:19:48
1833600011,The Witcher: Sirens of the Deep,75.82.160.163,false,4,enwiki,2024-10-27 16:19:53
1833599809,Wikipedia:WikiProject Women in Red/Missing articles by occupation/Political scientists,ListeriaBot,true,157,enwiki,2024-10-27 16:18:41
1833599818,Portal:Current events/2024 October 27,Genabab,false,286,enwiki,2024-10-27 16:19:15
1833599919,Love Don't Live Here (Bananarama song),8086-PC,false,-4,enwiki,2024-10-27 16:19:37
358016007,Satyu Yamaguti,Uwe Gille,false,2264,dewiki,2024-10-27 16:19:50
1833600013,"Summerhill, Wrexham",DankJae,false,46,enwiki,2024-10-27 16:19:54
1833599808,"Summerhill, Wrexham",DankJae,false,189,enwiki,2024-10-27 16:19:09
1833599819,Des Hughes,CommonsDelinker,true,-104,enwiki,2024-10-27 16:19:14
1833599904,2025 AFC U-17 Asian Cup qualification,ParthaGhosheco,false,2,enwiki,2024-10-27 16:19:22
1833600014,Christian Marquis,Tom.Reding,false,2,enwiki,2024-10-27 16:19:57
358016015,"Suffren (Schiff, 1904)",Ambross07,false,4,dewiki,2024-10-27 16:20:00
1833599811,Road signs in India,103.155.198.87,false,20,enwiki,2024-10-27 16:19:09
1833599817,Wikipedia:Administrator intervention against vandalism,Sable232,false,161,enwiki,2024-10-27 16:19:13
358016000,18. März,Ambross07,false,-8,dewiki,2024-10-27 16:19:45
358016003,Key Lime Air,Uli Elch,false,11,dewiki,2024-10-27 16:19:48
1833600000,Sai Pallavi,49.47.218.192,false,11,enwiki,2024-10-27 16:19:48
1833600015,Ivonka Survilla,Monkbot,true,3,enwiki,2024-10-27 16:19:56
1833599905,Confederation of the Polish Crown,FCBWanderer,false,-23,enwiki,2024-10-27 16:19:34
358016004,"Jana Gantnerová (Skirennläuferin, 1989)",Florian100100,false,60,dewiki,2024-10-27 16:19:48
1833600005,Wikipedia:WikiProject Football/Deletion archive,GiantSnowman,false,764,enwiki,2024-10-27 16:19:50
358016013,"Bouvet (Schiff, 1898)",Ambross07,false,4,dewiki,2024-10-27 16:19:57
358016017,Guido von Usedom (Admiral),Ambross07,false,4,dewiki,2024-10-27 16:20:06
1833600103,Linguistic homeland,2601:42:0:4000:4055:E21A:E794:9572,false,910,enwiki,2024-10-27 16:20:11
1833600207,Laurence Hourdel,Tom.Reding,false,2,enwiki,2024-10-27 16:20:39
1833600409,User:KiranBOT/MOSTREFS/log,KiranBOT,true,0,enwiki,2024-10-27 16:21:16
1833600104,Rail transport,Belbury,false,-52,enwiki,2024-10-27 16:20:13
1833600116,2024 Maharashtra Legislative Assembly election,Dev Adhi,false,139,enwiki,2024-10-27 16:20:08
1833600212,Template:User WPChem,HertzDonuts,false,-73,enwiki,2024-10-27 16:20:40
1833600410,Draft:Dr.Mohamed Elzawawy,KylieTastic,false,4,enwiki,2024-10-27 16:21:15
1833600108,John B. Connally High School,8bit12man,false,-1,enwiki,2024-10-27 16:20:16
1833600117,Yvan Deslavière,Tom.Reding,false,2,enwiki,2024-10-27 16:20:18
1833600304,Lankaran Lowland,Moroike,false,-45,enwiki,2024-10-27 16:20:57
1833600411,User talk:Amirahm15,KylieTastic,false,2775,enwiki,2024-10-27 16:21:15
1833600109,List of Colombian records in swimming,KhanSwim,false,0,enwiki,2024-10-27 16:20:14
1833600118,User:AnimeDoki2069/sandbox,AnimeDoki2069,false,1271,enwiki,2024-10-27 16:20:20
1833600200,Frédérique Heligon,Tom.Reding,false,2,enwiki,2024-10-27 16:20:35
1833600306,Talk:XVideos,180.252.166.199,false,224,enwiki,2024-10-27 16:20:55
1833600111,Draft:Dr.Mohamed Elzawawy,KylieTastic,false,-59,enwiki,2024-10-27 16:20:18
1833600119,The Uglyz,2404:7C00:42:DE35:105F:D283:A88B:BB03,false,-5,enwiki,2024-10-27 16:20:19
1833600203,User:MacronMonitor/Alerts,MacronMonitor,false,235,enwiki,2024-10-27 16:20:37
1833600214,Lacquy,Monkbot,true,1,enwiki,2024-10-27 16:20:38
1833600308,August Aleksander Czartoryski,Monkbot,true,2,enwiki,2024-10-27 16:20:57
1833600412,Aribim Pepple,Bmwsmiler,false,0,enwiki,2024-10-27 16:21:13
1833600112,Stefanos Stroungis,Monkbot,true,1,enwiki,2024-10-27 16:20:18
1833600204,Alliance Lepep,Chris the speller,false,0,enwiki,2024-10-27 16:20:38
1833600311,Roslyn McLeod,Tom.Reding,false,1,enwiki,2024-10-27 16:20:56
1833600100,Talk:Battle of Kaffu,AnomieBOT,true,46,enwiki,2024-10-27 16:20:15
1833600113,Love Comes,8086-PC,false,8,enwiki,2024-10-27 16:20:18
1833600217,SkyWest Airlines,RickyCourtney,false,19,enwiki,2024-10-27 16:20:38
1833600316,2024–25 Serie A de México season,Rodpractice,false,66,enwiki,2024-10-27 16:20:56
358016018,Benutzer:YPS/Baustelle2,YPS,false,1,dewiki,2024-10-27 16:20:08
1833600114,Chaitram Atami,Davidindia,false,66,enwiki,2024-10-27 16:20:18
1833600205,Wrexham A.F.C.,2A00:23C8:6B14:E401:E14A:9EB4:3DAE:3955,false,0,enwiki,2024-10-27 16:20:24
1833600219,Jeral Skelton,L1amw90,false,71,enwiki,2024-10-27 16:20:40
1833600101,The Matysiaks,Monkbot,true,1,enwiki,2024-10-27 16:20:15
1833600206,Draft:Amir Mohsen Ahmadi Najafabadi,KylieTastic,false,-58,enwiki,2024-10-27 16:20:39
1833600102,User:Guessitsavis/CSD log,Guessitsavis,false,379,enwiki,2024-10-27 16:20:15
1833600115,Eastern Slavonia Front,Red Spino,false,174,enwiki,2024-10-27 16:20:17
1833600414,Joseph Olowu,GiantSnowman,false,3,enwiki,2024-10-27 16:21:16
1833600512,A Song for You (film),Monkbot,true,1,enwiki,2024-10-27 16:21:40
358016106,Michael Köckritz,Thomas Dresler,false,-1,dewiki,2024-10-27 16:22:02
1833600616,2024 Jharkhand Legislative Assembly election,RITWIK MAHATA,false,7,enwiki,2024-10-27 16:21:59
358016119,Diskussion:Systemkamera,Elrond,false,599,dewiki,2024-10-27 16:22:25
1833600511,Richard Wagner,Antandrus,false,17,enwiki,2024-10-27 16:21:34
1833600606,Konstantinos Plegas,78.87.103.233,false,0,enwiki,2024-10-27 16:22:00
1833600702,Sacred bull,Quezerque,false,4,enwiki,2024-10-27 16:22:23
1833600713,Jermaine Wattimena,62.30.152.122,false,-3,enwiki,2024-10-27 16:22:25
1833600416,Anthony Hamilton (fighter),AddedUpdatePoster,false,212,enwiki,2024-10-27 16:21:15
1833600513,Draft:Edinburg Baseball Stadium (disambiguation),Matthewjaredgarza2010,false,13,enwiki,2024-10-27 16:21:42
1833600608,Hindu Shahi–Saffarid wars,Everyone63fake,false,-63,enwiki,2024-10-27 16:22:02
1833600703,Platt Rogers Spencer,Dirca palustris,false,-7,enwiki,2024-10-27 16:22:24
1833600415,Sayranovo,Monkbot,true,2,enwiki,2024-10-27 16:21:16
1833600515,Talk:Maloisane Mokhele,Wizardman,false,26,enwiki,2024-10-27 16:21:42
358016107,Dsungarei,Ulf Heinsohn,false,-13,dewiki,2024-10-27 16:22:03
358016117,Itō Yōji,Walllli,false,-89,dewiki,2024-10-27 16:22:24
1833600517,Category talk:Left Bloc politicians,Simeon,false,25,enwiki,2024-10-27 16:21:42
1833600609,Road signs in India,103.155.198.87,false,-13,enwiki,2024-10-27 16:22:01
1833600704,Talk:Mantena Rama Raju,Wizardman,false,35,enwiki,2024-10-27 16:22:24
1833600715,The Rainbow Warrior (film),Randy Kryn,false,5,enwiki,2024-10-27 16:22:27
1833600500,Komarichsky District,Monkbot,true,1,enwiki,2024-10-27 16:21:36
1833600516,Talk:CompuServe,Klbrain,false,158,enwiki,2024-10-27 16:21:40
358016100,Emy Cesaroni,87.19.168.247,false,46,dewiki,2024-10-27 16:21:56
1833600610,Pantelis Rizogiannis,Monkbot,true,1,enwiki,2024-10-27 16:22:03
358016113,Theatergesellschaft Beinwil am See,Gelegenheits-Wikipedianer,false,-71,dewiki,2024-10-27 16:22:14
358016114,Vidkun Quisling,Martin Mair,false,16,dewiki,2024-10-27 16:22:18
1833600707,Hatsuhiko Mizuki,Tom.Reding,false,2,enwiki,2024-10-27 16:22:24
1833600716,Chabrignac,Monkbot,true,1,enwiki,2024-10-27 16:22:26
1833600505,Allu Arjun filmography,Retired77777777777777,false,4,enwiki,2024-10-27 16:21:37
1833600518,CompuServe Information Manager,Klbrain,false,-128,enwiki,2024-10-27 16:21:42
1833600611,2024 Maharashtra Legislative Assembly election,Dev Adhi,false,-1,enwiki,2024-10-27 16:21:53
1833600706,Wikipedia:Administrator intervention against vandalism,Ritchie333,false,288,enwiki,2024-10-27 16:22:22
1833600717,Hiroshi Saito (rower),Tom.Reding,false,2,enwiki,2024-10-27 16:22:28
1833600504,Alfred Dunhill Challenge,Tom.Reding,false,1,enwiki,2024-10-27 16:21:38
1833600519,Wendy Pullan (rower),Tom.Reding,false,2,enwiki,2024-10-27 16:21:42
1833600602,Jang Myeong-hui,Tom.Reding,false,2,enwiki,2024-10-27 16:22:00
1833600612,Mun Hae-yeong,Tom.Reding,false,2,enwiki,2024-10-27 16:22:03
1833600708,"Lexington, North Carolina",Disjabsh2,false,45,enwiki,2024-10-27 16:22:20
1833600719,Chamber pop,68.45.218.185,false,14,enwiki,2024-10-27 16:22:28
1833600506,SkyWest Airlines,RickyCourtney,false,3,enwiki,2024-10-27 16:21:35
1833600603,German–Turkish Treaty of Friendship,Monkbot,true,2,enwiki,2024-10-27 16:22:00
1833600614,Category talk:Liberal Regenerator Party politicians,Simeon,false,25,enwiki,2024-10-27 16:22:05
358016116,Benutzer:Bergfalke2/Hangar/Allatini Mühle,Bergfalke2,false,376,dewiki,2024-10-27 16:22:23
358016118,Chinese Super League 2024,Jaanklaas,false,12,dewiki,2024-10-27 16:22:24
1833600508,List of highest-grossing South Indian films,Anoopspeaks,false,-7477,enwiki,2024-10-27 16:21:37
358016103,Form follows function,IBits,false,21,dewiki,2024-10-27 16:21:57
1833600604,Deaths in 2024,Drewsky1211,false,326,enwiki,2024-10-27 16:21:56
1833600615,"Talk:Miran, Khyber Pakhtunkhwa",Wikibear47,false,7,enwiki,2024-10-27 16:22:06
1833600709,Sanusi Junid,182.2.164.247,false,102,enwiki,2024-10-27 16:22:22
1833600807,Paradox Interactive,ClueBot NG,false,-26,enwiki,2024-10-27 16:22:46
1833600808,Lincoln Borglum,2001:4BB8:240:63C8:11D4:D01D:BF7C:D1A1,false,44,enwiki,2024-10-27 16:22:46
1833600809,Batsère,Monkbot,true,1,enwiki,2024-10-27 16:22:46
1833600810,The Trace of Some Lips,Lord Cornwallis,false,1,enwiki,2024-10-27 16:22:48
1833600813,User:Smallangryplanet/twinkleoptions.js,Smallangryplanet,false,-46,enwiki,2024-10-27 16:22:49
1833600816,Rock Star (N.E.R.D. song),AndrewTheWikiEditor,false,12,enwiki,2024-10-27 16:22:49
1833600800,User talk:Star Mississippi,Robert McClenon,false,450,enwiki,2024-10-27 16:22:40
1833600817,List of folk heroes,Dimadick,false,4,enwiki,2024-10-27 16:22:47
1833600818,Parmaturus,Quetzal1964,false,-5,enwiki,2024-10-27 16:22:49
1833600803,Tadashi Shimijima,Tom.Reding,false,2,enwiki,2024-10-27 16:22:45
1833600805,Bihta Dry Port,Sntshkumar750,false,-31,enwiki,2024-10-27 16:22:46
1833600819,Haruyoshi Nakagawa,Tom.Reding,false,2,enwiki,2024-10-27 16:22:49
1833600901,List of Solar System probes,Artem.G,false,7,enwiki,2024-10-27 16:23:03
1833600902,Thailand national under-17 football team,2403:6200:88A7:C82:6C09:4DB:D100:8A0F,false,91,enwiki,2024-10-27 16:23:07
1833600903,Talk:Marwan Bassiouni,Wizardman,false,25,enwiki,2024-10-27 16:23:11
1833600904,"Izon, Gironde",Monkbot,true,1,enwiki,2024-10-27 16:23:10
1833600907,List of Billboard Hot 100 number ones of 1960,74.196.92.213,false,-2,enwiki,2024-10-27 16:23:14
1833601015,2024–25 Jordanian Pro League,Momi79,false,94,enwiki,2024-10-27 16:23:37
1833601108,Talk:Mirza Sahiban,Wikibear47,false,14,enwiki,2024-10-27 16:24:01
1833601207,Talk:Nunavut (electoral district),Masterhatch,false,21,enwiki,2024-10-27 16:24:19
1833600908,"Dániel Kovács (footballer, born 1994)",78.87.103.233,false,0,enwiki,2024-10-27 16:23:13
1833600918,Enya,Topazrochelle9,false,199,enwiki,2024-10-27 16:23:11
1833601000,Draft:Motel California (TV series),Darwisya,false,62,enwiki,2024-10-27 16:23:36
1833601017,Category:Yemanzhelinsk,AusLondonder,false,369,enwiki,2024-10-27 16:23:40
1833601109,List of Governor General's Medals in Architecture,Coreg,false,277,enwiki,2024-10-27 16:24:00
1833601208,Forssa,Apalsola,false,-20,enwiki,2024-10-27 16:24:17
1833600909,Yasukuni Watanabe,Tom.Reding,false,2,enwiki,2024-10-27 16:23:13
1833601001,"Elaiochori, Kavala",Monkbot,true,1,enwiki,2024-10-27 16:23:37
1833601018,"Musino, Uchalinsky District, Republic of Bashkortostan",Monkbot,true,2,enwiki,2024-10-27 16:23:40
1833601100,List of The New York Times controversies,62.216.205.241,false,49,enwiki,2024-10-27 16:23:55
1833601111,Talk:Mile Zrno,Wizardman,false,18,enwiki,2024-10-27 16:24:01
1833601210,Bambang Kesowo,VGMax,false,36,enwiki,2024-10-27 16:24:19
1833600911,Woah,Jiffles1,false,-115,enwiki,2024-10-27 16:23:16
1833600919,Jagatballavpur (community development block),Cerium4B,false,0,enwiki,2024-10-27 16:23:16
1833601003,Cionneach mac Cionnich,Aadirulez8,false,0,enwiki,2024-10-27 16:23:38
1833601101,Gordie Bruce,Tom.Reding,false,1,enwiki,2024-10-27 16:23:59
1833601112,The Trace of Some Lips,Lord Cornwallis,false,-1,enwiki,2024-10-27 16:24:02
1833601211,Nikolay Kalinsky,Geregen2,false,0,enwiki,2024-10-27 16:24:19
1833600913,Shadow Generations,TheJoebro64,false,-14,enwiki,2024-10-27 16:23:15
1833601007,Top Class,41.42.254.52,false,32,enwiki,2024-10-27 16:23:38
1833601102,2024 eastern Gezira State massacres,Moondragon21,false,8,enwiki,2024-10-27 16:23:59
1833601113,Walter March,BadMombo1660,false,186,enwiki,2024-10-27 16:24:02
1833601209,Talk:Afraid (film),Alith Anar,false,654,enwiki,2024-10-27 16:24:19
1833600914,Le Puy-en-Velay,Monkbot,true,1,enwiki,2024-10-27 16:23:13
1833601008,Estevam Strata,Tom.Reding,false,2,enwiki,2024-10-27 16:23:38
1833601103,Paris Kassidokostas-Latsis,Monkbot,true,1,enwiki,2024-10-27 16:23:59
1833601212,Wikipedia:Reference desk/Language,Folly Mox,false,243,enwiki,2024-10-27 16:24:18
1833601009,N. Prabhakar,Oxygenislife,false,55,enwiki,2024-10-27 16:23:38
1833601105,Karim Ahmad Khan,BrassBirmingham,false,884,enwiki,2024-10-27 16:23:58
1833601200,Maria Stromberger,BorgQueen,false,5,enwiki,2024-10-27 16:24:16
1833601213,Talk:Muhammad Munawwar Mirza,Wikibear47,false,18,enwiki,2024-10-27 16:24:20
1833600915,User talk:Thepugman94,Jiffles1,false,719,enwiki,2024-10-27 16:23:18
1833601010,Wilkes-Barre/Scranton Penguins,Joeykai,false,1,enwiki,2024-10-27 16:23:37
1833601204,Borshchevka,Monkbot,true,1,enwiki,2024-10-27 16:24:18
1833601217,Agia Effimia,Monkbot,true,1,enwiki,2024-10-27 16:24:21
1833600916,List of Active Advance Pro Wrestling personnel,JeyReydar97,false,-34,enwiki,2024-10-27 16:23:17
1833601011,User:Waterfaux/Argentina in World War I,Waterfaux,false,-3969,enwiki,2024-10-27 16:23:39
1833601107,Bahraich,Chillwithyasir,false,0,enwiki,2024-10-27 16:23:59
1833601205,Dinosaur Jr.,68.45.218.185,false,1,enwiki,2024-10-27 16:24:14
1833601218,Noel Graham (rowing),Tom.Reding,false,2,enwiki,2024-10-27 16:24:20
1833600917,Kazushige Ura,Tom.Reding,false,1,enwiki,2024-10-27 16:23:17
1833601013,Wikipedia:Administrators' noticeboard/Incidents,Sean.hoyland,false,1300,enwiki,2024-10-27 16:23:27
1833601206,Lee Bell,Saintandy7,false,0,enwiki,2024-10-27 16:24:17
1833601305,Herbert Jans,Tom.Reding,false,2,enwiki,2024-10-27 16:24:41
358016200,Rechtlich vaterlos,M2k~dewiki,false,53,dewiki,2024-10-27 16:24:45
358016205,Benutzer:Definitiv/wiese bawü,Definitiv,false,-1,dewiki,2024-10-27 16:24:56
1833601404,User talk:Rafiqul01,Chaotic Enby,false,1314,enwiki,2024-10-27 16:24:57
358016218,Wolf Pehlke,Thomas Dresler,false,2,dewiki,2024-10-27 16:25:18
1833601517,Racism in English football,GiantSnowman,false,179,enwiki,2024-10-27 16:25:16
1833601600,Talk:Condensed mathematics,Klbrain,false,52,enwiki,2024-10-27 16:25:38
1833601610,Condensed mathematics,Klbrain,false,-49,enwiki,2024-10-27 16:25:39
1833601307,Talk:Shafqat Tanvir Mirza,Wikibear47,false,16,enwiki,2024-10-27 16:24:42
1833601405,Spyware,MrOllie,false,-688,enwiki,2024-10-27 16:24:55
358016219,Jochen Abraham Frowein,Georg Hügler,false,38,dewiki,2024-10-27 16:25:18
1833601518,Tropical Storm Soulik (2024),Phamtramysinhgai,false,0,enwiki,2024-10-27 16:25:19
1833601601,Talk:Liquid vector space,Klbrain,false,72,enwiki,2024-10-27 16:25:39
1833601308,Racism in association football,GiantSnowman,false,134,enwiki,2024-10-27 16:24:36
358016204,Internationale Akademie Nürnberger Prinzipien,Gelegenheits-Wikipedianer,false,-74,dewiki,2024-10-27 16:24:53
358016206,Rechtlich vaterlos,M2k~dewiki,false,32,dewiki,2024-10-27 16:24:58
358016210,Municipio Caranavi,Meister,false,60,dewiki,2024-10-27 16:25:00
1833601519,Apostolos Papastamos,Monkbot,true,1,enwiki,2024-10-27 16:25:20
1833601603,Liquid vector space,Klbrain,false,-593,enwiki,2024-10-27 16:25:39
1833601408,Talk:Waheed Mirza,Wikibear47,false,15,enwiki,2024-10-27 16:24:57
1833601501,Opisthopatus,HCUPa,false,232,enwiki,2024-10-27 16:25:17
1833601309,User:Xabier/sandbox,Xabier,false,0,enwiki,2024-10-27 16:24:42
1833601413,User:Chaotic Enby/XfD log,Chaotic Enby,false,1483,enwiki,2024-10-27 16:24:58
358016212,Rechtlich vaterlos,M2k~dewiki,false,27,dewiki,2024-10-27 16:25:08
1833601604,PUBG Mobile Global Championship 2024,MeLABOYYYY,false,10,enwiki,2024-10-27 16:25:38
1833601310,Template:2024–25 3. Liga table,2A01:C23:61C7:D00:6D9E:E53:B78B:1,false,0,enwiki,2024-10-27 16:24:42
358016208,Agnieszka Lessmann,Thomas Dresler,false,-1,dewiki,2024-10-27 16:24:59
1833601509,MediaWiki:BlockedExternalDomains.json,Kuru,false,150,enwiki,2024-10-27 16:25:19
1833601605,Bardovo,Monkbot,true,1,enwiki,2024-10-27 16:25:38
1833601318,Template:Did you know nominations/Xu Xinfu,Crisco 1492,false,297,enwiki,2024-10-27 16:24:43
1833601415,Henry Núñez,Tom.Reding,false,2,enwiki,2024-10-27 16:24:59
1833601511,Temwa Chawinga,68.237.210.149,false,-102,enwiki,2024-10-27 16:25:16
1833601607,List of Solar System probes,Artem.G,false,-26,enwiki,2024-10-27 16:25:32
1833601301,Aleksandr Ektov,Geregen2,false,0,enwiki,2024-10-27 16:24:39
358016202,Petra Gehring,Thomas Dresler,false,1,dewiki,2024-10-27 16:24:48
1833601400,Kazi Rafiqul Alam,Chaotic Enby,false,422,enwiki,2024-10-27 16:24:57
358016214,Meltem Kaptan,Invisigoth67,false,-37,dewiki,2024-10-27 16:25:09
358016215,Rechtlich vaterlos,M2k~dewiki,false,-27,dewiki,2024-10-27 16:25:12
1833601512,Talk:P.P. Kunhikrishnan,Wizardman,false,27,enwiki,2024-10-27 16:25:19
1833601606,Alassane Ndao,Nukro666,false,-2,enwiki,2024-10-27 16:25:38
1833601302,History of Poland in the early modern period (1569–1795),Monkbot,true,2,enwiki,2024-10-27 16:24:38
358016203,Preetzer TSV,Exa,false,-112,dewiki,2024-10-27 16:24:48
1833601402,"Church of All Saints, Vilnius",Monkbot,true,3,enwiki,2024-10-27 16:24:56
358016209,Justizwesen im Königreich Neapel (1806–1815),Invisigoth67,false,0,dewiki,2024-10-27 16:25:00
1833601513,List of Philippine television shows,49.144.199.79,false,119,enwiki,2024-10-27 16:25:14
1833601608,Lebanon national football team,Ali.HHNEW,false,28,enwiki,2024-10-27 16:25:28
1833601303,Bogdan Khmelnitsky Battalion,Manyareasexpert,false,-1946,enwiki,2024-10-27 16:24:39
1833601403,List of Solar System probes,Artem.G,false,24,enwiki,2024-10-27 16:24:49
1833601417,User:M Waleed/sandbox,M Waleed,false,541,enwiki,2024-10-27 16:24:08
1833601514,Masayoshi Mitani,Tom.Reding,false,1,enwiki,2024-10-27 16:25:20
1833601609,User talk:Thudinspecies,Wellington Bay,false,477,enwiki,2024-10-27 16:25:40
1833601804,Howrah district,Cerium4B,false,0,enwiki,2024-10-27 16:26:14
1833601806,Tropical Storm Soulik (2024),Phamtramysinhgai,false,0,enwiki,2024-10-27 16:26:18
1833601807,Susumu Kobayashi,SmartyPants22,false,165,enwiki,2024-10-27 16:26:19
1833601808,Bees Saal Baad,Gotitbro,false,48,enwiki,2024-10-27 16:26:20
1833601700,Hernán Raffo,Tom.Reding,false,2,enwiki,2024-10-27 16:25:55
1833601809,Pierrette Michel,Tom.Reding,false,2,enwiki,2024-10-27 16:26:19
1833601704,20 Years,Gotitbro,false,76,enwiki,2024-10-27 16:25:57
1833601801,Dornier 228,2409:40D4:3012:1C82:5536:FD9D:295F:BC6B,false,0,enwiki,2024-10-27 16:26:16
1833601812,Pokhriabong Lepcha Monastery,43.251.176.23,false,0,enwiki,2024-10-27 16:26:20
1833601706,Dekalog: Nine,Monkbot,true,1,enwiki,2024-10-27 16:25:57
1833601800,Tropical Storm Trami (2024),HurricaneEdgar,false,-8,enwiki,2024-10-27 16:26:10
1833601813,Beryllium,HertzDonuts,false,-64,enwiki,2024-10-27 16:26:16
1833601802,Template talk:ISO 639 name,Gonnym,false,234,enwiki,2024-10-27 16:26:18
1833601814,Laroque-de-Fa,Monkbot,true,1,enwiki,2024-10-27 16:26:19
1833601712,Fernanda Pérez,Tom.Reding,false,2,enwiki,2024-10-27 16:25:58
1833601803,List of folk heroes,Dimadick,false,6,enwiki,2024-10-27 16:26:17
1833601815,Talk:Mithiani,Wikibear47,false,15,enwiki,2024-10-27 16:26:22
1833601805,Rovshan Janiyev,Moroike,false,-42,enwiki,2024-10-27 16:26:19
1833601816,Talk:Patrick Maswanganyi,Wizardman,false,28,enwiki,2024-10-27 16:26:22
1833601909,William G. Wilson Guy (Mat Mulcaghey),Jharris48,false,10,enwiki,2024-10-27 16:26:45
1833602013,List of folk heroes,Dimadick,false,18,enwiki,2024-10-27 16:27:07
1833602108,Week of Prayer for Christian Unity,174.94.23.229,false,282,enwiki,2024-10-27 16:27:28
1833601914,Tátové na tahu,Citation bot,true,1,enwiki,2024-10-27 16:26:45
1833602014,María Procopio,Tom.Reding,false,2,enwiki,2024-10-27 16:27:08
1833602110,Talk:List of first-level administrative divisions by area,Lowercase sigmabot III,true,-1230,enwiki,2024-10-27 16:27:28
1833601916,Karaguzhino,Monkbot,true,2,enwiki,2024-10-27 16:26:46
1833602015,User:TNTBot/abusefilter-conditions,TNTBot,true,0,enwiki,2024-10-27 16:27:10
1833602112,Donald Jacques,Tom.Reding,false,1,enwiki,2024-10-27 16:27:30
1833601917,Masaru Nakashige,SmartyPants22,false,92,enwiki,2024-10-27 16:26:48
1833602016,Tropical Storm Trami (2024),HurricaneEdgar,false,22,enwiki,2024-10-27 16:27:01
1833602113,The Trace of Some Lips,Lord Cornwallis,false,54,enwiki,2024-10-27 16:27:30
1833601918,Claire Lloyd,Tom.Reding,false,2,enwiki,2024-10-27 16:26:47
1833602017,Katerina Harvati,Monkbot,true,1,enwiki,2024-10-27 16:27:08
1833602101,Central governor,ZigGibson,false,23,enwiki,2024-10-27 16:27:28
1833601901,Adjoint functors,Pramana00,false,169,enwiki,2024-10-27 16:26:34
1833602000,Bielsk County,Monkbot,true,1,enwiki,2024-10-27 16:27:04
1833602019,Wikipedia:Vital articles/data/Topic hierarchy.json,Cewbot,true,-69,enwiki,2024-10-27 16:27:10
1833602102,Patriotic Front (Cyprus),Monkbot,true,1,enwiki,2024-10-27 16:27:27
1833601907,Talk:Mizri,Wikibear47,false,18,enwiki,2024-10-27 16:26:44
1833602001,Talk:Peeratchai Sukphun,Wizardman,false,49,enwiki,2024-10-27 16:27:06
1833602018,List of Solar System probes,Artem.G,false,7,enwiki,2024-10-27 16:27:03
1833602103,Talk:Mochiwala,Wikibear47,false,6,enwiki,2024-10-27 16:27:28
1833601906,"Shaposhnikov, Belgorod Oblast",Monkbot,true,1,enwiki,2024-10-27 16:26:43
1833602002,Luis Juncos,Tom.Reding,false,2,enwiki,2024-10-27 16:27:05
1833602104,List of The New York Times controversies,62.216.205.241,false,24,enwiki,2024-10-27 16:27:26
1833601905,Talk:Paul Boedhie Kleden,Wizardman,false,28,enwiki,2024-10-27 16:26:43
1833602003,Nico Carvacho,CalDoesIt,false,-6,enwiki,2024-10-27 16:27:06
1833602106,Tanner Adell,Bigdaddybeyy,false,4,enwiki,2024-10-27 16:27:28
1833601908,Anne Ireland (volleyball),Tom.Reding,false,2,enwiki,2024-10-27 16:26:44
1833602004,User:AJFU/sandbox3,AJFU,false,4167,enwiki,2024-10-27 16:27:07
358016300,Shuttle Loop,2001:16B8:BAB1:2E00:B0CE:76B3:2C32:3DF,false,29,dewiki,2024-10-27 16:27:51
1833602304,Vladislav Karapuzov,Geregen2,false,2,enwiki,2024-10-27 16:28:00
1833602314,Rovshan Janiyev,Moroike,false,50,enwiki,2024-10-27 16:28:03
358016316,Norbert Otto Eke,Rüdiger253,false,440,dewiki,2024-10-27 16:28:12
1833602409,Talk:Phyllis Bernice Spira,Cewbot,true,31,enwiki,2024-10-27 16:28:22
1833602512,Talk:Lenore,Cewbot,true,42,enwiki,2024-10-27 16:28:46
1833602114,Tropical Storm Trami (2024),27.114.165.177,false,9,enwiki,2024-10-27 16:27:19
1833602213,IPhone 5,HTGS,false,4,enwiki,2024-10-27 16:27:44
1833602305,Talk:Advocatus,Andrew Lancaster,false,780,enwiki,2024-10-27 16:28:00
1833602315,Monsters University,HotDogsforDays,false,-23,enwiki,2024-10-27 16:28:00
358016311,Emy Cesaroni,87.19.168.247,false,47,dewiki,2024-10-27 16:28:07
358016312,Liste rechtsextremer und neonazistischer Vorfälle in der FPÖ,Sänger,false,8,dewiki,2024-10-27 16:28:08
1833602412,Talk:Mohalla Jam-e-shifa,Wikibear47,false,5,enwiki,2024-10-27 16:28:22
1833602513,Gilberto González (actor),Lord Cornwallis,false,54,enwiki,2024-10-27 16:28:46
1833602115,Maximiliano Comba,78.87.103.233,false,0,enwiki,2024-10-27 16:27:29
1833602215,Yukon (electoral district),Masterhatch,false,56,enwiki,2024-10-27 16:27:46
358016305,Bhringi,Georg Hügler,false,0,dewiki,2024-10-27 16:27:58
1833602307,Talk:Vasily Vainonen,Cewbot,true,31,enwiki,2024-10-27 16:28:01
1833602317,Talk:Walter Wakefield Poole,Cewbot,true,31,enwiki,2024-10-27 16:28:04
1833602411,Talk:Phantira Pipityakorn,Wizardman,false,29,enwiki,2024-10-27 16:28:22
1833602116,Draft:PC,Paw Patrol Cooking,false,24,enwiki,2024-10-27 16:27:31
1833602217,Despo Diamantidou,Monkbot,true,1,enwiki,2024-10-27 16:27:50
1833602308,Creysseilles,Monkbot,true,1,enwiki,2024-10-27 16:27:59
1833602319,2024 Mumbai stampede,AstuteFlicker,false,7,enwiki,2024-10-27 16:28:04
358016313,Benutzer:Aka/Fehlerlisten/Typographische Anführungszeichen/007,Dk1909,false,-747,dewiki,2024-10-27 16:28:11
1833602413,2024–25 OHL season,Frontsfan2005,false,3,enwiki,2024-10-27 16:28:22
1833602501,Yorkshire Coastliner bus routes 840 and 843,HeyI'mAmethyst,false,36,enwiki,2024-10-27 16:28:41
1833602514,Draft:Roberto G. Carbone,Ionospeakenglish88,false,7493,enwiki,2024-10-27 16:28:46
1833602117,Timeline of the Israel–Hamas war (27 September 2024 – present),Pachu Kannan,false,586,enwiki,2024-10-27 16:27:05
1833602204,Kate Eckhardt,Tom.Reding,false,1,enwiki,2024-10-27 16:27:47
1833602218,Jorge Cermesoni,Tom.Reding,false,2,enwiki,2024-10-27 16:27:51
358016307,Olavi J. Mattila,Marcus.palapar,false,394,dewiki,2024-10-27 16:28:02
1833602414,Leticia Dutra,Tom.Reding,false,1,enwiki,2024-10-27 16:28:22
1833602502,Nadia Pfister,Ya nsuka,false,-2,enwiki,2024-10-27 16:28:43
1833602515,Ismail Rama,Tom.Reding,false,2,enwiki,2024-10-27 16:28:47
1833602118,Nowe Warpno,Monkbot,true,2,enwiki,2024-10-27 16:27:30
1833602205,User talk:Thudinspecies,Wellington Bay,false,1,enwiki,2024-10-27 16:27:49
1833602310,Template talk:Semitic languages,Surayeproject3,false,0,enwiki,2024-10-27 16:28:02
358016309,Zen-Glossar,Dk1909,false,16,dewiki,2024-10-27 16:28:04
1833602415,Alien: Romulus,RuedNL2,false,0,enwiki,2024-10-27 16:28:20
1833602505,Jaime Rivera,Tom.Reding,false,1,enwiki,2024-10-27 16:28:43
1833602206,Cornebarrieu,Monkbot,true,1,enwiki,2024-10-27 16:27:46
1833602219,Makhi,Harryconstass123,false,59,enwiki,2024-10-27 16:27:51
1833602311,Márk Koszta,78.87.103.233,false,0,enwiki,2024-10-27 16:28:01
358016310,Benutzer:Swrat/Dahieh-Doktrin,Wikiloginproton,false,51,dewiki,2024-10-27 16:28:04
1833602400,Shcherbakovo,Monkbot,true,1,enwiki,2024-10-27 16:28:20
1833602507,"Draft:James Wilson (footballer, born 2007)",Hildreth gazzard,false,94,enwiki,2024-10-27 16:28:45
1833602207,Talk:Rafael Mariano,Cewbot,true,31,enwiki,2024-10-27 16:27:49
358016302,Paris–Roubaix 2016,Invisigoth67,false,-1,dewiki,2024-10-27 16:27:50
1833602312,Simon Weaver,Saintandy7,false,0,enwiki,2024-10-27 16:28:02
358016314,Eurovision Song Contest 2025,Blackpaw the Wolf,false,1269,dewiki,2024-10-27 16:28:02
1833602402,Draft:List of animated television series of 2027,2600:6C40:40F0:A500:4C5:E2C1:26A3:4062,false,386,enwiki,2024-10-27 16:28:21
1833602508,Immigration,PJ Geest,false,361,enwiki,2024-10-27 16:28:36
1833602209,I Got It from My Mama,Szyign,false,-13,enwiki,2024-10-27 16:27:48
358016304,Polnische Marine,Invisigoth67,false,-9,dewiki,2024-10-27 16:27:55
358016306,Diskussion:Hans Buschor,Str1977,false,485,dewiki,2024-10-27 16:28:01
1833602313,Ernesto Contreras (cyclist),Tom.Reding,false,2,enwiki,2024-10-27 16:28:01
1833602404,Dnipro strikes (2022–present),Yulia Romero,false,426,enwiki,2024-10-27 16:28:14
1833602509,Samir Memišević,212.39.104.127,false,1,enwiki,2024-10-27 16:28:44
1833602211,Almack's,Antediluvian67,false,1,enwiki,2024-10-27 16:27:49
1833602301,Ivrea Roman Amphitheatre,Plumbago Capensis,false,4,enwiki,2024-10-27 16:28:00
358016308,Parlamentsdienste (Schweiz),Invisigoth67,false,-1,dewiki,2024-10-27 16:28:03
1833602405,Alexander Michel Melki,Ali.HHNEW,false,241,enwiki,2024-10-27 16:28:20
1833602510,The Imam's Army,Biohistorian15,false,36,enwiki,2024-10-27 16:28:46
1833602612,IDog,VGPCVGCP,false,-4,enwiki,2024-10-27 16:29:09
1833602715,Rosario Granados,Lord Cornwallis,false,40,enwiki,2024-10-27 16:29:39
1833602802,Talk:Aluminum piano plate,StandardPotential,false,-2,enwiki,2024-10-27 16:29:54
1833602613,Luc Thériault,Cyfal,false,9,enwiki,2024-10-27 16:29:09
1833602717,Temwa Chawinga,68.237.210.149,false,34,enwiki,2024-10-27 16:29:37
1833602803,"Aloja, Latvia",Monkbot,true,1,enwiki,2024-10-27 16:29:53
1833602615,Gülen movement,Biohistorian15,false,36,enwiki,2024-10-27 16:29:06
1833602701,Nathan Shepperd,GiantSnowman,false,-225,enwiki,2024-10-27 16:29:33
1833602804,Oleg Naumov,Tom.Reding,false,1,enwiki,2024-10-27 16:29:53
1833602617,Almack's,Antediluvian67,false,13,enwiki,2024-10-27 16:29:11
1833602702,Reyna Roberts,Bigdaddybeyy,false,4,enwiki,2024-10-27 16:29:33
1833602718,Jay Higgins,Mooreux,false,0,enwiki,2024-10-27 16:29:39
1833602618,Talk:Email address,105.112.124.19,false,162,enwiki,2024-10-27 16:29:08
1833602619,Matías Osinalde,Tom.Reding,false,2,enwiki,2024-10-27 16:29:11
1833602705,Claremont serial killings,157.211.93.232,false,4,enwiki,2024-10-27 16:29:34
1833602719,Praprotno,Monkbot,true,1,enwiki,2024-10-27 16:29:38
1833602609,List of Solar System probes,Artem.G,false,8,enwiki,2024-10-27 16:29:02
1833602704,Chain Reaction (Cuban Link album),24K24,false,21,enwiki,2024-10-27 16:29:35
1833602708,Anna Maria of Anhalt,Monkbot,true,1,enwiki,2024-10-27 16:29:35
1833602611,Talk:St. Alexander's Church,Cewbot,true,31,enwiki,2024-10-27 16:29:10
1833602711,Erol Mutlu,Tom.Reding,false,2,enwiki,2024-10-27 16:29:36
1833602610,Oświęcim County,Monkbot,true,1,enwiki,2024-10-27 16:29:09
1833602700,User:Glory011Peem031/sandbox,Citation bot,true,-2,enwiki,2024-10-27 16:29:34
1833602712,Talk:Department of Primary Industries,Cewbot,true,42,enwiki,2024-10-27 16:29:37
1833602801,User:Tangjai1234,Tangjai1234,false,3,enwiki,2024-10-27 16:29:54
1833602805,Brussels Airport,Pmbma,false,247,enwiki,2024-10-27 16:29:51
1833602819,"Alexandrovka, Beloretsky District, Republic of Bashkortostan",Monkbot,true,1,enwiki,2024-10-27 16:29:56
358016401,Initiative Minderheiten,Gelegenheits-Wikipedianer,false,27,dewiki,2024-10-27 16:30:10
1833602906,Gloria Schoemann,Lord Cornwallis,false,40,enwiki,2024-10-27 16:30:15
358016409,Andreas Ulmer (Historiker),Fritz Krischen,false,-100,dewiki,2024-10-27 16:30:25
1833603016,List of compilers,Apenguinlover,false,562,enwiki,2024-10-27 16:30:28
1833603105,New Democratic Front (Sri Lanka),2407:C00:5004:79A5:61DD:1B44:6418:BF74,false,234,enwiki,2024-10-27 16:30:51
1833602818,Ennio Coltorti,Tespiano,false,218,enwiki,2024-10-27 16:29:56
358016403,Leo Hepp,Jesi,false,-7,dewiki,2024-10-27 16:30:16
1833603017,Leslie Lievesley,46.208.130.206,false,3,enwiki,2024-10-27 16:30:34
358016419,Schweizer Eisenbahnprojekte,Trigenibinion,false,32,dewiki,2024-10-27 16:30:23
1833603106,Gözde Yılmaz,William Avery,false,-2,enwiki,2024-10-27 16:30:50
1833602806,"Abu Musa, Iran",Amirreza66684,false,-229,enwiki,2024-10-27 16:29:53
1833602912,Talk:Nymphaion,Cewbot,true,41,enwiki,2024-10-27 16:30:16
1833603018,Hyunmoo-3,Eurohunter,false,-15,enwiki,2024-10-27 16:30:35
1833602808,User talk:UBX/Wikimedia Commons,Cewbot,true,31,enwiki,2024-10-27 16:29:55
358016405,Benutzer:Aka/Fehlerlisten/Typographische Anführungszeichen/007,Dk1909,false,-857,dewiki,2024-10-27 16:30:17
1833603019,Janelle Poole,Chris the speller,false,0,enwiki,2024-10-27 16:30:34
1833602807,Tropical Storm Trami (2024),27.114.165.177,false,18,enwiki,2024-10-27 16:29:46
1833602915,Brantôme en Périgord,Monkbot,true,1,enwiki,2024-10-27 16:30:15
1833603010,Estadio Sección XXIV,Rodpractice,false,-58,enwiki,2024-10-27 16:30:33
1833602809,Ángel Delgado,CalDoesIt,false,41,enwiki,2024-10-27 16:29:55
1833602900,WIYC,VulcanSphere,false,-7,enwiki,2024-10-27 16:30:12
1833602916,Rashid Yunusmetov,SmartyPants22,false,291,enwiki,2024-10-27 16:30:17
358016410,Boardinghouse,Invisigoth67,false,-378,dewiki,2024-10-27 16:30:26
1833603011,Ychoux,Monkbot,true,1,enwiki,2024-10-27 16:30:31
358016402,Benutzer:Suschni/Artikelentwurf,Suschni,false,581,dewiki,2024-10-27 16:30:14
1833602917,Daylight saving time in Australia,ITBF,false,2,enwiki,2024-10-27 16:30:18
1833603012,Ralph Clilverd,Tom.Reding,false,1,enwiki,2024-10-27 16:30:32
358016417,Oliver Bearman,Algenfresch,false,0,dewiki,2024-10-27 16:30:33
1833602811,File:Flaglowering20059043lg.jpg,Explicit,false,-148,enwiki,2024-10-27 16:29:56
1833602903,Talk:Prince Alvin Kwabena Ansah,Wizardman,false,35,enwiki,2024-10-27 16:30:15
1833602918,Panny Rhodes,Chris the speller,false,0,enwiki,2024-10-27 16:30:18
1833603013,Mallikarjun Kharge,178.81.52.112,false,6,enwiki,2024-10-27 16:30:28
1833602812,Auyo,Gwanki,false,300,enwiki,2024-10-27 16:29:55
1833602904,Sinking of the Rainbow Warrior,Randy Kryn,false,35,enwiki,2024-10-27 16:30:11
1833602919,Orhan Adaş,Tom.Reding,false,1,enwiki,2024-10-27 16:30:18
358016407,Diskussion:Regiojet,GeorgR (de),false,532,dewiki,2024-10-27 16:30:21
358016412,Johann Max V. Graf von Preysing-Hohenaschau,M2k~dewiki,false,-18,dewiki,2024-10-27 16:30:29
1833603014,Sai Pallavi,49.47.218.192,false,65,enwiki,2024-10-27 16:30:28
1833602813,User:M Waleed/sandbox,M Waleed,false,10,enwiki,2024-10-27 16:29:06
1833602905,Ingrid Losert,Tom.Reding,false,1,enwiki,2024-10-27 16:30:14
358016414,Wikipedia:Dark Mode/Probleme,Antonsusi,false,221,dewiki,2024-10-27 16:30:29
1833603015,Talk:Nanyang,Cewbot,true,30,enwiki,2024-10-27 16:30:34
358016418,Martin Lohmann,Str1977,false,-45,dewiki,2024-10-27 16:30:38
1833603104,Chirathagundu,Chris the speller,false,-12,enwiki,2024-10-27 16:30:51
1833603107,Draft talk:David Lissauer,Cewbot,true,31,enwiki,2024-10-27 16:30:52
1833603204,ATACMS,Eurohunter,false,-31,enwiki,2024-10-27 16:31:05
1833603413,Mariola Zenik,William Avery,false,-18,enwiki,2024-10-27 16:31:45
1833603507,Dance Tonight (Lucy Pearl song),107.194.221.49,false,128,enwiki,2024-10-27 16:32:02
1833603108,Squid Game,Farsroid1,false,16,enwiki,2024-10-27 16:30:42
1833603205,Le Poujol-sur-Orb,Monkbot,true,1,enwiki,2024-10-27 16:31:08
1833603311,Matti Lampainen,Tom.Reding,false,2,enwiki,2024-10-27 16:31:25
1833603412,Nikolina Tankoucheva,Tom.Reding,false,2,enwiki,2024-10-27 16:31:46
1833603110,"Marshal Stanisław Małachowski High School, Płock",Monkbot,true,1,enwiki,2024-10-27 16:30:52
1833603207,Draft talk:Kerri-Anne Dooley,Cewbot,true,31,enwiki,2024-10-27 16:31:10
1833603312,Draft talk:Alan (Zig) St Clair Gibson,Cewbot,true,31,enwiki,2024-10-27 16:31:25
1833603509,Talk:Mohammad Zahid (cricketer),Wikibear47,false,9,enwiki,2024-10-27 16:32:02
1833603109,Outer Circle Trail,Thienne2011,false,6,enwiki,2024-10-27 16:30:51
1833603314,Stanislav Poplavsky,Monkbot,true,2,enwiki,2024-10-27 16:31:25
1833603510,Guerrero Negro Airport,Coyatoc,false,-13,enwiki,2024-10-27 16:32:02
1833603111,Honeko Akabane's Bodyguards,AnimeDoki2069,false,-8,enwiki,2024-10-27 16:30:51
1833603210,Almack's,Antediluvian67,false,1,enwiki,2024-10-27 16:31:10
1833603316,Child marriage,Aadirulez8,false,1,enwiki,2024-10-27 16:31:12
1833603416,Dhanya Mary Varghese,Aj4royalguys,false,13,enwiki,2024-10-27 16:31:46
1833603500,Dean Brennan,Saintandy7,false,0,enwiki,2024-10-27 16:32:00
1833603512,Jagminai,Monkbot,true,2,enwiki,2024-10-27 16:32:02
1833603115,Cristina Chirichella,William Avery,false,-2,enwiki,2024-10-27 16:30:53
1833603318,John Holder (umpire),AssociateAffiliate,false,-51,enwiki,2024-10-27 16:31:26
1833603417,Talk:Carnival (¥$ song)/GA1,MaranoFan,false,7241,enwiki,2024-10-27 16:31:48
1833603502,User:AmandaNP/unblock table,DeltaQuadBot,true,7,enwiki,2024-10-27 16:32:02
1833603116,Leif Knudtzon,Tom.Reding,false,1,enwiki,2024-10-27 16:30:53
1833603211,User:Cyberbot I/Requests for unblock report,Cyberbot I,true,14,enwiki,2024-10-27 16:31:11
1833603319,The Rainbow Warrior Conspiracy,Randy Kryn,false,-2,enwiki,2024-10-27 16:31:27
1833603409,Learning pathway,2001:8003:7437:7700:2494:1D8D:658:409,false,-7,enwiki,2024-10-27 16:31:44
1833603418,Voivodeships of Poland,Monkbot,true,2,enwiki,2024-10-27 16:31:44
1833603504,Talk:Blue Sky Animation,Cewbot,true,31,enwiki,2024-10-27 16:32:01
1833603513,Draft talk:Shaun Huckleston,Cewbot,true,31,enwiki,2024-10-27 16:32:04
1833603117,Timeline of the Sudanese civil war (2024),Moondragon21,false,12,enwiki,2024-10-27 16:30:48
1833603200,User:M Waleed/sandbox,M Waleed,false,68,enwiki,2024-10-27 16:30:20
1833603214,"Kateřina Böhmová (tennis player, born 1986)",Tom.Reding,false,1,enwiki,2024-10-27 16:31:11
1833603410,Macris Carneiro,William Avery,false,-2,enwiki,2024-10-27 16:31:43
1833603503,Oliver Bearman,Mb2437,false,-420,enwiki,2024-10-27 16:31:58
1833603515,Kaija Mäkelä,Tom.Reding,false,2,enwiki,2024-10-27 16:32:03
1833603119,Draft talk:City Vision,Cewbot,true,31,enwiki,2024-10-27 16:30:55
1833603202,List of most expensive Indian films,Retired77777777777777,false,-3657,enwiki,2024-10-27 16:31:02
1833603212,Object code,AnomieBOT,true,18,enwiki,2024-10-27 16:31:11
1833603419,Wikipedia:WikiProject Articles for creation/Submissions,Ca,false,59,enwiki,2024-10-27 16:31:47
1833603506,1994 Camden London Borough Council election,TheHaloVeteran2,false,214,enwiki,2024-10-27 16:31:55
1833603203,Wikipedia:Usernames for administrator attention/Bot,HBC AIV helperbot14,true,2,enwiki,2024-10-27 16:31:09
1833603411,Draft talk:Babeliro,Cewbot,true,31,enwiki,2024-10-27 16:31:46
1833603508,User:Asratulhasannahid/sandbox,Asratulhasannahid,false,0,enwiki,2024-10-27 16:32:03
1833603600,Assasination of Luis Carlos Galán,JeanMercier90,false,43,enwiki,2024-10-27 16:32:17
1833603616,Pitești Prison,Docktuh,false,37,enwiki,2024-10-27 16:32:21
1833603718,User:Let'srun/PROD log,Let'srun,false,193,enwiki,2024-10-27 16:32:37
1833603814,Eudokia Dekapolitissa,Monkbot,true,1,enwiki,2024-10-27 16:32:53
358016511,WNBA 2024,Wikappe,false,5786,dewiki,2024-10-27 16:33:01
358016515,Diskussion:Liste von nationalen und supranationalen Parlamenten,Stp1910,false,276,dewiki,2024-10-27 16:33:06
1833603904,User:Aedis1/Art1067,Aedis1,false,119,enwiki,2024-10-27 16:33:08
1833603604,Draft talk:Patryk0rtega,Cewbot,true,31,enwiki,2024-10-27 16:32:19
1833603618,Draft talk:Antibiotic Resistance,Cewbot,true,31,enwiki,2024-10-27 16:32:22
1833603700,Talk:Edward Pygge,OpalYosutebito,false,1,enwiki,2024-10-27 16:32:35
1833603719,Kazimierz Kwiatkowski (architect),Double sharp,false,2,enwiki,2024-10-27 16:32:37
1833603815,Star Wars,Delaister,false,38,enwiki,2024-10-27 16:32:40
1833603903,"Gdańsk Street 67, Bydgoszcz",Monkbot,true,1,enwiki,2024-10-27 16:33:06
1833603601,Marjatta Hara,Tom.Reding,false,2,enwiki,2024-10-27 16:32:17
1833603617,Jameer Nelson Jr.,Koolcatz34,false,460,enwiki,2024-10-27 16:32:20
1833603701,Talk:Mohandri,Wikibear47,false,19,enwiki,2024-10-27 16:32:34
1833603800,Salman Ali Agha,Hecker2,false,55,enwiki,2024-10-27 16:32:50
1833603816,Talk:Mohi-ud-Din Islamic University,Wikibear47,false,24,enwiki,2024-10-27 16:32:54
358016507,Kunstjahr 1861,Bernd Winnig,false,87,dewiki,2024-10-27 16:32:57
1833603905,Draft talk:Samvel Sargsyan,Cewbot,true,31,enwiki,2024-10-27 16:33:07
1833603602,BukanBot08,Tangjai1234,false,42,enwiki,2024-10-27 16:32:20
1833603619,Anneli Haaranen,Tom.Reding,false,2,enwiki,2024-10-27 16:32:21
1833603704,Tove Bull,Tom.Reding,false,1,enwiki,2024-10-27 16:32:35
1833603802,Gaurav Chaudhary,Fylindfotberserk,false,-3,enwiki,2024-10-27 16:32:52
358016503,Liste der Flugplätze auf Antigua und Barbuda,Adtonko,false,-32,dewiki,2024-10-27 16:32:55
1833603906,User talk:Disjabsh2,AusLondonder,false,471,enwiki,2024-10-27 16:33:08
1833603606,Talk:Faqir Mohammed,Wikibear47,false,1,enwiki,2024-10-27 16:32:19
1833603708,Arvid Lindman,BumbleBeeBelle,false,69,enwiki,2024-10-27 16:32:34
1833603804,Draft talk:Suparna Lahiri Barua,Cewbot,true,31,enwiki,2024-10-27 16:32:52
358016504,Wikipedia:WikiProjekt Frauen/Frauen in Rot/Fehlende Artikel nach Nationalität/Ukrainerinnen,TaxonBot,true,-368,dewiki,2024-10-27 16:32:31
358016509,Schnellfahrstrecke Wendlingen–Ulm,Christof46,false,-1,dewiki,2024-10-27 16:32:57
1833603907,Talk:Nina Singh,Wizardman,false,41,enwiki,2024-10-27 16:33:08
1833603609,Robert Manuel Cook,UndercoverClassicist,false,761,enwiki,2024-10-27 16:32:19
1833603712,All-time Rochester Thunder roster,Let'srun,false,174,enwiki,2024-10-27 16:32:35
1833603809,Alysa Liu,108.21.108.136,false,-2,enwiki,2024-10-27 16:32:44
1833603819,Mohra,GuitarCroc,false,30,enwiki,2024-10-27 16:32:54
358016508,Benutzer:YPS/Baustelle2,YPS,false,121,dewiki,2024-10-27 16:32:58
1833603908,Abílio Brandão,Rashinseita,false,-5,enwiki,2024-10-27 16:33:08
1833603610,Malečnik,Monkbot,true,1,enwiki,2024-10-27 16:32:20
1833603710,Talk:All-time Rochester Thunder roster,Let'srun,false,45,enwiki,2024-10-27 16:32:36
358016500,Socfinaf,Dk1909,false,3,dewiki,2024-10-27 16:32:54
358016505,Mühlacker Tagblatt,78.94.224.95,false,9,dewiki,2024-10-27 16:32:51
358016518,Benutzer Diskussion:Matutinho,Matutinho,false,122,dewiki,2024-10-27 16:33:07
1833603714,User talk:JonBroxton,Let'srun,false,1438,enwiki,2024-10-27 16:32:36
358016501,Deutsche Verkehrsfliegerschule,Michael32710,false,61,dewiki,2024-10-27 16:32:54
358016510,Benutzer:Aka/Fehlerlisten/Typographische Anführungszeichen/006,Dk1909,false,-333,dewiki,2024-10-27 16:33:01
358016513,Schweizer Eisenbahnprojekte,Trigenibinion,false,39,dewiki,2024-10-27 16:32:50
358016519,Epstein-Barr-Virus,MECFS-Autor,false,719,dewiki,2024-10-27 16:33:07
1833603611,Template:Ranks and Insignia of NATO Air Forces/OF/Latvia,Skjoldbro,false,27,enwiki,2024-10-27 16:32:21
1833603715,Katip Sumat uprising,唐吉訶德的侍從,false,-375,enwiki,2024-10-27 16:32:35
1833603811,Archibald Crabbe,Tom.Reding,false,2,enwiki,2024-10-27 16:32:52
358016506,Portal:Frauen/Biografien/Statistik von Filmschaffenden,TaxonBot,true,0,dewiki,2024-10-27 16:32:54
358016517,Tschad,Wormoirck,false,1870,dewiki,2024-10-27 16:33:02
1833603909,Leslie Lievesley,46.208.130.206,false,0,enwiki,2024-10-27 16:33:08
1833603603,Nahki Wells,GiantSnowman,false,0,enwiki,2024-10-27 16:32:16
1833603716,Draft talk:All-Party Parliamentary Group on Europe,Cewbot,true,31,enwiki,2024-10-27 16:32:37
1833603813,Champa (Ja Thak Wa),唐吉訶德的侍從,false,-307,enwiki,2024-10-27 16:32:52
1833603902,Natalie Nunn,2603:7000:743C:3770:106:584:432:8713,false,156,enwiki,2024-10-27 16:33:05
1833603919,List of birds of Anguilla,Waterfaux,false,47,enwiki,2024-10-27 16:33:09
1833604017,Ministry of Forestry,Monkbot,true,1,enwiki,2024-10-27 16:33:28
1833604117,100 Tula Para Kay Stella,Itslouagain,false,464,enwiki,2024-10-27 16:33:45
1833604200,2024 Pan Continental Curling Championships,Traveltheglobe,false,5,enwiki,2024-10-27 16:33:51
1833604317,Talk:Goodnight And I Wish*,OpalYosutebito,false,8,enwiki,2024-10-27 16:34:18
1833604118,User:Aquintero82/sandbox,Aquintero82,false,1136,enwiki,2024-10-27 16:33:45
1833604201,List of city flags in North America,Snow Lion Fenian,false,637,enwiki,2024-10-27 16:33:57
1833604318,"Draft:James Wilson (footballer, born 2007)",Hildreth gazzard,false,266,enwiki,2024-10-27 16:34:18
1833604119,David Leuty,Tom.Reding,false,2,enwiki,2024-10-27 16:33:45
1833604202,Charles Comfort,Joan arden murray,false,217,enwiki,2024-10-27 16:34:01
1833604319,Al Dhafra Private School,86.97.127.176,false,40,enwiki,2024-10-27 16:34:17
1833604203,Draft talk:Marietta (band),Cewbot,true,31,enwiki,2024-10-27 16:34:01
1833604004,List of British far-right groups (1945–present),2A02:C7E:5C93:5100:188F:4BBD:629C:BC2F,false,-8,enwiki,2024-10-27 16:33:25
1833604204,2024–25 Club Brugge KV season,2001:4645:B0B3:0:29F8:CC03:D6E4:43C6,false,8,enwiki,2024-10-27 16:33:59
1833604009,MV Magd (1943),Mjroots,false,40,enwiki,2024-10-27 16:33:25
1833604205,Draft:Motel California (TV series),Darwisya,false,-3,enwiki,2024-10-27 16:34:01
1833604011,Bowling Green (New York City),Alanscottwalker,false,70,enwiki,2024-10-27 16:33:25
1833604206,Passing (racial identity),Some1,false,0,enwiki,2024-10-27 16:34:00
1833604013,Joker: Folie à Deux,24.92.126.106,false,16,enwiki,2024-10-27 16:33:19
1833604218,Talk:Good Soldier Songs,OpalYosutebito,false,8,enwiki,2024-10-27 16:34:03
1833604014,User:Ozzieboy/sandbox,Ozzieboy,false,17,enwiki,2024-10-27 16:33:29
1833604300,Talk:Atheism,OnlyNano,false,-1629,enwiki,2024-10-27 16:34:16
1833604015,Emil Coppetti,Tom.Reding,false,2,enwiki,2024-10-27 16:33:28
1833604304,John Victor Nash,Tom.Reding,false,2,enwiki,2024-10-27 16:34:17
1833604410,Draft talk:Rosemond Group,Cewbot,true,31,enwiki,2024-10-27 16:34:34
1833604411,Raghav Lakhanpal,Guzzar89,false,8,enwiki,2024-10-27 16:34:34
1833604413,"User:PrincedeConti/Emmanuelle, Duchess of Anjou and Segovia",SporkBot,true,46,enwiki,2024-10-27 16:34:34
1833604414,Talk:Al-Yahudu Tablets,Surayeproject3,false,39,enwiki,2024-10-27 16:34:35
1833604416,Vlado Petković,Tom.Reding,false,1,enwiki,2024-10-27 16:34:34
1833604417,Tom Matukewicz,35.146.107.8,false,0,enwiki,2024-10-27 16:34:35
1833604418,User:The joy of all things/subpage 11,The joy of all things,false,13,enwiki,2024-10-27 16:34:36
1833604402,Indonesia national under-17 football team,Axl7Rose,false,-9,enwiki,2024-10-27 16:34:30
1833604407,Sharpness (cutting),Quondum,false,47,enwiki,2024-10-27 16:34:33
1833604419,Takan Tappeh,HirowoWiki,false,2,enwiki,2024-10-27 16:34:34
1833604512,Rasputin (song),Hiddenstranger,false,2,enwiki,2024-10-27 16:34:51
1833604617,Konstantinos Mavromichalis,Monkbot,true,1,enwiki,2024-10-27 16:35:10
1833604804,Indra Putra Mahayuddin,27.125.250.40,false,-1,enwiki,2024-10-27 16:35:52
1833604515,Talk:Antiochus cylinder,Surayeproject3,false,24,enwiki,2024-10-27 16:34:55
1833604712,Superhero film,Adinath Dangat Patil,false,-1,enwiki,2024-10-27 16:35:30
358016600,Daniele Negroni,CHR!S,false,143,dewiki,2024-10-27 16:35:47
1833604807,Year 2000 problem,Clovermoss,false,-22,enwiki,2024-10-27 16:35:50
1833604518,The Trace of Some Lips,Lord Cornwallis,false,172,enwiki,2024-10-27 16:34:56
1833604600,Talk:Anggun/Archive 1,Lowercase sigmabot III,true,932,enwiki,2024-10-27 16:35:08
1833604700,Talk:Tommy Robinson,DanielRigal,false,702,enwiki,2024-10-27 16:35:30
1833604808,Nick Elliott,Rich Farmbrough,false,-46,enwiki,2024-10-27 16:35:55
1833604516,Robert Manuel Cook,UndercoverClassicist,false,195,enwiki,2024-10-27 16:34:53
1833604601,Talk:GoPets,OpalYosutebito,false,6,enwiki,2024-10-27 16:35:08
1833604701,Andrass Johansen,Caber33,false,4,enwiki,2024-10-27 16:35:33
358016601,Tatort: Schweigen,Bergfalke2,false,-8,dewiki,2024-10-27 16:35:54
1833604816,Looe Key National Marine Sanctuary,Mdnavman,false,29,enwiki,2024-10-27 16:35:55
1833604519,Draft talk:Revolt,Cewbot,true,31,enwiki,2024-10-27 16:34:55
1833604606,Pedro Silva Torrejón,78.87.103.233,false,0,enwiki,2024-10-27 16:35:09
1833604704,Talk:Tahir Mohsan,Wikibear47,false,19,enwiki,2024-10-27 16:35:33
358016602,Radio Liban,Jossiphon,false,323,dewiki,2024-10-27 16:35:54
358016604,Kategorie:Kinderdarsteller,185.206.45.193,false,47,dewiki,2024-10-27 16:36:02
1833604517,User:Dev Darshan T. K./World Chess Championship 2080,Dev Darshan T. K.,false,261,enwiki,2024-10-27 16:34:55
1833604607,Garry Power,Tom.Reding,false,2,enwiki,2024-10-27 16:35:09
1833604609,Talk:Anggun,Lowercase sigmabot III,true,-932,enwiki,2024-10-27 16:35:10
1833604608,Draft talk:Battle of Adji-Gozle,Cewbot,true,31,enwiki,2024-10-27 16:35:10
1833604707,Category talk:Parishes in Tukums Municipality,Cewbot,true,31,enwiki,2024-10-27 16:35:35
1833604801,"Matthew Taylor (footballer, born 1981)",Saintandy7,false,0,enwiki,2024-10-27 16:35:53
1833604510,SIP Animation,Instalation1,false,8,enwiki,2024-10-27 16:34:52
1833604613,Draft:Edinburg Baseball Stadium (disambiguation),Matthewjaredgarza2010,false,187,enwiki,2024-10-27 16:35:11
1833604709,Braňo Prieložný,Tom.Reding,false,2,enwiki,2024-10-27 16:35:34
1833604802,Anna Doig,Tom.Reding,false,1,enwiki,2024-10-27 16:35:55
1833604511,Magnus Egilsson,Caber33,false,4,enwiki,2024-10-27 16:34:54
1833604616,Peter Pan (2003 film),38.49.72.163,false,-1,enwiki,2024-10-27 16:35:11
1833604711,Baduy people,Revirvlkodlaku,false,1,enwiki,2024-10-27 16:35:33
1833604803,Versova Assembly constituency,43.248.68.112,false,3,enwiki,2024-10-27 16:35:54
1833604904,User:KlausVonVilver/TWA/Earth,SheepLinterBot,true,1,enwiki,2024-10-27 16:36:10
1833604914,UFC 308,2001:B07:AD4:1981:2048:442F:70EE:CE89,false,-3,enwiki,2024-10-27 16:36:10
1833605006,"Talk:Moinabad, Karachi",Wikibear47,false,5,enwiki,2024-10-27 16:36:28
1833605106,Hanafi school,103.129.142.134,false,-128,enwiki,2024-10-27 16:36:40
1833604905,List of cities in Sudan,Moondragon21,false,12,enwiki,2024-10-27 16:36:10
1833604916,Promptuarium Iconum Insigniorum,BorgQueen,false,41,enwiki,2024-10-27 16:36:11
1833605107,Lyle and Erik Menendez,Esprit15d,false,17,enwiki,2024-10-27 16:36:43
358016614,Liste von Brückenbauten mit Beteiligung von Joseph Baermann Strauss,Invisigoth67,false,-1,dewiki,2024-10-27 16:36:10
1833604918,Rotte (psaltery),Jacqke,false,42,enwiki,2024-10-27 16:36:13
358016619,U-17-Fußball-Asienmeisterschaft 2025,Serienfan2010,false,274,dewiki,2024-10-27 16:36:16
1833605009,Talk:Apesanahkwat,Cewbot,true,-27,enwiki,2024-10-27 16:36:29
1833605112,Adam Hinshelwood,Saintandy7,false,0,enwiki,2024-10-27 16:36:46
1833604910,Talk:Mike Jeffries (businessman),Cewbot,true,-8,enwiki,2024-10-27 16:36:11
1833604917,Imre Dávid,Tom.Reding,false,2,enwiki,2024-10-27 16:36:09
1833605010,Bristol Temple Meads railway station,08murtaghkc,false,-9,enwiki,2024-10-27 16:36:21
1833605115,Talk:Khyber Pakhtunkhwa Oil & Gas Company,Cewbot,true,-12,enwiki,2024-10-27 16:36:47
1833604911,Rasputin (song),Hiddenstranger,false,48,enwiki,2024-10-27 16:36:09
358016617,Fremdsprachige Schriftsteller,Magipulus,false,3396,dewiki,2024-10-27 16:36:13
1833605012,Herabol myrrh,William Avery,false,31,enwiki,2024-10-27 16:36:29
1833605117,Gurino,Monkbot,true,1,enwiki,2024-10-27 16:36:47
1833605200,Roman Kingdom,Pickersgill-Cunliffe,false,2,enwiki,2024-10-27 16:36:58
1833604912,Domessargues,Monkbot,true,1,enwiki,2024-10-27 16:36:10
358016618,Farbenblindheit,Georg Hügler,false,2,dewiki,2024-10-27 16:36:14
1833605017,Chris Martin,Wa17gs,false,4,enwiki,2024-10-27 16:36:25
1833605116,Valentina Salapura,Canary757,false,4,enwiki,2024-10-27 16:36:48
358016607,Burnettia cuneata,BotBln,false,-24,dewiki,2024-10-27 16:36:03
358016615,Flughafen V.C. Bird International,Adtonko,false,39,dewiki,2024-10-27 16:36:12
1833605000,Stelios Prosalikas,Monkbot,true,1,enwiki,2024-10-27 16:36:27
1833605019,Mark the Evangelist,Randy Kryn,false,13,enwiki,2024-10-27 16:36:27
1833605118,Henrik Schneider,Tom.Reding,false,2,enwiki,2024-10-27 16:36:48
1833604913,Holden Monaro,83.83.19.135,false,0,enwiki,2024-10-27 16:36:10
1833605001,Valencia Airport,Pmbma,false,159,enwiki,2024-10-27 16:36:26
1833605018,Squid Game,Farsroid1,false,16,enwiki,2024-10-27 16:36:17
1833605119,Paul Brady (handballer),2001:BB6:853C:E00:1856:99FD:7F9B:9E24,false,-9,enwiki,2024-10-27 16:36:47
1833604902,Jim Walding,2A00:23C6:5DE9:6A00:8C02:A7F6:EB75:4C1C,false,45,enwiki,2024-10-27 16:36:08
358016616,U-17-Fußball-Asienmeisterschaft 2025/Qualifikation,Serienfan2010,false,19,dewiki,2024-10-27 16:36:12
1833605102,Talk:Moinuddinpur,Wikibear47,false,19,enwiki,2024-10-27 16:36:45
358016610,Vidkun Quisling,Martin Mair,false,2,dewiki,2024-10-27 16:36:04
1833604903,Order of battle in the Pokrovsk offensive,Durranistan,false,1,enwiki,2024-10-27 16:36:08
1833604915,Talk:Azra Mohyeddin,Wikibear47,false,2,enwiki,2024-10-27 16:36:13
1833605005,2024–25 R.S.C. Anderlecht season,2001:4645:B0B3:0:29F8:CC03:D6E4:43C6,false,125,enwiki,2024-10-27 16:36:24
1833605104,Game design,Nodicenomasters,false,30,enwiki,2024-10-27 16:36:42
1833605204,Battle of Mikołów,Monkbot,true,1,enwiki,2024-10-27 16:37:01
1833605311,List of presidents of Ecuador,89.216.20.36,false,-2,enwiki,2024-10-27 16:37:15
1833605401,Talk:Global Love Day,OpalYosutebito,false,6,enwiki,2024-10-27 16:37:39
1833605418,Tauragė Castle,Spirit of Performance,false,11,enwiki,2024-10-27 16:37:41
1833605516,Marcel Sedille-Courbon,Tom.Reding,false,2,enwiki,2024-10-27 16:37:58
1833605205,"Talk:List of institutes in Gujrat, Pakistan",Cewbot,true,-11,enwiki,2024-10-27 16:37:02
1833605312,Wikipedia:Requested moves/Current discussions (table),RMCD bot,true,0,enwiki,2024-10-27 16:37:19
1833605419,Cravencères,Monkbot,true,1,enwiki,2024-10-27 16:37:39
1833605517,Pixxie,2001:1388:A45:BA1A:8D56:AD48:EDC6:87DF,false,-5,enwiki,2024-10-27 16:37:57
1833605600,Miss Universe 2024,Japemizen627,false,-1,enwiki,2024-10-27 16:38:04
1833605206,DXAP,Wc2007,false,18,enwiki,2024-10-27 16:37:01
1833605313,Talk:Tropical Storm Trami (2024),Cewbot,true,-9,enwiki,2024-10-27 16:37:20
1833605402,Toulouse–Blagnac Airport,Pmbma,false,158,enwiki,2024-10-27 16:37:38
358016701,Behringwerke,Georg Hügler,false,-1157,dewiki,2024-10-27 16:38:12
1833605210,Template:Roman Catholic Diocese of Port Harcourt,Geschichte,false,-75,enwiki,2024-10-27 16:37:03
1833605407,Wikipedia:Good articles/GAN Backlog Drives/October 2024,DoctorWhoFan91,false,-22,enwiki,2024-10-27 16:37:35
1833605601,Thomas Dürr (bobsledder),Tom.Reding,false,2,enwiki,2024-10-27 16:38:12
1833605214,Kerryn Peterson,4TheWynne,false,0,enwiki,2024-10-27 16:37:02
1833605314,Pennsylvania,Red0ctober22,false,-4,enwiki,2024-10-27 16:37:10
1833605408,Dustin Poirier,Kovcszaln6,false,-27,enwiki,2024-10-27 16:37:34
1833605500,Issac,Mandarax,false,-51,enwiki,2024-10-27 16:37:56
1833605213,User:Paul August/Eris (mythology),Paul August,false,-87,enwiki,2024-10-27 16:37:03
1833605317,Talk:Global motion compensation,OpalYosutebito,false,8,enwiki,2024-10-27 16:37:23
1833605410,Rushden,2A00:23C6:5DE9:6A00:8C02:A7F6:EB75:4C1C,false,-8,enwiki,2024-10-27 16:37:37
1833605504,Miss Universe 2024,Japemizen627,false,35,enwiki,2024-10-27 16:37:49
1833605218,Tibor Vadai,Tom.Reding,false,2,enwiki,2024-10-27 16:37:02
1833605305,Jesuit College in Khyriv,Monkbot,true,2,enwiki,2024-10-27 16:37:17
1833605318,Talk:Ferroan anorthosite,Cewbot,true,-8,enwiki,2024-10-27 16:37:23
1833605413,Talk:Azlon,Cewbot,true,30,enwiki,2024-10-27 16:37:41
1833605507,Talk:Global Leadership Adventures,OpalYosutebito,false,8,enwiki,2024-10-27 16:37:58
358016700,Benutzer:YPS/Baustelle2,YPS,false,0,dewiki,2024-10-27 16:38:10
1833605307,Edward Barcik,Tom.Reding,false,1,enwiki,2024-10-27 16:37:19
1833605319,Wikipedia:WikiProject LGBTQ+ studies/Participants,Demt1298,false,-766,enwiki,2024-10-27 16:37:21
1833605415,Toon de Ruiter,Tom.Reding,false,2,enwiki,2024-10-27 16:37:40
1833605506,Wikipedia:Help desk,RachelTensions,false,2056,enwiki,2024-10-27 16:37:54
1833605308,Left Together,PawelekYT,false,232,enwiki,2024-10-27 16:37:17
1833605416,User talk:Elinruby,Elinruby,false,515,enwiki,2024-10-27 16:37:37
1833605512,"Pall Mall, London",Ritchie333,false,2,enwiki,2024-10-27 16:37:56
1833605310,North Macedonia,Rkt2312,false,-16,enwiki,2024-10-27 16:37:12
1833605417,Wikipedia talk:Administrator elections,DoubleGrazing,false,238,enwiki,2024-10-27 16:37:38
1833605603,Talk:Études (Rautavaara),Cewbot,true,48,enwiki,2024-10-27 16:38:14
1833605615,Talk:Jehoiachin's Rations Tablets,Surayeproject3,false,39,enwiki,2024-10-27 16:38:17
358016709,Wikipedia:Löschkandidaten/22. Oktober 2024,Olaf Studt,false,303,dewiki,2024-10-27 16:38:27
358016710,Wikipedia:Löschkandidaten/24. Oktober 2024,Fiona B.,false,221,dewiki,2024-10-27 16:38:31
1833605715,Arminianism,Telikalive,false,-201,enwiki,2024-10-27 16:38:29
358016713,Liste von Persönlichkeiten der Stadt Houston,Scholless,false,78,dewiki,2024-10-27 16:38:41
358016717,Vorlage:WLXpage/WLEstyles.css,GPSLeo,false,192,dewiki,2024-10-27 16:38:53
1833605907,"Talk:Tantum ergo, WAB 32",Cewbot,true,49,enwiki,2024-10-27 16:39:11
1833605602,Tommy Widdrington,Saintandy7,false,0,enwiki,2024-10-27 16:38:11
1833605614,Suguna PIP School,Ajay Platinum,false,228,enwiki,2024-10-27 16:38:16
358016706,Gerhard Matzky,Jesi,false,-9,dewiki,2024-10-27 16:38:23
1833605808,List of Atlantic–Pacific crossover hurricanes,SomeoneWiki04,false,-23,enwiki,2024-10-27 16:38:50
1833605604,Tauragė Castle,Spirit of Performance,false,6,enwiki,2024-10-27 16:38:13
1833605619,Wing Commander IV: The Price of Freedom,Venky64,false,199,enwiki,2024-10-27 16:38:17
1833605700,Saffron Walden (UK Parliament constituency),2.30.122.68,false,97,enwiki,2024-10-27 16:38:24
1833605810,"Talk:Mozart's Twelfth Mass, K. Anh. 232",Cewbot,true,48,enwiki,2024-10-27 16:38:53
1833605910,2024–25 3. Liga,Kante4,false,49,enwiki,2024-10-27 16:39:09
1833605606,Calmels-et-le-Viala,Monkbot,true,1,enwiki,2024-10-27 16:38:12
1833605703,Pinoy Big Brother: Celebrity Edition 1,Jdcooper,false,-1625,enwiki,2024-10-27 16:38:32
1833605812,Dublin Airport,Frequentflyer93,false,-26,enwiki,2024-10-27 16:38:46
1833605913,Bertalan Pintér,Tom.Reding,false,2,enwiki,2024-10-27 16:39:12
1833605609,User:4TheWynne/Projects,4TheWynne,false,2,enwiki,2024-10-27 16:38:14
1833605704,Aydar Teregulov,Tom.Reding,false,2,enwiki,2024-10-27 16:38:33
1833605814,Lyle and Erik Menendez,Esprit15d,false,0,enwiki,2024-10-27 16:38:51
1833605914,Talk:Luis De Los Santos,Wizardman,false,86,enwiki,2024-10-27 16:39:12
1833605610,Richard Wunder,Tom.Reding,false,2,enwiki,2024-10-27 16:38:15
1833605707,John Graudenz,Scope creep,false,274,enwiki,2024-10-27 16:38:33
1833605815,TsumaSho,Harushiga,false,399,enwiki,2024-10-27 16:38:52
1833605915,Casteide-Candau,Monkbot,true,1,enwiki,2024-10-27 16:39:11
1833605611,AK-47,TheChunDynasty,false,32,enwiki,2024-10-27 16:38:10
358016707,Cornel Wachter,Mhandschug,false,-40,dewiki,2024-10-27 16:38:27
1833605708,Talk:Bologna School of music,Cewbot,true,31,enwiki,2024-10-27 16:38:35
1833605800,Élie Halévy,Motekov,false,-1,enwiki,2024-10-27 16:38:50
1833605816,Talk:Moolia,Wikibear47,false,18,enwiki,2024-10-27 16:38:54
358016719,Liste der olympischen Medaillengewinner aus Kasachstan,Uwe Nellner,false,0,dewiki,2024-10-27 16:38:56
1833605901,"Yavapai County, Arizona",Patapsco913,false,2954,enwiki,2024-10-27 16:39:06
1833605916,"Talk:Moon Market, Lahore",Wikibear47,false,5,enwiki,2024-10-27 16:39:13
358016702,Benutzer:Asakura Akira/Baustelle/Ergebnisse der japanischen Abgeordnetenhauswahl 202x,Asakura Akira,false,24,dewiki,2024-10-27 16:38:14
1833605709,Kraków Bishops Palace,Monkbot,true,1,enwiki,2024-10-27 16:38:33
1833605801,John Silva (tennis),Tom.Reding,false,1,enwiki,2024-10-27 16:38:50
1833605817,Talk:Digital locker,Kvng,false,42,enwiki,2024-10-27 16:38:54
1833605917,User:Writingarchitect/be bold,Writingarchitect,false,28,enwiki,2024-10-27 16:39:14
1833605613,Talk:Claw (juggling),Cewbot,true,31,enwiki,2024-10-27 16:38:17
1833605710,Daniel Lajud,78.87.103.233,false,0,enwiki,2024-10-27 16:38:31
1833605803,User:Paul August/Eris (mythology),Paul August,false,72,enwiki,2024-10-27 16:38:52
1833605819,Faye Urban,Tom.Reding,false,1,enwiki,2024-10-27 16:38:54
1833605905,Template:Conservatism UK,Andysmith248,false,52,enwiki,2024-10-27 16:39:11
1833605918,Otto Arosemena,89.216.20.36,false,28,enwiki,2024-10-27 16:39:12
358016704,Amtsgericht Hötensleben,Wilske,false,14,dewiki,2024-10-27 16:38:17
1833605711,Warren O'Hora,GiantSnowman,false,0,enwiki,2024-10-27 16:38:34
1833605806,User:Ca/AfC log,Ca,false,103,enwiki,2024-10-27 16:38:47
1833605906,Andrija Majdevac,78.87.103.233,false,0,enwiki,2024-10-27 16:39:08
1833606001,White-clasper catshark,Quetzal1964,false,20,enwiki,2024-10-27 16:39:25
1833606104,"Lahinja, Semič",Monkbot,true,1,enwiki,2024-10-27 16:39:41
1833606002,2005 OFC Club Championship preliminary round,FastCube,false,0,enwiki,2024-10-27 16:39:25
1833606105,Talk:Moosa Panhwar,Wikibear47,false,5,enwiki,2024-10-27 16:39:42
1833606204,Abumusa County,AusLondonder,false,136,enwiki,2024-10-27 16:39:58
1833606003,The Perfect Moment,73.149.252.182,false,-11,enwiki,2024-10-27 16:39:27
1833606106,List of India Test cricket records,Jeevan Singh Chundawat,false,0,enwiki,2024-10-27 16:39:30
1833606108,Blake Griffin,CalDoesIt,false,5,enwiki,2024-10-27 16:39:38
1833606206,Belarus–Poland border barrier,Monkbot,true,1,enwiki,2024-10-27 16:39:59
1833606005,Petr Svoboda,18abruce,false,227,enwiki,2024-10-27 16:39:27
1833606109,File:YESMEN-box hires dvd.jpg,FloorMadeOuttaFloor,false,-79,enwiki,2024-10-27 16:39:43
1833606207,Nadezhda Orlova,Tom.Reding,false,2,enwiki,2024-10-27 16:40:01
1833606009,User:KylieTastic/AfC,KylieTastic,false,75,enwiki,2024-10-27 16:39:24
1833606208,Talk:Global Digital Compact,OpalYosutebito,false,9,enwiki,2024-10-27 16:40:01
1833606015,User:Lukemiller230/Spain in the Middle Ages/Bibliography,Lukemiller230,false,748,enwiki,2024-10-27 16:39:28
1833606110,Chabua,Seinfeld429,false,3,enwiki,2024-10-27 16:39:42
1833606209,Talk:Mora Piya,Wikibear47,false,6,enwiki,2024-10-27 16:40:01
1833606113,CAIG Wing Loong,Hohum,false,-13,enwiki,2024-10-27 16:39:42
1833606210,Talk:List of secular choral works by Anton Bruckner,Cewbot,true,48,enwiki,2024-10-27 16:40:02
1833606117,"Talk:Trauungschor, WAB 49",Cewbot,true,49,enwiki,2024-10-27 16:39:44
1833606211,User:AmandaNP/UAA/Time,DeltaQuadBot,true,0,enwiki,2024-10-27 16:40:03
1833606102,Talk:Collective punishment,Dimadick,false,338,enwiki,2024-10-27 16:39:41
1833606119,User:Paul August/Eris (mythology),Paul August,false,13,enwiki,2024-10-27 16:39:44
1833606219,List of guest stars on Sesame Street,Nameridssa,false,31,enwiki,2024-10-27 16:40:00
1833606308,João Poupada,Tom.Reding,false,2,enwiki,2024-10-27 16:40:22
1833606319,Talk:Global Development Alliances,OpalYosutebito,false,7,enwiki,2024-10-27 16:40:24
1833606413,"Talk:Der Abendhimmel, WAB 55",Cewbot,true,49,enwiki,2024-10-27 16:40:41
1833606606,Gaza humanitarian crisis (2023–present),Réalgard,false,492,enwiki,2024-10-27 16:40:48
1833606310,Nová Lhota,Monkbot,true,1,enwiki,2024-10-27 16:40:20
358016808,Benutzer:Citius Altius Fortius/Werkstatt 1,Citius Altius Fortius,false,238,dewiki,2024-10-27 16:40:41
1833606607,"Talk:Die Geburt, WAB 69",Cewbot,true,49,enwiki,2024-10-27 16:41:11
1833606311,Kashish,Gotitbro,false,82,enwiki,2024-10-27 16:40:23
1833606415,Sharabutdin Magomedov,Sam Sailor,false,-12,enwiki,2024-10-27 16:40:39
358016812,Kriminalitätsrückgang,Pakwesi,false,470,dewiki,2024-10-27 16:40:51
1833606500,"Sainte-Florence, Gironde",Monkbot,true,1,enwiki,2024-10-27 16:40:54
1833606608,Christian Farstad,Tom.Reding,false,2,enwiki,2024-10-27 16:41:11
1833606312,South Carolina Code of Laws,2001:2D8:6A48:D551:54FD:4BA4:3EB:8E66,false,1,enwiki,2024-10-27 16:40:22
358016803,Starkenburgia Heppenheim,Chivista,false,-34,dewiki,2024-10-27 16:40:32
1833606416,John Orman Gilbert,Q4mama,false,26,enwiki,2024-10-27 16:40:39
358016816,Gefechte an der Murglinie,Harryhoffmann65,false,-2,dewiki,2024-10-27 16:40:57
1833606610,"Mary, Queen of Scots",Unoquha,false,1,enwiki,2024-10-27 16:41:08
1833606304,Kevin Maher,Saintandy7,false,0,enwiki,2024-10-27 16:40:19
1833606313,"Abu Musa, Iran",AusLondonder,false,229,enwiki,2024-10-27 16:40:21
1833606400,Inessa Zakhareuskaya,Tom.Reding,false,2,enwiki,2024-10-27 16:40:39
1833606417,User:Paul August/Eris (mythology),Paul August,false,11,enwiki,2024-10-27 16:40:42
1833606501,Ricardo Rodríguez (bobsleigh),Tom.Reding,false,2,enwiki,2024-10-27 16:40:57
1833606612,Manthos Voulgarakis,Monkbot,true,1,enwiki,2024-10-27 16:41:12
1833606305,María Becerra,CatchMe,false,775,enwiki,2024-10-27 16:40:19
1833606315,Talk:Divertimento No. 17 (Mozart),Cewbot,true,31,enwiki,2024-10-27 16:40:23
358016804,Student Agency,GeorgR (de),false,-51,dewiki,2024-10-27 16:40:37
1833606401,Hyacinth of Poland,Monkbot,true,1,enwiki,2024-10-27 16:40:38
358016809,Grant Aviation,Uli Elch,false,30,dewiki,2024-10-27 16:40:45
358016811,Benutzer:Anjaron/Unterseite3,Anjaron,false,16,dewiki,2024-10-27 16:40:50
1833606502,United States ten-thousand-dollar bill,Bruxton,false,-5,enwiki,2024-10-27 16:40:57
1833606614,Vijay Eswaran,202.177.245.154,false,1,enwiki,2024-10-27 16:41:13
1833606314,FN FAL,Hamasien,false,-38,enwiki,2024-10-27 16:40:14
358016800,Stadthalle Göttingen,2A02:26F7:EC44:6609:0:129E:628F:3BE2,false,300,dewiki,2024-10-27 16:40:27
358016805,Andrea Arcangeli,M2k~dewiki,false,15,dewiki,2024-10-27 16:40:37
1833606402,Eduardo Marzo,Kuru,false,-315,enwiki,2024-10-27 16:40:40
1833606503,Ranau,Filedelinkerbot,true,-14,enwiki,2024-10-27 16:40:57
1833606615,Talk:Oboe Concerto (attributed to Haydn),Cewbot,true,11,enwiki,2024-10-27 16:41:14
1833606316,"Chapra, Nadia (community development block)",Cerium4B,false,0,enwiki,2024-10-27 16:40:21
1833606405,User talk:Owaken4628,Cremastra,false,966,enwiki,2024-10-27 16:40:41
358016810,Andrea Arcangeli,M2k~dewiki,false,15,dewiki,2024-10-27 16:40:48
1833606616,Concentrated solar power,Robertiki,false,120,enwiki,2024-10-27 16:41:10
1833606306,Syro-Malabar Catholic Archeparchy of Changanacherry,Joyal Shibu,false,-6,enwiki,2024-10-27 16:40:20
1833606317,Category talk:Cuneiform,Surayeproject3,false,33,enwiki,2024-10-27 16:40:23
358016801,Benutzer:Robertk9410/Artikelentwurf5,Robertk9410,false,116,dewiki,2024-10-27 16:40:26
358016807,Benutzer:MArcus Sinus/Notizen,MArcus Sinus,false,45,dewiki,2024-10-27 16:40:41
358016813,Andrea Arcangeli,M2k~dewiki,false,34,dewiki,2024-10-27 16:40:54
1833606617,User:ReidLark1n,ReidLark1n,false,73,enwiki,2024-10-27 16:41:14
1833606307,Centre for Airborne Systems,Rvsingh12,false,99,enwiki,2024-10-27 16:40:21
1833606318,Linate Airport,Pmbma,false,159,enwiki,2024-10-27 16:40:21
1833606406,User:Aedis1/Art1067,Aedis1,false,11,enwiki,2024-10-27 16:40:41
1833606605,V-1 flying bomb facilities,Monkbot,true,2,enwiki,2024-10-27 16:41:08
1833606619,Francisco Negrete,Tom.Reding,false,2,enwiki,2024-10-27 16:41:14
1833606709,Wikipedia:Administrator intervention against vandalism,HBC AIV helperbot14,true,-237,enwiki,2024-10-27 16:41:32
1833606802,List of Philippine films of 2017,Itslouagain,false,-1561,enwiki,2024-10-27 16:41:53
1833606813,Byung-Chul Han,Shoshin000,false,19,enwiki,2024-10-27 16:41:59
1833606900,Opisthopatus,HCUPa,false,21,enwiki,2024-10-27 16:42:15
1833606914,2024 Formula Regional European Championship,Hmnphl,false,165,enwiki,2024-10-27 16:42:15
1833606711,Starokucherbayevo,Monkbot,true,2,enwiki,2024-10-27 16:41:32
1833606804,St. Peter's Basilica,Filmssssssssssss,false,-88,enwiki,2024-10-27 16:41:47
1833606815,Steve Cotterill,Saintandy7,false,0,enwiki,2024-10-27 16:41:56
1833606901,Axe manufacturing in Pennsylvania,Jpn55,false,28,enwiki,2024-10-27 16:42:17
1833606713,Bamberg Cathedral,TooManyFingers,false,-3,enwiki,2024-10-27 16:41:31
1833606805,Alberto Visconti,Tom.Reding,false,2,enwiki,2024-10-27 16:41:56
1833606816,Across the River and into the Trees (film),79.62.225.26,false,-3,enwiki,2024-10-27 16:42:00
1833606902,Louisa Johnson,121.6.124.147,false,-22,enwiki,2024-10-27 16:42:15
1833606714,Bangka (boat),Thienne2011,false,4,enwiki,2024-10-27 16:41:31
1833606807,Wikipedia:Sockpuppet investigations/Diskyboy,ThePainkiller90,false,597,enwiki,2024-10-27 16:41:57
1833606819,Jacques Jany,Tom.Reding,false,2,enwiki,2024-10-27 16:42:00
1833606904,"Talk:Kleiner Trauermarsch, K. 453a",Cewbot,true,31,enwiki,2024-10-27 16:42:17
1833606715,Next Madrilenian regional election,Spaastm,false,163,enwiki,2024-10-27 16:41:33
1833606806,John Orman Gilbert,Filmssssssssssss,false,-26,enwiki,2024-10-27 16:41:56
1833606905,Panagiotis Paiteris,Monkbot,true,1,enwiki,2024-10-27 16:42:17
1833606706,Gérard Monrazel,Tom.Reding,false,2,enwiki,2024-10-27 16:41:32
1833606716,Málaga Airport,Pmbma,false,159,enwiki,2024-10-27 16:41:31
1833606808,Sentein,Monkbot,true,1,enwiki,2024-10-27 16:41:55
1833606718,"Talk:Herbstkummer, WAB 72",Cewbot,true,48,enwiki,2024-10-27 16:41:35
1833606908,Koichi Sugawara,Tom.Reding,false,2,enwiki,2024-10-27 16:42:18
1833606702,Tehatta II,Cerium4B,false,0,enwiki,2024-10-27 16:41:30
1833606907,Outer Circle Trail,OnlyNano,false,-103,enwiki,2024-10-27 16:42:17
1833606707,Kota Kinabalu,Filedelinkerbot,true,-14,enwiki,2024-10-27 16:41:26
1833606719,Miss Grand Mexico,2806:2F0:96C0:EC3F:A8CF:97DB:33DB:184E,false,107,enwiki,2024-10-27 16:41:32
1833606800,Christianity in the 1st century,Randy Kryn,false,13,enwiki,2024-10-27 16:41:47
1833606810,Talk:Silbury Air,Cewbot,true,40,enwiki,2024-10-27 16:41:59
1833606909,Flag of North Macedonia,Rkt2312,false,8,enwiki,2024-10-27 16:42:17
1833606801,Talk:Terpsichore (Praetorius),Cewbot,true,49,enwiki,2024-10-27 16:41:56
1833606811,Louisa Johnson,121.6.124.147,false,-27,enwiki,2024-10-27 16:41:58
1833606913,Pitcairn Islands,Red Jay,false,-18,enwiki,2024-10-27 16:42:13
1833606918,Talk:Data exploration,Cewbot,true,32,enwiki,2024-10-27 16:42:20
1833607012,Talk:Piano Concerto (Respighi),Cewbot,true,31,enwiki,2024-10-27 16:42:38
1833607105,Ganbaataryn Tögsbayar,Tom.Reding,false,1,enwiki,2024-10-27 16:42:53
1833607218,Talk:Motialmara,Wikibear47,false,18,enwiki,2024-10-27 16:43:08
358016903,Musikjahr 1901,Bernd Winnig,false,-2,dewiki,2024-10-27 16:43:13
1833606915,2024 European Championship (darts),AnishaShar,false,-35,enwiki,2024-10-27 16:42:15
1833607011,Karim Ahmad Khan,BrassBirmingham,false,5,enwiki,2024-10-27 16:42:35
1833607107,Talk:The Giant's Sword,OpalYosutebito,false,9,enwiki,2024-10-27 16:42:54
1833607206,Wikipedia:Administrators' noticeboard,Donald Albury,false,378,enwiki,2024-10-27 16:43:00
1833607216,User:ArkHyena/Drafts/Draftspace3,ArkHyena,false,566,enwiki,2024-10-27 16:43:07
1833606917,Budapest Ferenc Liszt International Airport,Pmbma,false,159,enwiki,2024-10-27 16:42:15
1833607013,"Charlotte, Queen of Cyprus",Sfar13,false,1366,enwiki,2024-10-27 16:42:36
1833607106,Deliverance (metal band),Bkhairul,false,125,enwiki,2024-10-27 16:42:52
1833606916,DecodeME,2A00:23C6:CE0F:6D01:CCD2:13D6:FE2:C097,false,63,enwiki,2024-10-27 16:42:19
1833607000,Wikipedia:Requested articles/Social sciences/Religion,IgnacyPL,false,39,enwiki,2024-10-27 16:42:33
1833607014,User talk:Tajik Panjsheri,RangersRus,false,478,enwiki,2024-10-27 16:42:38
1833607114,Faro Airport,Pmbma,false,159,enwiki,2024-10-27 16:42:51
1833607210,Polish Sinfonia Iuventus Orchestra,Monkbot,true,1,enwiki,2024-10-27 16:43:06
358016900,Erzwungene Schwangerschaft,89.151.41.80,false,-42,dewiki,2024-10-27 16:43:10
1833606919,Shaved ice,2403:5801:98D4:0:5847:89EB:34B4:9CC3,false,12,enwiki,2024-10-27 16:42:19
1833607001,Memoirs of a Revolutionist,Conovaloff,false,-12,enwiki,2024-10-27 16:42:36
1833607015,Kosmos 105,Monkbot,true,1,enwiki,2024-10-27 16:42:37
1833607113,Adendro railway station,21Kakai,false,-26,enwiki,2024-10-27 16:42:52
1833607209,2S22 Bohdana,Dauzlee,false,683,enwiki,2024-10-27 16:43:06
1833607002,Thea Tsulukiani,Sam20020202,false,55,enwiki,2024-10-27 16:42:34
1833607017,User:Samuel Adrian Antz/Drafts,Samuel Adrian Antz,false,776,enwiki,2024-10-27 16:42:33
1833607100,Talk:Opisthoteuthis japonica,Cewbot,true,31,enwiki,2024-10-27 16:42:53
1833607212,Talk:Luteuthis,Cewbot,true,31,enwiki,2024-10-27 16:43:08
358016905,Portal:Film und Fernsehen/Kinostarts 1975,Jobu0101,false,487,dewiki,2024-10-27 16:43:14
1833607003,Yasuo Nakamura,Tom.Reding,false,2,enwiki,2024-10-27 16:42:35
1833607019,Thomas Schroll,Tom.Reding,false,1,enwiki,2024-10-27 16:42:39
1833607213,Todor Todorov (bobsleigh),Tom.Reding,false,2,enwiki,2024-10-27 16:43:07
1833607004,National Wealth Fund (United Kingdom),Inertia6084,false,-1,enwiki,2024-10-27 16:42:35
1833607101,2017–18 East Carolina Pirates women's basketball team,Moist hammer,false,-49,enwiki,2024-10-27 16:42:50
1833607214,Talk:GlobalStem,OpalYosutebito,false,9,enwiki,2024-10-27 16:43:08
358016901,WAA Wackersdorf,Ysabella,false,-46,dewiki,2024-10-27 16:43:12
1833607005,Talk:Collective punishment,Dimadick,false,244,enwiki,2024-10-27 16:42:35
1833607103,"Antanava, Josvainiai",Monkbot,true,2,enwiki,2024-10-27 16:42:52
1833607202,Talk:Lycoteuthis springeri,Cewbot,true,31,enwiki,2024-10-27 16:43:05
1833607217,Liu Fuzhi,Simeon,false,14,enwiki,2024-10-27 16:43:06
1833607008,Wikipedia:WikiProject Novels/Discussions,Reports bot,true,111,enwiki,2024-10-27 16:42:37
1833607104,Game design,Nodicenomasters,false,-1,enwiki,2024-10-27 16:42:50
1833607203,Horní Řepčice,Monkbot,true,1,enwiki,2024-10-27 16:43:02
1833607215,Liu Zhongsheng,SmartyPants22,false,401,enwiki,2024-10-27 16:43:08
