1833530602,Talk:Khor Kalmat,Wikibear47,false,49,enwiki,2024-10-27 11:15:31
1833530706,Timeline of the Russian invasion of Ukraine (1 August 2024 – present),Borgenland,false,1,enwiki,2024-10-27 11:15:55
1833530800,Amanda McBroom,DocWatson42,false,-113,enwiki,2024-10-27 11:16:29
1833530902,Magnoliaceae,Peter coxhead,false,17,enwiki,2024-10-27 11:17:07
1833531016,Bittersweet Hill,Geschichte,false,669,enwiki,2024-10-27 11:17:38
1833531102,"Neighbourhood, Development and International Cooperation Instrument",Schwede66,false,42,enwiki,2024-10-27 11:18:01
1833531116,Operation Oyster,Keith-264,false,0,enwiki,2024-10-27 11:18:06
1833531209,Everything for Gloria,Monkbot,true,1,enwiki,2024-10-27 11:18:43
1833531308,17th Sustainment Brigade (United States),57.140.48.56,false,36,enwiki,2024-10-27 11:19:22
1833531409,"Mill City, Nevada",Bazza 7,false,-29,enwiki,2024-10-27 11:20:01
1833530606,Indian-Canadian,EmausBot,true,2,enwiki,2024-10-27 11:15:33
1833530708,Yoga Sutras of Patanjali,Balder-d,false,0,enwiki,2024-10-27 11:15:58
1833530802,"Talk:Khokhra Par, Karachi",Wikibear47,false,5,enwiki,2024-10-27 11:16:32
358004100,Garish,Crazy1880,false,26,dewiki,2024-10-27 11:16:46
358004112,Ligue de défense de la race nègre,Denis Barthel,false,3636,dewiki,2024-10-27 11:16:56
1833530905,Lycaon (king of Arcadia),Gawaon,false,6,enwiki,2024-10-27 11:17:09
1833530913,History of Indo-Canadians,EmausBot,true,2,enwiki,2024-10-27 11:17:13
1833531015,Talk:Tropical Storm Trami (2024),HurricaneEdgar,false,50,enwiki,2024-10-27 11:17:38
1833531103,Cadillac Calais,GTHO,false,-13,enwiki,2024-10-27 11:18:01
1833531117,2024–25 Canberra United FC (A-League Women) season,SuperJew,false,0,enwiki,2024-10-27 11:18:07
1833531309,Cléon-d'Andran,Monkbot,true,1,enwiki,2024-10-27 11:19:19
358004208,Untere Mühle (Iphofen),Adalbertriehl,false,62,dewiki,2024-10-27 11:19:26
1833531400,User:GrabUp/sandbox,GrabUp,false,14,enwiki,2024-10-27 11:19:59
1833531411,User:AmandaNP/UAA/Time,DeltaQuadBot,true,0,enwiki,2024-10-27 11:20:03
1833530604,Víðir Reynisson,Berserkur,false,28,enwiki,2024-10-27 11:15:32
1833530711,Tripitramine,76.174.0.57,false,-18,enwiki,2024-10-27 11:16:03
1833530803,Indian-Canadians,EmausBot,true,2,enwiki,2024-10-27 11:16:33
358004101,Instrumentenlandesystem,Uli Elch,false,0,dewiki,2024-10-27 11:16:46
358004113,Parlamentswahl in Bulgarien Oktober 2024,Costamiri,false,1,dewiki,2024-10-27 11:16:56
358004118,Instrumentenlandesystem,Uli Elch,false,3,dewiki,2024-10-27 11:17:10
1833530914,Sonal Kaushal,2409:40E0:1006:7DDA:8000:0:0:0,false,-12,enwiki,2024-10-27 11:17:12
1833531017,Amapiano,9inety 8ight,false,82,enwiki,2024-10-27 11:17:37
1833531119,Chinmoy Guha,103.87.142.164,false,-1,enwiki,2024-10-27 11:18:09
1833531201,Amaran (2024 film),Jokerrockonmoon,false,0,enwiki,2024-10-27 11:18:38
1833531210,Talk:Khota Qabar,Wikibear47,false,5,enwiki,2024-10-27 11:18:45
1833531310,Pakistan Muslim League (N),2001:8F8:1361:554F:E9:263F:D5AF:B7A,false,0,enwiki,2024-10-27 11:19:13
1833530607,Palleville,Monkbot,true,1,enwiki,2024-10-27 11:15:30
1833530710,Brouzet-lès-Quissac,Monkbot,true,1,enwiki,2024-10-27 11:16:01
1833530805,Kalvene Parish,Marcocapelle,false,-21,enwiki,2024-10-27 11:16:31
358004103,Diskussion:Ichthyosaurier,J. Patrick Fischer,false,928,dewiki,2024-10-27 11:16:47
1833530908,Yoga Sutras of Patanjali,Balder-d,false,5,enwiki,2024-10-27 11:17:05
1833530915,Vic Armstrong,Kerkhof123,false,1,enwiki,2024-10-27 11:17:12
1833531000,Magnoliaceae,Peter coxhead,false,4,enwiki,2024-10-27 11:17:33
1833531018,Talk:Mouthwashing (video game),Ethmostigmus,false,-4,enwiki,2024-10-27 11:17:37
1833531105,Canberra United FC,SuperJew,false,0,enwiki,2024-10-27 11:17:59
1833531202,Talk:Mouthwashing (video game),Ethmostigmus,false,-683,enwiki,2024-10-27 11:18:41
1833531212,User talk:Cmglee,Uwappa,false,258,enwiki,2024-10-27 11:18:43
1833531311,Shaukat Khanum Memorial Cancer Hospital and Research Centre,2A01:E34:EC52:2560:9AF:A3C9:FD0C:C67A,false,1,enwiki,2024-10-27 11:19:21
358004215,Instrumentenlandesystem,Uli Elch,false,3,dewiki,2024-10-27 11:19:38
1833531401,Sai Dhanshika,Onel5969,false,20,enwiki,2024-10-27 11:19:59
1833530810,User:Asratulhasannahid/sandbox,Asratulhasannahid,false,-259,enwiki,2024-10-27 11:16:35
358004105,Garnisonskirche Hameln,AxelHH,false,-105,dewiki,2024-10-27 11:16:55
1833530909,User:AmandaNP/unblock table,DeltaQuadBot,true,263,enwiki,2024-10-27 11:17:11
1833530916,Schoolly D,Onel5969,false,38,enwiki,2024-10-27 11:17:12
1833531001,Draft:Gratic Kingdom,Grafdrakula567,false,-26,enwiki,2024-10-27 11:17:35
1833531203,Saint-Laurent-sous-Coiron,Monkbot,true,1,enwiki,2024-10-27 11:18:39
1833531213,2024–25 EHF European Cup,Thanbla,false,14,enwiki,2024-10-27 11:18:43
1833531302,The Shadow of Gaby Leed,Monkbot,true,1,enwiki,2024-10-27 11:19:16
1833531312,Talk:Harsh Sanghavi,2409:40C1:4038:C6C8:EC44:63FF:FEF5:D9FF,false,422,enwiki,2024-10-27 11:19:22
1833531402,Yakovlev Yak-141,103.149.37.13,false,27,enwiki,2024-10-27 11:19:57
1833530615,"Khvor Khvoreh, Bukan",HirowoWiki,false,1,enwiki,2024-10-27 11:15:33
1833530714,Yoon Jeung-hyun,Seefooddiet,false,58,enwiki,2024-10-27 11:16:04
1833530811,Talk:Khola At Khanqah Sirajia,Wikibear47,false,18,enwiki,2024-10-27 11:16:34
358004106,Neue Jesre'eltalbahn,Ulf Heinsohn,false,5,dewiki,2024-10-27 11:16:56
358004119,Schwarze Wegameise,Invisigoth67,false,51,dewiki,2024-10-27 11:17:12
1833531003,2024–25 Canberra United FC (A-League Women) season,SuperJew,false,-5,enwiki,2024-10-27 11:17:33
1833531109,Category:Illuminated books of hours,Doomhope,false,19,enwiki,2024-10-27 11:18:04
1833531215,Template:The Weeknd,89.103.74.168,false,-1,enwiki,2024-10-27 11:18:46
358004201,Pnau,YGO24895,false,-3,dewiki,2024-10-27 11:19:12
1833531306,SM City Clark,Allenabadsantos,false,0,enwiki,2024-10-27 11:19:17
1833531313,Haig Colliery,Bazza 7,false,59,enwiki,2024-10-27 11:19:22
358004211,"Adolf Bauer (Politiker, 1945)",Georg Hügler,false,59,dewiki,2024-10-27 11:19:33
358004216,Emil van Tongel,Ennimate,false,7,dewiki,2024-10-27 11:19:39
1833531403,Buzandaran Patmutʻiwnkʻ,Klbrain,false,1075,enwiki,2024-10-27 11:19:58
1833530617,El Clásico,Mishary94,false,-13,enwiki,2024-10-27 11:15:28
1833530713,Khor Kalmat,Wikibear47,false,54,enwiki,2024-10-27 11:16:05
1833530812,Leianokladi railway station,Monkbot,true,1,enwiki,2024-10-27 11:16:32
358004104,Golgohar Mining and Industrial Company,Falten-Jura,false,-20,dewiki,2024-10-27 11:16:51
1833530910,El Clásico,Mishary94,false,6,enwiki,2024-10-27 11:17:06
1833530917,Qaluy Sheykhan,HirowoWiki,false,1,enwiki,2024-10-27 11:17:13
1833531006,Balli Kombëtar,StephenMacky1,false,-34,enwiki,2024-10-27 11:17:32
1833531112,The Way to the Light,Monkbot,true,1,enwiki,2024-10-27 11:18:03
1833531218,Wikipedia:Reference desk/Computing,Music Air BB,false,169,enwiki,2024-10-27 11:18:46
1833531307,Timeline of the Israel–Hamas war (27 September 2024 – present),Pachu Kannan,false,1457,enwiki,2024-10-27 11:18:51
1833531315,Jon Schaffer,Cullen328,false,936,enwiki,2024-10-27 11:19:22
358004212,Wikipedia Diskussion:Wiki Loves Monuments 2024/Deutschland/Jury,Ailura,false,77,dewiki,2024-10-27 11:19:33
358004217,Flugplatz Arnsberg-Menden,Sokrates 399,false,-4,dewiki,2024-10-27 11:19:38
1833531404,Silesian Gorals,Monkbot,true,2,enwiki,2024-10-27 11:20:00
1833530619,Danish Nawaz,2400:ADC1:128:4D00:BE9E:2E75:9A04:29E1,false,-1,enwiki,2024-10-27 11:15:32
1833530818,Far-right politics in Finland,RKT7789,false,344,enwiki,2024-10-27 11:16:33
358004109,Wikipedia:Redaktion Informatik/Arbeitslisten/Sonstiges,TaxonBota,true,17,dewiki,2024-10-27 11:16:54
1833530919,"Category:People from Elsham, North Lincolnshire",Ernsanchez00,false,12,enwiki,2024-10-27 11:17:16
1833531011,Polish Society of the Phonographic Industry,Monkbot,true,3,enwiki,2024-10-27 11:17:35
1833531113,Sonora mud turtle,Bloopityboop,false,95,enwiki,2024-10-27 11:18:04
1833531204,Talk:Mir Dariya Khan Khoso,Wikibear47,false,28,enwiki,2024-10-27 11:18:42
358004203,Karin Strenz,Kanaltorplatz,false,53,dewiki,2024-10-27 11:19:19
1833531316,Wikipedia:Teahouse,Hoary,false,335,enwiki,2024-10-27 11:19:22
358004209,Garnisonskirche Hameln,AxelHH,false,175,dewiki,2024-10-27 11:19:29
358004219,Christliche Symbole in der Heraldik,Jed,false,56,dewiki,2024-10-27 11:19:39
1833531406,My Last Day (film),92.99.34.74,false,21,enwiki,2024-10-27 11:20:01
1833530704,Canadians of Indian descent,EmausBot,true,2,enwiki,2024-10-27 11:16:03
1833530715,Ministry for the Press and the Media,Monkbot,true,1,enwiki,2024-10-27 11:16:05
358004111,Ilja Nikolajewitsch Ljubuschkin,Tomyiy,false,-7,dewiki,2024-10-27 11:16:56
358004116,Hasso von Lenski,79.218.81.94,false,0,dewiki,2024-10-27 11:17:07
1833530911,12 Gaun,103.225.244.71,false,183,enwiki,2024-10-27 11:17:11
1833531010,Top Wing,2A00:23C6:FE87:6E01:2174:64CE:EA1B:2B6A,false,-77,enwiki,2024-10-27 11:17:35
1833531100,"Nikolayevka, Burayevsky District, Republic of Bashkortostan",Monkbot,true,1,enwiki,2024-10-27 11:18:00
358004202,Portal:Russland/Überarbeiten,TaxonBota,true,-173,dewiki,2024-10-27 11:19:12
358004205,Barbodes,Crazy1880,false,8,dewiki,2024-10-27 11:19:21
1833531317,Talk:Khudian,Wikibear47,false,2,enwiki,2024-10-27 11:19:24
1833531407,Fiscal year,Kalpesh Manna 2002,false,24,enwiki,2024-10-27 11:19:59
1833530705,Wikipedia:Sockpuppet investigations/Saqib,Saqib,false,379,enwiki,2024-10-27 11:16:03
1833530819,Sonal Kaushal,2409:40E0:1006:7DDA:8000:0:0:0,false,1,enwiki,2024-10-27 11:16:35
358004110,Benutzer:Wurgl/Fehler GND,Silewe,false,236,dewiki,2024-10-27 11:16:43
358004115,Westafrikanische Küche,Bertramz,false,-1263,dewiki,2024-10-27 11:17:03
1833530912,Léren,Monkbot,true,1,enwiki,2024-10-27 11:17:10
1833531013,1994 in hip hop music,Onel5969,false,38,enwiki,2024-10-27 11:17:37
1833531101,Deaths in 2024,CAWylie,false,14,enwiki,2024-10-27 11:17:58
1833531115,Raudondvaris Castle,Monkbot,true,2,enwiki,2024-10-27 11:18:06
1833531207,User:Peter I. Vardy/sandbox,Peter I. Vardy,false,-15,enwiki,2024-10-27 11:18:43
358004207,KGB-Residentur Dresden,Thomas Wozniak,false,-4,dewiki,2024-10-27 11:19:21
1833531318,Welcome to America,Onel5969,false,-41,enwiki,2024-10-27 11:19:25
358004213,The Killers/Diskografie,Lk95,false,0,dewiki,2024-10-27 11:19:32
1833531408,User talk:Santiago Claudio,SineBot,true,285,enwiki,2024-10-27 11:20:01
1833531413,Petr Aven,Thomasquinn1004,false,2,enwiki,2024-10-27 11:20:02
1833531501,Buzandaran Patmutʻiwnkʻ,Klbrain,false,-105,enwiki,2024-10-27 11:20:36
1833531604,Roger Viel,Bazza 7,false,23,enwiki,2024-10-27 11:21:14
1833531615,Głusiec,Monkbot,true,2,enwiki,2024-10-27 11:21:18
358004300,Stäupen,79.230.31.11,false,11,dewiki,2024-10-27 11:21:34
358004306,Michael Hagemeister,2003:EF:370E:2181:C5EC:A987:54D:CBA6,false,-37,dewiki,2024-10-27 11:21:42
1833531702,Talk:Khunda,Wikibear47,false,3,enwiki,2024-10-27 11:21:46
358004317,Linksjugend solid,Invisigoth67,false,1,dewiki,2024-10-27 11:22:01
1833531502,Social care in Wales,SqrtLog,false,-85,enwiki,2024-10-27 11:20:38
1833531605,List of countries by alcohol consumption per capita,94.255.152.53,false,2,enwiki,2024-10-27 11:21:09
358004308,München,Girwidz,false,-134,dewiki,2024-10-27 11:21:29
1833531703,"Chahar Divar, West Azerbaijan",HirowoWiki,false,1,enwiki,2024-10-27 11:21:46
358004318,Schwarzmühle (Iphofen),Adalbertriehl,false,61,dewiki,2024-10-27 11:22:03
1833531505,Hanau shootings,Monkbot,true,1,enwiki,2024-10-27 11:20:35
1833531606,"Baghcheh, Il Teymur",HirowoWiki,false,1,enwiki,2024-10-27 11:21:15
1833531616,Jeremi Wiśniowiecki,46.112.74.191,false,-120,enwiki,2024-10-27 11:21:17
1833531704,Denis Laptev,Monkbot,true,2,enwiki,2024-10-27 11:21:45
358004315,"Datei:Stolperstein für Ruth Löb, Tschaikowskistraße 10, Leipzig.jpg",Cookroach,false,80,dewiki,2024-10-27 11:21:58
1833531414,Kuyili (actress),Onel5969,false,20,enwiki,2024-10-27 11:20:05
1833531708,Talk:Khurmana River,Wikibear47,false,18,enwiki,2024-10-27 11:21:49
1833531416,Arakan Army,2405:3800:88B:7F0F:A4FB:55FF:FE46:C892,false,-17742,enwiki,2024-10-27 11:20:03
1833531506,Special Police Forces (Ukraine),M Waleed,false,30,enwiki,2024-10-27 11:20:38
358004301,Gekreuzigter Christus (Velázquez),Invisigoth67,false,-1,dewiki,2024-10-27 11:21:36
1833531709,David (commentator),Monkbot,true,1,enwiki,2024-10-27 11:21:48
358004313,Wikipedia:Redaktion Film und Fernsehen,Thomas Dresler,false,489,dewiki,2024-10-27 11:21:51
1833531415,Beit Ta'mir,Ta'amira Tribe,false,12,enwiki,2024-10-27 11:20:05
1833531515,Gorenje Otave,Monkbot,true,1,enwiki,2024-10-27 11:20:39
358004303,Stadtkirche Dippoldiswalde,Ghostwriter123,false,154,dewiki,2024-10-27 11:21:40
1833531712,Talk:Beatriz Gonzalez,Saschaporsche,false,319,enwiki,2024-10-27 11:21:49
358004314,Lance Dossor,Invisigoth67,false,16,dewiki,2024-10-27 11:21:54
1833531418,2024–25 Women's Big Bash League season,PEditorS10,false,7,enwiki,2024-10-27 11:20:05
1833531516,2024 Jharkhand Legislative Assembly election,Sachin126,false,-7,enwiki,2024-10-27 11:20:38
1833531610,Babelsberg Palace,Monkbot,true,1,enwiki,2024-10-27 11:21:15
1833531700,Saima Thakor,223.178.212.120,false,210,enwiki,2024-10-27 11:21:42
1833531714,Plymouth Argyle F.C.,David Biddulph,false,-4,enwiki,2024-10-27 11:21:42
358004319,Diskussion:Winterzwiebel,BotBln,false,22,dewiki,2024-10-27 11:22:05
1833531417,Adi Shankara,Prabhatv01,false,-480,enwiki,2024-10-27 11:19:57
1833531517,Bom Jesus (ship),92.184.118.99,false,3,enwiki,2024-10-27 11:20:41
358004311,PLK (Rapper),YGO24895,false,43,dewiki,2024-10-27 11:21:49
1833531419,Shaukat Khanum Memorial Cancer Hospital and Research Centre,2A01:E34:EC52:2560:9AF:A3C9:FD0C:C67A,false,102,enwiki,2024-10-27 11:20:07
1833531518,Rhodes,87.116.183.2,false,1,enwiki,2024-10-27 11:20:36
1833531613,Arthur Bryant,TheCatCollective,false,-2,enwiki,2024-10-27 11:21:18
358004305,Jalid Sehouli,Silewe,false,67,dewiki,2024-10-27 11:21:41
358004310,Home-Deluxe-Arena,Kaisehr74,false,61,dewiki,2024-10-27 11:21:44
1833531716,Northeast Texas,No No No No Name fu,false,84,enwiki,2024-10-27 11:21:49
1833531519,Batumi,El asesino92,false,106,enwiki,2024-10-27 11:20:37
1833531601,George Metochites,Monkbot,true,1,enwiki,2024-10-27 11:21:12
1833531701,Draft:Hijack '93,Afrowriter,false,32,enwiki,2024-10-27 11:21:44
1833531718,Talk:Khurram Colony,Wikibear47,false,5,enwiki,2024-10-27 11:21:51
1833532013,Scarecrow (DC Comics),JokEobard,false,17,enwiki,2024-10-27 11:23:27
1833531814,User:Uwappa,Uwappa,false,64,enwiki,2024-10-27 11:22:21
1833531904,Croatian Pure Party of Rights,8092hhofoooDauu4jjrr,false,500,enwiki,2024-10-27 11:22:51
1833532000,Anti-ballistic missile,Nafis Fuad Ayon,false,-6,enwiki,2024-10-27 11:23:20
1833532014,Ebrahim Raisi,Onel5969,false,11,enwiki,2024-10-27 11:23:21
1833531815,SVC Mačka,Bazza 7,false,-22,enwiki,2024-10-27 11:22:21
1833531910,Cross of Independence,Monkbot,true,1,enwiki,2024-10-27 11:22:51
1833531919,Talk:Adi Shankara,Prabhatv01,false,527,enwiki,2024-10-27 11:22:51
1833532017,Echoes from a Sombre Empire,Monkbot,true,1,enwiki,2024-10-27 11:23:27
1833531816,Duchy of Żagań,Monkbot,true,4,enwiki,2024-10-27 11:22:20
1833532016,Template:Taxonomy/Cephalurus,Quetzal1964,false,3,enwiki,2024-10-27 11:23:29
1833531819,User:MacronMonitor/Alerts,MacronMonitor,false,230,enwiki,2024-10-27 11:22:21
1833531912,Campbell Hatton,51.241.67.1,false,110,enwiki,2024-10-27 11:22:52
1833532005,Miss Cosmopolitan World,Rc ramz,false,10,enwiki,2024-10-27 11:23:25
1833532018,"Elmabad, West Azerbaijan",HirowoWiki,false,1,enwiki,2024-10-27 11:23:29
1833531913,D Cide Traumerei,37.100.36.119,false,0,enwiki,2024-10-27 11:22:53
1833532007,Ivolginsky District,Monkbot,true,2,enwiki,2024-10-27 11:23:24
1833531915,"Darvishan, West Azerbaijan",HirowoWiki,false,1,enwiki,2024-10-27 11:22:53
1833532008,Talk:Khushipur,Wikibear47,false,5,enwiki,2024-10-27 11:23:26
1833531916,List of programs broadcast by Kalaignar TV,206.84.236.150,false,4,enwiki,2024-10-27 11:22:53
1833531810,Jersey City Free Public Library,Transpoman,false,25,enwiki,2024-10-27 11:22:20
1833531917,Kuomintang,Morrisonjohn022,false,15,enwiki,2024-10-27 11:22:40
1833531813,"Talk:Khost, Pakistan",Wikibear47,false,18,enwiki,2024-10-27 11:22:22
1833531918,Angela Pagano,Cavarrone,false,0,enwiki,2024-10-27 11:22:55
1833532101,Paulo Menezes (football coach),2403:6200:88A7:C82:6C09:4DB:D100:8A0F,false,79,enwiki,2024-10-27 11:23:57
1833532109,Blue Lock,Xexerss,false,-160,enwiki,2024-10-27 11:23:58
358004409,Bernd Euler-Rolle,Crazy1880,false,4,dewiki,2024-10-27 11:24:12
358004415,Elisabetta Gonzaga,Boonekamp,false,-29,dewiki,2024-10-27 11:24:22
1833532201,Nicholas Hagiotheodorites,Monkbot,true,1,enwiki,2024-10-27 11:24:28
1833532212,Lollipop catshark,Quetzal1964,false,6,enwiki,2024-10-27 11:24:33
358004401,Augusto Giacometti,Cheyron,false,36,dewiki,2024-10-27 11:23:58
1833532110,User:GrabUp/sandbox,GrabUp,false,-20,enwiki,2024-10-27 11:24:03
1833532213,Kate Ryan discography,Yandrak,false,-1,enwiki,2024-10-27 11:24:34
1833532102,Saint-Bonnet-de-Salendrinque,Monkbot,true,1,enwiki,2024-10-27 11:23:55
1833532111,Pax Indica (book),ReshamGi,false,1,enwiki,2024-10-27 11:24:03
358004407,546,Rheinpaul,false,11,dewiki,2024-10-27 11:24:08
358004417,Kategorie:Werbeblocker,Y2kbug,false,245,dewiki,2024-10-27 11:24:24
1833532202,Philadelphia City Hall,Onel5969,false,27,enwiki,2024-10-27 11:24:27
1833532214,Jerome Caminada,TheCatCollective,false,-2,enwiki,2024-10-27 11:24:35
358004402,Waldhof (Iphofen),Adalbertriehl,false,55,dewiki,2024-10-27 11:23:59
358004406,Benutzer:Matthias v.d. Elbe/Minardi M195,Matthias v.d. Elbe,false,2475,dewiki,2024-10-27 11:24:04
358004418,Chronologie des Krieges in Nahost seit 2023,Jayen466,false,-32,dewiki,2024-10-27 11:24:16
1833532203,2024 Chinese Super League,Qby,false,0,enwiki,2024-10-27 11:24:24
1833532215,Crimean People's Republic,CommonsDelinker,true,-58,enwiki,2024-10-27 11:24:33
358004404,Wikipedia:WikiProjekt Aachen/Wartung,TaxonBota,true,-75,dewiki,2024-10-27 11:24:02
1833532112,Vigo–Peinador Airport,2404:C0:90A0:0:0:0:598:902F,false,-27,enwiki,2024-10-27 11:24:03
1833532204,CGP Grey,GCab,false,-4,enwiki,2024-10-27 11:24:29
1833532216,1953 World Series,Onel5969,false,27,enwiki,2024-10-27 11:24:32
358004403,Instrumentenlandesystem,Uli Elch,false,-26,dewiki,2024-10-27 11:24:02
1833532113,Moon (Korean name),N. Mortimer,false,1,enwiki,2024-10-27 11:24:04
358004419,Jesper Boqvist,Tomyiy,false,-71,dewiki,2024-10-27 11:24:24
1833532207,"Hoseynabad, Bukan",HirowoWiki,false,1,enwiki,2024-10-27 11:24:30
1833532217,Lib.ru,Monkbot,true,1,enwiki,2024-10-27 11:24:35
358004405,Diskussion:Lamborghini,37.102.119.82,false,97,dewiki,2024-10-27 11:24:01
1833532114,The Lost Girls (film),Bazza 7,false,5,enwiki,2024-10-27 11:24:04
358004411,Adam Boqvist,Tomyiy,false,-7,dewiki,2024-10-27 11:24:15
358004400,Wikipedia:WikiProjekt Frauen/Frauen in Rot/Fehlende Artikel nach Nationalität/Neuseeländerinnen,TaxonBot,true,8,dewiki,2024-10-27 11:23:35
1833532107,Aurignac,Monkbot,true,1,enwiki,2024-10-27 11:23:59
1833532116,Jorge Martín,80.4.230.204,false,147,enwiki,2024-10-27 11:24:02
1833532218,Moon (Korean name),N. Mortimer,false,0,enwiki,2024-10-27 11:24:37
1833532106,2025 China League One,Qby,false,240,enwiki,2024-10-27 11:24:00
1833532119,Brandon Ogbunu,Gerbil,false,158,enwiki,2024-10-27 11:24:05
358004412,Benutzer:Kürschner/Pelztier3,Kürschner,false,4,dewiki,2024-10-27 11:24:15
1833532210,Mongauzy,Monkbot,true,1,enwiki,2024-10-27 11:24:31
1833532219,Talk:Thomas Sewell (neo-Nazi)/GA1,PARAKANYAA,false,255,enwiki,2024-10-27 11:24:37
1833532100,2024 Iranian strikes against Israel,Onel5969,false,46,enwiki,2024-10-27 11:23:57
1833532108,2024 Chinese Super League,Qby,false,0,enwiki,2024-10-27 11:23:54
358004408,Bunsen-Reaktion,Nick B.,false,2,dewiki,2024-10-27 11:24:12
358004413,Garnisonskirche Hameln,AxelHH,false,48,dewiki,2024-10-27 11:24:16
1833532211,Fiscal year,Kalpesh Manna 2002,false,-8,enwiki,2024-10-27 11:24:32
1833532307,Pramila Bhatt,223.178.212.120,false,0,enwiki,2024-10-27 11:25:06
1833532319,Wikipedia:WikiProject Louisville/Nursery,SDZeroBot,true,0,enwiki,2024-10-27 11:25:18
1833532415,Batumi,Bunnypranav,false,-106,enwiki,2024-10-27 11:25:44
358004506,The Briggs,Crazy1880,false,14,dewiki,2024-10-27 11:25:54
1833532501,1996 Jacksonville Jaguars season,DragonFury,false,2048,enwiki,2024-10-27 11:26:08
1833532513,Mancioux,Monkbot,true,1,enwiki,2024-10-27 11:26:12
1833532418,List of Nepalese media,Acharyahikmat,false,-21,enwiki,2024-10-27 11:25:49
358004508,Teluxe,AX29,false,-6,dewiki,2024-10-27 11:25:57
358004512,Tetelrath,Crazy1880,false,-9,dewiki,2024-10-27 11:26:03
1833532502,Arkadi,Monkbot,true,1,enwiki,2024-10-27 11:26:09
358004517,Bill Brown (Komponist),Invisigoth67,false,2,dewiki,2024-10-27 11:26:16
358004503,The Last Dinner Party,Lk95,false,2,dewiki,2024-10-27 11:25:50
358004510,Benutzer:Aka/Fehlerlisten/Typographische Anführungszeichen/001,Dk1909,false,-1743,dewiki,2024-10-27 11:26:00
358004513,Stadtkirche Dippoldiswalde,Ghostwriter123,false,53,dewiki,2024-10-27 11:26:03
358004514,Diskussion:Lena Schilling,Rex250,false,-412,dewiki,2024-10-27 11:26:10
358004519,Lidingö,Loper12321,false,49,dewiki,2024-10-27 11:26:17
1833532308,Pniv,Monkbot,true,3,enwiki,2024-10-27 11:25:10
1833532503,2024 Chinese Super League,Qby,false,0,enwiki,2024-10-27 11:26:06
1833532309,File:PaxIndicaBook.jpg,ReshamGi,false,0,enwiki,2024-10-27 11:25:13
358004500,Eileen Gray,Sokrates 399,false,8,dewiki,2024-10-27 11:25:46
358004507,Surabaya International,Florentyna,false,33,dewiki,2024-10-27 11:25:55
358004509,Wikipedia:Verschiebewünsche,Endimione,false,857,dewiki,2024-10-27 11:25:58
1833532506,Draft:Marie Tomanova,Wenncesslas,false,58,enwiki,2024-10-27 11:26:12
1833532514,Tilișca,Monkbot,true,2,enwiki,2024-10-27 11:26:16
1833532310,User:GrabUp/External Links Remover.js,GrabUp,false,110,enwiki,2024-10-27 11:25:13
358004504,Adrian Kasnitz,Dk1909,false,0,dewiki,2024-10-27 11:25:51
1833532507,Vladan Danilović,80.65.89.138,false,0,enwiki,2024-10-27 11:26:13
1833532515,Moon Sung-keun,N. Mortimer,false,0,enwiki,2024-10-27 11:26:17
1833532509,Metope,Gleb713,false,-424,enwiki,2024-10-27 11:26:14
1833532517,Murder Drones,JalenBarks,false,-217,enwiki,2024-10-27 11:26:17
1833532313,Kalyug (2005 film),Gotitbro,false,47,enwiki,2024-10-27 11:25:12
1833532408,Chief Aloysius Chidozie Ogbonna,Onel5969,false,28,enwiki,2024-10-27 11:25:48
358004511,Benutzer:FordPrefect42/Friedrich Christian Mohrheim,FordPrefect42,false,132,dewiki,2024-10-27 11:26:01
1833532510,Political families of Haryana,Unknown FG,false,93,enwiki,2024-10-27 11:26:12
1833532518,FC Viitorul II Constanța,Filedelinkerbot,true,-74,enwiki,2024-10-27 11:26:19
1833532318,Kayser-Roth,Onel5969,false,28,enwiki,2024-10-27 11:25:16
358004501,Michael Hagemeister,2003:EF:370E:2181:C5EC:A987:54D:CBA6,false,2,dewiki,2024-10-27 11:25:49
358004516,Benutzer Diskussion:Oliver s.,Oliver s.,false,282,dewiki,2024-10-27 11:26:15
1833532300,Haryanvi cinema,Iamgadanjoga,false,160,enwiki,2024-10-27 11:25:09
1833532416,User:StefenTower/sandbox3,SDZeroBot,true,-47,enwiki,2024-10-27 11:25:36
1833532500,User talk:El asesino92,Bunnypranav,false,577,enwiki,2024-10-27 11:26:09
1833532512,List of Adivasis,Brusquedandelion,false,125,enwiki,2024-10-27 11:26:14
1833532607,History of Belgrade,Monkbot,true,1,enwiki,2024-10-27 11:26:45
1833532704,User:GrabUp/External Links Remover.js,GrabUp,false,137,enwiki,2024-10-27 11:27:12
1833532718,Talk:Thomas Sewell (neo-Nazi)/GA1,PARAKANYAA,false,8,enwiki,2024-10-27 11:27:17
1833532608,Geology of Snowdonia National Park,Geopersona,false,227,enwiki,2024-10-27 11:26:48
1833532817,Neetu David,223.178.212.120,false,1,enwiki,2024-10-27 11:27:38
1833532609,26th Infantry Division (Poland),Monkbot,true,3,enwiki,2024-10-27 11:26:48
1833532719,Anastasia Tsilimpiou,Monkbot,true,1,enwiki,2024-10-27 11:27:15
1833532801,Hunting and shooting in the United Kingdom,2.69.117.55,false,0,enwiki,2024-10-27 11:27:36
1833532707,List of Nepalese media,Acharyahikmat,false,35,enwiki,2024-10-27 11:27:13
1833532802,List of Nepalese media,Acharyahikmat,false,-35,enwiki,2024-10-27 11:27:39
1833532612,Jeffrey Sinclair,Mloren,false,0,enwiki,2024-10-27 11:26:50
1833532708,Lev Oborin,Monkbot,true,1,enwiki,2024-10-27 11:27:12
1833532803,Stone Mountains,Monkbot,true,2,enwiki,2024-10-27 11:27:38
1833532603,Jared Safier,Onel5969,false,19,enwiki,2024-10-27 11:26:44
1833532613,Star Wars: The Fallen Star,Mika1h,false,17,enwiki,2024-10-27 11:26:50
1833532804,Anti-ballistic missile,Nafis Fuad Ayon,false,-66,enwiki,2024-10-27 11:27:36
1833532616,User talk:El asesino92,Bunnypranav,false,362,enwiki,2024-10-27 11:26:52
1833532710,Nicholas Wiseman,202.61.110.250,false,38,enwiki,2024-10-27 11:27:13
1833532805,User:Peter I. Vardy/sandbox,Peter I. Vardy,false,-18850,enwiki,2024-10-27 11:27:39
1833532617,2021–22 Liga I,CommonsDelinker,true,-58,enwiki,2024-10-27 11:26:46
1833532711,Talk:Kiri Shamozai,Wikibear47,false,6,enwiki,2024-10-27 11:27:15
1833532811,Talk:Kirtowal,Wikibear47,false,19,enwiki,2024-10-27 11:27:40
1833532605,D-Sisive,Filedelinkerbot,true,-12,enwiki,2024-10-27 11:26:46
1833532618,First of the Year (Equinox),Filedelinkerbot,true,-31,enwiki,2024-10-27 11:26:50
1833532700,User:Trusername,Trusername,false,-11,enwiki,2024-10-27 11:27:11
1833532712,2024 Chinese Super League,Qby,false,0,enwiki,2024-10-27 11:27:09
1833532812,User:Trusername,Trusername,false,-176,enwiki,2024-10-27 11:27:40
1833532606,Cave bear,Anaxial,false,-59,enwiki,2024-10-27 11:26:45
1833532702,Tatyana Skotnikova,Monkbot,true,1,enwiki,2024-10-27 11:27:09
1833532914,"Qarali, Iran",HirowoWiki,false,1,enwiki,2024-10-27 11:28:07
358004611,SECR-Klasse D,Pechristener,false,0,dewiki,2024-10-27 11:28:15
1833533008,Rafał Gaweł,Monkbot,true,3,enwiki,2024-10-27 11:28:37
1833533102,Rochecolombe,Monkbot,true,1,enwiki,2024-10-27 11:29:02
358004605,Adela Florence Nicolson,Georg Hügler,false,14,dewiki,2024-10-27 11:28:09
1833533010,User:PE fans/sandbox,PE fans,false,24,enwiki,2024-10-27 11:28:37
1833533106,2008 Atlantic hurricane season,SomeoneWiki04,false,-1,enwiki,2024-10-27 11:29:01
358004607,Instrumentenlandesystem,Uli Elch,false,3,dewiki,2024-10-27 11:28:09
1833533011,Anagha Deshpande,223.178.212.120,false,-10,enwiki,2024-10-27 11:28:37
1833533108,"Talitsa, Talitsky District, Sverdlovsk Oblast",Monkbot,true,1,enwiki,2024-10-27 11:29:06
358004612,Ulrichs (Gemeinde Unserfrau-Altweitra),Tärkein kampa,false,-40,dewiki,2024-10-27 11:28:17
1833533013,Draft:Murder of Nancy Adleman,NelsonLee20042020,false,0,enwiki,2024-10-27 11:28:39
1833533116,Francesco Bagnaia,188.156.201.183,false,0,enwiki,2024-10-27 11:29:01
358004609,"Datei:Stolperstein für Luise Martha Schweizer, Riesaer Straße 40, Dresden (2).jpg",Cookroach,false,93,dewiki,2024-10-27 11:28:13
358004615,Comcast Business U.S. Open Championships 2024,Squasher,false,799,dewiki,2024-10-27 11:28:22
358004619,Jakow Wjatscheslawowitsch Trenin,Tomyiy,false,-7,dewiki,2024-10-27 11:28:28
1833533014,Al-Amir bi-Ahkam Allah,Cplakidas,false,0,enwiki,2024-10-27 11:28:35
1833533118,Wikipedia:WikiProject Academic Journals/Journals cited by Wikipedia/Publisher27,JL-Bot,true,20,enwiki,2024-10-27 11:29:03
358004608,Etwashausen,Adalbertriehl,false,59,dewiki,2024-10-27 11:28:09
358004613,Wikipedia:Fehlende Artikel,Atamari,false,-55,dewiki,2024-10-27 11:28:15
358004617,The New-Zealander,AX29,false,-4,dewiki,2024-10-27 11:28:28
1833533002,San Francisco,2601:645:4301:21F0:ACE3:5C35:18ED:9FA5,false,-264,enwiki,2024-10-27 11:28:24
1833533015,Arman (missile system),Nafis Fuad Ayon,false,4,enwiki,2024-10-27 11:28:39
1833533117,2024–25 Persija Jakarta season,Catalyszczowski,false,2,enwiki,2024-10-27 11:29:00
1833532912,Talk:Safdar Kiyani,Wikibear47,false,6,enwiki,2024-10-27 11:28:07
358004616,Rhein-Hunsrück-Kreis,Bungert55,false,-321,dewiki,2024-10-27 11:28:22
1833533003,"Nikolayevka, Gorodensky selsoviet, Lgovsky District, Kursk Oblast",Monkbot,true,2,enwiki,2024-10-27 11:28:34
1833533017,Wikipedia:WikiProject Academic Journals/Journals cited by Wikipedia/Publisher15,JL-Bot,true,-25,enwiki,2024-10-27 11:28:33
358004604,Paul Heaton,Lk95,false,1,dewiki,2024-10-27 11:28:07
358004614,Bahamakleiber,Melly42,false,-25,dewiki,2024-10-27 11:28:19
1833533004,Thousand Foot Krutch discography,DonkeyDood15 ukog-monkey,false,-1094,enwiki,2024-10-27 11:28:35
1833533018,Draft:Kasper Borremans,Hildreth gazzard,false,492,enwiki,2024-10-27 11:28:40
1833533100,Arman (missile system),Nafis Fuad Ayon,false,0,enwiki,2024-10-27 11:29:04
1833532911,Imeni Morozova,Monkbot,true,1,enwiki,2024-10-27 11:28:05
1833533005,Kazi Rafiqul Alam,Rafiqul01,false,-206,enwiki,2024-10-27 11:28:37
1833533019,Vicky Hadjivassiliou,Monkbot,true,1,enwiki,2024-10-27 11:28:40
1833532913,Penang Islamic Department Building,HundenvonPenang,false,-47,enwiki,2024-10-27 11:28:06
1833533006,Wikipedia:WikiProject Academic Journals/Journals cited by Wikipedia/Publisher14,JL-Bot,true,-157,enwiki,2024-10-27 11:28:30
1833533101,Wikipedia:WikiProject Academic Journals/Journals cited by Wikipedia/Publisher26,JL-Bot,true,-79,enwiki,2024-10-27 11:29:01
1833533209,Hunting and shooting in the United Kingdom,2.69.117.55,false,2400,enwiki,2024-10-27 11:29:34
1833533307,Wikipedia:WikiProject Organized Labour/New Articles,Goldsztajn,false,132,enwiki,2024-10-27 11:30:11
1833533210,Kinosternon,Bloopityboop,false,203,enwiki,2024-10-27 11:29:35
1833533214,Happy Together (South Korean TV series),Iammelbg,false,-40,enwiki,2024-10-27 11:29:38
1833533309,"Pervomaysky (urban-type settlement), Kirov Oblast",Monkbot,true,1,enwiki,2024-10-27 11:30:09
1833533200,"Gorenja Vas, Gorenja Vas–Poljane",Monkbot,true,3,enwiki,2024-10-27 11:29:31
1833533216,2024–25 Persija Jakarta season,Catalyszczowski,false,0,enwiki,2024-10-27 11:29:34
1833533310,Hazaribagh district,2409:408A:3DBE:57A2:0:0:1B08:1B07,false,4,enwiki,2024-10-27 11:30:09
1833533202,Tyne and Wear Fire and Rescue Service,10mmsocket,false,-31,enwiki,2024-10-27 11:29:34
1833533217,New Taipei CTBC DEA all-time roster,安狄,false,8,enwiki,2024-10-27 11:29:38
1833533311,Physochlaina,Flobbadob,false,22,enwiki,2024-10-27 11:30:11
1833533206,Giannis Bastianos,Monkbot,true,1,enwiki,2024-10-27 11:29:35
1833533305,2024 Guangzhou Open,Rafter913,false,12,enwiki,2024-10-27 11:30:08
1833533312,Wikipedia:Categories for discussion/Log/2024 October 27,AusLondonder,false,357,enwiki,2024-10-27 11:30:13
1833533207,Paul Dudley White,Citation bot,true,16,enwiki,2024-10-27 11:29:36
1833533218,Delusional misidentification syndrome,Chimera22,false,-36,enwiki,2024-10-27 11:29:39
1833533306,List of Three's Company episodes,"תיל\"ם",false,90,enwiki,2024-10-27 11:30:08
1833533313,Category:Kudat,AusLondonder,false,349,enwiki,2024-10-27 11:30:13
1833533208,List of Polish Nobel laureates,PavKls,false,-83,enwiki,2024-10-27 11:29:36
1833533219,World Congress of Intellectuals in Defense of Peace,Monkbot,true,1,enwiki,2024-10-27 11:29:38
1833533317,User talk:Jgarbowicz,AusLondonder,false,743,enwiki,2024-10-27 11:30:14
1833533403,User:GrabUp/sandbox,GrabUp,false,21,enwiki,2024-10-27 11:30:47
358004712,Wikipedia:Café,Julius Senegal,false,590,dewiki,2024-10-27 11:30:45
1833533517,Carcans,Monkbot,true,1,enwiki,2024-10-27 11:31:29
358004701,Vale Royal Abbey,Rheinpaul,false,81,dewiki,2024-10-27 11:30:38
1833533401,Arjen Robben,Chelsea133,false,11,enwiki,2024-10-27 11:30:36
1833533416,User talk:CheekyBottom14,Bunnypranav,false,587,enwiki,2024-10-27 11:30:53
1833533518,Talk:2024 Pacific typhoon season/October,Meow,false,2461,enwiki,2024-10-27 11:31:33
1833533404,Jack Coffey (rugby union),Jevansen,false,46,enwiki,2024-10-27 11:30:47
1833533418,Timeline of the Israel–Hamas war (27 September 2024 – present),ThePaganUK,false,76,enwiki,2024-10-27 11:30:35
358004705,Maxim Vallentin,DynaMoToR,false,51,dewiki,2024-10-27 11:30:46
1833533407,Žalna,Monkbot,true,3,enwiki,2024-10-27 11:30:47
1833533419,User:GrabUp/sandbox,GrabUp,false,-20,enwiki,2024-10-27 11:30:54
1833533509,Anita Marcos,Crowsus,false,49,enwiki,2024-10-27 11:31:29
358004702,Jonathan Marchessault,Tomyiy,false,-7,dewiki,2024-10-27 11:30:42
358004708,Zach Bryan/Diskografie,Lk95,false,3,dewiki,2024-10-27 11:30:48
358004714,Kirschpflaume,Tara2,false,7,dewiki,2024-10-27 11:30:58
358004717,Mcgarrybowen,Phzh,false,133,dewiki,2024-10-27 11:31:04
1833533504,2024 Chinese Super League,Qby,false,82,enwiki,2024-10-27 11:31:20
1833533409,List of MTV video jockeys,Khairul hazim,false,32,enwiki,2024-10-27 11:30:48
1833533511,Listed buildings in Great Ouseburn,Peter I. Vardy,false,96,enwiki,2024-10-27 11:31:28
358004710,Lutomia Górna,Wietek,false,28,dewiki,2024-10-27 11:30:50
358004718,Gerhard von Zezschwitz,Freygangfreunde,false,116,dewiki,2024-10-27 11:31:05
1833533505,Kehot Publication Society,YisroelB501,false,114,enwiki,2024-10-27 11:31:26
1833533513,User:PE fans/sandbox,PE fans,false,-12,enwiki,2024-10-27 11:31:28
358004700,Şahika Ercümen,Invisigoth67,false,-2,dewiki,2024-10-27 11:30:38
1833533400,Lollipop catshark,Quetzal1964,false,4,enwiki,2024-10-27 11:30:46
1833533412,Talk:Maggie McNamara,Commander Keane,false,402,enwiki,2024-10-27 11:30:50
358004719,Benutzer:Robertk9410/Artikelentwurf5,Robertk9410,false,169,dewiki,2024-10-27 11:31:03
1833533506,Template:Fatimid family tree,Cplakidas,false,87,enwiki,2024-10-27 11:31:27
1833533514,Piri,Launchballer,false,5,enwiki,2024-10-27 11:31:27
358004706,Wikipedia:WikiProjekt Afrika/Überarbeitungswürdige Artikel,TaxonBota,true,61,dewiki,2024-10-27 11:30:43
1833533414,2024–25 Moldovan Super Liga,Kolya77,false,0,enwiki,2024-10-27 11:30:50
358004713,Matt Catingub,Engelbaet,false,24,dewiki,2024-10-27 11:30:54
358004715,Instrumentenlandesystem,Uli Elch,false,18,dewiki,2024-10-27 11:31:01
1833533507,Człopa,Monkbot,true,1,enwiki,2024-10-27 11:31:25
1833533402,Francesco Bagnaia,188.156.201.183,false,0,enwiki,2024-10-27 11:30:41
1833533415,Laupen Castle,Monkbot,true,1,enwiki,2024-10-27 11:30:50
358004716,Garnisonskirche Hameln,AxelHH,false,31,dewiki,2024-10-27 11:31:02
1833533516,Jack Coffey (rugby union),Jevansen,false,45,enwiki,2024-10-27 11:31:31
1833533603,Wikipedia talk:Vital articles/Level/5/Society/Archive 13,Makkool,false,905,enwiki,2024-10-27 11:31:59
1833533711,"Amirabad, Bukan",HirowoWiki,false,1,enwiki,2024-10-27 11:32:33
1833533614,"Oktyabrsky District, Primorsky Krai",Monkbot,true,1,enwiki,2024-10-27 11:32:08
1833533605,Ali Abu Nuwar,Hamasien,false,15,enwiki,2024-10-27 11:32:05
1833533615,Wikipedia talk:Vital articles/Level/5/Society,Makkool,false,-895,enwiki,2024-10-27 11:32:01
1833533606,"Hedwig Jagiellon, Electress of Brandenburg",Monkbot,true,3,enwiki,2024-10-27 11:32:05
1833533700,Talk:Kotli Rai Abubakar,Wikibear47,false,6,enwiki,2024-10-27 11:32:31
1833533608,Sandown,10mmsocket,false,-47,enwiki,2024-10-27 11:32:06
1833533702,Adjara,El asesino92,false,251,enwiki,2024-10-27 11:32:26
1833533609,LSD,Meters,false,197,enwiki,2024-10-27 11:31:58
1833533704,Arunadhati Santosh Ghosh,223.178.212.120,false,11,enwiki,2024-10-27 11:32:31
1833533600,Golden age of Jewish culture in Spain,Bro The Man,false,324,enwiki,2024-10-27 11:32:03
1833533708,Henry VII of Brzeg,Monkbot,true,1,enwiki,2024-10-27 11:32:31
1833533916,Émile Eddé,Asrefaei,false,44,enwiki,2024-10-27 11:33:14
1833534000,List of designated heritage properties in Ottawa,Orenburg1,false,0,enwiki,2024-10-27 11:33:28
358004802,Diskussion:Polyphenole,Ghilt,false,392,dewiki,2024-10-27 11:33:33
358004809,Brazzaville Challenger 2024,Catgamer,false,-15,dewiki,2024-10-27 11:33:49
1833534001,Talk:Kumaranwali,Wikibear47,false,18,enwiki,2024-10-27 11:33:30
1833534013,Vangelis Andreou,Monkbot,true,1,enwiki,2024-10-27 11:33:32
358004807,Benutzer:Robertk9410/Artikelentwurf5,Robertk9410,false,38,dewiki,2024-10-27 11:33:41
358004813,Sumpf-Herzblatt,Kuhni74,false,95,dewiki,2024-10-27 11:33:54
358004800,IPhone,Invisigoth67,false,-14,dewiki,2024-10-27 11:33:15
1833534014,Talk:Suman Pawan Bodani,Wikibear47,false,25,enwiki,2024-10-27 11:33:34
358004810,Marcus Hoffmann (Gesundheitsmanager),Silewe,false,49,dewiki,2024-10-27 11:33:51
1833534108,George Gascón,Zenomonoz,false,2,enwiki,2024-10-27 11:33:54
1833534002,Nizhneye Zadolgoye,Monkbot,true,1,enwiki,2024-10-27 11:33:28
358004805,Wikipedia Diskussion:Wiki Loves Monuments 2024/Deutschland/Jury,Ailura,false,27,dewiki,2024-10-27 11:33:40
1833534110,GAZelle,Monkbot,true,1,enwiki,2024-10-27 11:33:54
1833534005,Armed Forces Academies Preparatory School,Gek22354,false,-129,enwiki,2024-10-27 11:33:29
1833534007,As Silence Passes By,Asqueladd,false,31,enwiki,2024-10-27 11:33:31
358004804,Tom Odell,Lk95,false,0,dewiki,2024-10-27 11:33:35
1833534009,Moon Sung-keun,Seefooddiet,false,12,enwiki,2024-10-27 11:33:30
1833533912,User talk:ShmebulockStan5000,Pyxis Solitary,false,1159,enwiki,2024-10-27 11:33:15
1833534010,User talk:Chelsea133,Frost,false,917,enwiki,2024-10-27 11:33:34
358004806,Gleisweiler,Sokrates 399,false,1,dewiki,2024-10-27 11:33:41
1833533805,Pentanchidae,Quetzal1964,false,19,enwiki,2024-10-27 11:32:54
1833533913,Stinson Reliant,STeamTraen,false,20,enwiki,2024-10-27 11:33:12
1833534012,Sirivantha,DareshMohan,false,-12,enwiki,2024-10-27 11:33:33
1833533819,The Peacemaker (1997 film),Albury1993,false,37,enwiki,2024-10-27 11:32:53
1833533914,"Talk:Kull, Punjab",Wikibear47,false,18,enwiki,2024-10-27 11:33:15
1833534011,Ashkutan,HirowoWiki,false,1,enwiki,2024-10-27 11:33:33
358004808,Diskussion:Schrobenhausen,Gomeron,false,568,dewiki,2024-10-27 11:33:46
1833534111,Joe Rogan,Spring Joy,false,17,enwiki,2024-10-27 11:33:31
1833534204,Evdokia (film),Анатолий Росдашин,false,-1,enwiki,2024-10-27 11:34:32
1833534215,Shilpa Gupta (cricketer),223.178.212.120,false,-42,enwiki,2024-10-27 11:34:38
1833534306,Wikipedia talk:Wikidata,T g7,false,498,enwiki,2024-10-27 11:35:09
1833534112,Draft:Nom.tam.fits,Attipaci,false,67,enwiki,2024-10-27 11:33:56
1833534206,Phila (daughter of Seleucus),Monkbot,true,1,enwiki,2024-10-27 11:34:33
1833534308,Sandown,10mmsocket,false,39,enwiki,2024-10-27 11:35:10
1833534317,Smitha Harikrishna,223.178.212.120,false,-12,enwiki,2024-10-27 11:35:14
358004814,Diskussion:Ilko-Sascha Kowalczuk,Nikolai Maria Jakobi,false,362,dewiki,2024-10-27 11:33:58
358004817,Diskussion:Liste von Verschwörungstheorien der PKK,Nuuk,false,178,dewiki,2024-10-27 11:34:02
1833534210,Jolin Tsai,Leehsiao,false,-243,enwiki,2024-10-27 11:34:25
1833534216,Warner Bros. Pictures Animation,HeroWikia,false,344,enwiki,2024-10-27 11:34:34
1833534310,John Mahlon Marlin,Wingedhussar1503,false,-8,enwiki,2024-10-27 11:35:11
1833534113,Serge Chermayeff,Cl3phact0,false,8,enwiki,2024-10-27 11:33:57
358004818,Liste von Saxophonisten,Engelbaet,false,29,dewiki,2024-10-27 11:34:01
1833534211,Talk:Katy Perry (prison service),Escape Orbit,false,358,enwiki,2024-10-27 11:34:35
1833534217,User talk:Cmglee,Uwappa,false,462,enwiki,2024-10-27 11:34:38
1833534319,2024 United States presidential election,StewdioMACK,false,404,enwiki,2024-10-27 11:35:02
1833534115,Nepal national cricket team,Krishnakrm,false,0,enwiki,2024-10-27 11:33:51
358004819,Brenden Dillon,Tomyiy,false,-7,dewiki,2024-10-27 11:34:02
1833534312,Kani Shaqaqan,HirowoWiki,false,1,enwiki,2024-10-27 11:35:11
1833534116,Babia Góra National Park,Monkbot,true,1,enwiki,2024-10-27 11:33:57
358004815,Instrumentenlandesystem,Uli Elch,false,-13,dewiki,2024-10-27 11:33:59
1833534212,Ikisa Dam,Reunion,false,6,enwiki,2024-10-27 11:34:38
1833534313,History of the Riksdag,BumbleBeeBelle,false,16,enwiki,2024-10-27 11:35:14
1833534117,Template:Sydney Metro City & Southwest,OrdinaryScarlett,false,11,enwiki,2024-10-27 11:33:59
1833534201,Pencil (geometry),Wataxa,false,-11,enwiki,2024-10-27 11:34:29
1833534300,Toast,Frost,false,-39,enwiki,2024-10-27 11:35:08
1833534315,Nikolai Zuyev (badminton),Monkbot,true,1,enwiki,2024-10-27 11:35:12
1833534200,Moon Ik-hwan,N. Mortimer,false,16,enwiki,2024-10-27 11:34:30
1833534213,Draft:Broken Arrow (Video Game),Tejano512,false,3316,enwiki,2024-10-27 11:34:38
1833534304,Pesyane,Monkbot,true,1,enwiki,2024-10-27 11:35:08
358004816,Jungle (Band),Lk95,false,0,dewiki,2024-10-27 11:34:00
1833534202,Bolesław of Cieszyn (died 1356),Monkbot,true,1,enwiki,2024-10-27 11:34:30
1833534214,Northwest Athletic Conference,50.34.189.133,false,133,enwiki,2024-10-27 11:34:29
1833534305,Google Docs Editors,105.245.179.1,false,-2,enwiki,2024-10-27 11:35:08
1833534402,Tejal Hasabnis,223.178.212.120,false,-14,enwiki,2024-10-27 11:35:44
1833534418,Learning to rank,StrategyPanda30,false,-2,enwiki,2024-10-27 11:35:48
1833534500,Karu Jain,223.178.212.120,false,-15,enwiki,2024-10-27 11:36:15
1833534517,"Talk:Kundi, Khyber Pakhtunkhwa",Wikibear47,false,17,enwiki,2024-10-27 11:36:22
1833534610,Jin Seon-kyu,Irvine Sangeng,false,29,enwiki,2024-10-27 11:36:42
1833534618,User talk:Srivin,DareshMohan,false,34,enwiki,2024-10-27 11:36:45
1833534403,Jeans (film),Kailash29792,false,-29,enwiki,2024-10-27 11:35:42
1833534501,Frangiskos Mavrommatis,Monkbot,true,1,enwiki,2024-10-27 11:36:16
1833534518,Venod Sharma,Unknown FG,false,8,enwiki,2024-10-27 11:36:23
1833534611,Monviel,Monkbot,true,1,enwiki,2024-10-27 11:36:42
1833534619,User:Noam-Tal 148 Cohen,Noam-Tal 148 Cohen,false,22,enwiki,2024-10-27 11:36:47
1833534406,Elazer R. Edelman,Citation bot,true,66,enwiki,2024-10-27 11:35:44
1833534419,Moray House School of Education and Sport,Atibrarian,false,65,enwiki,2024-10-27 11:35:49
1833534519,Wikipedia:Teahouse,YisroelB501,false,412,enwiki,2024-10-27 11:36:20
1833534612,1996 Jacksonville Jaguars season,DragonFury,false,1732,enwiki,2024-10-27 11:36:42
358004905,Liam Foudy,Tomyiy,false,-68,dewiki,2024-10-27 11:36:51
1833534405,Muhammad Khan (athlete),LibStar,false,141,enwiki,2024-10-27 11:35:45
1833534504,Olkiluoto Nuclear Power Plant,Nemo bis,false,1,enwiki,2024-10-27 11:36:16
1833534408,List of sovereign debt crises,Kalpesh Manna 2002,false,54,enwiki,2024-10-27 11:35:41
1833534613,Honeko Akabane's Bodyguards,Xexerss,false,27,enwiki,2024-10-27 11:36:44
1833534409,Talk:Muhammad Khan (athlete),LibStar,false,44,enwiki,2024-10-27 11:35:46
1833534506,Talk:Cass Review,Void if removed,false,1008,enwiki,2024-10-27 11:36:09
358004900,Ashton-on-Ribble,Phzh,false,-4,dewiki,2024-10-27 11:36:46
1833534400,Galima Shugurova,Monkbot,true,1,enwiki,2024-10-27 11:35:41
1833534410,Nizhneyarkeyevo,Monkbot,true,2,enwiki,2024-10-27 11:35:45
1833534507,Dukaan,GrabUp,false,-92,enwiki,2024-10-27 11:36:18
1833534600,Talk:Kūrd,Wikibear47,false,48,enwiki,2024-10-27 11:36:42
1833534614,Hemlata Kala,223.178.212.120,false,-12,enwiki,2024-10-27 11:36:44
358004902,DTM-Saison 2025,95.91.214.70,false,22,dewiki,2024-10-27 11:36:48
358004907,Kategorie:Afula,Ulf Heinsohn,false,27,dewiki,2024-10-27 11:36:52
1833534415,Nikolas Asimos,Monkbot,true,1,enwiki,2024-10-27 11:35:48
1833534508,Constellation Cup,JaumeBG,false,384,enwiki,2024-10-27 11:36:18
1833534601,2024–25 Women's Big Bash League season,Kumarpramit,false,25,enwiki,2024-10-27 11:36:39
1833534615,National Dong Hwa University,Decasurger,false,-155,enwiki,2024-10-27 11:36:38
358004908,Teoponte,Grullab,false,-23,dewiki,2024-10-27 11:36:52
1833534417,S. A. Rajkumar,DareshMohan,false,44,enwiki,2024-10-27 11:35:50
1833534509,Talk:Kund Malir,Wikibear47,false,19,enwiki,2024-10-27 11:36:20
1833534608,User talk:Best3000/TWA,Best3000,false,287,enwiki,2024-10-27 11:36:45
1833534616,Don Juan (poem),Spida-tarbell,false,-2,enwiki,2024-10-27 11:36:45
1833534416,Cadmium,Marc Schroeder,false,-488,enwiki,2024-10-27 11:35:42
1833534510,Georgios Kiourkos,Monkbot,true,1,enwiki,2024-10-27 11:36:19
1833534609,Glasat na Bulgaria season 11,Dan agent06,false,49,enwiki,2024-10-27 11:36:43
1833534617,Joseph de la Vega,Dimadick,false,40,enwiki,2024-10-27 11:36:45
1833534706,Haryanvi cinema,Iamgadanjoga,false,-98,enwiki,2024-10-27 11:37:06
1833534813,Perspectives on Cinema of Assam,ReshamGi,false,21,enwiki,2024-10-27 11:37:30
358004912,Renthofbrunnen (Kassel),YPS,false,16,dewiki,2024-10-27 11:36:54
1833534710,Karim Ahmad Khan,Joriki,false,211,enwiki,2024-10-27 11:37:05
358004919,Benutzer:The-Digit/x,The-Digit,false,23,dewiki,2024-10-27 11:37:15
1833534815,ARA Almirante Irízar,Parsecboy,false,3,enwiki,2024-10-27 11:37:29
1833534719,Talk:Kuthiala Sheikhan,Wikibear47,false,5,enwiki,2024-10-27 11:37:08
1833534800,Talk:Kya Aap Banaingay Crorepati?,Wikibear47,false,17,enwiki,2024-10-27 11:37:27
1833534718,Heptapleurum actinophyllum,Junglenut,false,-983,enwiki,2024-10-27 11:37:05
1833534801,Linyi,Jzhdylb,false,-8,enwiki,2024-10-27 11:37:23
1833534700,Talk:Kusak Fort,Wikibear47,false,16,enwiki,2024-10-27 11:37:05
1833534802,Wikipedia:Administrators' noticeboard/Incidents,Warrenmck,false,749,enwiki,2024-10-27 11:37:15
358004914,Benutzer:MYR67/Artikelwerkstatt Stefan Arczyński,MYR67,false,17,dewiki,2024-10-27 11:37:01
1833534701,2024–25 Kaohsiung Aquas season,安狄,false,0,enwiki,2024-10-27 11:37:03
1833534702,Staroamirovo,Monkbot,true,2,enwiki,2024-10-27 11:37:04
358004917,Riefenstahl (Film),Warburg1866,false,2,dewiki,2024-10-27 11:37:08
358004913,Jehudith Hübner,Khatschaturjan,false,20,dewiki,2024-10-27 11:36:56
1833534704,Jintimani Kalita,223.178.212.120,false,-12,enwiki,2024-10-27 11:37:05
1833534803,Sophia Laskaridou,Monkbot,true,1,enwiki,2024-10-27 11:37:27
358004915,Benutzer:Filomusa/Cardanische Formeln,Filomusa,false,-51,dewiki,2024-10-27 11:36:50
1833534705,Khalji dynasty,Poshto philosopher,false,-6,enwiki,2024-10-27 11:37:02
358004916,Taylor Swift/Diskografie,Lk95,false,2,dewiki,2024-10-27 11:36:59
1833534816,Evdokia (film),Анатолий Росдашин,false,49,enwiki,2024-10-27 11:37:31
1833534818,Acoustic camera,2404:4408:474F:FB00:ACBE:2B8:63A:5E4C,false,-30,enwiki,2024-10-27 11:37:32
1833534819,Wikipedia:Requested moves/Current discussions,RMCD bot,true,1122,enwiki,2024-10-27 11:37:27
1833534817,Kisdorog,Monkbot,true,1,enwiki,2024-10-27 11:37:30
1833534906,Khaled Chehab,Asrefaei,false,12,enwiki,2024-10-27 11:37:57
1833534909,"Talk:Kohali, Faisalabad",Wikibear47,false,18,enwiki,2024-10-27 11:37:59
1833535019,Qualcomm Snapdragon,IrisChronomia,false,3,enwiki,2024-10-27 11:38:30
1833534910,User talk:Digital Singam,159.250.131.5,false,-13,enwiki,2024-10-27 11:37:59
1833535008,Squid Game,45.64.240.100,false,3,enwiki,2024-10-27 11:38:16
1833534900,Khalji dynasty,Poshto philosopher,false,1,enwiki,2024-10-27 11:37:50
1833534914,Timeline of Brussels (20th century),JhowieNitnek,false,603,enwiki,2024-10-27 11:37:54
1833535009,Campagne-sur-Arize,Monkbot,true,1,enwiki,2024-10-27 11:38:26
1833534902,Newcastle Jets FC (A-League Women),SuperJew,false,64,enwiki,2024-10-27 11:37:54
1833534917,Gary Click,2603:6010:A402:4C74:E5CC:521:DB98:87AF,false,-96,enwiki,2024-10-27 11:38:00
1833535010,Wikipedia:Usernames for administrator attention,Pharaoh of the Wizards,false,232,enwiki,2024-10-27 11:38:30
1833534903,User:Best3000,Best3000,false,34,enwiki,2024-10-27 11:37:56
1833534919,"Cahuzac, Lot-et-Garonne",Monkbot,true,1,enwiki,2024-10-27 11:37:58
1833535011,Mamata Kanojia,223.178.212.120,false,-63,enwiki,2024-10-27 11:38:30
1833535013,Run archery,CommonsDelinker,true,-113,enwiki,2024-10-27 11:38:31
1833535012,"Gusevo, Bashkortostan",Monkbot,true,1,enwiki,2024-10-27 11:38:30
1833534904,Sostis,Monkbot,true,2,enwiki,2024-10-27 11:37:55
1833535002,Afriqiyah Airways Flight 771,2001:8F8:152F:350F:E513:FF9C:8CDF:8387,false,-5,enwiki,2024-10-27 11:38:25
1833535014,Avantika (actress),Kondapalli Avinash,false,195,enwiki,2024-10-27 11:38:31
1833534905,"Abbasabad, Behi Dehbokri",HirowoWiki,false,1,enwiki,2024-10-27 11:37:57
1833535004,Manchuria Opium Squad,Xexerss,false,5,enwiki,2024-10-27 11:38:26
1833535015,Mike Gapes,Headhitter,false,60,enwiki,2024-10-27 11:38:28
1833535114,H2O: Mermaid Adventures,Amaury,false,-37,enwiki,2024-10-27 11:38:53
1833535307,Born Free (music video),80.192.68.102,false,1,enwiki,2024-10-27 11:39:37
1833535100,List of Minecraft characters,Maplestrip,false,100,enwiki,2024-10-27 11:38:48
1833535115,Category:Wikipedia categories named after populated places in Nicaragua,AusLondonder,false,-46,enwiki,2024-10-27 11:38:53
1833535218,Usen-Ivanovskoye,Monkbot,true,2,enwiki,2024-10-27 11:39:13
358005000,Signalstationen in Yorkshire,Veleius,false,-24,dewiki,2024-10-27 11:39:38
1833535103,Iversity,Oakling,false,0,enwiki,2024-10-27 11:38:49
1833535116,Noelia Villegas,Crowsus,false,49,enwiki,2024-10-27 11:38:51
1833535200,"Martynovo, Vladimir Oblast",Monkbot,true,1,enwiki,2024-10-27 11:39:10
1833535219,User:Elena Son/sandbox,Pharaoh of the Wizards,false,23,enwiki,2024-10-27 11:39:15
358005001,Arbeitskammer des Saarlandes,Dk1909,false,-3,dewiki,2024-10-27 11:39:39
358005008,Nick Cousins,Tomyiy,false,-7,dewiki,2024-10-27 11:39:52
358005014,Wikipedia Diskussion:Wiki Loves Monuments 2024/Deutschland/Jury,Ailura,false,84,dewiki,2024-10-27 11:39:57
1833535106,List of Grand Prix motorcycle circuits,93.66.85.50,false,0,enwiki,2024-10-27 11:38:47
1833535117,Tanuja Kanwar,223.178.212.120,false,-4,enwiki,2024-10-27 11:38:51
1833535207,Jeans (film),Kailash29792,false,73,enwiki,2024-10-27 11:39:10
1833535311,User:Hh1718/sandbox4,Hh1718,false,0,enwiki,2024-10-27 11:39:40
358005009,Poitiers,Loper12321,false,48,dewiki,2024-10-27 11:39:52
1833535107,Greeks,Demetrios1993,false,-7,enwiki,2024-10-27 11:38:50
1833535118,Mesanagros,Monkbot,true,1,enwiki,2024-10-27 11:38:50
1833535210,Katerini,2A02:587:6E56:5000:4584:23E7:4459:D651,false,199,enwiki,2024-10-27 11:39:07
1833535314,List of Minecraft characters,Maplestrip,false,-31,enwiki,2024-10-27 11:39:39
358005015,Benutzer:MYR67/Artikelwerkstatt Stefan Arczyński,MYR67,false,-12,dewiki,2024-10-27 11:39:58
1833535108,The Kat,RussBot,true,32,enwiki,2024-10-27 11:38:49
1833535119,Bilyonaryo News Channel,Supercrumblesph,false,20,enwiki,2024-10-27 11:38:51
1833535315,Template:2024 K League 2 table,124.53.150.42,false,0,enwiki,2024-10-27 11:39:41
1833535109,Tomaras of Gwalior,Donchocolate,false,13,enwiki,2024-10-27 11:38:51
1833535212,Talk:Koi (Pakistan),Wikibear47,false,5,enwiki,2024-10-27 11:39:13
1833535300,Lingerie,Chaheel Riens,false,89,enwiki,2024-10-27 11:39:35
358005002,Datei:Wahlverlauf Die Linke Oktober 2024.svg,Antonsusi,false,-68,dewiki,2024-10-27 11:39:41
1833535110,2024–25 AFC Challenge League group stage,14.187.139.255,false,3,enwiki,2024-10-27 11:38:50
1833535211,Wikipedia:Sandbox,2A02:3030:610:9EE:800A:5A78:E330:798B,false,13,enwiki,2024-10-27 11:39:13
1833535301,Sharngadhara-paddhati,ReshamGi,false,-7,enwiki,2024-10-27 11:39:36
1833535316,Mongol invasions of India,46.18.67.135,false,3,enwiki,2024-10-27 11:39:39
1833535112,"Gavmishan, Bukan",HirowoWiki,false,1,enwiki,2024-10-27 11:38:51
1833535317,Jin Seon-kyu,Irvine Sangeng,false,489,enwiki,2024-10-27 11:39:37
358005012,Wikipedia:WikiProjekt Kategorien/Diskussionen/2024/Oktober/8,Y2kbug,false,327,dewiki,2024-10-27 11:39:54
358005016,Gotfredson,Spurzem,false,12,dewiki,2024-10-27 11:40:01
1833535113,Rumina Velshi,Victuallers,false,31,enwiki,2024-10-27 11:38:50
1833535215,Mobile Naval Air Base,Mikeyp72,false,2,enwiki,2024-10-27 11:39:11
1833535306,Panagiotis,Monkbot,true,1,enwiki,2024-10-27 11:39:37
1833535318,Hell Opened to Christians,Dimadick,false,33,enwiki,2024-10-27 11:39:41
1833535404,Tokyo 24th district,Tyrosian,false,2,enwiki,2024-10-27 11:40:02
1833535414,2024 Pacific typhoon season,SomeoneWiki04,false,2,enwiki,2024-10-27 11:39:57
1833535500,2024 Shakey's Super League Pre-season Championship,49.144.197.66,false,16,enwiki,2024-10-27 11:40:34
1833535517,Juneau International Airport,24.228.16.167,false,-78,enwiki,2024-10-27 11:40:37
1833535613,Caeni,Monkbot,true,1,enwiki,2024-10-27 11:41:09
1833535405,Nicholas Wiseman,202.61.110.250,false,-38,enwiki,2024-10-27 11:40:02
1833535415,User:GrabUp/External Links Remover.js,GrabUp,false,63,enwiki,2024-10-27 11:40:11
1833535502,Dukaan,GrabUp,false,-92,enwiki,2024-10-27 11:40:36
1833535518,Marcel Hirscher,Gro456,false,-7,enwiki,2024-10-27 11:40:34
1833535406,Stochastic quantum mechanics,ReyHahn,false,0,enwiki,2024-10-27 11:39:57
1833535416,User:DreamRimmer/common.js,DreamRimmer,false,110,enwiki,2024-10-27 11:40:11
1833535519,Jeans (film),Kailash29792,false,-2,enwiki,2024-10-27 11:40:38
1833535602,Albert of Strzelce,Monkbot,true,1,enwiki,2024-10-27 11:41:06
1833535615,User:SignedInteger,SignedInteger,false,87,enwiki,2024-10-27 11:41:10
1833535407,Jajrom County,Brightkingdom,false,106,enwiki,2024-10-27 11:40:03
1833535417,Fournols,Monkbot,true,1,enwiki,2024-10-27 11:40:07
1833535506,List of ship launches in 1884,Mjroots,false,5284,enwiki,2024-10-27 11:40:27
1833535616,Blists Hill Victorian Town,146.200.197.89,false,-1,enwiki,2024-10-27 11:41:09
358005017,Jeffrey Grey,Knowledge2need,false,7,dewiki,2024-10-27 11:40:05
1833535418,Javanmard,HirowoWiki,false,2,enwiki,2024-10-27 11:40:09
1833535508,2024–25 Newcastle Jets FC (A-League Women) season,SuperJew,false,436,enwiki,2024-10-27 11:40:36
1833535604,Beach Soccer Africa Cup of Nations,AmAnand,false,0,enwiki,2024-10-27 11:41:04
1833535619,Korea Institute of Science and Technology Information,Tudorose,false,-3,enwiki,2024-10-27 11:41:10
1833535409,Dolce Vita (1995 TV series),Monkbot,true,3,enwiki,2024-10-27 11:40:04
1833535419,List of Grand Prix motorcycle races,93.66.85.50,false,0,enwiki,2024-10-27 11:39:52
1833535513,User:ClueBot III/Detailed Indices/User talk:Alpha3031/Archive 11,ClueBot III,true,406,enwiki,2024-10-27 11:40:40
1833535605,Category:People from South Ferriby,Ernsanchez00,false,19,enwiki,2024-10-27 11:41:08
358005018,Brunnenstein (Otterberg),AF666,false,528,dewiki,2024-10-27 11:40:06
1833535511,Undone (MercyMe album),Afddiary,false,-45,enwiki,2024-10-27 11:40:37
1833535607,2024 Emilia-Romagna regional election,Nick.mon,false,1,enwiki,2024-10-27 11:41:08
1833535413,Talk:Asset,2409:4089:A08E:C73A:0:0:196A:B0B1,false,190,enwiki,2024-10-27 11:40:07
1833535512,Healthy Eating in Schools (Wales) Measure 2009,SqrtLog,false,5,enwiki,2024-10-27 11:40:40
1833535610,Teollisuuden Voima,Nemo bis,false,-5,enwiki,2024-10-27 11:41:08
1833535516,Ireland–Philippines relations,LibStar,false,-117,enwiki,2024-10-27 11:40:40
1833535611,Deputy Premier of Queensland,ThunderDoesDev,false,1,enwiki,2024-10-27 11:41:07
1833535514,Sadio Mané,Jackersony,false,155,enwiki,2024-10-27 11:40:28
1833535710,2024 Super GT Series,Thfeeder,false,324,enwiki,2024-10-27 11:41:26
1833535804,List of films based on English-language comics,85.155.105.31,false,0,enwiki,2024-10-27 11:41:53
1833535711,Talk:Far East Organization,Encoded,false,355,enwiki,2024-10-27 11:41:27
1833535807,Wikipedia:Administrator intervention against vandalism/TB2,DatBot,true,418,enwiki,2024-10-27 11:41:56
1833535715,Tiswas,Qwfp,false,2,enwiki,2024-10-27 11:41:31
1833535815,Bardonecchia,Monkbot,true,2,enwiki,2024-10-27 11:41:54
1833535716,Alaska Permanent Fund,GiantSnowman,false,-50,enwiki,2024-10-27 11:41:31
1833535817,Learner Travel (Wales) Measure 2008,SqrtLog,false,5,enwiki,2024-10-27 11:41:57
1833535717,All Saints Greek Orthodox Grammar School,Monkbot,true,1,enwiki,2024-10-27 11:41:31
1833535703,Draft:Marie Tomanova,Wenncesslas,false,210,enwiki,2024-10-27 11:41:27
1833535706,Qeshlaq-e Hajji Shahab,HirowoWiki,false,1,enwiki,2024-10-27 11:41:28
1833535707,Islam in Bangladesh,Shayaantik,false,680,enwiki,2024-10-27 11:41:26
1833535801,Emraan Hashmi,Gotitbro,false,26,enwiki,2024-10-27 11:41:51
1833535708,Vintsent Dunin-Martsinkyevich,Monkbot,true,10,enwiki,2024-10-27 11:41:29
1833535802,Qaboos bin Said,Itshrabkhan,false,-1352,enwiki,2024-10-27 11:41:49
1833535911,Robin Spriggs,AnomieBOT,true,54,enwiki,2024-10-27 11:42:29
358005108,Benutzerin Diskussion:Andrea014,Anselm Rapp,false,1572,dewiki,2024-10-27 11:42:38
358005119,Wikipedia:Café,2A0A:A540:C92D:0:6523:91CE:F47:1B58,false,185,dewiki,2024-10-27 11:42:41
1833536015,Hypnotica (Benny Benassi album),2001:861:C5:1670:6C12:BF45:943:29FF,false,-2,enwiki,2024-10-27 11:43:02
1833536100,Kolkata,Harfarhs,false,-79,enwiki,2024-10-27 11:43:19
1833536114,Smriti Mandhana,223.178.212.120,false,-2,enwiki,2024-10-27 11:43:30
1833535913,User:Orenburg1/sandbox,Orenburg1,false,34,enwiki,2024-10-27 11:42:29
1833536103,Russian entry into World War I,Ictinos4,false,4,enwiki,2024-10-27 11:43:27
1833536115,Alastair Pennycook,LibStar,false,44,enwiki,2024-10-27 11:43:34
1833535916,Rail Delivery Group,Wire723,false,5,enwiki,2024-10-27 11:42:28
358005106,Liste der Baudenkmäler in Grabenstätt,Rufus46,false,0,dewiki,2024-10-27 11:42:34
1833536016,Ebermannstadt Castle,Neiltonks,false,59,enwiki,2024-10-27 11:43:03
1833536104,Bob St. Clair,Rodger501,false,538,enwiki,2024-10-27 11:43:29
358005101,Mike Mohring,Longinus Müller,false,85,dewiki,2024-10-27 11:42:17
1833535900,Efthymis Zisopoulos,Monkbot,true,1,enwiki,2024-10-27 11:42:25
1833535917,2024 SAFF Women's Championship,MD Hydrogen 123,false,-34,enwiki,2024-10-27 11:42:28
1833536003,Kyrgia,Monkbot,true,1,enwiki,2024-10-27 11:42:57
1833536018,Taiwan–United States relations,2001:56A:F823:C700:B1F9:31E3:6D4E:1F70,false,-710,enwiki,2024-10-27 11:42:58
1833536105,List of wars involving Paraguay,Coeusin,false,51,enwiki,2024-10-27 11:43:31
1833535902,Murders of William Redmond and Helen Phelps,Inexpiable,false,1,enwiki,2024-10-27 11:42:26
1833535918,Legislature,BumbleBeeBelle,false,40,enwiki,2024-10-27 11:42:29
358005109,Garhamer (Adelsgeschlecht),Dusdia,false,15,dewiki,2024-10-27 11:42:41
358005112,GNU Octave,Intruder,false,31,dewiki,2024-10-27 11:42:49
1833536009,Tymfristos,Monkbot,true,2,enwiki,2024-10-27 11:43:00
1833536019,Welsh Language (Wales) Measure 2011,SqrtLog,false,5,enwiki,2024-10-27 11:43:04
1833536107,Great Synagogue (Lutsk),Monkbot,true,2,enwiki,2024-10-27 11:43:31
358005103,Archytas (Mondkrater),FerdiBf,false,71,dewiki,2024-10-27 11:42:24
1833535904,Progressive Union Renewal,8092hhofoooDauu4jjrr,false,-3,enwiki,2024-10-27 11:42:27
358005113,Liste der Baudenkmäler in Kettwig,DiAuras,false,43,dewiki,2024-10-27 11:42:46
1833536010,São Paulo/Guarulhos International Airport,Brunoptsem,false,-793,enwiki,2024-10-27 11:42:58
1833535905,List of South Korean male actors,Iammelbg,false,18,enwiki,2024-10-27 11:42:27
358005107,Parc zoologique du Bois du Petit-Château – MUZOO,Spyridon,false,209,dewiki,2024-10-27 11:42:37
1833536011,Four Bucketeers,Qwfp,false,-2,enwiki,2024-10-27 11:43:02
1833536109,Wikipedia:WikiProject Articles for creation/Help desk,331dot,false,216,enwiki,2024-10-27 11:43:27
1833535907,Amy X Neuburg,Neiltonks,false,40,enwiki,2024-10-27 11:42:28
358005114,Liste der Fußballspielerinnen mit mindestens 100 Länderspielen,RedPiranha,false,113,dewiki,2024-10-27 11:42:42
1833536110,List of Philippine television shows,2001:4455:643:D100:898E:7D64:A25D:9982,false,230,enwiki,2024-10-27 11:43:29
1833535909,2024 Thailand motorcycle Grand Prix,Apeiro94,false,463,enwiki,2024-10-27 11:42:28
358005105,Wikipedia Diskussion:Wiki Loves Monuments 2024/Deutschland/Jury,Ailura,false,251,dewiki,2024-10-27 11:42:33
358005117,Die Linke,Antonsusi,false,-3,dewiki,2024-10-27 11:42:43
1833536111,User talk:Hans5958/Archives/2024 (6),ClueBot III,true,3724,enwiki,2024-10-27 11:43:34
1833535910,Talk:Thomas Sewell (neo-Nazi),ChristieBot,true,46,enwiki,2024-10-27 11:42:28
358005110,Shigeko Kubota,Mosmas,false,1,dewiki,2024-10-27 11:42:47
1833536012,Odahuttidavalu,DareshMohan,false,177,enwiki,2024-10-27 11:43:02
1833536101,"Cassagnoles, Gard",Monkbot,true,1,enwiki,2024-10-27 11:43:26
1833536112,Template:Did you know nominations/2024 Talerddig train collision,Mjroots,false,228,enwiki,2024-10-27 11:43:35
1833536116,Sergio Quintana,Canary757,false,-30,enwiki,2024-10-27 11:43:35
1833536118,User talk:Hans5958,ClueBot III,true,-3725,enwiki,2024-10-27 11:43:35
1833536201,Javed Akhtar Khan Lund,39.49.166.186,false,11,enwiki,2024-10-27 11:43:58
1833536117,Bash in Berlin,Czello,false,0,enwiki,2024-10-27 11:43:35
1833536206,SummerSlam (2024),Czello,false,-1,enwiki,2024-10-27 11:43:59
1833536300,S. A. Rajkumar,DareshMohan,false,49,enwiki,2024-10-27 11:44:24
1833536207,Skřipov,Monkbot,true,1,enwiki,2024-10-27 11:43:58
1833536301,WrestleDream (2024),Czello,false,0,enwiki,2024-10-27 11:44:24
1833536210,Akhtachi-ye Sharqi Rural District,HirowoWiki,false,2,enwiki,2024-10-27 11:44:00
1833536304,User:Totaan Nandi,Totaan Nandi,false,21,enwiki,2024-10-27 11:44:27
1833536214,Hell Opened to Christians,Dimadick,false,38,enwiki,2024-10-27 11:44:01
1833536309,Haryanvi cinema,Iamgadanjoga,false,-2,enwiki,2024-10-27 11:44:26
1833536217,2024–25 Persija Jakarta season,Catalyszczowski,false,0,enwiki,2024-10-27 11:43:57
1833536317,Shishlovo,Monkbot,true,1,enwiki,2024-10-27 11:44:26
1833536216,Sutton Walls Hill Fort,2600:1700:B450:7500:1145:C5BD:195:9991,false,35,enwiki,2024-10-27 11:44:03
1833536319,Javed Akhtar Khan Lund,Trusername,false,-11,enwiki,2024-10-27 11:44:26
1833536218,Draft:Mary Amaechi,Jessephu,false,56,enwiki,2024-10-27 11:44:01
1833536504,South Africa,CmsrNgubane,false,193,enwiki,2024-10-27 11:45:09
1833536516,Territorial control during the Russo-Ukrainian War,XANTHO GENOS 5.5.2024,false,312,enwiki,2024-10-27 11:45:01
1833536600,Pacta conventa,Intrinsicanomaly,false,7,enwiki,2024-10-27 11:45:58
1833536412,Lesser Poland Voivodeship,Monkbot,true,1,enwiki,2024-10-27 11:44:49
358005210,Wikipedia:Verschiebewünsche,Ankermast,false,72,dewiki,2024-10-27 11:45:10
1833536505,Silent Hill f,178.148.195.123,false,1,enwiki,2024-10-27 11:45:23
1833536519,Roger Cook (politician),Mitch Ames,false,-105,enwiki,2024-10-27 11:45:28
1833536404,William Blake (disambiguation),107.77.207.20,false,13,enwiki,2024-10-27 11:44:49
1833536414,Philip Berrigan,GiantSnowman,false,12,enwiki,2024-10-27 11:44:52
358005200,Benutzer:Aka/Fehlerlisten/Typographische Anführungszeichen/001,Dk1909,false,-1750,dewiki,2024-10-27 11:45:01
358005208,Wikipedia Diskussion:Kurier,Ringwoodit,false,193,dewiki,2024-10-27 11:45:03
358005211,Benutzerin Diskussion:Maimaid,Maimaid,false,1045,dewiki,2024-10-27 11:45:10
1833536507,"Agia Paraskevi, Thessaloniki",Monkbot,true,1,enwiki,2024-10-27 11:45:24
1833536403,Wikipedia:Administrators' noticeboard/Incidents,Warrenmck,false,895,enwiki,2024-10-27 11:44:37
1833536415,Draft:Play House (Mumbai),Indianx123,false,-162,enwiki,2024-10-27 11:44:52
358005201,Holger Jung (Werbeunternehmer),Stp1910,false,17,dewiki,2024-10-27 11:45:02
1833536508,Jinnah Postgraduate Medical Centre,2A01:E0A:80E:4E40:5956:84F4:31B3:CDD3,false,-15,enwiki,2024-10-27 11:45:25
1833536406,James Goll,Flod logic,false,682,enwiki,2024-10-27 11:44:48
1833536416,User:GERARDSQ922/sandbox,GERARDSQ922,false,212,enwiki,2024-10-27 11:44:53
358005202,Liste der Kulturdenkmale in Altmittweida,Lguenth1,false,101,dewiki,2024-10-27 11:45:01
1833536510,Wikipedia:Administrators' noticeboard/Incidents,Cabayi,false,310,enwiki,2024-10-27 11:45:18
1833536417,Firsovsky,Monkbot,true,1,enwiki,2024-10-27 11:44:52
358005209,Mike Flanagan (Regisseur),Frederico34,false,-9,dewiki,2024-10-27 11:45:07
358005218,Benutzerin:Interferenzbrille/Artikelentwürfe,Interferenzbrille,false,1521,dewiki,2024-10-27 11:45:21
358005219,Stocko Contact,Marsupilami,false,0,dewiki,2024-10-27 11:45:27
1833536407,Robertson Panel,FatPie123,false,4,enwiki,2024-10-27 11:44:49
1833536418,Gary Click,2603:6010:A402:4C74:E5CC:521:DB98:87AF,false,6,enwiki,2024-10-27 11:44:52
358005204,Brauerei Bender,Firobuz,false,-89,dewiki,2024-10-27 11:45:03
1833536500,2024–25 TPBL regular season,安狄,false,0,enwiki,2024-10-27 11:45:18
1833536511,Goat,ChristieBot,true,17,enwiki,2024-10-27 11:45:20
1833536408,Gorički zbornik,Zerriabi,false,-15,enwiki,2024-10-27 11:44:49
1833536419,Wikipedia:WikiProject Disambiguation/Possible hatnote disambiguation links,RussBot,true,128,enwiki,2024-10-27 11:44:55
358005212,Liste von Werken in der Sammlung Tusculum,Іоахимъ,false,88,dewiki,2024-10-27 11:45:12
1833536501,Najib Mikati,Asrefaei,false,91,enwiki,2024-10-27 11:45:19
1833536409,List of banks in Saudi Arabia,Cergun62,false,3,enwiki,2024-10-27 11:44:49
358005205,Wilhelm Schütte,Dr. Yiming Wei,false,175,dewiki,2024-10-27 11:45:04
1833536502,User:Mox Eden,Mox Eden,false,-16,enwiki,2024-10-27 11:45:22
358005206,Vorlage:Revert-Statistik,Revert-Statistik,true,0,dewiki,2024-10-27 11:45:04
358005216,Brunnenstein (Otterberg),AF666,false,-44,dewiki,2024-10-27 11:45:19
1833536503,Kravaře (Česká Lípa District),Monkbot,true,1,enwiki,2024-10-27 11:45:21
1833536515,Bathycles of Magnesia,Monkbot,true,1,enwiki,2024-10-27 11:45:27
1833536601,Zenrin-kushū,Dimadick,false,47,enwiki,2024-10-27 11:45:56
1833536602,Category:Wikipedia categories named after populated places in Papua New Guinea,AusLondonder,false,-51,enwiki,2024-10-27 11:45:58
1833536619,Talk:Shlomo Rakib,Encoded,false,309,enwiki,2024-10-27 11:46:03
1833536709,Eastern mud turtle,Bloopityboop,false,128,enwiki,2024-10-27 11:46:36
1833536603,User talk:Nordschleife 00,MSportWiki,false,162,enwiki,2024-10-27 11:45:57
1833536710,China Southern Asset Management,Imcdc,false,13,enwiki,2024-10-27 11:46:38
1833536604,User:Samishahi/sandbox,Samishahi,false,292,enwiki,2024-10-27 11:45:59
1833536711,2024 K League 2,Issue0501,false,37,enwiki,2024-10-27 11:46:36
1833536611,Mad Dog and Glory,Nicholas0,false,1,enwiki,2024-10-27 11:46:00
1833536712,2015–16 Northern Premier League,Oakling,false,-2,enwiki,2024-10-27 11:46:28
1833536612,Liza Soberano,Thewanbasan,false,-8,enwiki,2024-10-27 11:45:56
1833536613,Talk:Fintona,Jharris48,false,26,enwiki,2024-10-27 11:46:02
1833536713,"Category:People from Spalding, Lincolnshire",Ernsanchez00,false,-42,enwiki,2024-10-27 11:46:39
1833536614,Sophia Parnok,Monkbot,true,13,enwiki,2024-10-27 11:45:59
1833536706,Robertson Panel,FatPie123,false,12,enwiki,2024-10-27 11:46:36
1833536714,Căpleni,Monkbot,true,2,enwiki,2024-10-27 11:46:38
1833536615,Pelpa,PAper GOL,false,-86,enwiki,2024-10-27 11:46:03
1833536707,Romans 2,Monkbot,true,1,enwiki,2024-10-27 11:46:35
1833536718,Saadi Al Munla,Asrefaei,false,52,enwiki,2024-10-27 11:46:40
1833536616,User:GrabUp/sandbox,GrabUp,false,30,enwiki,2024-10-27 11:46:03
1833536618,China Southern Asset Management,Imcdc,false,1086,enwiki,2024-10-27 11:46:02
1833536719,Afghanistan national under-17 football team,JohnDavies9612,false,94,enwiki,2024-10-27 11:46:36
1833536800,Indonesia national under-23 football team,2403:6200:88A7:C82:6C09:4DB:D100:8A0F,false,39,enwiki,2024-10-27 11:47:03
1833536815,Hubli,Arjayay,false,-2,enwiki,2024-10-27 11:47:08
1833536903,Holstebro Boldklub,Bocanegra,false,-1,enwiki,2024-10-27 11:47:44
358005303,Signalstationen in Yorkshire,Veleius,false,-23,dewiki,2024-10-27 11:47:51
358005315,Wikipedia:Verschiebewünsche,Ankermast,false,231,dewiki,2024-10-27 11:48:13
1833537018,Talk:Lakhna,124.253.60.194,false,199,enwiki,2024-10-27 11:48:24
1833536802,Concoules,Monkbot,true,1,enwiki,2024-10-27 11:47:04
1833536819,User talk:Krimuk2.0,19Arham,false,242,enwiki,2024-10-27 11:47:12
358005302,Stampa,Cheyron,false,1,dewiki,2024-10-27 11:47:46
1833537004,Rio de Janeiro/Galeão International Airport,Brunoptsem,false,-1016,enwiki,2024-10-27 11:48:18
1833536801,Chase Atlantic,RavenM3,false,-3,enwiki,2024-10-27 11:47:07
1833536915,AEKKEA-RAAB R-29,Fertitler,false,10,enwiki,2024-10-27 11:47:47
358005312,Wojta,2001:4BB8:124:A8E:96C:67E:995A:50FA,false,5,dewiki,2024-10-27 11:48:09
1833537009,"Tornado outbreak of April 8, 1957",CapeVerdeWave,false,-2,enwiki,2024-10-27 11:48:19
1833536916,2024–25 TPBL regular season,安狄,false,212,enwiki,2024-10-27 11:47:44
358005304,Unendlicher Spaß,AX29,false,-1,dewiki,2024-10-27 11:47:51
1833536805,Bus contracting model of Singapore,Omatcha,false,100,enwiki,2024-10-27 11:47:08
1833536917,Sejm Constituency no. 4,Monkbot,true,1,enwiki,2024-10-27 11:47:46
358005310,Benutzer:JEW/Archiv/Angelegte Artikel,JEW,false,22,dewiki,2024-10-27 11:47:56
1833537011,Abulfeda,GiantSnowman,false,0,enwiki,2024-10-27 11:48:21
1833536809,Jean-François Gillet,Dancing Hippos,false,5,enwiki,2024-10-27 11:47:08
358005300,Unicorn World Pairs Championship 1975,212.129.76.80,false,-5,dewiki,2024-10-27 11:47:42
1833536918,Talk:Antitrust cases against Google by the European Union,New hordak from 2018,false,-158,enwiki,2024-10-27 11:47:48
358005305,Liste der Schüttkästen in Niederösterreich,Thomas Dresler,false,0,dewiki,2024-10-27 11:47:50
358005307,Sudetenkrise,Deproe,false,313,dewiki,2024-10-27 11:47:56
358005311,Benutzer:Wolly0209/Musik,Wolly0209,false,11,dewiki,2024-10-27 11:48:05
1833537000,Devika Palshikar,223.178.212.120,false,-9,enwiki,2024-10-27 11:48:18
1833537012,Slat armor,Monkbot,true,1,enwiki,2024-10-27 11:48:22
1833536811,"Volkovo, Cherkassky Selsoviet, Ufimsky District, Republic of Bashkortostan",Monkbot,true,1,enwiki,2024-10-27 11:47:08
1833536919,Shurek Chal,PAper GOL,false,29,enwiki,2024-10-27 11:47:49
358005306,Surabaya International 2024,Florentyna,false,141,dewiki,2024-10-27 11:47:53
1833537001,Stri Purush Tulana,ReshamGi,false,-2,enwiki,2024-10-27 11:48:19
1833537013,Afghanistan national under-17 football team,JohnDavies9612,false,56,enwiki,2024-10-27 11:48:19
358005308,Historische Soziologie,Christof46,false,-1,dewiki,2024-10-27 11:47:58
1833537014,User talk:KylieTastic,KylieTastic,false,742,enwiki,2024-10-27 11:48:23
1833536812,Adeshewa,Emmanuella643,false,351,enwiki,2024-10-27 11:47:10
1833536901,"John III Sobieski Monument, Gdańsk",Monkbot,true,1,enwiki,2024-10-27 11:47:42
358005313,Surabaya International,Florentyna,false,82,dewiki,2024-10-27 11:48:11
1833537015,Hubli,103.186.41.143,false,-114,enwiki,2024-10-27 11:48:20
1833536814,Sulakshana Naik,223.178.212.120,false,-18,enwiki,2024-10-27 11:47:08
1833536902,Wikipedia:Contributor copyright investigations/Zeorymer 02,GreenLipstickLesbian,false,752,enwiki,2024-10-27 11:47:44
1833537002,Leonidas Alaoglu,Monkbot,true,1,enwiki,2024-10-27 11:48:18
1833537104,Like Nastya,2001:7D0:8308:D580:144:DDFC:47E:C7EE,false,18,enwiki,2024-10-27 11:48:47
1833537211,Phillip Island,49.190.13.195,false,-105,enwiki,2024-10-27 11:49:29
1833537105,Draft:Antoni Wodziński,Mac81x,false,235,enwiki,2024-10-27 11:48:46
1833537201,2024–25 Women's Big Bash League season,Kumarpramit,false,69,enwiki,2024-10-27 11:49:22
1833537212,St. Martin's Island,116.204.141.55,false,0,enwiki,2024-10-27 11:49:28
1833537106,Kolno County,Monkbot,true,1,enwiki,2024-10-27 11:48:47
1833537202,Alhaji Gero,Syvä-äksy,false,0,enwiki,2024-10-27 11:49:26
1833537213,Talk:A. G. Sulzberger,Encoded,false,313,enwiki,2024-10-27 11:49:27
1833537109,Wikipedia:Reliable sources/Noticeboard,Alpha3031,false,985,enwiki,2024-10-27 11:48:40
1833537203,User:AusLondonder/XfD log,AusLondonder,false,163,enwiki,2024-10-27 11:49:23
1833537215,"Rivières, Tarn",Monkbot,true,1,enwiki,2024-10-27 11:49:29
1833537116,Padini,Ong Kai Jin,false,-7,enwiki,2024-10-27 11:48:51
1833537204,The Settlers 7: Paths to a Kingdom,Monkbot,true,7,enwiki,2024-10-27 11:49:23
1833537216,Savitaipale,2001:999:60C:98A:376F:61A0:A80B:561D,false,34,enwiki,2024-10-27 11:49:29
1833537117,Crockett's Theme,82.15.27.86,false,107,enwiki,2024-10-27 11:48:48
1833537118,The Youth Memories,NetFreakDeepu,false,746,enwiki,2024-10-27 11:48:50
1833537205,BAWAG P.S.K.,Monkbot,true,1,enwiki,2024-10-27 11:49:26
1833537218,Willard (2003 film),Wikidude10000,false,312,enwiki,2024-10-27 11:49:33
1833537206,No Role Modelz,Spinmeisters,false,167,enwiki,2024-10-27 11:49:26
1833537210,Roman Červenka,93.190.63.250,false,-34,enwiki,2024-10-27 11:49:30
1833537300,Next Australian federal election,Wistherdisc,false,-5,enwiki,2024-10-27 11:49:54
1833537401,2024–25 TPBL season,安狄,false,-14,enwiki,2024-10-27 11:50:22
1833537415,Anushakti Nagar Assembly constituency,OrthosKral,false,8,enwiki,2024-10-27 11:50:29
1833537304,User talk:FeydHuxtable,FeydHuxtable,false,794,enwiki,2024-10-27 11:49:57
1833537315,List of wars involving Magadha,JingJongPascal,false,5286,enwiki,2024-10-27 11:50:00
358005400,Wikipedia Diskussion:Kurier,Itti,false,443,dewiki,2024-10-27 11:50:22
358005403,2. Untersuchungsausschuss der 20. Wahlperiode des Deutschen Bundestages,Nikolai Maria Jakobi,false,-9,dewiki,2024-10-27 11:50:31
1833537303,"Nec temere, nec timide",Arkon Dajern,false,12,enwiki,2024-10-27 11:49:57
1833537317,User:AmandaNP/UAA/Time,DeltaQuadBot,true,0,enwiki,2024-10-27 11:50:03
358005401,Skepta,Lk95,false,1,dewiki,2024-10-27 11:50:25
358005404,Butlins Grand Masters 1984,212.129.76.80,false,0,dewiki,2024-10-27 11:50:31
1833537305,Derapur Assembly constituency,Adamantine123,false,90,enwiki,2024-10-27 11:49:56
1833537405,German radio intelligence operations during World War II,Monkbot,true,14,enwiki,2024-10-27 11:50:23
1833537306,The Pope (book),Biohistorian15,false,1231,enwiki,2024-10-27 11:49:58
1833537406,Toyota Corolla (E100),MoCars,false,275,enwiki,2024-10-27 11:50:24
1833537307,Palahniuk,Reebadab,false,21,enwiki,2024-10-27 11:49:59
1833537407,St. Martin's Island,Frost,false,0,enwiki,2024-10-27 11:50:26
358005405,Liste von Eulenmuseen,Bötsy,false,196,dewiki,2024-10-27 11:50:32
1833537310,Aaron Rahsaan Thomas,DocWatson42,false,8,enwiki,2024-10-27 11:49:59
1833537409,Bulekovsky,Monkbot,true,1,enwiki,2024-10-27 11:50:27
1833537311,Electoral districts of Sri Lanka,QEnigma,false,-46,enwiki,2024-10-27 11:49:57
358005402,Wikipedia:Café,77.191.65.2,false,1084,dewiki,2024-10-27 11:50:21
1833537312,Mikhalis Louka,Monkbot,true,1,enwiki,2024-10-27 11:49:59
1833537411,Spanish Flea,Hzh,false,-60,enwiki,2024-10-27 11:50:28
1833537314,Japanese submarine I-26,Parsecboy,false,1,enwiki,2024-10-27 11:49:58
1833537400,Nikola Katić,185.13.243.46,false,0,enwiki,2024-10-27 11:50:23
1833537412,Murder of Lilie James,WWGB,false,361,enwiki,2024-10-27 11:50:28
358005406,Kato Zakros,Rudolphu,false,38,dewiki,2024-10-27 11:50:34
358005407,Kassettendecke,Ghostwriter123,false,22,dewiki,2024-10-27 11:50:38
358005409,Kastell Vârtop,Hartmann Linge,false,1,dewiki,2024-10-27 11:50:42
1833537513,A. G. Sulzberger,Encoded,false,1897,enwiki,2024-10-27 11:50:51
358005416,Liste bekannter Tiere,Dumi,false,250,dewiki,2024-10-27 11:50:57
1833537618,Hesar-e Isa,Brightkingdom,false,917,enwiki,2024-10-27 11:51:22
1833537714,Caroline Dolehide,Shrug02,false,267,enwiki,2024-10-27 11:51:44
358005412,Cody Ceci,Tomyiy,false,-7,dewiki,2024-10-27 11:50:54
1833537603,"Takasu, Hokkaido",Oakling,false,173,enwiki,2024-10-27 11:51:16
1833537715,Lakhdenpokhsky District,Monkbot,true,1,enwiki,2024-10-27 11:51:48
358005408,Benutzer:Zieglhar/Rheinfelden (Adelsgeschlecht),Zieglhar,false,226,dewiki,2024-10-27 11:50:39
1833537517,Yannis Economides,Monkbot,true,1,enwiki,2024-10-27 11:50:53
1833537716,Category:People from Caistor,Ernsanchez00,false,13,enwiki,2024-10-27 11:51:50
358005413,Benutzer:Emma300811/Melissa Maria Becker,Emma300811,false,-115,dewiki,2024-10-27 11:50:55
358005417,Wikipedia:Löschkandidaten/25. Oktober 2024,Mary Joanna,false,152,dewiki,2024-10-27 11:50:59
1833537605,The Ricky Gervais Show (TV series),2601:644:4884:9F70:85A7:AB3E:9CC5:A5E9,false,-13,enwiki,2024-10-27 11:51:15
358005415,Piekary (Udanin),Manha28,false,0,dewiki,2024-10-27 11:50:56
1833537700,Charles Adams (rugby union),Jevansen,false,45,enwiki,2024-10-27 11:51:46
1833537607,Abubakar Sadiku Ohere,Alexandriuz,false,-1,enwiki,2024-10-27 11:51:18
1833537702,Bus contracting model of Singapore,Omatcha,false,118,enwiki,2024-10-27 11:51:47
1833537500,"Category:People from Stamford, Lincolnshire",Ernsanchez00,false,-42,enwiki,2024-10-27 11:50:51
1833537601,Saint-Domet,Monkbot,true,1,enwiki,2024-10-27 11:51:15
1833537608,Sarjun ibn Mansur,Monkbot,true,2,enwiki,2024-10-27 11:51:18
1833537704,Tiya: A Parrot's Journey Home,ReshamGi,false,-11,enwiki,2024-10-27 11:51:48
1833537506,"Zdroje, Szczecin",Monkbot,true,1,enwiki,2024-10-27 11:50:51
358005418,Masowier,Stephan Hense,false,17,dewiki,2024-10-27 11:51:04
1833537615,Charles Adams (rugby union),Jevansen,false,52,enwiki,2024-10-27 11:51:22
1833537705,Gregor Horst,Anaxial,false,-4,enwiki,2024-10-27 11:51:48
1833537511,Gas cylinder,Pbsouthwood,false,12,enwiki,2024-10-27 11:50:48
358005419,Diskussion:Liste von Verschwörungstheorien der PKK,Koenraad,false,460,dewiki,2024-10-27 11:51:04
1833537709,Gan-Xin Yan,Citation bot,true,6,enwiki,2024-10-27 11:51:49
1833537512,Teimumu Kepa,119.235.71.81,false,115,enwiki,2024-10-27 11:50:51
1833537602,Wikipedia:Conflict of interest/Noticeboard,Axad12,false,1325,enwiki,2024-10-27 11:51:09
1833537617,Auguste Corteau,Monkbot,true,1,enwiki,2024-10-27 11:51:22
1833537713,Boltzmann machine,ReyHahn,false,34,enwiki,2024-10-27 11:51:47
1833537808,Charles Adams (rugby union),Jevansen,false,46,enwiki,2024-10-27 11:52:19
358005506,Leone Sinigaglia,Johannes Mockenhaupt,false,47,dewiki,2024-10-27 11:53:13
1833538006,Nick Warren,Jeffysouthwest,false,0,enwiki,2024-10-27 11:53:26
1833537916,Aleksandra Maltsevskaya,Monkbot,true,2,enwiki,2024-10-27 11:52:55
358005512,Tyler Toffoli,Tomyiy,false,-7,dewiki,2024-10-27 11:53:24
1833538008,Wetlook,Qwfp,false,-1,enwiki,2024-10-27 11:53:28
1833537811,Edward J. Ruppelt,FatPie123,false,-12,enwiki,2024-10-27 11:52:20
1833537918,List of world number one male golfers,Nigej,false,0,enwiki,2024-10-27 11:52:53
358005501,Shūgiin-Wahl 2024,Asakura Akira,false,526,dewiki,2024-10-27 11:53:03
358005508,Headlights (Robin-Schulz-Lied),YGO24895,false,73,dewiki,2024-10-27 11:53:18
1833538009,Lhenice,Monkbot,true,1,enwiki,2024-10-27 11:53:26
1833537800,Evan Call,151.251.249.125,false,5,enwiki,2024-10-27 11:52:14
1833537813,Pathaan (YRF Spy Universe),Gotitbro,false,-204,enwiki,2024-10-27 11:52:20
1833537900,List of radio stations in Greece,2A02:85F:F5B5:1700:E8C7:8093:970E:A2E9,false,308,enwiki,2024-10-27 11:52:42
1833537917,2020 Supersport 300 World Championship,Ousmane0306,false,8539,enwiki,2024-10-27 11:52:52
1833538010,Category:Measures of the National Assembly for Wales 2010,SqrtLog,false,4,enwiki,2024-10-27 11:53:30
1833537801,User:DreamRimmer/common.js,DreamRimmer,false,-110,enwiki,2024-10-27 11:52:18
1833537901,TheGenealogist,Keith H99,false,360,enwiki,2024-10-27 11:52:47
1833537919,User talk:Md. Milon ahamed,KylieTastic,false,1688,enwiki,2024-10-27 11:52:57
358005505,Benutzer:Aka/Fehlerlisten/Typographische Anführungszeichen/001,Dk1909,false,-2138,dewiki,2024-10-27 11:53:11
358005513,Denkmäler rheinischer Musik,Endimione,false,0,dewiki,2024-10-27 11:53:26
358005516,Verband Bildung und Erziehung,AX29,false,1,dewiki,2024-10-27 11:53:30
1833537804,Felipe Lara,Zuck28,false,115,enwiki,2024-10-27 11:52:17
358005515,North Harbour International 2024,Terry850324,false,-50,dewiki,2024-10-27 11:53:26
1833537805,Introjection (Neon Genesis Evangelion episode),TeenAngels1234,false,274,enwiki,2024-10-27 11:52:15
1833537814,Yevgeny Mironov (actor),Monkbot,true,1,enwiki,2024-10-27 11:52:20
1833537902,User:KylieTastic/AfC log,KylieTastic,false,116,enwiki,2024-10-27 11:52:41
358005507,Wikipedia:Löschkandidaten/25. Oktober 2024,Mary Joanna,false,137,dewiki,2024-10-27 11:53:12
358005509,Benutzer:Aka/Fehlerlisten/viele Tippfehler/Ausschluss/B,Primavera2023,false,29,dewiki,2024-10-27 11:53:21
1833538001,User:CyberYukonic/sandbox,CyberYukonic,false,14,enwiki,2024-10-27 11:53:27
1833537803,User:Knitsey,Knitsey,false,-79,enwiki,2024-10-27 11:52:18
358005502,WAA Wackersdorf,Atirador,false,-39,dewiki,2024-10-27 11:53:06
1833538002,Ferdinando Marinelli Artistic Foundry,Tudorose,false,-1,enwiki,2024-10-27 11:53:26
1833537907,Ioannis Kouzeloglou,Monkbot,true,1,enwiki,2024-10-27 11:52:48
1833538004,Jerome Clark,FatPie123,false,4,enwiki,2024-10-27 11:53:27
1833537806,The Real Housewives of Atlanta,Lmiou,false,22,enwiki,2024-10-27 11:52:13
1833537911,Villevieille,Monkbot,true,1,enwiki,2024-10-27 11:52:50
358005504,Ty Dellandrea,Tomyiy,false,0,dewiki,2024-10-27 11:53:07
358005510,Steve Rosenberg,Andek,false,57,dewiki,2024-10-27 11:53:24
1833538005,2024–25 Nemzeti Bajnokság II,Skyblueshaun,false,1,enwiki,2024-10-27 11:53:26
358005517,Wikipedia:Café,2A0A:A540:C92D:0:6523:91CE:F47:1B58,false,300,dewiki,2024-10-27 11:53:19
1833538119,Japanese submarine I-174,Parsecboy,false,1,enwiki,2024-10-27 11:53:54
1833538206,Cabeza guateada,Nortekman,false,1205,enwiki,2024-10-27 11:54:31
1833538015,Bill McGlashan,Edwardx,false,-31,enwiki,2024-10-27 11:53:31
1833538100,Saint-Oradoux-de-Chirouze,Monkbot,true,1,enwiki,2024-10-27 11:53:49
1833538219,List of Sega Genesis games,NakhlaMan,false,-50,enwiki,2024-10-27 11:54:23
1833538300,Yoko Komiyama,Dpm853,false,1117,enwiki,2024-10-27 11:54:57
1833538016,Area codes 903 and 430,No No No No Name fu,false,28,enwiki,2024-10-27 11:53:32
1833538208,Transanal irrigation,Moribundum,false,538,enwiki,2024-10-27 11:54:31
1833538305,World championships in WWE,Fistagon eyes ya,false,778,enwiki,2024-10-27 11:54:59
1833538017,User:Imcdc/sandbox,Imcdc,false,20,enwiki,2024-10-27 11:53:32
1833538106,Tennessee Whiskey (song),Meters,false,-67,enwiki,2024-10-27 11:53:52
1833538209,List of top 10 singles in 2024 (France),Pierremar,false,-203,enwiki,2024-10-27 11:54:31
1833538306,Army Museum in Białystok,Monkbot,true,1,enwiki,2024-10-27 11:55:00
1833538019,2024 Pacific hurricane season,MAS0802,false,9,enwiki,2024-10-27 11:53:25
1833538108,Draft:Marie Tomanova,KylieTastic,false,4,enwiki,2024-10-27 11:53:54
1833538201,Tyrrell 018,WMN03,false,27,enwiki,2024-10-27 11:54:26
1833538210,ORP Sokół (1940),Monkbot,true,1,enwiki,2024-10-27 11:54:30
1833538307,User:AusLondonder/XfD log,AusLondonder,false,134,enwiki,2024-10-27 11:54:57
1833538109,Wikipedia talk:Good article nominations,PARAKANYAA,false,209,enwiki,2024-10-27 11:53:53
1833538211,YRF Spy Universe,Gotitbro,false,30,enwiki,2024-10-27 11:54:29
1833538308,Glasat na Bulgaria season 11,Dan agent06,false,16,enwiki,2024-10-27 11:55:01
1833538110,Professor A. Dońda,Monkbot,true,1,enwiki,2024-10-27 11:53:53
1833538203,The First Day of Freedom,Monkbot,true,1,enwiki,2024-10-27 11:54:27
1833538212,List of attendance figures at domestic professional sports leagues,2A02:A316:2486:4500:DC8D:B176:6589:7653,false,0,enwiki,2024-10-27 11:54:27
1833538111,The Worst of APO Hiking Society,John Wilfred S. Tating,false,0,enwiki,2024-10-27 11:53:53
1833538310,Automated border control system,180.129.47.248,false,7,enwiki,2024-10-27 11:54:56
358005518,Alexander Wennberg,Tomyiy,false,-7,dewiki,2024-10-27 11:53:34
1833538218,Vellaswamy Vanitha,223.178.212.120,false,-10,enwiki,2024-10-27 11:54:33
1833538309,Galway United F.C.,103.114.211.200,false,15,enwiki,2024-10-27 11:54:59
1833538115,F1 2017 (video game),DH85868993,false,1,enwiki,2024-10-27 11:53:53
1833538204,2024–25 Luxembourg National Division,Jphwra,false,0,enwiki,2024-10-27 11:54:28
1833538217,Talk:Malene Sølvsten,Uffda608,false,15,enwiki,2024-10-27 11:54:34
1833538315,Nation Broadcasting Corporation,Ekis2020,false,683,enwiki,2024-10-27 11:55:02
1833538406,User talk:Mandi News,Theroadislong,false,455,enwiki,2024-10-27 11:55:35
358005611,Hub (Lauf an der Pegnitz),Der X an alle Rahm,false,1746,dewiki,2024-10-27 11:55:51
1833538316,Monica Sumra,223.178.212.120,false,-14,enwiki,2024-10-27 11:55:03
1833538407,2006–07 FC Bayern Munich season,BlameRuiner,false,-24,enwiki,2024-10-27 11:55:31
358005613,Antonia Mertsching,Lokfahrer,false,8,dewiki,2024-10-27 11:55:54
1833538502,"Krosno County, Lubusz Voivodeship",Monkbot,true,1,enwiki,2024-10-27 11:56:19
1833538317,Japanese submarine I-10,Parsecboy,false,1,enwiki,2024-10-27 11:55:02
1833538408,Draft:Ranjha family,Theroadislong,false,54,enwiki,2024-10-27 11:55:35
1833538417,Category:Wikipedia categories named after populated places in Portugal,AusLondonder,false,-45,enwiki,2024-10-27 11:55:40
358005614,Bezirksverwaltung für Staatssicherheit Halle,Thomas Wozniak,false,345,dewiki,2024-10-27 11:55:53
1833538503,Josh Roseman,Phullmann,false,46,enwiki,2024-10-27 11:56:21
1833538513,Výškov,Monkbot,true,1,enwiki,2024-10-27 11:56:22
1833538318,Battleship,KulsprutaKid,false,10,enwiki,2024-10-27 11:55:00
1833538409,Yulia Nestsiarenka,Monkbot,true,2,enwiki,2024-10-27 11:55:35
1833538418,Chinmoy Guha,2409:4060:208:385C:4C6:56A1:3B9:3FC7,false,66,enwiki,2024-10-27 11:55:39
358005605,The Last Kingdom: Seven Kings Must Die,Mielas,false,16,dewiki,2024-10-27 11:55:46
358005615,Carl Leibl,Endimione,false,0,dewiki,2024-10-27 11:55:55
1833538504,Eragon (film),Bunnypranav,false,-15,enwiki,2024-10-27 11:56:19
1833538514,Draft:Chernobyl Reactors 5 and 6,Bollardant,false,1,enwiki,2024-10-27 11:56:24
1833538319,Pelonne,Monkbot,true,1,enwiki,2024-10-27 11:55:03
1833538400,Hank Bachmeier,Tacyarg,false,-902,enwiki,2024-10-27 11:55:31
1833538410,Tropical Storm Trami (2024),HurricaneEdgar,false,293,enwiki,2024-10-27 11:55:32
358005606,Wikipedia Diskussion:Kurier,Ocd-cologne,false,8,dewiki,2024-10-27 11:55:45
358005616,Damian Bungart,Dk1909,false,-32,dewiki,2024-10-27 11:55:55
358005618,Benutzer:Aka/Fehlerlisten/Typographische Anführungszeichen/001,Dk1909,false,-1386,dewiki,2024-10-27 11:56:03
1833538515,User:GrabUp/External Links Remover.js,GrabUp,false,-911,enwiki,2024-10-27 11:56:26
1833538411,Nation Broadcasting Corporation,Ekis2020,false,-68,enwiki,2024-10-27 11:55:37
358005607,Leyla Lahouar,M2k~dewiki,false,1,dewiki,2024-10-27 11:55:47
1833538505,"Averroes International School, Dhaka",115.127.93.50,false,6830,enwiki,2024-10-27 11:56:20
1833538516,List of fictional non-binary characters,Pyxis Solitary,false,376,enwiki,2024-10-27 11:56:20
1833538401,Haas VF-23,DH85868993,false,1,enwiki,2024-10-27 11:55:31
1833538412,2004–05 Inter Milan season,BlameRuiner,false,-29,enwiki,2024-10-27 11:55:28
1833538518,Talk:Theatre Development Fund,Encoded,false,313,enwiki,2024-10-27 11:56:23
1833538402,Bay of Grama,Monkbot,true,2,enwiki,2024-10-27 11:55:32
1833538413,Derapur Assembly constituency,Adamantine123,false,130,enwiki,2024-10-27 11:55:38
358005610,Geothermisches Informationssystem,LukeTriton,false,-2,dewiki,2024-10-27 11:55:49
358005612,Wikipedia Diskussion:Wiki Loves Monuments 2024/Deutschland/Jury,Ailura,false,95,dewiki,2024-10-27 11:55:53
358005619,Geothermisches Informationssystem,LukeTriton,false,6,dewiki,2024-10-27 11:56:03
1833538508,Karelian Bear Dog,Spring Joy,false,176,enwiki,2024-10-27 11:56:22
1833538403,Presidente Castro Pinto International Airport,Brunoptsem,false,-337,enwiki,2024-10-27 11:55:33
1833538416,Sydney Ferries,Capenaps,false,-10,enwiki,2024-10-27 11:55:39
1833538500,Governor of Kaluga Oblast,Monkbot,true,1,enwiki,2024-10-27 11:56:16
1833538507,New media,2409:40C4:304:1C5F:8000:0:0:0,false,32,enwiki,2024-10-27 11:56:20
1833538404,Reuben Meade,124.217.189.191,false,349,enwiki,2024-10-27 11:55:28
1833538415,Immortal Waltz,Monkbot,true,1,enwiki,2024-10-27 11:55:39
1833538509,"Joe Lewis (footballer, born 1999)",GiantSnowman,false,85,enwiki,2024-10-27 11:56:23
