1833494015,Al-'Ula,EmausBot,true,-3,enwiki,2024-10-27 08:20:24
1833494115,1995 Canberra by-election,Totallynotarandomalt69,false,0,enwiki,2024-10-27 08:20:54
1833494209,2024 SMU Mustangs football team,OutlawRun,false,887,enwiki,2024-10-27 08:21:17
1833494310,Conclave (film),136.24.146.105,false,0,enwiki,2024-10-27 08:21:43
1833494410,"Boussac, Creuse",Monkbot,true,1,enwiki,2024-10-27 08:22:10
1833494601,Vishal–Shekhar discography,L5boat,false,-17,enwiki,2024-10-27 08:23:09
1833494706,Abdominal angina,ChristieBot,true,17,enwiki,2024-10-27 08:23:37
357998516,Portal:Tennis/Neue Artikel,TaxonBota,true,139,dewiki,2024-10-27 08:24:03
1833494804,Cherlaksky District,Monkbot,true,2,enwiki,2024-10-27 08:24:09
1833494903,Merrill Piepkorn,AmeriMike,false,166,enwiki,2024-10-27 08:24:44
1833495001,"Talk:Lewiston Public Library, Lewiston, NY",EmausBot,true,-10,enwiki,2024-10-27 08:25:14
1833494016,Anu Emmanuel,L5boat,false,-2,enwiki,2024-10-27 08:20:22
1833494100,Fourques-sur-Garonne,Monkbot,true,1,enwiki,2024-10-27 08:20:45
1833494116,Category:People from Halsall,Ernsanchez00,false,3,enwiki,2024-10-27 08:20:56
1833494210,Chemical cartridge,Randomstaplers,false,281,enwiki,2024-10-27 08:21:18
1833494311,Mark Cross (musician),Natg 19,false,24,enwiki,2024-10-27 08:21:45
1833494412,"Kilgore, Texas",No No No No Name fu,false,27,enwiki,2024-10-27 08:22:10
1833494602,Mass in D major (Dvořák),Monkbot,true,1,enwiki,2024-10-27 08:23:08
1833494707,User:NewDealChief/sandbox,NewDealChief,false,56,enwiki,2024-10-27 08:23:35
357998508,Erste Bank Open 2024,Catgamer,false,139,dewiki,2024-10-27 08:23:52
1833494807,"Category:People from Rufford, Lancashire",Ernsanchez00,false,3,enwiki,2024-10-27 08:24:12
1833495003,Vincent Valerio-Bodon,Intruder007,false,66,enwiki,2024-10-27 08:25:13
1833494017,TNA World Tag Team Championship,2600:1007:B031:8547:D8E9:3724:B0B3:D95C,false,-136,enwiki,2024-10-27 08:20:22
1833494101,Mymensingh Cantonment massacre,XTheBedrockX,false,45,enwiki,2024-10-27 08:20:48
1833494117,The Age of Innocence (1993 film),FloorMadeOuttaFloor,false,-17,enwiki,2024-10-27 08:20:55
1833494211,Rifts Sourcebook,BOZ,false,72,enwiki,2024-10-27 08:21:20
1833494313,Martin Hans Boyè,Ser Amantio di Nicolao,false,13,enwiki,2024-10-27 08:21:45
1833494413,United FC (Dubai),89.237.148.254,false,53,enwiki,2024-10-27 08:22:12
1833494603,2017 Western New Mexico Mustangs football team,Mes tex,false,253,enwiki,2024-10-27 08:23:08
357998503,Historia Literaria,Hutch,false,12,dewiki,2024-10-27 08:23:46
1833494808,Wikipedia:Requests for page protection/Increase,TechGeek105,false,478,enwiki,2024-10-27 08:24:12
1833494907,Wang Xing,HarukaAmaranth,false,4,enwiki,2024-10-27 08:24:46
1833494018,One Two Jaga,2001:E68:63CF:2C00:2C0C:345E:A2EF:98EB,false,6,enwiki,2024-10-27 08:20:24
1833494103,Nick Ariondo,Pitille02,false,633,enwiki,2024-10-27 08:20:48
1833494314,Mahamat Déby,Natemup,false,-19,enwiki,2024-10-27 08:21:41
1833494414,Wikipedia:Articles for improvement/Nominations,WikiBananaGGGG,false,265,enwiki,2024-10-27 08:22:08
1833494501,Draft:A New Kind of Wilderness,Jeraxmoira,false,9,enwiki,2024-10-27 08:22:37
1833494606,Hatta Club,89.237.148.254,false,3,enwiki,2024-10-27 08:23:09
357998500,Open de France,Nikolai Maria Jakobi,false,31,dewiki,2024-10-27 08:23:39
357998510,Liste bekannter Golfspieler,Nikolai Maria Jakobi,false,33,dewiki,2024-10-27 08:23:59
1833494813,Jeff B. Davis,SdkbBot,true,-2,enwiki,2024-10-27 08:24:11
1833494908,Tay Zonday,Discospinster,false,-19,enwiki,2024-10-27 08:24:46
1833495005,Sarsaz,Monkbot,true,2,enwiki,2024-10-27 08:25:13
1833494104,Line 2 (Foshan Metro),GMB205,false,300,enwiki,2024-10-27 08:20:46
1833494216,Comilla Cantonment massacre,XTheBedrockX,false,45,enwiki,2024-10-27 08:21:20
1833494415,Jibal Al-Rukkab,EmausBot,true,-3,enwiki,2024-10-27 08:22:14
1833494506,Category:British women printmakers,2600:4041:57B1:3E00:993E:65E2:8638:1E89,false,174,enwiki,2024-10-27 08:22:39
1833494607,Ritu Varma,Jayanthkumar123,false,408,enwiki,2024-10-27 08:23:09
1833494710,Abo Taleb El Essawi,Borhan,false,0,enwiki,2024-10-27 08:23:40
357998506,Bridgette B,Ysabella,false,-333,dewiki,2024-10-27 08:23:51
1833495004,Leo E. Strine Jr.,J450NH3,false,-162,enwiki,2024-10-27 08:25:13
1833494019,Category:People from Burscough,Ernsanchez00,false,3,enwiki,2024-10-27 08:20:24
1833494107,UAAP Season 87,Salmonpepperrice,false,561,enwiki,2024-10-27 08:20:44
1833494200,Sun Lianzhong,Kevin9217,false,52,enwiki,2024-10-27 08:21:16
1833494217,Category:People from Lathom,Ernsanchez00,false,3,enwiki,2024-10-27 08:21:21
1833494402,Prisoner's dilemma,DocWatson42,false,4,enwiki,2024-10-27 08:22:06
1833494419,Kasper Doenhoff,Monkbot,true,2,enwiki,2024-10-27 08:22:14
1833494508,Legislative Assembly of Rostov Oblast,Monkbot,true,1,enwiki,2024-10-27 08:22:38
1833494610,Interstate 94 in Illinois,207.172.34.206,false,19,enwiki,2024-10-27 08:23:09
1833494714,Pomeranian Voivodeship (1919–1939),Monkbot,true,1,enwiki,2024-10-27 08:23:39
1833494815,Motor Science University of Rome,EmausBot,true,-4,enwiki,2024-10-27 08:24:14
1833494919,The Prince (TV series),Jediknight15,false,40,enwiki,2024-10-27 08:24:45
1833495010,Kawasoti,Arun.kst.604,false,873,enwiki,2024-10-27 08:25:14
1833494108,Labégude,Monkbot,true,1,enwiki,2024-10-27 08:20:49
1833494202,The Filmstaar,2402:8100:24D2:8702:99F:AF23:349:31FB,false,-14,enwiki,2024-10-27 08:21:17
1833494218,Ahmad Al-Fahad Al-Ahmed Al-Sabah,Asrefaei,false,63,enwiki,2024-10-27 08:21:20
1833494318,Saharsa district,AstuteFlicker,false,47,enwiki,2024-10-27 08:21:46
1833494510,Abo Taleb El Essawi,156.200.92.4,false,22,enwiki,2024-10-27 08:22:39
1833494613,Template:Hamas,Paine Ellsworth,false,0,enwiki,2024-10-27 08:23:12
1833494701,Isudan Gadhvi,Hirohitko,false,20,enwiki,2024-10-27 08:23:31
1833494717,User:Jonesey95/self-transcluded-templates,SDZeroBot,true,-1324,enwiki,2024-10-27 08:23:38
1833494817,"Yarino (settlement), Dobryanka, Perm Krai",Monkbot,true,1,enwiki,2024-10-27 08:24:13
1833495011,Sajid Khan (cricketer),SdkbBot,true,-1,enwiki,2024-10-27 08:25:14
1833494111,Mark Cross (musician),Natg 19,false,-4,enwiki,2024-10-27 08:20:53
1833494205,Chatzon,Monkbot,true,1,enwiki,2024-10-27 08:21:18
1833494300,Al-ʿUlā,EmausBot,true,-3,enwiki,2024-10-27 08:21:44
1833494405,Template talk:Infobox television,Jediknight15,false,207,enwiki,2024-10-27 08:22:08
1833494615,Sacred bull,Quezerque,false,-10,enwiki,2024-10-27 08:23:12
1833494703,Cadjehoun Airport,SdkbBot,true,-1,enwiki,2024-10-27 08:23:34
357998501,Wikipedia:Redaktion Medizin/Überarbeitungen/Allgemeinmedizin,TaxonBota,true,15,dewiki,2024-10-27 08:23:44
357998507,Wikipedia Diskussion:Hauptseite/Jahrestage/2026,Eberhardine,false,224,dewiki,2024-10-27 08:23:49
1833494800,Climate change in the United States,RCraig09,false,-10,enwiki,2024-10-27 08:24:02
1833494819,Haw River Valley AVA,Natg 19,false,15,enwiki,2024-10-27 08:24:14
1833495012,List of Delta Air Lines destinations,JoshuaEW,false,-6,enwiki,2024-10-27 08:25:13
1833494112,Al'ula,EmausBot,true,-3,enwiki,2024-10-27 08:20:54
1833494206,Ennu Ninte Moideen,SdkbBot,true,-2,enwiki,2024-10-27 08:21:17
1833494319,Wikipedia:Village pump (policy),Gonnym,false,109,enwiki,2024-10-27 08:21:39
1833494616,A Prussian Love Story,Monkbot,true,1,enwiki,2024-10-27 08:23:11
1833494719,Jessie Valentine,Zyxw,false,63,enwiki,2024-10-27 08:23:43
357998517,Liste ärztlicher Weiterbildungsbezeichnungen in Deutschland,Glewe,false,51,dewiki,2024-10-27 08:24:09
1833494113,Gene Loves Jezebel,SdkbBot,true,6,enwiki,2024-10-27 08:20:53
1833494207,Talk:Only a Fool Would Say That,Solidest,false,-30,enwiki,2024-10-27 08:21:19
1833494309,Gero Cross,Monkbot,true,1,enwiki,2024-10-27 08:21:44
1833494408,Homosexual clergy in the Catholic Church,77.234.79.112,false,93,enwiki,2024-10-27 08:22:09
1833494600,Tay Zonday,Discospinster,false,-5,enwiki,2024-10-27 08:23:08
1833494618,History of the Edmonton Oilers,SdkbBot,true,-2,enwiki,2024-10-27 08:23:10
1833494705,Kalindria,Monkbot,true,3,enwiki,2024-10-27 08:23:35
357998504,Weiblichkeit,Georg Hügler,false,384,dewiki,2024-10-27 08:23:48
357998515,Czech Airlines,Uli Elch,false,-226,dewiki,2024-10-27 08:24:00
357998518,Eduardo Giles Martínez,GünniX,false,-46,dewiki,2024-10-27 08:24:11
1833494902,2024–25 Kaohsiung Aquas season,安狄,false,10,enwiki,2024-10-27 08:24:44
1833495103,List of equipment of the Islamic Republic of Iran Air Defense Force,Nafis Fuad Ayon,false,0,enwiki,2024-10-27 08:25:49
1833495116,First Cristea cabinet,SdkbBot,true,-2,enwiki,2024-10-27 08:25:52
1833495303,Superstar (Christine Milton song),SdkbBot,true,-1,enwiki,2024-10-27 08:26:51
1833495401,2024–25 TPBL regular season,安狄,false,10,enwiki,2024-10-27 08:27:17
1833495419,Template:2026 NZ election forecasts,GlowstoneUnknown,false,8382,enwiki,2024-10-27 08:27:27
1833495502,Talk:Abkhazia,Chipmunkdavis,false,181,enwiki,2024-10-27 08:27:52
357998607,Benutzer:Wartungsstube/Kreis Lippe,TaxonBota,true,21,dewiki,2024-10-27 08:27:54
1833495102,Liar paradox,DocWatson42,false,-11,enwiki,2024-10-27 08:25:49
1833495117,Jaime Dávila Reyes,Idoghor Melody,false,-10,enwiki,2024-10-27 08:25:52
1833495203,Talk:Goat,ChristieBot,true,26,enwiki,2024-10-27 08:26:21
1833495309,Nieuil,Monkbot,true,1,enwiki,2024-10-27 08:26:54
357998603,Eduardo O’Neill,GünniX,false,-52,dewiki,2024-10-27 08:27:44
1833495505,Anas Khalid Al Saleh,Asrefaei,false,50,enwiki,2024-10-27 08:27:54
1833495104,Aahuti,DareshMohan,false,-11,enwiki,2024-10-27 08:25:50
1833495208,Talk:Kamkata-viri language,EmausBot,true,-7,enwiki,2024-10-27 08:26:24
1833495310,User:MacronMonitor/LinkAlerts,MacronMonitor,false,428,enwiki,2024-10-27 08:26:56
1833495403,My Love (Leigh-Anne song),Savagexx,false,30,enwiki,2024-10-27 08:27:21
1833495506,Olfactory system,Alan U. Kennington,false,52,enwiki,2024-10-27 08:27:53
1833495209,Kraków Philharmonic,Monkbot,true,1,enwiki,2024-10-27 08:26:23
1833495404,Saint-Georges,ShelfSkewed,false,860,enwiki,2024-10-27 08:27:23
1833495507,Spencer Tunick,AnomieBOT,true,144,enwiki,2024-10-27 08:27:52
1833495108,Emil Knauer,Idoghor Melody,false,4,enwiki,2024-10-27 08:25:50
1833495314,Scolecenchelys erythraeensis,Idoghor Melody,false,30,enwiki,2024-10-27 08:26:57
1833495405,Bashgali dialect,EmausBot,true,-7,enwiki,2024-10-27 08:27:24
1833495510,Trolleybuses in Coimbra,SJ Morg,false,-6,enwiki,2024-10-27 08:27:54
1833495109,Günter Nooke,Idoghor Melody,false,4,enwiki,2024-10-27 08:25:48
1833495212,User:MacronMonitor/Alerts,MacronMonitor,false,276,enwiki,2024-10-27 08:26:23
1833495318,2024 Jharkhand Legislative Assembly election,Kalpesh Manna 2002,false,-7,enwiki,2024-10-27 08:26:55
1833495410,Trolleybuses in Coimbra,SJ Morg,false,1737,enwiki,2024-10-27 08:27:24
357998600,Full Force,Freimut Bahlo,false,1,dewiki,2024-10-27 08:27:37
1833495511,Tommy Clufetos,Charles Essie,false,62,enwiki,2024-10-27 08:27:54
1833495111,Sara Gramática,Hitesh ade,false,186,enwiki,2024-10-27 08:25:50
1833495214,François Rémond,Idoghor Melody,false,24,enwiki,2024-10-27 08:26:24
357998605,Groupama-FDJ,Rolf acker,false,14,dewiki,2024-10-27 08:27:51
1833495517,Saléchan,Monkbot,true,1,enwiki,2024-10-27 08:27:54
1833495110,Category:Sheikh Hasina,Gotitbro,false,55,enwiki,2024-10-27 08:25:51
1833495200,Carlos Humberto Romero,2803:D100:F280:18C4:581A:5689:9B7F:A574,false,29,enwiki,2024-10-27 08:26:18
1833495215,Ioulia Chtchetinina,Rainbowed-Sunned-Spirit,false,839,enwiki,2024-10-27 08:26:22
1833495413,Kerala Cafe,2402:8100:24D2:8702:99F:AF23:349:31FB,false,-60,enwiki,2024-10-27 08:27:24
1833495501,D-Generation X: In Your House,SdkbBot,true,-1,enwiki,2024-10-27 08:27:52
1833495518,User talk:Kaustubh42,Roni0102,false,261,enwiki,2024-10-27 08:27:53
1833495112,Talk:Lemon/GA1,ChristieBot,true,70,enwiki,2024-10-27 08:25:52
1833495202,List of earthquakes 2001–2010,Dawnseeker2000,false,-5372,enwiki,2024-10-27 08:26:17
1833495414,Montmeyran,Monkbot,true,1,enwiki,2024-10-27 08:27:24
1833495504,"Draft talk:Department of Planning, Lands and Heritage (Western Australia)",EmausBot,true,-20,enwiki,2024-10-27 08:27:54
357998606,Peter Jacob Johannssen,Berlin-George,false,12,dewiki,2024-10-27 08:27:59
1833495113,Sarraguzan,Monkbot,true,1,enwiki,2024-10-27 08:25:49
1833495302,Carlos Humberto Romero,2803:D100:F280:18C4:581A:5689:9B7F:A574,false,29,enwiki,2024-10-27 08:26:51
1833495400,"Rovišče, Zagorje ob Savi",Monkbot,true,4,enwiki,2024-10-27 08:27:20
1833495503,Pradip Humagain,2600:1702:5347:410:4C42:DAF8:A214:D9BF,false,58,enwiki,2024-10-27 08:27:52
1833495619,"Olkhovka, Dobryanka, Perm Krai",Monkbot,true,1,enwiki,2024-10-27 08:28:21
357998615,Benutzer:DeWikiMan/ToDo,TaxonBota,true,73,dewiki,2024-10-27 08:28:30
1833495710,2024 Queensland state election,174.165.12.126,false,0,enwiki,2024-10-27 08:28:45
1833495700,Category:Wikipedia categories named after populated places in Brandenburg,AusLondonder,false,-48,enwiki,2024-10-27 08:28:46
1833495711,Mikhail Dmitrievich Gorchakov,Monkbot,true,2,enwiki,2024-10-27 08:28:48
357998611,Portal:Österreich-Ungarn/Neue Artikel auto,TaxonBota,true,-15,dewiki,2024-10-27 08:28:18
1833495701,Bundeswehr Cross of Honour for Valour,Monkbot,true,1,enwiki,2024-10-27 08:28:45
1833495702,Mohandevji,WikiWhizKid1999,false,133,enwiki,2024-10-27 08:28:46
1833495613,Richmond Art Center,SdkbBot,true,-1,enwiki,2024-10-27 08:28:17
1833495704,Sean Dillon (politician),MPGuy2824,false,-11,enwiki,2024-10-27 08:28:47
1833495614,"Nemška Vas, Ribnica",Monkbot,true,2,enwiki,2024-10-27 08:28:18
357998616,Benutzer Diskussion:Mautpreller,Andrea014,false,2833,dewiki,2024-10-27 08:28:17
357998617,Historische Chronologie,Hutch,false,4,dewiki,2024-10-27 08:28:37
357998619,Dirk Borchardt,Heitersberg,false,45,dewiki,2024-10-27 08:28:47
1833495615,National Assembly of Pakistan,2001:8F8:1361:554F:E9:263F:D5AF:B7A,false,0,enwiki,2024-10-27 08:28:15
357998614,"Gelobt seist du, Herr Jesu Christ",37.209.63.230,false,222,dewiki,2024-10-27 08:28:26
1833495705,Wikipedia:Closure requests/Archive 39,ClueBot III,true,3502,enwiki,2024-10-27 08:28:45
1833495616,2017 Western New Mexico Mustangs football team,Mes tex,false,271,enwiki,2024-10-27 08:28:20
357998618,Vorlage:Setzliste/-,Lómelinde,false,105,dewiki,2024-10-27 08:28:39
1833495707,User:Gonnym/sandbox,Gonnym,false,132,enwiki,2024-10-27 08:28:47
357998608,"Möllendorff (Adelsgeschlecht, Spitzenwappen)",DynaMoToR,false,17,dewiki,2024-10-27 08:28:16
357998612,Valerie Niehaus,Heitersberg,false,45,dewiki,2024-10-27 08:28:21
1833495708,Wikipedia:Closure requests,ClueBot III,true,-3485,enwiki,2024-10-27 08:28:46
357998613,Art Ensemble of Chicago,Freimut Bahlo,false,23,dewiki,2024-10-27 08:28:22
1833495709,Michelle Strinden,AmeriMike,false,610,enwiki,2024-10-27 08:28:47
1833495713,Ioulia Chtchetinina,Rainbowed-Sunned-Spirit,false,1,enwiki,2024-10-27 08:28:49
1833495714,List of presidents of the Reichstag,Monkbot,true,1,enwiki,2024-10-27 08:28:51
1833495716,Draft:Central-Eastern European Green Left Alliance,EmausBot,true,0,enwiki,2024-10-27 08:28:54
1833495914,Erkan Can,Monkbot,true,13,enwiki,2024-10-27 08:29:47
1833496014,Shubhangi Atre,PriyaMishra0121,false,13,enwiki,2024-10-27 08:30:18
1833495717,Talk:Tomorrow,ShelfSkewed,false,227,enwiki,2024-10-27 08:28:54
1833495800,Stars (film),Monkbot,true,1,enwiki,2024-10-27 08:29:25
1833496016,"Mikhaylovka, Sharansky District, Republic of Bashkortostan",Monkbot,true,1,enwiki,2024-10-27 08:30:18
1833495718,Draft:Suté Iwar,Afí-afeti,false,9,enwiki,2024-10-27 08:28:53
1833495803,Pomara massacre,XTheBedrockX,false,7,enwiki,2024-10-27 08:29:27
1833495918,Kathmandu,Gabriel Monsieur The Third,false,229,enwiki,2024-10-27 08:29:43
1833496017,Bigg Boss (Hindi TV series) season 17,Roni0102,false,0,enwiki,2024-10-27 08:30:15
1833495719,SKB-Bank Arena,SdkbBot,true,-26,enwiki,2024-10-27 08:28:53
1833495816,Hypé,Savagexx,false,30,enwiki,2024-10-27 08:29:28
1833496000,User:DreamRimmer bot/Redirects.json,DreamRimmer bot,true,38,enwiki,2024-10-27 08:30:18
1833495818,County of Tecklenburg,Monkbot,true,1,enwiki,2024-10-27 08:29:28
1833496003,"Linden, Virginia",Idoghor Melody,false,2,enwiki,2024-10-27 08:30:16
1833495819,Cyrtomium falcatum,2600:1700:B450:7640:CD70:DB67:AF02:D8F3,false,1119,enwiki,2024-10-27 08:29:28
1833495905,Uppers,Викидим,false,77,enwiki,2024-10-27 08:29:46
1833496007,2024 Ulsan HD FC season,Iancash81,false,1,enwiki,2024-10-27 08:30:10
1833495906,Kochetno,Monkbot,true,2,enwiki,2024-10-27 08:29:44
1833496006,Bophuthatswana,197.184.171.70,false,60,enwiki,2024-10-27 08:30:11
1833495910,Voot,103.175.137.79,false,6,enwiki,2024-10-27 08:29:46
1833496011,1984 Missouri Attorney General election,Indylover2010,false,49,enwiki,2024-10-27 08:30:17
1833495911,User:Gonnym/sandbox,Gonnym,false,-43,enwiki,2024-10-27 08:29:48
1833496015,Colin Pittendrigh,SdkbBot,true,-1,enwiki,2024-10-27 08:30:17
1833496300,Category:Wikipedia categories named after populated places in Mecklenburg-Western Pomerania,AusLondonder,false,-66,enwiki,2024-10-27 08:31:32
1833496316,Clark Johnson,Soda1Van,false,46,enwiki,2024-10-27 08:31:33
1833496212,Talk:Judas and the Black Messiah (soundtrack),Robertsky,false,2562,enwiki,2024-10-27 08:31:14
1833496302,Samuil Feinberg,SdkbBot,true,-1,enwiki,2024-10-27 08:31:31
1833496317,Talk:Judas and the Black Messiah (soundtrack),Robertsky,false,26,enwiki,2024-10-27 08:31:34
1833496100,S-charl,Elite words2,false,18,enwiki,2024-10-27 08:30:39
1833496214,Bib Fortuna,ARandomName123,false,223,enwiki,2024-10-27 08:31:11
1833496303,User:Ltwin/Sandbox 29,Ltwin,false,4,enwiki,2024-10-27 08:31:31
1833496319,Maren Morris discography,45.44.65.172,false,21,enwiki,2024-10-27 08:31:33
1833496106,Kostas Mavridis,Monkbot,true,1,enwiki,2024-10-27 08:30:40
1833496202,Pianeshkove,Idoghor Melody,false,3,enwiki,2024-10-27 08:31:11
1833496215,Carlos Humberto Romero,PizzaKing13,false,-58,enwiki,2024-10-27 08:31:13
1833496113,"Department of Local Government, Sport & Cultural Industries",EmausBot,true,-20,enwiki,2024-10-27 08:30:45
1833496203,Kępy Lubczyńskie,Monkbot,true,1,enwiki,2024-10-27 08:31:10
1833496216,1984 Missouri Attorney General election,Indylover2010,false,36,enwiki,2024-10-27 08:31:14
1833496306,Template:WPVG announcements,GamerPro64,false,1,enwiki,2024-10-27 08:31:33
1833496112,2024–25 Queens Park Rangers F.C. season,ChampsRT,false,-196,enwiki,2024-10-27 08:30:35
1833496308,Belarusians in Poland,Monkbot,true,2,enwiki,2024-10-27 08:31:31
1833496115,User talk:TapticInfo,Yapperbot,true,818,enwiki,2024-10-27 08:30:44
1833496204,User talk:Stosseled,Cassiopeia,false,848,enwiki,2024-10-27 08:31:13
1833496217,57th Sitges Film Festival,Semampunya,false,4,enwiki,2024-10-27 08:31:15
1833496311,List of Haryanvi-language films,Iamgadanjoga,false,33,enwiki,2024-10-27 08:31:34
1833496116,User talk:Aboopatel,Synorem,false,829,enwiki,2024-10-27 08:30:45
1833496205,User talk:Remsense,Yapperbot,true,822,enwiki,2024-10-27 08:31:13
1833496219,Virginie Baïkoua,Faldi00,false,12,enwiki,2024-10-27 08:31:15
1833496315,Real estate broker,EmausBot,true,13,enwiki,2024-10-27 08:31:35
1833496117,Asterousia,Monkbot,true,1,enwiki,2024-10-27 08:30:43
1833496207,List of Hindi films of 2005,198.53.108.160,false,1,enwiki,2024-10-27 08:31:12
1833496118,"Notre Dame College, Shepparton",Synorem,false,-7,enwiki,2024-10-27 08:30:43
1833496209,Talk:Real estate broker/agent,EmausBot,true,13,enwiki,2024-10-27 08:31:15
1833496509,Vinland Saga (TV series),Xexerss,false,13,enwiki,2024-10-27 08:32:33
357998717,Benutzer:Schlatter/Baustelle2,Schlatter,false,160,dewiki,2024-10-27 08:32:40
1833496612,Erateini,Monkbot,true,1,enwiki,2024-10-27 08:33:07
1833496412,Trams in Münster,Monkbot,true,1,enwiki,2024-10-27 08:32:04
357998707,Diskussion:Sexualpraktik,197.36.250.162,false,102,dewiki,2024-10-27 08:32:26
1833496500,Bogi Ágústsson,Gråbergs Gråa Sång,false,-20,enwiki,2024-10-27 08:32:34
1833496516,Patricia Bovey,Idoghor Melody,false,16,enwiki,2024-10-27 08:32:36
357998718,Portal:Wintersport/Mitarbeiten/Sichten,Hgzbot,false,-401,dewiki,2024-10-27 08:32:40
1833496614,Henry Ruggs,John Bois,false,11,enwiki,2024-10-27 08:33:07
1833496411,User:Indylover2010,Indylover2010,false,0,enwiki,2024-10-27 08:31:57
1833496502,Maren Morris discography,45.44.65.172,false,-358,enwiki,2024-10-27 08:32:31
357998714,Wikipedia:WikiProjekt Eishockey/Sichtung,Hgzbot,false,-126,dewiki,2024-10-27 08:32:37
357998719,Friedrich Christoph von Möllendorff,DynaMoToR,false,16,dewiki,2024-10-27 08:32:41
1833496605,Capitol Hill Occupied Protest,Gusbenz,false,-179,enwiki,2024-10-27 08:32:57
1833496415,Jordan Ponticelli,SdkbBot,true,-5,enwiki,2024-10-27 08:32:07
357998709,Wikipedia:WikiProjekt Country-Musik/Fachsichten,Hgzbot,false,2,dewiki,2024-10-27 08:32:30
357998712,Wikipedia:Redaktion Film und Fernsehen/Sichtung,Hgzbot,false,169,dewiki,2024-10-27 08:32:34
1833496517,Claremont serial killings,Bib of Bob,false,25,enwiki,2024-10-27 08:32:36
1833496604,Governor of Irkutsk Oblast,Monkbot,true,1,enwiki,2024-10-27 08:33:04
1833496617,Interstate 94 in Wisconsin,207.172.34.206,false,21,enwiki,2024-10-27 08:33:07
1833496416,Jose Cabalum Sr.,143.44.197.104,false,60,enwiki,2024-10-27 08:32:09
357998710,Portal:Schweiz/Sichtung,Hgzbot,false,-700,dewiki,2024-10-27 08:32:29
1833496504,2017 Western New Mexico Mustangs football team,Mes tex,false,278,enwiki,2024-10-27 08:32:34
357998715,Benutzer:Engelbaet/Baustelle,Engelbaet,false,633,dewiki,2024-10-27 08:32:37
1833496606,Pakistan International Airlines Flight 404,Ivebeenhacked,false,24,enwiki,2024-10-27 08:33:04
1833496616,2020 Beirut explosion,HeyElliott,false,207,enwiki,2024-10-27 08:33:00
1833496400,Talk:One Piece (1999 TV series),Xexerss,false,396,enwiki,2024-10-27 08:32:00
357998700,Benutzer:Matzematik/Notizen,Matzematik,false,-2,dewiki,2024-10-27 08:32:15
357998705,Portal:Wirtschaft/Sichtung,Hgzbot,false,220,dewiki,2024-10-27 08:32:23
1833496505,Ignacy Hryniewiecki,Monkbot,true,4,enwiki,2024-10-27 08:32:33
1833496519,Feminist Initiative (Poland),Monkbot,true,2,enwiki,2024-10-27 08:32:37
1833496618,Danielle Ponter,Sanast05,false,1298,enwiki,2024-10-27 08:33:09
1833496403,User:AmandaNP/unblock table,DeltaQuadBot,true,2,enwiki,2024-10-27 08:32:02
1833496417,Brian Ortega,Cassiopeia,false,-16,enwiki,2024-10-27 08:32:06
357998706,Portal:Freie Software/Sichtung,Hgzbot,false,127,dewiki,2024-10-27 08:32:24
357998708,Portal:Berge und Gebirge/Fachsichten,Hgzbot,false,97,dewiki,2024-10-27 08:32:27
357998713,Wikipedia:WikiProjekt Ostwestfalen-Lippe/Sichtung,Hgzbot,false,143,dewiki,2024-10-27 08:32:35
1833496619,1992 Australian Capital Territory general election,Totallynotarandomalt69,false,-8,enwiki,2024-10-27 08:33:07
1833496402,Novi Tabor,Monkbot,true,1,enwiki,2024-10-27 08:32:01
1833496418,Beskid (car),CzxxxxzC,false,47,enwiki,2024-10-27 08:32:10
1833496506,Tom Van Grieken,Timothy Cooper,false,1,enwiki,2024-10-27 08:32:36
1833496608,Jason Citron,HoldenFan1104,false,172,enwiki,2024-10-27 08:33:07
1833496407,Selling agent,EmausBot,true,13,enwiki,2024-10-27 08:32:05
357998702,Nekrolog 2005,Bernhard Diener,false,99,dewiki,2024-10-27 08:32:05
357998711,Benutzer:Wartungsstube/Oldenburg (Oldb),TaxonBota,true,-109,dewiki,2024-10-27 08:32:28
1833496507,Shō (surname),Xezbeth,false,319,enwiki,2024-10-27 08:32:35
1833496602,Kerala Cafe,2402:8100:24D2:8702:99F:AF23:349:31FB,false,0,enwiki,2024-10-27 08:33:02
1833496610,Seventh-day Adventist independent ministries,SdkbBot,true,-7,enwiki,2024-10-27 08:33:07
1833496409,Category:Wikipedia categories named after populated places in Rhineland-Palatinate,AusLondonder,false,-57,enwiki,2024-10-27 08:32:04
357998701,Christoph von Möllendorff,DynaMoToR,false,16,dewiki,2024-10-27 08:32:21
1833496508,2024 Ulsan HD FC season,Iancash81,false,126,enwiki,2024-10-27 08:32:29
1833496603,List of Michael Jackson concerts,TheWikiholic,false,-154,enwiki,2024-10-27 08:33:04
1833496907,2025 China League One,Qby,false,127,enwiki,2024-10-27 08:34:27
1833496909,Łęczna Stadium,Monkbot,true,1,enwiki,2024-10-27 08:34:28
1833496910,Dead-ball era,Dale Arnett,false,89,enwiki,2024-10-27 08:34:29
1833496911,Aspen/Pitkin County Airport,RickyCourtney,false,-63,enwiki,2024-10-27 08:34:28
1833496917,Draft:Bryan Bozzi,Unnamelessness,false,-8,enwiki,2024-10-27 08:34:30
1833496901,Alyaksandr Valadzko,Monkbot,true,3,enwiki,2024-10-27 08:34:25
1833496919,Głogówek,2A02:2121:6A6:2FB8:9544:6553:7B31:8B8D,false,-1,enwiki,2024-10-27 08:34:28
1833496904,Holy Night,DonkeyDood15 ukog-monkey,false,0,enwiki,2024-10-27 08:34:27
1833496918,Disney Star,103.175.137.79,false,-13,enwiki,2024-10-27 08:34:29
1833496701,Draft:Renolds High-School Shooting,Cyber Murrow,false,634,enwiki,2024-10-27 08:33:34
1833496703,Holy Night,DonkeyDood15 ukog-monkey,false,790,enwiki,2024-10-27 08:33:35
1833496905,Rapeseed,Jon Kolbert,false,116,enwiki,2024-10-27 08:34:23
1833496717,Nikos Vrachnas,Monkbot,true,1,enwiki,2024-10-27 08:33:36
1833496906,1984 Missouri Attorney General election,Indylover2010,false,-44,enwiki,2024-10-27 08:34:27
1833497000,Real property agency,EmausBot,true,13,enwiki,2024-10-27 08:34:55
1833497018,Daria (given name),Bookworm857158367,false,-885,enwiki,2024-10-27 08:34:58
357998818,Georges Ronsse,Drahreg01,false,0,dewiki,2024-10-27 08:35:09
1833497112,George Chakravarthi,SdkbBot,true,-1,enwiki,2024-10-27 08:35:20
1833497001,MMR06,103.30.197.19,false,27,enwiki,2024-10-27 08:34:54
1833497113,Rajpurohit,Hirohitko,false,-73,enwiki,2024-10-27 08:35:23
1833497004,Annika Hocke,Rainbowed-Sunned-Spirit,false,2,enwiki,2024-10-27 08:34:51
1833497114,MMR06,Synorem,false,-27,enwiki,2024-10-27 08:35:24
1833497006,1984 United States presidential election,Jon698,false,345,enwiki,2024-10-27 08:34:49
1833497116,Realtor (trademark),EmausBot,true,13,enwiki,2024-10-27 08:35:25
1833497005,"Ufo (club, Berlin)",Rudoggg,false,11,enwiki,2024-10-27 08:34:55
1833497118,Bolshaya Selmenga,Monkbot,true,1,enwiki,2024-10-27 08:35:23
357998813,Peter Stauch,Heitersberg,false,45,dewiki,2024-10-27 08:34:54
1833497008,Vahdah Olcott-Bickford,SdkbBot,true,-2,enwiki,2024-10-27 08:34:55
1833497119,User talk:103.30.197.19,Synorem,false,1512,enwiki,2024-10-27 08:35:25
357998812,Wikipedia:Jungwikipedianer/Aufnahme,Knowledge2need,false,141,dewiki,2024-10-27 08:34:50
1833497010,Right Here (The Go-Betweens song),Idoghor Melody,false,4,enwiki,2024-10-27 08:34:55
1833497014,Julia Lautowa,Monkbot,true,1,enwiki,2024-10-27 08:34:55
1833497105,Kourotrophos,Monkbot,true,1,enwiki,2024-10-27 08:35:19
1833497015,Michael Rasmussen (ice hockey),Sbaio,false,-30,enwiki,2024-10-27 08:34:56
357998814,Educard,GünniX,false,-204,dewiki,2024-10-27 08:35:04
1833497107,Golden Axe: The Revenge of Death Adder,Unrulyevil5,false,1,enwiki,2024-10-27 08:35:21
1833497017,Amanah Wali,Bulan Berkah,false,37,enwiki,2024-10-27 08:34:57
1833497108,User:Jon698,Jon698,false,43,enwiki,2024-10-27 08:35:17
1833497213,2024–25 Eerste Divisie,Martijnvdam97,false,0,enwiki,2024-10-27 08:35:51
1833497316,Yanurusovo,Monkbot,true,2,enwiki,2024-10-27 08:36:26
1833497410,Template talk:Oklahoma City Dodgers roster,EmausBot,true,-7,enwiki,2024-10-27 08:36:55
1833497216,Wikipedia:Administrator intervention against vandalism/TB2,DatBot,true,433,enwiki,2024-10-27 08:35:53
1833497301,Talk:Ajeenkya DY Patil University,49.45.133.241,false,190,enwiki,2024-10-27 08:36:21
1833497317,List of missiles,Jbnwro,false,1466,enwiki,2024-10-27 08:36:24
1833497412,Category:People from Up Holland,Ernsanchez00,false,3,enwiki,2024-10-27 08:36:55
1833497217,User:MacronMonitor/LinkAlerts,MacronMonitor,false,290,enwiki,2024-10-27 08:35:53
1833497303,Is This the Real World,Britfilm,false,1268,enwiki,2024-10-27 08:36:22
1833497413,The Beauty Inside (2015 film),Idoghor Melody,false,-9,enwiki,2024-10-27 08:36:54
1833497218,Novobalapanovo,Monkbot,true,2,enwiki,2024-10-27 08:35:54
1833497305,Ibiyemi,Emmanuella643,false,203,enwiki,2024-10-27 08:36:23
1833497318,Rajpurohit,Hirohitko,false,53,enwiki,2024-10-27 08:36:28
1833497418,User talk:PakistanEditor,PakEditor,false,417,enwiki,2024-10-27 08:36:57
1833497219,Bobotov Kuk,Synorem,false,-26,enwiki,2024-10-27 08:35:55
1833497307,MJ & Friends,HorrorLover555,false,-734,enwiki,2024-10-27 08:36:23
1833497204,Armed Forces Delegation for Poland,Monkbot,true,1,enwiki,2024-10-27 08:35:51
1833497308,Polish 151st Fighter Escadrille,Monkbot,true,1,enwiki,2024-10-27 08:36:23
1833497400,Ibiyemi,Emmanuella643,false,19,enwiki,2024-10-27 08:36:52
1833497205,Bleach (TV series),Xexerss,false,0,enwiki,2024-10-27 08:35:49
1833497312,Australian Conservation Foundation Incorporated v Woodside Energy Ltd & Anor,EmausBot,true,-17,enwiki,2024-10-27 08:36:25
1833497403,Is This the Real World,Britfilm,false,1,enwiki,2024-10-27 08:36:52
1833497314,Ravens & Chimes,Idoghor Melody,false,2,enwiki,2024-10-27 08:36:26
1833497405,Capitol Hill Occupied Protest,Gusbenz,false,23,enwiki,2024-10-27 08:36:43
1833497214,IPHWR,IND123456,false,453,enwiki,2024-10-27 08:35:53
1833497406,Krzysztof Celestyn Mrongovius,Monkbot,true,2,enwiki,2024-10-27 08:36:52
1833497215,The Weekenders,AnomieBOT,true,18,enwiki,2024-10-27 08:35:51
1833497315,2024–25 Millwall F.C. season,ChampsRT,false,-15,enwiki,2024-10-27 08:36:23
1833497502,John Jarratt,1.129.110.3,false,0,enwiki,2024-10-27 08:37:19
1833497711,American Sociological Association Distinguished Scholarly Book Award,Ser Amantio di Nicolao,false,54,enwiki,2024-10-27 08:38:13
1833497503,The Neverhood,51.14.196.99,false,-6,enwiki,2024-10-27 08:37:18
1833497601,The 13th Warrior,Betty Logan,false,-394,enwiki,2024-10-27 08:37:45
1833497713,Chemical cartridge,Randomstaplers,false,43,enwiki,2024-10-27 08:38:11
357998902,Howard Estabrook,Vintage Movies,false,61,dewiki,2024-10-27 08:38:25
1833497506,Pavlos Logaras,Monkbot,true,1,enwiki,2024-10-27 08:37:21
1833497603,"Mondonville, Haute-Garonne",Monkbot,true,1,enwiki,2024-10-27 08:37:43
1833497717,Commander-in-Chief of the Swedish Armed Forces,EmausBot,true,-20,enwiki,2024-10-27 08:38:15
1833497507,2024 in radio,240F:7A:6253:1:4071:BDD7:F5B1:3641,false,399,enwiki,2024-10-27 08:37:21
1833497604,American Sociological Association Distinguished Scholarly Book Award,Ser Amantio di Nicolao,false,0,enwiki,2024-10-27 08:37:46
1833497513,Viacom18,103.175.137.79,false,45,enwiki,2024-10-27 08:37:20
1833497606,Yamilka Pitre,Pitille02,false,308,enwiki,2024-10-27 08:37:47
1833497700,Draft:Renolds High-School Shooting,Cyber Murrow,false,27,enwiki,2024-10-27 08:38:10
357998905,Otto Franz von Moellendorff,DynaMoToR,false,17,dewiki,2024-10-27 08:38:33
1833497519,2024 Straight Talk Wireless 400,A.lanzetta,false,-1,enwiki,2024-10-27 08:37:23
1833497701,The Talented Mr. Ripley (film),FloorMadeOuttaFloor,false,-18,enwiki,2024-10-27 08:38:09
1833497610,"Czyżewo, West Pomeranian Voivodeship",Monkbot,true,1,enwiki,2024-10-27 08:37:47
1833497612,Tropical Storm Trami (2024),HurricaneEdgar,false,242,enwiki,2024-10-27 08:37:43
1833497706,Vladimir Minashkin,Monkbot,true,1,enwiki,2024-10-27 08:38:11
1833497617,Jenan Boushehri,Asrefaei,false,87,enwiki,2024-10-27 08:37:50
1833497707,Garage rock,GloryRoad66,false,-28,enwiki,2024-10-27 08:38:04
357998904,Amtsgericht Herrnhut,Wilske,false,1,dewiki,2024-10-27 08:38:30
1833497501,Anthony Ponomarenko,Stevencocoboy,false,-1005,enwiki,2024-10-27 08:37:17
1833497618,Houthi movement,Loytra,false,-129,enwiki,2024-10-27 08:37:35
1833497710,Category:Wikipedia categories named after populated places in Haiti,AusLondonder,false,-42,enwiki,2024-10-27 08:38:13
357998908,AJ Applegate,Ysabella,false,-1106,dewiki,2024-10-27 08:38:36
1833497800,1988 Missouri Attorney General election,Indylover2010,false,38,enwiki,2024-10-27 08:38:37
357998914,Wahlen 2024,Über-Blick,false,0,dewiki,2024-10-27 08:38:45
1833497917,Rakvere,RobKevHog,false,-12,enwiki,2024-10-27 08:39:03
1833498114,Eddington stellar model,EmausBot,true,0,enwiki,2024-10-27 08:39:55
1833497805,"Granitsa, Ioannina",Monkbot,true,1,enwiki,2024-10-27 08:38:39
1833497900,Anthony Ponomarenko,Stevencocoboy,false,20,enwiki,2024-10-27 08:38:59
1833497918,Pradip Humagain,2600:1702:5347:410:0:0:0:27,false,48,enwiki,2024-10-27 08:39:03
1833498001,"Mehsi, Bihar",AstuteFlicker,false,47,enwiki,2024-10-27 08:39:21
1833497816,Waluburg,Monkbot,true,1,enwiki,2024-10-27 08:38:42
1833497902,1988 Missouri Attorney General election,Indylover2010,false,49,enwiki,2024-10-27 08:39:00
1833498004,Pooja Bhatt,2407:1400:AA16:3860:DCE2:1A8A:B2A:F4A,false,26,enwiki,2024-10-27 08:39:23
1833497817,Overbefalhavaren,EmausBot,true,-20,enwiki,2024-10-27 08:38:45
357998919,Wichard von Moellendorff (Ingenieur),DynaMoToR,false,17,dewiki,2024-10-27 08:38:59
1833498005,1988 Missouri Attorney General election,Indylover2010,false,34,enwiki,2024-10-27 08:39:22
357998909,Benutzer:Pechristener/SECR-Klasse D,Pechristener,false,461,dewiki,2024-10-27 08:38:45
1833497901,Category:Tarnaörs,AusLondonder,false,363,enwiki,2024-10-27 08:39:01
1833498006,USS Chicopee (AO-34),Idoghor Melody,false,1,enwiki,2024-10-27 08:39:23
1833497903,Kasba Peth Assembly constituency,Buddhubaby1,false,-4,enwiki,2024-10-27 08:39:01
1833498008,Ustyugovsky,Monkbot,true,1,enwiki,2024-10-27 08:39:23
1833497911,Talk:Discrimination against homeless people,Gekyume!17,false,178,enwiki,2024-10-27 08:39:04
1833498009,"List of people from Hermosillo, Sonora",Pupusareawesome,false,67,enwiki,2024-10-27 08:39:25
357998910,Willy von Möllendorff,DynaMoToR,false,17,dewiki,2024-10-27 08:38:48
1833497912,Wikipedia:Categories for discussion/Speedy,AusLondonder,false,184,enwiki,2024-10-27 08:39:02
357998918,Hal Mohr,Vintage Movies,false,61,dewiki,2024-10-27 08:38:53
1833497915,Swedish Supreme Commander,EmausBot,true,-20,enwiki,2024-10-27 08:39:05
357998911,Gustav Seyl,Silewe,false,-4,dewiki,2024-10-27 08:38:49
1833497916,Jani Master,MNWiki845,false,-1,enwiki,2024-10-27 08:39:02
1833498014,Pan-German League,Monkbot,true,1,enwiki,2024-10-27 08:39:26
1833498113,User:Pink Saffron/Climates,94.249.60.130,false,0,enwiki,2024-10-27 08:39:51
1833498204,LXXXXI Army Corps (Wehrmacht),Monkbot,true,1,enwiki,2024-10-27 08:40:08
1833498303,Sun Yuanliang,Kevin9217,false,100,enwiki,2024-10-27 08:40:29
1833498308,Toast,ClueBot NG,false,-93,enwiki,2024-10-27 08:40:31
1833498401,Oklahoma RedHawks,EmausBot,true,-7,enwiki,2024-10-27 08:40:55
1833498414,Draft:Tropical Storm Kong-rey (2024),TheNuggeteer,false,5,enwiki,2024-10-27 08:40:57
1833498210,Shaka at Birth (Tōdai-ji),Idoghor Melody,false,2,enwiki,2024-10-27 08:40:11
1833498309,Ust-Shalashnaya,Monkbot,true,1,enwiki,2024-10-27 08:40:29
1833498403,Template:Scuderia Ferrari,Unnamelessness,false,18,enwiki,2024-10-27 08:40:54
1833498416,Template:Did you know nominations/Michel Klein (veterinarian),Biruitorul,false,782,enwiki,2024-10-27 08:40:59
1833498217,Pinoy Big Brother: Teen Edition 4,2001:4453:66C:D400:D472:E4BC:3953:4A67,false,80,enwiki,2024-10-27 08:40:11
1833498311,Morbid (band),2603:6011:9D3C:19:EC21:9839:67B2:C3D4,false,13,enwiki,2024-10-27 08:40:30
1833498407,Lalizolle,Monkbot,true,1,enwiki,2024-10-27 08:40:54
1833498418,1992 Australian Capital Territory electoral system referendum,Totallynotarandomalt69,false,0,enwiki,2024-10-27 08:40:58
1833498218,Oulx,Monkbot,true,3,enwiki,2024-10-27 08:40:11
1833498312,Norwegian profanity,2A02:810A:1140:484C:7EE:760A:2EBA:2E97,false,21,enwiki,2024-10-27 08:40:31
1833498406,User:Aaradhana Kala Kendra,Aaradhana Kala Kendra,false,117,enwiki,2024-10-27 08:40:57
1833498219,Kasba Peth Assembly constituency,Buddhubaby1,false,-7,enwiki,2024-10-27 08:40:13
1833498314,Daddy's Home (film),Savievvbyy,false,52,enwiki,2024-10-27 08:40:28
1833498408,Franklin Arbuckle,Joan arden murray,false,6,enwiki,2024-10-27 08:40:56
1833498316,1855 in Australian literature,Perry Middlemiss,false,-181,enwiki,2024-10-27 08:40:31
1833498405,1995 Australian Capital Territory electoral system referendum,Totallynotarandomalt69,false,266,enwiki,2024-10-27 08:40:55
1833498315,Pradip Humagain,Synorem,false,48,enwiki,2024-10-27 08:40:31
1833498410,Tropical Storm Trami (2024),HurricaneEdgar,false,2,enwiki,2024-10-27 08:40:52
1833498318,List of trolleybus systems,SJ Morg,false,357,enwiki,2024-10-27 08:40:27
1833498203,List of 2024–25 NBA season transactions,Intruder007,false,1039,enwiki,2024-10-27 08:39:53
1833498411,Bogi Ágústsson,Gråbergs Gråa Sång,false,348,enwiki,2024-10-27 08:40:57
1833498503,Category:People from Countesthorpe,Ernsanchez00,false,21,enwiki,2024-10-27 08:41:17
1833498507,Emotions (Mariah Carey song),2601:8C1:8300:7C10:848A:198A:4671:5CF9,false,114,enwiki,2024-10-27 08:41:15
1833498508,Daria (given name),Bookworm857158367,false,-29,enwiki,2024-10-27 08:41:17
1833498515,User talk:Lordseriouspig,Leaderbot,false,596,enwiki,2024-10-27 08:41:18
1833498517,Marlen Khutsiev,Monkbot,true,1,enwiki,2024-10-27 08:41:18
1833498606,Siege of Smolensk (1609–1611),Monkbot,true,2,enwiki,2024-10-27 08:41:42
1833498616,Jafar Irismetov,Monkbot,true,1,enwiki,2024-10-27 08:41:45
1833498500,Malik Habib,Sam Sailor,false,-3947,enwiki,2024-10-27 08:41:16
1833498719,Wikipedia:Categories for discussion/Speedy,AusLondonder,false,188,enwiki,2024-10-27 08:42:20
1833498812,"Churayevo, Miyakinsky District, Republic of Bashkortostan",Monkbot,true,2,enwiki,2024-10-27 08:42:49
1833498700,Bangladesh Muslim League,Ksmjakaria,false,152,enwiki,2024-10-27 08:42:18
1833498813,Wikipedia:Administrators' noticeboard,Robertsky,false,143,enwiki,2024-10-27 08:42:45
1833498703,Gregory of Durrës,Monkbot,true,3,enwiki,2024-10-27 08:42:18
357999000,Oettingenstraße,Schotterebene,false,-16,dewiki,2024-10-27 08:42:52
1833498704,Category:Khagaria,AusLondonder,false,368,enwiki,2024-10-27 08:42:19
1833498801,Janjaweed,FuzzyMagma,false,-44,enwiki,2024-10-27 08:42:45
1833498713,User:Indylover2010,Indylover2010,false,0,enwiki,2024-10-27 08:42:13
1833498804,"Pervomaysky, Uryupinsky District, Volgograd Oblast",Monkbot,true,1,enwiki,2024-10-27 08:42:46
1833498717,Cute (disambiguation),192.140.255.196,false,5,enwiki,2024-10-27 08:42:22
1833498805,Aeroflot Flight 065,27.77.32.43,false,1,enwiki,2024-10-27 08:42:46
1833498718,Lucian Msamati,Alexandriuz,false,112,enwiki,2024-10-27 08:42:21
1833498806,How You Remind Me,2601:8C1:8300:7C10:848A:198A:4671:5CF9,false,125,enwiki,2024-10-27 08:42:45
357999004,Diskussion:Südderby,HerrMay,false,663,dewiki,2024-10-27 08:43:01
357999001,Peter von Möllendorff,DynaMoToR,false,430,dewiki,2024-10-27 08:42:55
357999002,Benutzer:Ernsts/Philaster,Ernsts,false,36,dewiki,2024-10-27 08:42:57
357999003,Portal:Maschinenbau/Wartungslisten/Anlagenbau,TaxonBota,true,-23,dewiki,2024-10-27 08:42:58
1833498911,Wikipedia:Categories for discussion/Log/2024 October 27,Marcocapelle,false,162,enwiki,2024-10-27 08:43:15
357999015,Alois Hugo Nellmapius,Onkelkoeln,false,9,dewiki,2024-10-27 08:43:22
1833499003,Category:Parwanoo,AusLondonder,false,365,enwiki,2024-10-27 08:43:47
1833499106,Janata Dal (United),Kalpesh Manna 2002,false,50,enwiki,2024-10-27 08:44:17
1833499214,Veettoda Mappillai,Kailash29792,false,28,enwiki,2024-10-27 08:44:52
1833498901,User:AusLondonder/XfD log,AusLondonder,false,159,enwiki,2024-10-27 08:43:08
357999008,Georg Körner (Politiker),Silewe,false,77,dewiki,2024-10-27 08:43:16
1833499008,22nd Lux Style Awards,39.34.171.29,false,193,enwiki,2024-10-27 08:43:47
1833499107,Ski Patrol (1990 film),Davidgoodheart,false,0,enwiki,2024-10-27 08:44:21
1833499200,Jalangi River,Balai Chandra Das,false,740,enwiki,2024-10-27 08:44:46
1833499215,Élie Halévy,Motekov,false,78,enwiki,2024-10-27 08:44:53
1833498904,Giannis Chloros,2A02:2149:8AA2:3800:58E0:5F38:B173:4893,false,314,enwiki,2024-10-27 08:43:12
357999017,J. Carrol Naish,Vintage Movies,false,61,dewiki,2024-10-27 08:43:48
1833499109,Smallville,ClueBot NG,false,-52,enwiki,2024-10-27 08:44:12
1833499201,YouTube Rewind,Dhtwiki,false,2,enwiki,2024-10-27 08:44:36
1833498906,NIOSH air filtration rating,Randomstaplers,false,-48,enwiki,2024-10-27 08:43:12
357999012,Portal:Maschinenbau/Wartungslisten/Fördertechnik,TaxonBota,true,-23,dewiki,2024-10-27 08:43:17
1833499009,List of minister-presidents of Brandenburg,Monkbot,true,1,enwiki,2024-10-27 08:43:48
1833499110,Talk:Geoffrey Hinton,65.92.246.77,false,44,enwiki,2024-10-27 08:44:20
1833499219,Musnad Ahmad,EmausBot,true,-6,enwiki,2024-10-27 08:44:55
1833498907,Bharadwaj,Learnforfun,false,179,enwiki,2024-10-27 08:43:12
1833499011,Wikipedia:Categories for discussion/Speedy,AusLondonder,false,185,enwiki,2024-10-27 08:43:49
1833499111,Dekalog: One,Monkbot,true,1,enwiki,2024-10-27 08:44:22
1833499202,Veena (album),Quwoting2,false,-26,enwiki,2024-10-27 08:44:47
1833498908,Hrubá Vrbka,Monkbot,true,1,enwiki,2024-10-27 08:43:12
1833499012,Wikipedia:Administrators' noticeboard/Incidents,Jähmefyysikko,false,601,enwiki,2024-10-27 08:43:38
1833499204,Polydamantas,Monkbot,true,1,enwiki,2024-10-27 08:44:48
1833498909,User:Sabrinacanthostega/sandbox,EmausBot,true,-11,enwiki,2024-10-27 08:43:15
357999014,Amtsgericht Löbau,Wilske,false,1,dewiki,2024-10-27 08:43:20
357999016,Felicia Binger,Sebastian.Dietrich,false,-28,dewiki,2024-10-27 08:43:26
1833499014,Zodiac Killer,Atubofsilverware,false,-1,enwiki,2024-10-27 08:43:41
357999018,Edward F. Wright,GünniX,false,-154,dewiki,2024-10-27 08:43:57
1833499113,Abbs (Yemen),EmausBot,true,-1,enwiki,2024-10-27 08:44:25
1833499209,Double iSmart,Swinub,false,2,enwiki,2024-10-27 08:44:50
357999006,Émile Chautard (Regisseur),Vintage Movies,false,61,dewiki,2024-10-27 08:43:15
1833499000,Savignac-de-Nontron,Monkbot,true,1,enwiki,2024-10-27 08:43:44
1833499016,Aeroflot Flight 065,27.77.32.43,false,4,enwiki,2024-10-27 08:43:50
1833499211,Kilgore College Rangerettes,No No No No Name fu,false,8,enwiki,2024-10-27 08:44:50
1833498910,Viralukketha Veekkam,Kailash29792,false,19,enwiki,2024-10-27 08:43:13
1833499002,Smallville,2607:F010:2A7:2029:A4F4:77F6:7BD1:14DE,false,52,enwiki,2024-10-27 08:43:37
1833499019,Young Communist League of Poland,Monkbot,true,2,enwiki,2024-10-27 08:43:51
1833499104,Michalis Liapis,Monkbot,true,1,enwiki,2024-10-27 08:44:19
1833499212,List of German films of the 1990s,2003:C6:9F30:E349:30DD:4F1E:4DA2:2808,false,19,enwiki,2024-10-27 08:44:44
357999007,Liste der Träger des Großen Bundesverdienstkreuzes,Asperatus,false,47,dewiki,2024-10-27 08:43:15
1833499004,Disney India,103.175.137.79,false,6,enwiki,2024-10-27 08:43:45
1833499105,Ramalakshmi Cine Creations,L5boat,false,42,enwiki,2024-10-27 08:44:19
1833499213,Wojciech H. Zurek,Monkbot,true,1,enwiki,2024-10-27 08:44:51
1833499403,Disney India,103.175.137.79,false,4,enwiki,2024-10-27 08:45:42
1833499413,User talk:Ummkurdia,331dot,false,262,enwiki,2024-10-27 08:45:51
1833499317,Wikipedia:Community portal/Open tasks,SuggestBot,false,-140,enwiki,2024-10-27 08:45:17
1833499404,Nicos Nicolaides,Monkbot,true,1,enwiki,2024-10-27 08:45:43
1833499319,Draft:Renolds High-School Shooting,Cyber Murrow,false,18,enwiki,2024-10-27 08:45:17
1833499405,Ahmad Bin Hanbal,EmausBot,true,-4,enwiki,2024-10-27 08:45:45
1833499300,Ahmad Ibn Hanbal,EmausBot,true,-4,enwiki,2024-10-27 08:45:15
1833499301,The Democrats (Austria),Monkbot,true,1,enwiki,2024-10-27 08:45:14
1833499406,User:ClueBot III/Detailed Indices/User talk:Megs/Archives/ 1,ClueBot III,true,232,enwiki,2024-10-27 08:45:44
1833499307,Orbicular jasper,73.218.17.248,false,-886,enwiki,2024-10-27 08:45:15
1833499311,User:DreamRimmer bot/Redirects.json,DreamRimmer bot,true,-1073,enwiki,2024-10-27 08:45:17
1833499407,Panna Airport,AusLondonder,false,8,enwiki,2024-10-27 08:45:45
1833499313,Talk:Squatting in Asia,Paul 012,false,540,enwiki,2024-10-27 08:45:17
1833499410,Rakvere,RobKevHog,false,-19,enwiki,2024-10-27 08:45:48
1833499316,Megavisión El Salvador,2803:D100:F280:18C4:581A:5689:9B7F:A574,false,0,enwiki,2024-10-27 08:45:16
1833499411,Endoufielle,Monkbot,true,1,enwiki,2024-10-27 08:45:46
1833499315,Anna Hu,Seanetienne,false,1,enwiki,2024-10-27 08:45:16
1833499400,2024 Maricopa County elections,75.112.133.130,false,0,enwiki,2024-10-27 08:45:43
1833499412,The Notorious B.I.G. Discography,DonkeyDood15 ukog-monkey,false,433,enwiki,2024-10-27 08:45:50
1833499512,User talk:2407:D000:21:F045:F50F:748D:4AF:EC62,Sam Sailor,false,834,enwiki,2024-10-27 08:46:20
357999104,Dewey Robinson,Vintage Movies,false,61,dewiki,2024-10-27 08:46:35
1833499616,Toast,2001:8F8:1621:D81C:825:BADC:11C7:EF4D,false,61,enwiki,2024-10-27 08:46:53
1833499703,2015 CIS University Cup,Anomalocaris,false,46,enwiki,2024-10-27 08:47:17
1833499513,Konrad Wallenrod,Monkbot,true,1,enwiki,2024-10-27 08:46:18
1833499619,Harold Cagle (American football),Jweiss11,false,0,enwiki,2024-10-27 08:46:53
357999108,Benutzerin:Springer54/Norbert Preetz,Springer54,false,387,dewiki,2024-10-27 08:47:00
1833499709,Agnieszka Kotulanka,Abcmaxx,false,16,enwiki,2024-10-27 08:47:19
1833499514,Don Brown (American football coach),Erik255,false,0,enwiki,2024-10-27 08:46:17
357999107,1944,Seemannssonntag,false,27,dewiki,2024-10-27 08:46:44
1833499707,Jonchères,Monkbot,true,1,enwiki,2024-10-27 08:47:17
1833499516,English language,Remsense,false,-26,enwiki,2024-10-27 08:46:05
1833499600,Saint-Victor-de-Malcap,Monkbot,true,1,enwiki,2024-10-27 08:46:43
1833499710,Suryamani massacre,XTheBedrockX,false,102,enwiki,2024-10-27 08:47:19
357999118,Streik,Seemannssonntag,false,27,dewiki,2024-10-27 08:47:22
1833499517,Carlos Rafael Rivera,2601:447:CD7F:FFFF:4E8:9906:E2BC:93BF,false,10,enwiki,2024-10-27 08:46:19
1833499602,"O-Bi, O-Ba: The End of Civilization",Monkbot,true,1,enwiki,2024-10-27 08:46:47
357999109,21. Mai,Seemannssonntag,false,27,dewiki,2024-10-27 08:47:01
357999114,Edward J. Lakso,GünniX,false,-52,dewiki,2024-10-27 08:47:14
1833499708,Toast,Synorem,false,-61,enwiki,2024-10-27 08:47:20
1833499606,Category:Nilkanth family,Gotitbro,false,107,enwiki,2024-10-27 08:46:51
357999110,Akim Tamiroff,Vintage Movies,false,61,dewiki,2024-10-27 08:47:02
357999115,Benutzer:Sonnesatt/NDS Neu,TaxonBota,true,-55,dewiki,2024-10-27 08:47:15
1833499713,Quebec Bulldogs,Sbaio,false,-10,enwiki,2024-10-27 08:47:20
1833499504,User:GA bot/Stats,ChristieBot,true,0,enwiki,2024-10-27 08:45:57
357999103,Amtsgericht Neustadt in Sachsen,Wilske,false,2,dewiki,2024-10-27 08:46:33
1833499611,Balyaga,Monkbot,true,1,enwiki,2024-10-27 08:46:50
357999111,Léon Chevalier,Giacomo1970,false,420,dewiki,2024-10-27 08:47:02
1833499715,User talk:2001:8F8:1621:D81C:825:BADC:11C7:EF4D,Synorem,false,1118,enwiki,2024-10-27 08:47:21
1833499505,Agnieszka Kotulanka,Abcmaxx,false,11,enwiki,2024-10-27 08:46:15
357999106,Hyunmoo,Arado,false,71,dewiki,2024-10-27 08:46:43
1833499613,Talk:Welcome to America,Robertsky,false,176,enwiki,2024-10-27 08:46:53
1833499507,Chapdeuil,Monkbot,true,1,enwiki,2024-10-27 08:46:14
357999105,Benutzer:Wurgl/Fehler GND,Silewe,false,-2200,dewiki,2024-10-27 08:46:29
1833499614,Talk:Welcome to America (disambiguation),Robertsky,false,1317,enwiki,2024-10-27 08:46:52
1833499511,Jalangi River,Balai Chandra Das,false,8,enwiki,2024-10-27 08:46:17
357999101,Matt Catingub,Engelbaet,false,3,dewiki,2024-10-27 08:46:29
1833499615,User:Davidgoodheart/sandbox,Davidgoodheart,false,31,enwiki,2024-10-27 08:46:53
1833499813,Czernin family,Monkbot,true,2,enwiki,2024-10-27 08:47:45
1833499916,Nerkonda Paarvai,Thalapathy2400,false,-327,enwiki,2024-10-27 08:48:11
1833500003,Tsar of all Russia,5.114.180.78,false,-20,enwiki,2024-10-27 08:48:31
1833500016,Wikipedia:Fringe theories/Noticeboard,Fiveby,false,2444,enwiki,2024-10-27 08:48:34
1833499816,Chris Armas,The Special Man,false,0,enwiki,2024-10-27 08:47:44
1833499918,User:JamesR/AdminStats,AdminStatsBot 2,true,0,enwiki,2024-10-27 08:47:56
1833500005,Freedom Racing Enterprises,JRnation88,false,9,enwiki,2024-10-27 08:48:34
1833500017,Dangerous Ground (1997 film),TPalkovitz,false,86,enwiki,2024-10-27 08:48:36
1833500110,Samuel Ibiyemi,Emmanuella643,false,4,enwiki,2024-10-27 08:49:05
1833499818,Pamiris,PakEditor,false,733,enwiki,2024-10-27 08:47:43
1833500006,Sisteron,Monkbot,true,2,enwiki,2024-10-27 08:48:31
1833500019,Zunaid Ahmed Palak,45.248.151.238,false,-3,enwiki,2024-10-27 08:48:36
1833500113,Category:Tuensang,AusLondonder,false,25,enwiki,2024-10-27 08:49:07
1833499817,Kanchrapara Railway Workshop,Sivaji Chakraborty,false,1,enwiki,2024-10-27 08:47:47
1833500007,Major Key (album),Swinub,false,2,enwiki,2024-10-27 08:48:33
1833500114,Kolbuszowa County,Monkbot,true,1,enwiki,2024-10-27 08:49:06
1833499819,Caste-related violence in India,182.218.211.231,false,-30,enwiki,2024-10-27 08:47:44
1833499902,Pelleport,Monkbot,true,1,enwiki,2024-10-27 08:48:06
1833500008,Ahmed bin Hanbel,EmausBot,true,-3,enwiki,2024-10-27 08:48:35
1833500100,Rosamund Pike,2600:1700:4350:BFA0:1059:991B:5E88:D85,false,-233,enwiki,2024-10-27 08:48:57
1833499815,Talk:Money,Remsense,false,-352,enwiki,2024-10-27 08:47:46
1833499907,List of Tamil films of 2023,Anoopspeaks,false,-44,enwiki,2024-10-27 08:48:04
1833500010,Eleutherios,Monkbot,true,1,enwiki,2024-10-27 08:48:35
1833499801,Marcel Wenig,Monkbot,true,1,enwiki,2024-10-27 08:47:42
1833499909,Template:TFNSW platforms/line,Gonnym,false,-30,enwiki,2024-10-27 08:48:11
1833500011,Wikipedia:Usernames for administrator attention,HBC AIV helperbot14,true,-211,enwiki,2024-10-27 08:48:35
1833500102,Eyvind Earle,Throughthemind,false,29,enwiki,2024-10-27 08:49:02
1833499804,Qin Dechun,Kevin9217,false,845,enwiki,2024-10-27 08:47:43
1833499910,Wikipedia:Featured article candidates/German atrocities committed against Soviet prisoners of war/archive1,Biruitorul,false,435,enwiki,2024-10-27 08:48:10
1833500012,Wikipedia:Featured article candidates/German atrocities committed against Soviet prisoners of war/archive1,Biruitorul,false,-2,enwiki,2024-10-27 08:48:35
1833500105,Colorado Rockies (NHL),Sbaio,false,-11,enwiki,2024-10-27 08:49:03
1833499806,Ahmad ibn hanbal,EmausBot,true,-4,enwiki,2024-10-27 08:47:45
1833499911,Malá Fatra,Monkbot,true,2,enwiki,2024-10-27 08:48:10
1833500013,Wikipedia:Reliable sources/Noticeboard,Boynamedsue,false,488,enwiki,2024-10-27 08:48:30
1833500106,Przemyśl Cathedral,Monkbot,true,1,enwiki,2024-10-27 08:49:03
1833499812,John Cole's Book Shop,76.88.55.135,false,-4,enwiki,2024-10-27 08:47:46
1833499912,Ellen,Davidgoodheart,false,102,enwiki,2024-10-27 08:48:11
1833500015,"Herrick, Tasmania",AnomieBOT,true,18,enwiki,2024-10-27 08:48:36
1833500107,Abdullah ibn Ahmad ibn Hanbal,EmausBot,true,-4,enwiki,2024-10-27 08:49:05
1833500209,Good to Be Alive (Hallelujah),Swinub,false,2,enwiki,2024-10-27 08:49:26
1833500301,Draft:Danian Saravannan,Mr Local X,false,1,enwiki,2024-10-27 08:49:55
1833500402,User:Leahnn Rey,Leahnn Rey,false,-1,enwiki,2024-10-27 08:50:20
1833500211,23rd Air Base,Monkbot,true,1,enwiki,2024-10-27 08:49:27
1833500302,1965 California Angels,EmausBot,true,15,enwiki,2024-10-27 08:49:56
1833500405,Vasvár,Monkbot,true,2,enwiki,2024-10-27 08:50:18
1833500212,Tom Van Grieken,Timothy Cooper,false,0,enwiki,2024-10-27 08:49:25
1833500303,Race (2008 film),Riteshp112,false,55,enwiki,2024-10-27 08:49:53
1833500409,Mike Bloomgren,Erik255,false,0,enwiki,2024-10-27 08:50:21
1833500200,Sarafina! (film),TPalkovitz,false,12,enwiki,2024-10-27 08:49:21
1833500216,Bangla College killing field,XTheBedrockX,false,-60,enwiki,2024-10-27 08:49:29
1833500306,Mr. Darcy,Garethheathcote,false,36,enwiki,2024-10-27 08:49:55
1833500410,Sigismund Augustus Bridge,Monkbot,true,1,enwiki,2024-10-27 08:50:21
1833500201,Pinoy Big Brother: Unlimited,2001:4453:66C:D400:D472:E4BC:3953:4A67,false,147,enwiki,2024-10-27 08:49:19
1833500311,Olga Vilukhina,Monkbot,true,1,enwiki,2024-10-27 08:49:56
1833500414,2024–25 Newcastle Jets FC (A-League Women) season,SuperJew,false,16,enwiki,2024-10-27 08:50:21
1833500316,Desi Kalakaar,Swinub,false,1,enwiki,2024-10-27 08:49:59
1833500417,Gwalior,Donchocolate,false,82,enwiki,2024-10-27 08:50:18
1833500204,Lant,Neotaruntius,false,741,enwiki,2024-10-27 08:49:25
1833500319,Saint Peter the Apostle Church (Vinzons),Crisantom,false,0,enwiki,2024-10-27 08:49:59
1833500419,Megara Gulf,Monkbot,true,1,enwiki,2024-10-27 08:50:24
1833500206,Ahmad bin Hambal,EmausBot,true,-4,enwiki,2024-10-27 08:49:25
1833500208,Jesus of Nazareth: Holy Week,Monkbot,true,1,enwiki,2024-10-27 08:49:24
1833500616,File:Shinchan 2005 film poster.jpg,Synorem,false,-7,enwiki,2024-10-27 08:51:37
1833500617,Anthony Ponomarenko,Stevencocoboy,false,-909,enwiki,2024-10-27 08:51:32
1833500708,New York City,No No No No Name fu,false,1104,enwiki,2024-10-27 08:51:52
1833500713,1997 in aviation,SomeDudeSD,false,2,enwiki,2024-10-27 08:52:10
1833500500,Panjob,Monkbot,true,3,enwiki,2024-10-27 08:50:55
1833500618,Hautaget,Monkbot,true,1,enwiki,2024-10-27 08:51:35
1833500714,Welcome to America,Robertsky,false,128,enwiki,2024-10-27 08:52:11
1833500501,List of European Cup and UEFA Champions League finals,TRIJAL123456789,false,53,enwiki,2024-10-27 08:50:51
1833500605,Joe Moorhead,Erik255,false,0,enwiki,2024-10-27 08:51:29
1833500715,Ifeoluwa Ehindero,Schwede66,false,35,enwiki,2024-10-27 08:52:10
1833500505,Scopas of Aetolia,Monkbot,true,1,enwiki,2024-10-27 08:50:58
1833500606,Chodaczków Wielki massacre,Monkbot,true,1,enwiki,2024-10-27 08:51:29
1833500716,Michel Tsiba,Rainbowed-Sunned-Spirit,false,6,enwiki,2024-10-27 08:52:10
1833500506,Talk:Calytrix harvestiana,Gderrin,false,20,enwiki,2024-10-27 08:50:59
1833500607,Rob Wellington Quigley,76.88.55.135,false,5,enwiki,2024-10-27 08:51:30
1833500718,Leon Trotsky,2A02:A46A:2C29:1:30CE:6769:17B7:6DEE,false,40,enwiki,2024-10-27 08:52:00
1833500509,User:Kamalhassan6605/sandbox,Kamalhassan6605,false,127,enwiki,2024-10-27 08:51:00
1833500608,User:Steven Walling/Article list,Steven Walling,false,29,enwiki,2024-10-27 08:51:31
1833500702,Ax-les-Thermes,Monkbot,true,1,enwiki,2024-10-27 08:52:03
1833500719,User:JaGa/Short leaderboard,DPL bot,true,0,enwiki,2024-10-27 08:52:12
1833500704,Duchy of Łęczyca,Monkbot,true,1,enwiki,2024-10-27 08:52:07
1833500613,Ministry of Education and Science (Kazakhstan),Monkbot,true,2,enwiki,2024-10-27 08:51:32
1833500706,Welcome to America (Schoolly D album),RMCD bot,true,-152,enwiki,2024-10-27 08:52:08
1833500801,Kamień County,Monkbot,true,1,enwiki,2024-10-27 08:52:43
1833500814,2024–25 Adelaide United FC season,Milkk7,false,7,enwiki,2024-10-27 08:52:43
1833500915,Alexander Loganovsky,Gleb95,false,0,enwiki,2024-10-27 08:53:26
1833500803,Gim Hyaun-chang,EmausBot,true,-1,enwiki,2024-10-27 08:52:46
1833500816,"List of listed buildings in Tynron, Dumfries and Galloway","Crouch, Swale",false,34,enwiki,2024-10-27 08:52:51
357999200,Gregory Barnaby,Giacomo1970,false,348,dewiki,2024-10-27 08:53:21
1833500917,Sieradz Voivodeship,Monkbot,true,1,enwiki,2024-10-27 08:53:26
357999205,Garlock-Verwerfung,Schnäppchen,false,-4,dewiki,2024-10-27 08:53:39
1833500901,Microcosm,Bassism101,false,146,enwiki,2024-10-27 08:53:21
1833500918,New York City,Remsense,false,-1104,enwiki,2024-10-27 08:53:06
1833500805,Deion Sanders,2A01:E0A:16A:EDD0:8D0E:83ED:2C20:6E21,false,-2,enwiki,2024-10-27 08:52:38
1833500818,Iskuzhino,Monkbot,true,2,enwiki,2024-10-27 08:52:50
1833500902,Northern Front (Soviet Union),Monkbot,true,23,enwiki,2024-10-27 08:53:20
1833500806,Anthony Ponomarenko,Stevencocoboy,false,-1,enwiki,2024-10-27 08:52:43
1833500819,Florida State Seminoles,2600:1006:B158:7CCF:B903:7BC7:81DA:8F42,false,-2,enwiki,2024-10-27 08:52:49
1833500904,User:M Waleed/sandbox,M Waleed,false,817,enwiki,2024-10-27 08:52:40
1833500808,Charles Edward Trail,Engineerchange,false,2,enwiki,2024-10-27 08:52:48
1833500905,Ghost Train to the Eastern Star,Gotitbro,false,31,enwiki,2024-10-27 08:53:21
1833500809,"Rocher, Ardèche",Monkbot,true,1,enwiki,2024-10-27 08:52:46
1833500909,Chancellery of the President of the Republic of Poland,Monkbot,true,1,enwiki,2024-10-27 08:53:23
1833500810,Chris Creighton,Erik255,false,0,enwiki,2024-10-27 08:52:47
1833500911,Kim Honchang,EmausBot,true,-1,enwiki,2024-10-27 08:53:26
1833500811,The Sound of Madness,Swinub,false,2,enwiki,2024-10-27 08:52:49
1833500912,Talk:Andrei Barausov,Cameron Dewe,false,168,enwiki,2024-10-27 08:53:25
357999201,50Ohm,OS,false,0,dewiki,2024-10-27 08:53:33
357999202,Edward Ofere,GünniX,false,-256,dewiki,2024-10-27 08:53:37
1833500813,User:LANYCHICO/sandbox,LANYCHICO,false,143,enwiki,2024-10-27 08:52:50
1833500913,2024 AFL Women's season,4TheWynne,false,183,enwiki,2024-10-27 08:53:23
1833501010,Draft:The BullStreet District,EmausBot,true,-4,enwiki,2024-10-27 08:53:56
1833501216,Seven Sleepers,Rakha 7162873,false,0,enwiki,2024-10-27 08:54:57
1833501301,Talk:Eul Paso,EmausBot,true,-1,enwiki,2024-10-27 08:55:26
1833501412,Zhemchuzhino,Monkbot,true,1,enwiki,2024-10-27 08:55:57
357999209,Klempner,Ath,false,8,dewiki,2024-10-27 08:53:50
357999213,OCX,Siegbert v2,false,2681,dewiki,2024-10-27 08:53:55
1833501101,User talk:Ewhite31/Hulme Court,EmausBot,true,-6,enwiki,2024-10-27 08:54:26
1833501217,Italian fascism,Jheeeeeeteegh,false,-46,enwiki,2024-10-27 08:54:55
1833501304,Krasov,Monkbot,true,1,enwiki,2024-10-27 08:55:23
1833501413,2024–25 A-League Men,Ausfootballfan,false,2,enwiki,2024-10-27 08:55:56
1833501000,Stavros Toutziarakis,Monkbot,true,1,enwiki,2024-10-27 08:53:51
357999214,Wikipedia:WikiProjekt Frauen/Frauen in Rot/Fehlende Artikel nach Nationalität/Ivorerinnen,TaxonBot,true,747,dewiki,2024-10-27 08:53:52
1833501102,Nico Echavarría,153.206.195.211,false,-175,enwiki,2024-10-27 08:54:25
1833501200,User:TFAltHist/sandbox,TFAltHist,false,184,enwiki,2024-10-27 08:54:54
1833501306,Bull Demon King,Duongphamhn97,false,-84,enwiki,2024-10-27 08:55:24
1833501415,Italian fascism,Jheeeeeeteegh,false,0,enwiki,2024-10-27 08:55:51
1833501002,Ifeoluwa Ehindero,Schwede66,false,-147,enwiki,2024-10-27 08:53:53
1833501015,Saint-Roman,Monkbot,true,1,enwiki,2024-10-27 08:53:54
1833501105,Talk:BT-5,Commander Keane,false,118,enwiki,2024-10-27 08:54:25
1833501201,Galapagos MicroPlate,EmausBot,true,0,enwiki,2024-10-27 08:54:56
1833501309,Dwarf (folklore),Ingwina,false,-99,enwiki,2024-10-27 08:55:23
1833501416,Tata LPTA,27.34.253.200,false,-40,enwiki,2024-10-27 08:55:59
357999206,Petra Merkel,Buchbibliothek,false,7,dewiki,2024-10-27 08:53:47
1833501003,Axel Anthon Björnbo,Shyamal,false,0,enwiki,2024-10-27 08:53:53
357999215,Ecke von Zezschwitz,Freygangfreunde,false,294,dewiki,2024-10-27 08:53:58
357999218,50Ohm,OS,false,-1,dewiki,2024-10-27 08:54:07
1833501106,Wikipedia:Articles for creation/recent,Commander Keane,false,2,enwiki,2024-10-27 08:54:26
1833501202,Vangelis Paraprastanitis,Monkbot,true,1,enwiki,2024-10-27 08:54:53
1833501312,Wikipedia:Articles for deletion/MeJew movement,Hydrangeans,false,541,enwiki,2024-10-27 08:55:27
1833501418,Taylor Hinds,GiofanniRahman,false,4,enwiki,2024-10-27 08:55:58
357999207,Opernloft,Minderbinder,false,-237,dewiki,2024-10-27 08:53:47
357999210,Liste von Trägern des Bundesverdienstkreuzes am Bande,Asperatus,false,64,dewiki,2024-10-27 08:53:52
1833501107,User talk:Allied Panzer,Commander Keane,false,2102,enwiki,2024-10-27 08:54:26
1833501206,Oleshkovka,Monkbot,true,1,enwiki,2024-10-27 08:54:56
1833501419,Vicelinus,Manannan67,false,223,enwiki,2024-10-27 08:55:59
357999211,Andrascz Weigoni,Kuno Kloetzer,false,0,dewiki,2024-10-27 08:53:55
357999217,Benutzer:Wartungsstube/Kreis Schleswig-Flensburg,TaxonBota,true,-62,dewiki,2024-10-27 08:53:57
357999219,Tayc,YGO24895,false,45,dewiki,2024-10-27 08:54:07
1833501108,Dwarf (folklore),Ingwina,false,-1,enwiki,2024-10-27 08:54:24
1833501212,2024 Pacific typhoon season,MAS0802,false,0,enwiki,2024-10-27 08:54:41
1833501318,User talk:115.97.120.16,Liz,false,1185,enwiki,2024-10-27 08:55:29
1833501400,Marija Jevđić,CJCurrie,false,81,enwiki,2024-10-27 08:55:56
1833501007,"Le Moyne, Quebec",76.65.74.178,false,50,enwiki,2024-10-27 08:53:54
1833501109,BT-5,Commander Keane,false,-198,enwiki,2024-10-27 08:54:25
1833501214,Galkantai,Monkbot,true,2,enwiki,2024-10-27 08:54:59
1833501401,User:TFAltHist/sandbox,TFAltHist,false,-6808,enwiki,2024-10-27 08:55:56
357999212,Hazfi Cup,Pudt,false,8,dewiki,2024-10-27 08:53:55
1833501110,Gradski stadion (Mojkovac),Vux33,false,32,enwiki,2024-10-27 08:54:26
1833501213,Pyrosomella verticillata,Elmidae,false,22,enwiki,2024-10-27 08:55:01
1833501404,241 (disambiguation),CzxxxxzC,false,35,enwiki,2024-10-27 08:55:57
1833501008,Jacksonia (plant),Gderrin,false,7,enwiki,2024-10-27 08:53:54
1833501112,Heart of Asia Channel,123.253.50.32,false,0,enwiki,2024-10-27 08:54:24
1833501215,Room Under the Stairs,188.74.98.180,false,3,enwiki,2024-10-27 08:54:58
1833501406,Talk:Earth,Remsense,false,-256,enwiki,2024-10-27 08:55:55
1833501503,Nadezhda (1802 Russian ship),Monkbot,true,1,enwiki,2024-10-27 08:56:24
1833501512,Jeff Traylor,Erik255,false,0,enwiki,2024-10-27 08:56:27
1833501513,Ioannis Thomaidis,Monkbot,true,1,enwiki,2024-10-27 08:56:27
1833501519,"Alexandrovka, Muromsky District, Vladimir Oblast",Monkbot,true,1,enwiki,2024-10-27 08:56:30
1833501603,2024 Moto2 World Championship,49.190.211.25,false,44,enwiki,2024-10-27 08:56:52
1833501614,Powers of Darkness,Torvalu4,false,14,enwiki,2024-10-27 08:57:08
1833501604,"Campagnac, Aveyron",Monkbot,true,1,enwiki,2024-10-27 08:57:00
1833501605,Talk:Orange juice,123.243.218.96,false,286,enwiki,2024-10-27 08:57:02
1833501606,Talk:Brothers of Italy,ClueBot III,true,-1565,enwiki,2024-10-27 08:57:00
1833501608,Talk:Johns Hopkins School of Advanced International Studies (SAIS) Bologna Center,EmausBot,true,-29,enwiki,2024-10-27 08:57:06
1833501607,Empik,Monkbot,true,1,enwiki,2024-10-27 08:57:04
1833501609,Kevin Wilson (American football),Erik255,false,0,enwiki,2024-10-27 08:57:03
1833501601,Frank Zummo,PunkRockFan86,false,-389,enwiki,2024-10-27 08:57:00
1833501613,Vrbice (Bohumín),Monkbot,true,3,enwiki,2024-10-27 08:57:07
1833501617,Jalangi River,Balai Chandra Das,false,107,enwiki,2024-10-27 08:57:10
1833501718,List of succubi in fiction,114.10.150.209,false,0,enwiki,2024-10-27 08:57:31
1833501719,Wikipedia:Twenty-million pool,JIP,false,2,enwiki,2024-10-27 08:57:32
1833501700,Fiji national football team,Tống Thành Hưng,false,-23,enwiki,2024-10-27 08:57:20
1833501707,Yenikeyevo,Monkbot,true,2,enwiki,2024-10-27 08:57:28
1833501712,Fungal tubes,Mykhal,false,92,enwiki,2024-10-27 08:57:31
1833501715,John Brownjohn,DemianStratford,false,63,enwiki,2024-10-27 08:57:31
1833501812,Cinque Islands,LudwigSebastianMicheler,false,88,enwiki,2024-10-27 08:58:08
1833501814,2008 Davis Cup Americas Zone Group III,PE fans,false,746,enwiki,2024-10-27 08:58:06
1833501816,Zięby,Monkbot,true,1,enwiki,2024-10-27 08:58:07
1833501818,Checheho River,Sanemedia,false,293,enwiki,2024-10-27 08:58:09
1833501804,User:Ewhite31/Te Kāinga Aroha (Former),EmausBot,true,-15,enwiki,2024-10-27 08:58:06
1833501805,Nema (urban-type settlement),Monkbot,true,1,enwiki,2024-10-27 08:58:04
1833501807,Taylor Hinds,GiofanniRahman,false,53,enwiki,2024-10-27 08:58:05
1833501809,Talk:Solar Electric Light Fund,BruceThomson,false,258,enwiki,2024-10-27 08:58:06
1833501904,Wikipedia:Administrator intervention against vandalism,DaHuzyBru,false,174,enwiki,2024-10-27 08:58:40
1833501906,User:Skomolayo,Minorax,false,26,enwiki,2024-10-27 08:58:41
1833502011,Seattle Center,SounderBruce,false,32,enwiki,2024-10-27 08:59:12
1833501910,Kehillat Shaarei Torah,Rangasyd,false,4317,enwiki,2024-10-27 08:58:40
1833502002,User:GrabUp/common.js,GrabUp,false,94,enwiki,2024-10-27 08:59:07
1833502014,Party of Hellenism,Monkbot,true,1,enwiki,2024-10-27 08:59:12
1833501908,Madrid Codex (Maya),Loukus999,false,316,enwiki,2024-10-27 08:58:40
1833502015,User:Lulusword/sandbox,Lulusword,false,1799,enwiki,2024-10-27 08:59:11
1833501911,Machov,Monkbot,true,1,enwiki,2024-10-27 08:58:40
1833502016,User:Apoxyomenus/Awards,Apoxyomenus,false,2809,enwiki,2024-10-27 08:59:10
1833501916,The 13½ Lives of Captain Bluebear,DemianStratford,false,0,enwiki,2024-10-27 08:58:43
1833502007,Oppenheimer (film),2601:282:8980:C0F0:78F2:1BCD:2DB0:5234,false,7,enwiki,2024-10-27 08:59:02
1833502019,2nd Seimas,EmausBot,true,-13,enwiki,2024-10-27 08:59:16
1833502010,Joanna Rajkowska,Monkbot,true,2,enwiki,2024-10-27 08:59:09
1833501903,Daria Danilova,Rainbowed-Sunned-Spirit,false,63,enwiki,2024-10-27 08:58:39
1833502108,First seimas,EmausBot,true,-13,enwiki,2024-10-27 08:59:56
357999309,Benutzer:Luke081515/Thanks,FNBot,true,0,dewiki,2024-10-27 09:00:16
357999315,Benutzer:Bungert55/Wartungsseiten/Bonn-Rhein-Sieg,TaxonBota,true,2,dewiki,2024-10-27 09:00:24
1833502205,Template:AfC statistics/accepted,EarwigBot,true,4,enwiki,2024-10-27 09:00:25
1833502314,Élie Halévy,Motekov,false,60,enwiki,2024-10-27 09:01:04
1833502109,Russian Assembly,Monkbot,true,2,enwiki,2024-10-27 08:59:54
357999316,Gülen,Buchbibliothek,false,31,dewiki,2024-10-27 09:00:25
1833502207,Gwalior,Donchocolate,false,11,enwiki,2024-10-27 09:00:21
1833502316,Octavian Zidaru,Lungfeesh,false,-17,enwiki,2024-10-27 09:01:04
1833502110,2024–25 Los Angeles Lakers season,HalfOfAnOrange,false,74,enwiki,2024-10-27 08:59:53
357999306,Heike Borufka,Untergeek,false,253,dewiki,2024-10-27 09:00:10
357999310,Diskussion:Quadratur des Kreises,Marcel Eckert,false,417,dewiki,2024-10-27 09:00:15
357999317,Challenger Ciudad de Guayaquil 2024,Catgamer,false,33,dewiki,2024-10-27 09:00:24
1833502208,Category:Umaria,AusLondonder,false,366,enwiki,2024-10-27 09:00:27
1833502300,The Maccabees (band),Stilltud,false,244,enwiki,2024-10-27 09:00:58
1833502317,Pithoragarh Airstrip,EmausBot,true,2,enwiki,2024-10-27 09:01:06
357999300,Robert von Greim,David Wintzer,false,24,dewiki,2024-10-27 08:59:56
1833502209,Vasileios Reppas,Monkbot,true,1,enwiki,2024-10-27 09:00:26
1833502318,Przecław of Pogorzela,Monkbot,true,1,enwiki,2024-10-27 09:01:04
1833502117,List of synagogues in the Greater Toronto Area,Rangasyd,false,-1,enwiki,2024-10-27 08:59:58
357999307,Benutzer:Mepherl/Einsam (Roman),Mepherl,false,3,dewiki,2024-10-27 09:00:12
1833502118,Kapanga solitaria,YoungForever,false,25,enwiki,2024-10-27 08:59:57
357999308,Benutzer:Aka/Thanks,FNBot,true,0,dewiki,2024-10-27 09:00:13
357999311,Benutzerin:Innobello/Thanks,FNBot,true,0,dewiki,2024-10-27 09:00:18
1833502217,Sammy Hagar (album),Swinub,false,2,enwiki,2024-10-27 09:00:29
1833502319,2024 Queensland state election,174.165.12.126,false,0,enwiki,2024-10-27 09:01:02
1833502100,LXXXXVII Army Corps (Wehrmacht),Monkbot,true,1,enwiki,2024-10-27 08:59:51
1833502119,Umaria railway station,AusLondonder,false,-20,enwiki,2024-10-27 08:59:58
357999319,Benutzer:Gripweed/Thanks,FNBot,true,0,dewiki,2024-10-27 09:00:26
1833502216,Wikipedia:Categories for discussion/Speedy,AusLondonder,false,184,enwiki,2024-10-27 09:00:28
1833502308,Missile guidance,76.164.242.99,false,-1165,enwiki,2024-10-27 09:01:01
1833502104,2024–25 Taoyuan Taiwan Beer Leopards season,安狄,false,-80,enwiki,2024-10-27 08:59:51
357999314,Benutzer:Lutheraner/Thanks,FNBot,true,0,dewiki,2024-10-27 09:00:24
1833502200,2006 Cyberathlete Professional League World Season,FromCzech,false,-12,enwiki,2024-10-27 09:00:25
1833502218,Kererū,Marshelec,false,-248,enwiki,2024-10-27 09:00:26
1833502309,Kamyshevatoye,Monkbot,true,1,enwiki,2024-10-27 09:01:01
1833502106,Do Patti,196.190.61.228,false,162,enwiki,2024-10-27 08:59:51
357999303,Gärtnerhaus im Schlosspark Belvedere bei Weimar,Mario todte,false,17,dewiki,2024-10-27 09:00:00
1833502202,Taoyuan Taiwan Beer Leopards all-time roster,安狄,false,-10,enwiki,2024-10-27 09:00:23
1833502219,Template:AfC statistics/declined,EarwigBot,true,828,enwiki,2024-10-27 09:00:27
1833502310,Fungal tubes,Mykhal,false,-4,enwiki,2024-10-27 09:01:04
1833502107,List of smoking bans,SERENEHORIZON01,false,4,enwiki,2024-10-27 08:59:47
357999304,"Kategorie:Möllendorff (Adelsgeschlecht, Leuchterwappen)",DynaMoToR,false,291,dewiki,2024-10-27 09:00:00
357999305,Vorlage:Revert-Statistik,Revert-Statistik,true,0,dewiki,2024-10-27 09:00:03
357999312,Benutzerin:Nicola/Thanks,FNBot,true,0,dewiki,2024-10-27 09:00:21
357999313,Judería,92.210.50.4,false,17,dewiki,2024-10-27 09:00:23
1833502203,Draft:Miss Global 2020,Mayanicaragua,false,397,enwiki,2024-10-27 09:00:24
1833502311,Maha Yuti,Xenonnnn,false,34,enwiki,2024-10-27 09:01:02
1833502401,Do Patti,196.190.61.228,false,1,enwiki,2024-10-27 09:01:35
1833502412,Timeline of punk rock,142.169.80.53,false,21,enwiki,2024-10-27 09:01:38
357999400,Benutzer:M.ottenbruch/Thanks,FNBot,true,0,dewiki,2024-10-27 09:02:39
357999404,Werner Frotscher,Georg Hügler,false,69,dewiki,2024-10-27 09:02:44
357999407,Benutzer:Wartungsstube/Singapur,TaxonBota,true,9,dewiki,2024-10-27 09:02:43
1833502607,Prospero Colonna,37.160.165.114,false,-44,enwiki,2024-10-27 09:03:00
1833502707,Category:Thai female javelin throwers,Paul 012,false,26,enwiki,2024-10-27 09:03:35
1833502809,Killing of Shaban al-Dalou,CarmenEsparzaAmoux,false,356,enwiki,2024-10-27 09:04:12
1833502903,2007 in gay rights,EmausBot,true,1,enwiki,2024-10-27 09:04:56
1833502402,Malikovo,Monkbot,true,2,enwiki,2024-10-27 09:01:36
1833502515,"Pasco, Washington",SounderBruce,false,6,enwiki,2024-10-27 09:02:23
357999408,Benutzer:Pitlane02/Thanks,FNBot,true,0,dewiki,2024-10-27 09:02:49
357999412,Benutzer Diskussion:Karsten11,Springer54,false,1060,dewiki,2024-10-27 09:02:53
1833502608,2024–25 Wellington Phoenix FC season,Ausfootballfan,false,0,enwiki,2024-10-27 09:02:58
357999418,Benutzer:Wikisympathisant/Thanks,FNBot,true,0,dewiki,2024-10-27 09:03:06
1833502708,Kauravudu,DareshMohan,false,5,enwiki,2024-10-27 09:03:35
1833502810,Military Order of the Serpent,Gonnym,false,-13,enwiki,2024-10-27 09:04:13
1833502404,News media endorsements in the 2024 United States presidential election,Lima Bean Farmer,false,204,enwiki,2024-10-27 09:01:30
1833502413,The Physician (2013 film),Monkbot,true,1,enwiki,2024-10-27 09:01:39
1833502501,Do Patti,Yoshi24517,false,-129,enwiki,2024-10-27 09:02:20
1833502516,Montenegro,Gonnym,false,-8,enwiki,2024-10-27 09:02:22
357999401,"Datei:L05 029 Bw Kappel, ET 402.jpg",Falk2,false,241,dewiki,2024-10-27 09:02:39
357999405,"Neptun (Schiff, 1908)",2001:9E8:110E:7400:159C:5761:C208:973C,false,130,dewiki,2024-10-27 09:02:45
357999413,Fahndungsliste bekannter Personen des Bundeskriminalamts (Deutschland),JKupfermann,false,410,dewiki,2024-10-27 09:02:56
1833502610,2024–25 Oklahoma City Thunder season,爨龘龘,false,0,enwiki,2024-10-27 09:02:58
1833502709,Talk:Orange juice,123.243.218.96,false,129,enwiki,2024-10-27 09:03:33
1833502906,"Kłosowo, West Pomeranian Voivodeship",Monkbot,true,1,enwiki,2024-10-27 09:04:55
1833502502,List of current UFC fighters,Marty2Hotty,false,1,enwiki,2024-10-27 09:01:43
1833502517,Category:Wikipedia categories named after populated places in Indonesia,AusLondonder,false,-46,enwiki,2024-10-27 09:02:27
357999414,Benutzer:Ikar.us/Thanks,FNBot,true,0,dewiki,2024-10-27 09:02:58
357999416,Judería,92.210.50.4,false,12,dewiki,2024-10-27 09:03:03
1833502710,2003 in gay rights,EmausBot,true,1,enwiki,2024-10-27 09:03:36
1833502811,Magomed Ankalaev,Monkbot,true,1,enwiki,2024-10-27 09:04:11
1833502908,"Category:Buildings and structures in Rivash, Iran",AusLondonder,false,387,enwiki,2024-10-27 09:04:59
1833502416,David Braun (American football),Erik255,false,2,enwiki,2024-10-27 09:01:41
1833502503,The Gift (Nabokov novel),Monkbot,true,1,enwiki,2024-10-27 09:02:20
1833502518,Hamiso Tabuai-Fidow,118.211.27.40,false,52,enwiki,2024-10-27 09:02:24
357999409,Benutzer:Dentalum/Thanks,FNBot,true,0,dewiki,2024-10-27 09:02:52
1833502601,AEK B.C. in international competitions,2A02:2149:8AA2:3800:58E0:5F38:B173:4893,false,470,enwiki,2024-10-27 09:02:52
1833502612,Wang Shuming,Kevin9217,false,50,enwiki,2024-10-27 09:03:01
1833502712,User talk:Kingdom of Kjellskankjid,I dream of horses,false,700,enwiki,2024-10-27 09:03:36
1833502812,2005 in gay rights,EmausBot,true,1,enwiki,2024-10-27 09:04:16
1833502910,Wikipedia:Categories for discussion/Log/2024 October 27,AusLondonder,false,431,enwiki,2024-10-27 09:04:59
1833502406,Brian and Ed Krassenstein,Yoshi24517,false,-56,enwiki,2024-10-27 09:01:37
1833502418,Ust-Koksinsky District,Monkbot,true,2,enwiki,2024-10-27 09:01:42
1833502504,Sammy Williams,Daniel Quinlan,false,22,enwiki,2024-10-27 09:02:21
357999406,Benutzer:Andol/Thanks,FNBot,true,0,dewiki,2024-10-27 09:02:46
357999410,Deniz Utlu,LadyDisdain13,false,12,dewiki,2024-10-27 09:02:52
1833502602,"G.O.O.D. Morning, G.O.O.D. Night",2806:262:496:852A:8112:2AC:5471:269F,false,-4,enwiki,2024-10-27 09:02:57
1833502613,Shakuntala Sahu,Davidindia,false,47,enwiki,2024-10-27 09:03:02
1833502700,User:GrabUp/common.js,GrabUp,false,2290,enwiki,2024-10-27 09:03:32
1833502713,Draft:Abra Group,I dream of horses,false,68,enwiki,2024-10-27 09:03:36
1833502813,Ostroh Academy,Monkbot,true,1,enwiki,2024-10-27 09:04:14
1833502915,User:ClueBot III/Detailed Indices/User talk:Rachmat04/Archives/2024,ClueBot III,true,206,enwiki,2024-10-27 09:05:00
1833502408,Ashok Kumar (Telugu actor),DareshMohan,false,-33,enwiki,2024-10-27 09:01:39
1833502419,User:Bdschi/Neuschwanstein Murder,EmausBot,true,-10,enwiki,2024-10-27 09:01:46
357999403,Benutzer:HerrAdams/Thanks,FNBot,true,0,dewiki,2024-10-27 09:02:41
1833502603,Lauzerville,Monkbot,true,1,enwiki,2024-10-27 09:02:56
1833502614,Khushhal Khan (actor),39.34.171.29,false,34,enwiki,2024-10-27 09:03:02
1833502701,Thillalangadi,117.216.223.65,false,180,enwiki,2024-10-27 09:03:30
1833502816,Kai Montinola,Hocksock,false,-1,enwiki,2024-10-27 09:04:15
1833502901,2024 Abierto Tampico,Rafter913,false,-1,enwiki,2024-10-27 09:04:53
1833502914,Commission of National Education,Monkbot,true,2,enwiki,2024-10-27 09:04:59
1833502604,Talk:Black box,39.35.204.151,false,-134,enwiki,2024-10-27 09:02:58
357999417,Benutzer:Troubled asset/Thanks,FNBot,true,0,dewiki,2024-10-27 09:03:04
1833502702,2024 WTA 125 tournaments,Rafter913,false,0,enwiki,2024-10-27 09:03:26
1833502817,Folorunso,Royalesignature,false,169,enwiki,2024-10-27 09:04:16
1833502902,Life of Pi (film),FloorMadeOuttaFloor,false,-17,enwiki,2024-10-27 09:04:51
1833502916,Phantom of the Paradise,TreToro335,false,24,enwiki,2024-10-27 09:04:59
1833502409,Draft:Murder of Neşe Alten,ChorausRex,false,44,enwiki,2024-10-27 09:01:39
1833502506,Attica Railways,Monkbot,true,2,enwiki,2024-10-27 09:02:23
357999411,Benutzerin:Fiona B./Thanks,FNBot,true,0,dewiki,2024-10-27 09:02:55
1833502605,Buddha (album),2001:8003:234C:FE00:78C6:1D1A:D456:F458,false,18,enwiki,2024-10-27 09:02:59
1833502619,Vasily Karasev,Monkbot,true,1,enwiki,2024-10-27 09:03:03
1833502704,Apple M1,103.97.2.78,false,83,enwiki,2024-10-27 09:03:28
1833502800,Daria Danilova,Rainbowed-Sunned-Spirit,false,-25,enwiki,2024-10-27 09:04:09
1833502918,Thillalangadi,117.216.223.65,false,-31,enwiki,2024-10-27 09:05:01
1833502400,List of governors of Mizoram,Dr.AyushBhardwaj,false,-146,enwiki,2024-10-27 09:01:36
1833502411,Bahrain International Airport,ALTRGAMING2007,false,-765,enwiki,2024-10-27 09:01:38
1833502512,"Scamander, Tasmania",ToyStatistics,false,2665,enwiki,2024-10-27 09:02:24
357999415,Benutzer:Brettchenweber/Thanks,FNBot,true,0,dewiki,2024-10-27 09:03:01
357999419,Benutzer:Anselm Rapp/Thanks,FNBot,true,0,dewiki,2024-10-27 09:03:09
1833502808,Deion Sanders,Bknyterp,false,1,enwiki,2024-10-27 09:04:08
1833503004,Wikipedia:WikiProject Agriculture/Article alerts/Archive 1,AAlertBot,true,318,enwiki,2024-10-27 09:05:13
1833503018,Wikipedia:WikiProject Anatomy/Article alerts/Archive 1,AAlertBot,true,956,enwiki,2024-10-27 09:05:21
1833503102,Talk:Annihilation (Houellebecq novel),Οἶδα,false,-4,enwiki,2024-10-27 09:05:43
1833503304,Wikipedia:WikiProject Buckinghamshire/Article alerts,AAlertBot,false,24,enwiki,2024-10-27 09:06:30
1833503409,Wikipedia:WikiProject Chile/Article alerts/Archive 1,AAlertBot,true,216,enwiki,2024-10-27 09:06:43
1833503518,Wikipedia:WikiProject Crime and Criminal Biography/Serial Killer task force/Article alerts,AAlertBot,false,0,enwiki,2024-10-27 09:07:08
1833503608,Wikipedia:WikiProject East Anglia/Task forces/Essex/Article alerts,AAlertBot,false,24,enwiki,2024-10-27 09:07:20
1833503709,Wikipedia talk:Notice board for Pakistan-related topics,Wikibear47,false,-407,enwiki,2024-10-27 09:07:38
1833503814,User talk:Uw-userpage,Sam Sailor,false,35,enwiki,2024-10-27 09:07:53
1833503909,User:Gerda Arendt/Top,Gerda Arendt,false,-290,enwiki,2024-10-27 09:08:11
1833504006,Wikipedia:WikiProject Lancashire and Cumbria/Article alerts,AAlertBot,false,84,enwiki,2024-10-27 09:08:28
1833504019,Wikipedia:WikiProject Latin,AAlertBot,false,181,enwiki,2024-10-27 09:08:28
1833503006,Wikipedia:WikiProject Amphibians and Reptiles/Article alerts,AAlertBot,false,-893,enwiki,2024-10-27 09:05:22
1833503019,Wikipedia:WikiProject American football/Article alerts,AAlertBot,false,-2372,enwiki,2024-10-27 09:05:23
1833503105,Wikipedia:WikiProject Asian Americans/Article alerts,AAlertBot,false,773,enwiki,2024-10-27 09:05:44
357999504,Augustinus Frotz,Georg Hügler,false,53,dewiki,2024-10-27 09:05:58
1833503413,Wikipedia:WikiProject Civil Rights Movement/Article alerts,AAlertBot,false,469,enwiki,2024-10-27 09:06:51
1833503519,Wikipedia:WikiProject Cryptozoology/Article alerts,AAlertBot,false,0,enwiki,2024-10-27 09:07:08
1833503611,Wikipedia:WikiProject East Anglia/Article alerts,AAlertBot,false,84,enwiki,2024-10-27 09:07:20
1833503701,"St Martin's Cathedral, Bratislava",Monkbot,true,9,enwiki,2024-10-27 09:07:34
1833503711,Wikipedia:WikiProject Figure Skating/Article alerts,AAlertBot,false,-1275,enwiki,2024-10-27 09:07:37
1833503815,User:AusLondonder/XfD log,AusLondonder,false,149,enwiki,2024-10-27 09:07:49
1833504007,Wikipedia:WikiProject Japan/Assessment/Article alerts/Archive 1,AAlertBot,true,360,enwiki,2024-10-27 09:08:21
1833503009,Wikipedia:WikiProject Anatomy/Article alerts,AAlertBot,false,-2210,enwiki,2024-10-27 09:05:22
1833503106,Monocle,JohnAGough,false,191,enwiki,2024-10-27 09:05:44
357999510,Wikipedia:WikiProjekt Ostfriesland/Wartungsbereich,TaxonBota,true,-24,dewiki,2024-10-27 09:06:12
1833503400,Talk:List of acts of the Scottish Parliament to 1707,EmausBot,true,-13,enwiki,2024-10-27 09:06:46
1833503412,Suikerbrood,Gonnym,false,-1,enwiki,2024-10-27 09:06:47
1833503612,Wikipedia:WikiProject District of Columbia/Article alerts,AAlertBot,false,-2494,enwiki,2024-10-27 09:07:21
1833503702,Wikipedia:Featured article candidates/Article alerts,AAlertBot,false,1116,enwiki,2024-10-27 09:07:35
1833503816,1914 California gubernatorial election,NewishIdeas,false,554,enwiki,2024-10-27 09:07:47
1833503911,Wikipedia:WikiProject Indiana/Article alerts,AAlertBot,false,467,enwiki,2024-10-27 09:08:11
1833504008,Tigris and Euphrates,Monkbot,true,1,enwiki,2024-10-27 09:08:27
1833503011,Wikipedia:WikiProject Ancient Near East/Article alerts,AAlertBot,false,555,enwiki,2024-10-27 09:05:22
1833503107,Aris Papazoglou,Monkbot,true,1,enwiki,2024-10-27 09:05:43
357999508,Titus von Bostra,DynaMoToR,false,-6,dewiki,2024-10-27 09:06:05
1833503401,Wikipedia:WikiProject Chile/Article alerts,AAlertBot,false,-869,enwiki,2024-10-27 09:06:46
1833503414,South Korea national under-23 football team,125.181.190.223,false,-4590,enwiki,2024-10-27 09:06:36
1833503613,Wikipedia:WikiProject Denmark/Article alerts/Archive 2,AAlertBot,true,341,enwiki,2024-10-27 09:07:14
1833503712,Antony the Younger,Monkbot,true,1,enwiki,2024-10-27 09:07:36
1833503806,Wikipedia:WikiProject Furry/Article alerts,AAlertBot,false,489,enwiki,2024-10-27 09:07:52
1833503818,Wikipedia:WikiProject Football/Article alerts,AAlertBot,false,96,enwiki,2024-10-27 09:07:47
1833503900,Wikipedia:WikiProject Hypericaceae/Article alerts/Archive 1,AAlertBot,true,197,enwiki,2024-10-27 09:08:09
1833503912,Wikipedia:WikiProject Idaho/Article alerts,AAlertBot,false,-762,enwiki,2024-10-27 09:08:12
1833504009,Late termination of pregnancy,Thenightaway,false,-1484,enwiki,2024-10-27 09:08:25
1833503010,Wikipedia:WikiProject American music/Article alerts,AAlertBot,false,-72,enwiki,2024-10-27 09:05:22
1833503109,Wikipedia:WikiProject Awards/Article alerts,AAlertBot,false,-17,enwiki,2024-10-27 09:05:44
1833503202,Talk:Amadeu Antonio Kiowa,Nuuk,false,215,enwiki,2024-10-27 09:06:05
357999515,Benutzer:Pudt,Pudt,false,29,dewiki,2024-10-27 09:06:30
1833503402,Wikipedia:WikiProject Children's literature/Article alerts,AAlertBot,false,-2145,enwiki,2024-10-27 09:06:46
1833503415,Aubin Codex,Loukus999,false,15,enwiki,2024-10-27 09:06:47
1833503602,Wikipedia:WikiProject Disability/Article alerts/Archive 2,AAlertBot,true,246,enwiki,2024-10-27 09:07:16
1833503614,Wikipedia:WikiProject Disambiguation/Article alerts,AAlertBot,false,-732,enwiki,2024-10-27 09:07:21
1833503705,Draft talk:2025 Lansing Mayoral election,EmausBot,true,-6,enwiki,2024-10-27 09:07:36
1833503714,Wikipedia:WikiProject European Union/Article alerts/Archive 1,AAlertBot,true,127,enwiki,2024-10-27 09:07:31
1833503805,User:B.V.B.2025/RMA,B.V.B.2025,false,-5,enwiki,2024-10-27 09:07:52
1833503819,United States support for Israel in the Israel–Hamas war,CarmenEsparzaAmoux,false,433,enwiki,2024-10-27 09:07:46
1833503901,Wikipedia:WikiProject Hotels/Article alerts,AAlertBot,false,-992,enwiki,2024-10-27 09:08:09
1833503914,User talk:84.255.52.88,FireflyBot,true,724,enwiki,2024-10-27 09:08:12
1833504011,Wikipedia:WikiProject Latin America/Article alerts,AAlertBot,false,34,enwiki,2024-10-27 09:08:29
1833503013,Wikipedia:WikiProject Anglo-Saxon Kingdoms/Article alerts,AAlertBot,false,458,enwiki,2024-10-27 09:05:23
1833503110,Wikipedia:WikiProject Aviation/Article alerts,AAlertBot,false,1682,enwiki,2024-10-27 09:05:43
1833503203,Talk:2013 in LGBT history,EmausBot,true,1,enwiki,2024-10-27 09:06:06
1833503404,Descendants of Erdrick,SimLibrarian,false,20,enwiki,2024-10-27 09:06:46
1833503601,Wikipedia:WikiProject Dominican Republic/Article alerts,AAlertBot,false,171,enwiki,2024-10-27 09:07:19
1833503615,Wikipedia:WikiProject EastEnders/Article alerts/Archive 1,AAlertBot,true,180,enwiki,2024-10-27 09:07:21
1833503704,List of one-shot music videos,ICantBeCreative,false,-77,enwiki,2024-10-27 09:07:35
1833503716,Wikipedia:WikiProject Film/Article alerts/Archive 28,AAlertBot,true,2667,enwiki,2024-10-27 09:07:38
1833503808,Justin McBride,2601:406:4586:2D00:D8B9:C167:6585:690A,false,-79,enwiki,2024-10-27 09:07:51
1833503902,Wikipedia:WikiProject Hypericaceae/Article alerts,AAlertBot,false,-842,enwiki,2024-10-27 09:08:10
1833503913,Khushhal Khan (actor),39.34.171.29,false,0,enwiki,2024-10-27 09:08:11
1833504013,Wikipedia:WikiProject Lady Gaga/Article alerts/Archive 1,AAlertBot,true,113,enwiki,2024-10-27 09:08:27
1833503014,Wikipedia:WikiProject Amphibians and Reptiles/Article alerts/Archive 1,AAlertBot,true,279,enwiki,2024-10-27 09:05:20
1833503115,Wikipedia:WikiProject Azerbaijan/Article alerts,AAlertBot,false,0,enwiki,2024-10-27 09:05:44
1833503210,Kothrud Assembly constituency,Buddhubaby1,false,113,enwiki,2024-10-27 09:06:05
357999517,Benutzer:Freimut Bahlo/Spielwiese,Freimut Bahlo,false,2671,dewiki,2024-10-27 09:06:33
1833503405,John Hutchinson (association footballer),123.231.91.202,false,0,enwiki,2024-10-27 09:06:48
1833503416,User:Women e-Commerce Entrepreneurs - WE,Women e-Commerce Entrepreneurs - WE,false,17,enwiki,2024-10-27 09:06:51
1833503600,Wikipedia:WikiProject Dorset/Article alerts,AAlertBot,false,24,enwiki,2024-10-27 09:07:19
1833503617,Wikipedia:WikiProject EastEnders/Article alerts,AAlertBot,false,-602,enwiki,2024-10-27 09:07:22
1833503706,Wikipedia:Featured article candidates/Article alerts/Archive 1,AAlertBot,true,402,enwiki,2024-10-27 09:07:33
1833503719,Wikipedia:WikiProject Film/Core/Article alerts/Archive 1,AAlertBot,true,206,enwiki,2024-10-27 09:07:38
1833503809,Wikipedia:WikiProject Genealogy/Article alerts,AAlertBot,false,-6,enwiki,2024-10-27 09:07:53
1833503906,Perikleia,Monkbot,true,2,enwiki,2024-10-27 09:08:09
1833503917,Wikipedia:WikiProject History/Article alerts/Archive 7,AAlertBot,true,780,enwiki,2024-10-27 09:08:07
1833504000,Wikipedia:WikiProject Kent/Article alerts,AAlertBot,false,-510,enwiki,2024-10-27 09:08:27
1833504014,Wikipedia:WikiProject Latin and Hispanic heritage/Article alerts,AAlertBot,false,649,enwiki,2024-10-27 09:08:29
1833503000,Wikipedia:WikiProject Alternative music/Article alerts/Archive 2,AAlertBot,true,155,enwiki,2024-10-27 09:05:19
1833503015,David Nofoaluma,Makedonija124,false,0,enwiki,2024-10-27 09:05:21
1833503116,Wikipedia:WikiProject Australia/Article alerts/Archive 16,AAlertBot,true,1179,enwiki,2024-10-27 09:05:41
357999506,Kolonialismus,Fährtenleser,false,5,dewiki,2024-10-27 09:06:00
1833503211,Template:Public-sector space agencies,Pratama26,false,135,enwiki,2024-10-27 09:06:06
357999518,Liste von Persönlichkeiten aus Agra TI,Cheyron,false,0,dewiki,2024-10-27 09:06:44
1833503407,Wikipedia:WikiProject Cities/Article alerts/Archive 14,AAlertBot,true,419,enwiki,2024-10-27 09:06:46
1833503515,Wikipedia:WikiProject Computer Security/Article alerts/Archive 1,AAlertBot,true,396,enwiki,2024-10-27 09:06:58
1833503603,Wikipedia:WikiProject Discrimination/Article alerts,AAlertBot,false,-836,enwiki,2024-10-27 09:07:19
1833503618,Deaths in August 1988,Bryan Krippner,false,144,enwiki,2024-10-27 09:07:21
1833503707,Wikipedia:WikiProject Film/Australian cinema task force/Article alerts,AAlertBot,false,573,enwiki,2024-10-27 09:07:37
1833503717,Wikipedia:WikiProject Film/French cinema task force/Article alerts,AAlertBot,false,172,enwiki,2024-10-27 09:07:39
1833503810,Wikipedia:WikiProject Florida/Article alerts/Archive 3,AAlertBot,true,775,enwiki,2024-10-27 09:07:43
1833503907,Wonderboy (Tenacious D song),76.88.55.135,false,-2,enwiki,2024-10-27 09:08:10
1833503918,Wikipedia:WikiProject Hong Kong/Article alerts/Archive 2,AAlertBot,true,247,enwiki,2024-10-27 09:08:06
1833504002,Wikipedia:WikiProject Journalism/Article alerts/Archive 5,AAlertBot,true,209,enwiki,2024-10-27 09:08:22
1833504015,Wikipedia:WikiProject Kosovo/Article alerts,AAlertBot,false,148,enwiki,2024-10-27 09:08:29
1833503001,Wikipedia:WikiProject Anarchism/Article alerts,AAlertBot,false,552,enwiki,2024-10-27 09:05:21
1833503017,Marco Asensio,Wynnsanity,false,103,enwiki,2024-10-27 09:05:19
1833503100,Wikipedia:WikiProject Australian sports/Article alerts/Archive 2,AAlertBot,true,499,enwiki,2024-10-27 09:05:40
1833503117,User:Akkadconsultants56/sandbox,Minorax,false,26,enwiki,2024-10-27 09:05:45
357999507,Somosierra,Carolus requiescat,false,18,dewiki,2024-10-27 09:06:02
1833503213,List of anime broadcast by NHK,8.43.55.81,false,62,enwiki,2024-10-27 09:06:06
1833503406,Wikipedia:WikiProject Children's literature/Article alerts/Archive 2,AAlertBot,true,719,enwiki,2024-10-27 09:06:43
1833503516,Wikipedia:WikiProject Cricket/Women's cricket task force/Article alerts,AAlertBot,false,1194,enwiki,2024-10-27 09:07:07
1833503604,Wikipedia:WikiProject Doctor Who/Article alerts,AAlertBot,false,-6,enwiki,2024-10-27 09:07:19
1833503708,Defence industry of India,27.34.253.200,false,67,enwiki,2024-10-27 09:07:34
1833503718,Wikipedia:WikiProject Film/Core/Article alerts,AAlertBot,false,-60,enwiki,2024-10-27 09:07:39
1833503812,Wikipedia:WikiProject Gambling/Article alerts,AAlertBot,false,-6,enwiki,2024-10-27 09:07:53
1833503908,Wikipedia:WikiProject Education in India/Article alerts,AAlertBot,false,-6,enwiki,2024-10-27 09:08:11
1833503915,Wikipedia:WikiProject Indian railways/Article alerts,AAlertBot,false,-1058,enwiki,2024-10-27 09:08:13
1833504003,Wikipedia:WikiProject Kent/Article alerts/Archive 1,AAlertBot,true,127,enwiki,2024-10-27 09:08:25
1833504016,Wikipedia:WikiProject Korea/Article alerts,AAlertBot,false,426,enwiki,2024-10-27 09:08:27
1833503002,Wikipedia:WikiProject Alternative music/Article alerts,AAlertBot,false,281,enwiki,2024-10-27 09:05:21
1833503016,Raudonė,Monkbot,true,1,enwiki,2024-10-27 09:05:21
1833503101,Wikipedia:WikiProject Aviation/Aviation accident task force/Article alerts,AAlertBot,false,-591,enwiki,2024-10-27 09:05:43
1833503300,Wikipedia:WikiProject Birds/Article alerts/Archive 1,AAlertBot,true,425,enwiki,2024-10-27 09:06:25
1833503408,Wikipedia:WikiProject Christianity/Article alerts/Archive 8,AAlertBot,true,1001,enwiki,2024-10-27 09:06:45
1833503517,Bogi Ágústsson,AnomieBOT,true,36,enwiki,2024-10-27 09:07:07
1833503605,Wikipedia:WikiProject Drag Race/Article alerts,AAlertBot,false,649,enwiki,2024-10-27 09:07:19
1833503710,Wikipedia:WikiProject Fashion/Article alerts,AAlertBot,false,-1236,enwiki,2024-10-27 09:07:37
1833503811,Clothing material,Викидим,false,13,enwiki,2024-10-27 09:07:51
1833503910,Wikipedia:WikiProject Hotels/Article alerts/Archive 1,AAlertBot,true,180,enwiki,2024-10-27 09:08:06
1833503919,Wikipedia:WikiProject Indigenous peoples of the Americas/Article alerts,AAlertBot,false,575,enwiki,2024-10-27 09:08:13
1833504005,2024 Moto2 World Championship,49.190.211.25,false,92,enwiki,2024-10-27 09:08:17
1833504017,Wikipedia:WikiProject Languages/Article alerts,AAlertBot,false,1376,enwiki,2024-10-27 09:08:29
